Points:0,Points:1,C
5.4444444e+00,2.0147073e-02,1.0769480e-02
4.8888869e+00,2.0192152e-02,1.6839905e-02
3.5189001e+00,2.4684589e-02,1.2922181e-05
4.0957020e+00,2.5309275e-02,1.5269102e-05
3.8660129e+00,2.5572404e-02,1.5112237e-05
6.8608904e+00,2.5648432e-02,6.1121711e-03
6.3880994e+00,2.6234011e-02,7.9724185e-03
4.9960585e+00,2.6375683e-02,2.4033930e-02
6.5589029e-02,2.6393726e-02,6.2804238e-36
5.6766446e+00,2.6395232e-02,9.0530348e-03
3.0649052e+00,2.6418940e-02,5.7690447e-06
1.7043534e+00,2.6626721e-02,1.1951293e-35
3.2869845e+00,2.8133131e-02,1.3076116e-05
3.1714733e+00,2.8841884e-02,8.3543764e-06
9.9315862e+00,2.8871688e-02,9.6554250e-04
8.7571951e+00,2.8875155e-02,1.7687942e-03
1.9317797e+00,2.9127535e-02,8.5744686e-36
8.1661110e+00,2.9863068e-02,2.9093089e-03
8.6404844e+00,3.0140986e-02,1.8154997e-03
3.6300992e+00,3.0363542e-02,1.4594976e-05
7.0998811e+00,3.0527043e-02,5.2842411e-03
4.2063799e+00,3.1340289e-02,1.8286197e-05
8.5234232e+00,3.1762159e-02,2.0060353e-03
8.0481344e+00,3.1877273e-02,3.2914759e-03
9.8220612e+00,3.1950597e-02,1.2313104e-03
6.7458939e+00,3.2017022e-02,7.5355005e-03
4.6657012e+00,3.2111831e-02,2.4739054e-03
4.4366407e+00,3.2154823e-02,2.4887872e-05
1.5922740e+00,3.2179611e-02,1.3234623e-35
8.2839511e+00,3.2490318e-02,2.5983261e-03
8.8759943e+00,3.2573788e-02,1.6312519e-03
7.2183033e+00,3.2673002e-02,5.4170325e-03
6.6272112e+00,3.2770933e-02,8.1191983e-03
4.3206110e+00,3.2772312e-02,2.0259606e-05
5.3336124e+00,3.2794213e-02,1.6583235e-02
5.5592105e+00,3.3130114e-02,9.3240057e-03
4.5493561e+00,3.3149972e-02,3.4114360e-04
1.1211422e+00,3.3154922e-02,1.3367935e-35
9.1118516e+00,3.3171342e-02,1.3605589e-03
8.4039655e+00,3.3304307e-02,2.3527064e-03
3.7500000e+00,3.3308669e-02,1.5074973e-05
3.4038462e+00,3.3308669e-02,1.3553151e-05
3.9807692e+00,3.3308669e-02,1.6009990e-05
6.4792887e-01,3.3405619e-02,1.0451176e-35
9.7039565e+00,3.3573302e-02,1.3336402e-03
9.2302744e+00,3.3617876e-02,1.2667759e-03
6.1494215e+00,3.3638716e-02,9.5968574e-03
4.7794490e+00,3.3756333e-02,9.2095048e-03
7.9279870e+00,3.3783134e-02,3.5807920e-03
8.9935528e+00,3.3844376e-02,1.4661141e-03
7.3358229e+00,3.3902307e-02,5.4320790e-03
7.5723936e+00,3.3994156e-02,4.6703546e-03
7.8098054e+00,3.4001474e-02,3.9474022e-03
9.4671237e+00,3.4174556e-02,1.4402019e-03
6.0328160e+00,3.4175144e-02,9.6763323e-03
7.6907996e+00,3.4180143e-02,4.1933509e-03
9.5855263e+00,3.4185213e-02,1.3668695e-03
6.5065789e+00,3.4185213e-02,8.4360906e-03
9.3486842e+00,3.4185213e-02,1.4028561e-03
7.4539633e+00,3.4189114e-02,5.2625956e-03
1.3538249e+00,3.4209114e-02,1.1631417e-35
1.4724916e+00,3.4285675e-02,1.1759679e-35
1.2392385e+00,3.4627698e-02,1.1483509e-35
5.2202941e+00,3.4674307e-02,2.3278746e-02
5.9138198e+00,3.4699485e-02,1.1167402e-02
1.0014269e+00,3.4942585e-02,1.3624498e-35
6.9780793e+00,3.5263781e-02,6.0361761e-03
8.8397457e-01,3.5420548e-02,1.3655678e-35
2.9426631e-01,3.5629307e-02,8.0169391e-36
6.2702892e+00,3.5715509e-02,1.0184149e-02
5.3299308e-01,3.6285099e-02,7.8446604e-36
1.7523461e-01,3.6644327e-02,6.7243821e-36
1.8182296e+00,3.6659456e-02,9.6463993e-36
5.7921428e+00,3.7521596e-02,1.1497549e-02
5.1028420e+00,3.7976532e-02,2.6488633e-02
7.6706284e-01,4.1930504e-02,1.3360131e-35
4.1413208e-01,4.2268805e-02,5.7711136e-36
4.9405009e+00,4.6567835e-02,1.8724004e-02
5.3891680e+00,5.2941287e-02,1.6506272e-02
5.5012183e+00,5.3277187e-02,1.0130227e-02
4.8350026e+00,5.3948485e-02,1.0773507e-02
3.5720762e+00,5.5048131e-02,1.3892376e-05
3.1209938e+00,5.5260824e-02,7.4550199e-06
4.1482357e+00,5.6649564e-02,1.6086708e-05
3.2276885e+00,5.6975014e-02,1.3491732e-05
6.8041527e+00,5.7665454e-02,7.2628418e-03
3.4612078e+00,5.7993259e-02,1.4195376e-05
4.0380096e+00,5.8617944e-02,1.5641791e-05
1.6495685e+00,5.8806332e-02,1.3085691e-35
3.8083206e+00,5.8881074e-02,1.5291268e-05
3.9237052e+00,5.8881074e-02,1.5101811e-05
8.7003110e+00,5.9016141e-02,1.8998107e-03
5.6174341e+00,5.9525346e-02,1.0558397e-02
6.4473100e+00,6.0419224e-02,7.9652056e-03
9.8720684e+00,6.0822285e-02,1.1672670e-03
6.9179170e+00,6.0912213e-02,5.8386869e-03
3.3446768e+00,6.1441800e-02,1.5104557e-05
8.8173998e+00,6.1448943e-02,1.7701522e-03
8.1089823e+00,6.1740342e-02,3.2526819e-03
8.5849602e+00,6.1903145e-02,1.9364400e-03
6.3294413e+00,6.1949519e-02,9.8335853e-03
8.2263779e+00,6.2353387e-02,2.7457338e-03
1.2317658e-01,6.3038052e-02,6.4273526e-36
7.1602897e+00,6.3200045e-02,5.3121526e-03
1.7578771e+00,6.3286177e-02,1.1439197e-35
2.6373343e-02,6.3430763e-02,6.1952885e-36
3.6877915e+00,6.3672211e-02,1.4844746e-05
5.7319453e+00,6.3916828e-02,1.0591101e-02
4.2577601e+00,6.4112601e-02,2.0385818e-05
5.0433449e+00,6.4352215e-02,2.4564836e-02
6.6888945e+00,6.4787955e-02,7.9708244e-03
4.3726363e+00,6.4927135e-02,3.4754147e-05
8.4668624e+00,6.5066465e-02,2.3659248e-03
4.6039462e+00,6.5261803e-02,4.2566318e-04
4.4874213e+00,6.5304795e-02,1.1268793e-04
9.7628598e+00,6.5523899e-02,1.3256498e-03
3.0264437e+00,6.5634626e-02,9.0108495e-06
7.9892793e+00,6.5660408e-02,3.6896593e-03
1.8676563e+00,6.5786991e-02,9.7925920e-36
7.0384867e+00,6.5790824e-02,6.2325668e-03
8.3458114e+00,6.5794625e-02,2.5876900e-03
4.7229280e+00,6.5868164e-02,3.8650917e-03
8.9353366e+00,6.6418165e-02,1.5691319e-03
1.5353538e+00,6.6465286e-02,1.3196226e-35
7.2778104e+00,6.6575308e-02,5.4617038e-03
9.1710733e+00,6.6789217e-02,1.2902363e-03
6.5680007e+00,6.6956146e-02,8.4135591e-03
9.0527728e+00,6.7015718e-02,1.4822243e-03
5.2761287e+00,6.7468521e-02,2.2650680e-02
9.6447460e+00,6.7758515e-02,1.3010505e-03
1.1839102e+00,6.7782620e-02,1.1664777e-35
7.8693713e+00,6.7784608e-02,3.8788442e-03
9.2894849e+00,6.7803089e-02,1.3369785e-03
6.0901322e+00,6.7813861e-02,9.8759913e-03
9.9710599e+00,6.8087374e-02,1.0985854e-03
7.3950493e+00,6.8091421e-02,5.4912981e-03
1.0637456e+00,6.8097507e-02,1.2976269e-35
7.6316142e+00,6.8174300e-02,4.5407530e-03
7.7506050e+00,6.8181617e-02,4.3163271e-03
7.5131990e+00,6.8183270e-02,4.9304577e-03
9.5263342e+00,6.8359769e-02,1.3631493e-03
9.4079132e+00,6.8359769e-02,1.3652988e-03
1.4145518e+00,6.8494789e-02,1.1799423e-35
1.9709953e+00,6.8810075e-02,6.5938076e-36
1.2989458e+00,6.8836813e-02,1.1525424e-35
5.9729516e+00,6.8874629e-02,1.0310834e-02
6.2091844e+00,6.9354225e-02,1.0063151e-02
5.9268665e-01,6.9690718e-02,1.0895010e-35
9.4422503e-01,7.0363133e-02,1.3301660e-35
5.8506995e+00,7.2221081e-02,1.2445852e-02
2.3420680e-01,7.2273634e-02,7.4788622e-36
5.1564694e+00,7.2650840e-02,2.6486361e-02
7.0910935e-01,7.5336123e-02,1.1868107e-35
8.2750800e-01,7.7351051e-02,1.4273713e-35
3.5545721e-01,7.7898112e-02,8.7178875e-36
4.7653693e-01,7.8553904e-02,8.1073297e-36
4.9242249e+00,9.5294876e-02,1.8196121e-02
5.4051586e+00,1.0033629e-01,1.9355565e-02
5.4801719e+00,1.0067219e-01,1.8838755e-02
4.8557636e+00,1.0267553e-01,1.1001039e-02
3.1134751e+00,1.1143904e-01,8.5728848e-06
3.5557085e+00,1.1479887e-01,1.4042711e-05
3.4833016e+00,1.1774399e-01,1.4353415e-05
4.1319040e+00,1.1854698e-01,1.5634814e-05
6.8188421e+00,1.1862681e-01,8.9679970e-03
5.0215375e+00,1.1911062e-01,2.2723251e-02
3.2169711e+00,1.1932952e-01,1.3525310e-05
1.1165356e-01,1.1972728e-01,6.3831473e-36
5.4066009e-02,1.2011999e-01,6.7224757e-36
3.8306930e+00,1.2012576e-01,1.4274969e-05
3.9076161e+00,1.2012576e-01,1.4412947e-05
4.0601395e+00,1.2051536e-01,1.5850349e-05
5.6361461e+00,1.2084980e-01,1.3925368e-02
8.7076127e+00,1.2108566e-01,2.3387788e-03
6.4267285e+00,1.2168855e-01,1.1128018e-02
3.0573865e+00,1.2181284e-01,9.1659241e-06
6.8931327e+00,1.2187357e-01,9.0468595e-03
9.8740003e+00,1.2228628e-01,1.2173420e-03
1.6627926e+00,1.2310087e-01,1.4313139e-35
3.3326791e+00,1.2321837e-01,1.5058083e-05
6.3483335e+00,1.2321885e-01,1.1138191e-02
8.1187430e+00,1.2403960e-01,4.4405347e-03
8.5928989e+00,1.2515629e-01,2.7105671e-03
5.7111836e+00,1.2524128e-01,1.4665439e-02
3.6770618e+00,1.2594481e-01,1.3935796e-05
8.8214097e+00,1.2598908e-01,2.0361069e-03
1.8734314e+00,1.2689412e-01,1.1955371e-35
8.2327336e+00,1.2709138e-01,4.1532232e-03
9.7631173e+00,1.2739628e-01,1.2980027e-03
1.7318855e+00,1.2758071e-01,1.5005581e-35
6.5750728e+00,1.2774063e-01,1.0435258e-02
7.1667144e+00,1.2838228e-01,8.5375537e-03
9.1710859e+00,1.2919021e-01,1.3437176e-03
9.9335181e+00,1.2955137e-01,1.2083334e-03
4.9579751e+00,1.2986113e-01,1.8112178e-02
1.9375547e+00,1.2991721e-01,1.3044315e-35
4.2442071e+00,1.3010279e-01,1.9106475e-05
8.4732916e+00,1.3013458e-01,3.2717349e-03
9.2894861e+00,1.3021579e-01,1.3546820e-03
9.6447722e+00,1.3030546e-01,1.2285916e-03
4.3607851e+00,1.3037904e-01,3.6609363e-05
6.2022092e+00,1.3041099e-01,1.2668796e-02
9.4079301e+00,1.3080637e-01,1.2998583e-03
9.5263358e+00,1.3085855e-01,1.2532971e-03
7.0463946e+00,1.3090554e-01,9.0404338e-03
4.4754206e+00,1.3105433e-01,1.0425884e-04
7.9951976e+00,1.3157292e-01,5.2635942e-03
4.5911810e+00,1.3205619e-01,4.4080341e-04
8.3494656e+00,1.3308119e-01,3.7606105e-03
7.2829752e+00,1.3322871e-01,8.6120689e-03
2.3907686e-01,1.3331523e-01,6.9259373e-36
4.7117686e+00,1.3374579e-01,3.7883229e-03
8.9364485e+00,1.3392978e-01,1.7599174e-03
6.6927165e+00,1.3426681e-01,1.0471802e-02
1.5433947e+00,1.3519428e-01,1.2641575e-35
7.5132363e+00,1.3521551e-01,7.7610917e-03
9.0527728e+00,1.3529783e-01,1.5997950e-03
7.6317393e+00,1.3540106e-01,7.2564005e-03
7.8725751e+00,1.3548472e-01,6.0195888e-03
7.3962434e+00,1.3554712e-01,8.3567965e-03
1.1936652e+00,1.3572307e-01,1.1903352e-35
5.9710917e+00,1.3620529e-01,1.4170533e-02
7.7512585e+00,1.3637599e-01,6.6325909e-03
6.0890678e+00,1.3736317e-01,1.3976882e-02
5.2624940e+00,1.3845000e-01,2.8520040e-02
1.0736795e+00,1.3932634e-01,1.1620398e-35
5.9991781e-01,1.4043564e-01,1.2786296e-35
1.4239720e+00,1.4095675e-01,1.2401965e-35
5.8530749e+00,1.4095792e-01,1.5004967e-02
1.3084782e+00,1.4129851e-01,1.1983555e-35
7.0847818e-01,1.4244147e-01,1.2362933e-35
5.1463488e+00,1.4384428e-01,2.7942576e-02
9.5553466e-01,1.4564174e-01,1.1965623e-35
3.1532372e+00,1.4737460e-01,1.2440849e-05
3.4964169e-01,1.4853585e-01,9.7102534e-36
5.5124599e+00,1.4995440e-01,1.9798039e-02
3.2642694e+00,1.5226420e-01,1.4643867e-05
5.3757947e+00,1.5234521e-01,2.6390763e-02
3.6030018e+00,1.5238687e-01,1.3925739e-05
8.3906690e-01,1.5301376e-01,1.2129028e-35
9.8242506e+00,1.5528698e-01,1.2447332e-03
8.6557247e+00,1.5546365e-01,2.7425742e-03
8.7685066e+00,1.5548481e-01,2.2833299e-03
4.8944107e-01,1.5576770e-01,1.1138466e-35
4.8282560e+00,1.5577574e-01,7.5655416e-03
8.1822274e+00,1.5690032e-01,4.5394340e-03
9.7042402e+00,1.5799263e-01,1.2521843e-03
9.2302882e+00,1.5843156e-01,1.3992055e-03
9.3487023e+00,1.5904451e-01,1.3451967e-03
9.4671422e+00,1.5911993e-01,1.2510206e-03
4.1764952e+00,1.5922790e-01,1.6570987e-05
9.5855541e+00,1.5923094e-01,1.2243560e-03
8.5377911e+00,1.6008342e-01,3.2464380e-03
8.0638134e+00,1.6008904e-01,5.3802930e-03
7.1142136e+00,1.6082399e-01,8.9927702e-03
3.4482682e+00,1.6163898e-01,1.3724609e-05
6.7644052e+00,1.6245724e-01,1.0578718e-02
6.6381053e+00,1.6303427e-01,1.0563392e-02
4.4127889e+00,1.6335627e-01,4.5065063e-05
3.3757152e+00,1.6366481e-01,1.3586475e-05
9.1118642e+00,1.6385444e-01,1.5063850e-03
5.5916920e+00,1.6388385e-01,1.8789833e-02
3.7954151e+00,1.6416680e-01,1.3278333e-05
4.2952068e+00,1.6421441e-01,1.9504465e-05
6.1413819e+00,1.6424479e-01,1.3959544e-02
3.9479484e+00,1.6434998e-01,1.4324835e-05
7.2298928e+00,1.6450864e-01,8.8679021e-03
8.2939611e+00,1.6451488e-01,4.1981278e-03
8.8811161e+00,1.6462554e-01,2.0078155e-03
6.5317603e+00,1.6467365e-01,1.1882204e-02
4.0246289e+00,1.6500272e-01,1.4074580e-05
6.4646330e+00,1.6515850e-01,1.1972222e-02
3.7238516e+00,1.6519471e-01,1.3337817e-05
1.6135390e+00,1.6520314e-01,1.3175235e-35
8.4140490e+00,1.6565899e-01,3.8524939e-03
4.5245902e+00,1.6569390e-01,1.2327336e-04
6.2437985e+00,1.6666429e-01,1.2698788e-02
4.6417765e+00,1.6678385e-01,5.0860669e-04
6.3091396e+00,1.6687685e-01,1.2742419e-02
1.3954923e-01,1.6708947e-01,6.3612536e-36
6.9277467e+00,1.6719893e-01,1.0253614e-02
2.9332084e-01,1.6730864e-01,9.4198455e-36
7.9371090e+00,1.6739576e-01,6.1435950e-03
5.7423443e+00,1.6765166e-01,1.6140524e-02
2.7692667e-02,1.6780034e-01,7.4374671e-36
7.3421818e+00,1.6801141e-01,8.8041671e-03
7.5725560e+00,1.6825316e-01,7.9188085e-03
7.4551947e+00,1.6867705e-01,8.4702157e-03
7.6915781e+00,1.6960128e-01,7.2760521e-03
8.9946648e+00,1.6963811e-01,1.8119341e-03
5.0406914e+00,1.6988299e-01,2.2516316e-02
7.8136627e+00,1.6989597e-01,6.7227779e-03
5.9143353e+00,1.7076698e-01,1.5086657e-02
6.0298917e+00,1.7105511e-01,1.4472432e-02
6.5452884e-01,1.7125589e-01,1.2555731e-35
6.9999125e+00,1.7135229e-01,1.0164535e-02
1.9515800e-01,1.7144185e-01,6.6878780e-36
1.1408311e+00,1.7232421e-01,1.1722321e-35
3.0309428e+00,1.7382527e-01,1.2351253e-05
4.7592985e+00,1.7492633e-01,3.6557098e-03
1.2585260e+00,1.7502985e-01,1.1937536e-35
5.8049550e+00,1.7506405e-01,1.6150050e-02
1.4899527e+00,1.7547663e-01,1.2706142e-35
5.3091323e+00,1.7593169e-01,2.8835552e-02
5.1965388e+00,1.7684923e-01,2.7674377e-02
1.8353700e+00,1.7748689e-01,1.4552663e-35
9.9624582e+00,1.7911106e-01,1.2408118e-03
1.3727775e+00,1.7913278e-01,1.2095607e-35
1.9665594e+00,1.8015475e-01,1.5139335e-35
1.7643876e+00,1.8067430e-01,1.4792975e-35
1.0226704e+00,1.8145002e-01,1.1658277e-35
4.9368476e+00,1.8176754e-01,1.4005322e-02
5.5312838e-01,1.8424382e-01,1.2349479e-35
5.0894152e+00,1.8631803e-01,2.2733965e-02
9.0684310e-01,1.8636186e-01,1.1787443e-35
7.4834845e-01,1.8962358e-01,1.1766865e-35
3.8951587e-01,1.9498639e-01,1.0435565e-35
5.4755565e+00,1.9532608e-01,2.4755149e-02
5.4139046e+00,1.9805280e-01,2.6493194e-02
7.9975421e-01,1.9818094e-01,1.1982269e-35
4.8755898e+00,2.0030150e-01,7.7685931e-03
4.4745123e-01,2.0156245e-01,1.0949352e-35
4.9868544e+00,2.1018855e-01,1.4007176e-02
9.8206666e+00,2.1212548e-01,1.3232293e-03
3.1364428e+00,2.1433071e-01,1.1731342e-05
3.5910549e+00,2.1536164e-01,1.2810797e-05
9.7068914e+00,2.1877187e-01,1.3209436e-03
3.2496235e+00,2.1888151e-01,1.4561752e-05
9.2358930e+00,2.2025972e-01,1.4730477e-03
9.3537027e+00,2.2039602e-01,1.4098212e-03
8.6642755e+00,2.2048991e-01,3.1943091e-03
9.4718525e+00,2.2054737e-01,1.2345226e-03
9.5901421e+00,2.2069837e-01,1.2365313e-03
2.7952412e-01,2.2211540e-01,1.0134650e-35
3.4703406e+00,2.2240084e-01,1.2952166e-05
1.1175375e-01,2.2305860e-01,8.5127913e-36
5.7484737e-02,2.2337676e-01,7.5489024e-36
8.7762411e+00,2.2347274e-01,2.7461841e-03
8.1919867e+00,2.2394947e-01,6.5545385e-03
3.3590339e+00,2.2434751e-01,1.3620927e-05
6.1576577e+00,2.2442320e-01,1.5960216e-02
8.5451851e+00,2.2451269e-01,3.8392273e-03
6.2181541e+00,2.2476590e-01,1.5788192e-02
4.1656958e+00,2.2499491e-01,1.1516828e-05
2.2196159e-01,2.2523359e-01,8.0247375e-36
6.6199316e+00,2.2539056e-01,1.5514613e-02
6.5552715e+00,2.2561566e-01,1.5470298e-02
9.1206065e+00,2.2572183e-01,1.5709294e-03
8.0720816e+00,2.2588599e-01,7.6701067e-03
5.7276600e+00,2.2656901e-01,2.1550320e-02
3.8179712e+00,2.2659221e-01,1.1643660e-05
6.4427709e+00,2.2679872e-01,1.5486187e-02
3.9319614e+00,2.2720190e-01,1.1613989e-05
3.7087129e+00,2.2739325e-01,1.2151254e-05
6.3261167e+00,2.2742711e-01,1.6145097e-02
7.1262023e+00,2.2776199e-01,1.3891337e-02
5.6136640e+00,2.2802355e-01,2.4283213e-02
4.0470707e+00,2.2806584e-01,1.1439705e-05
6.9052978e+00,2.2882395e-01,1.3808155e-02
6.7757615e+00,2.2893452e-01,1.4665349e-02
4.2852742e+00,2.2904125e-01,1.6335950e-05
4.4015433e+00,2.2915858e-01,3.4949705e-05
3.0702371e+00,2.3040758e-01,1.1772739e-05
7.2385896e+00,2.3049583e-01,1.3708613e-02
8.4209656e+00,2.3096579e-01,4.7289722e-03
8.8858066e+00,2.3139942e-01,2.2997034e-03
4.5150304e+00,2.3153294e-01,1.1790527e-04
8.3035332e+00,2.3170219e-01,5.6623741e-03
6.0221870e+00,2.3198768e-01,1.8748000e-02
7.0167321e+00,2.3272884e-01,1.4288592e-02
7.9436938e+00,2.3277669e-01,9.0890367e-03
7.5752846e+00,2.3284010e-01,1.1927111e-02
7.3495207e+00,2.3368721e-01,1.3367969e-02
7.4604607e+00,2.3387332e-01,1.2719755e-02
7.6928560e+00,2.3490117e-01,1.1212402e-02
4.6297257e+00,2.3522377e-01,4.7016477e-04
1.6204015e+00,2.3586410e-01,1.2710076e-35
7.8153389e+00,2.3696739e-01,1.0316570e-02
5.9165387e+00,2.3758127e-01,1.9951069e-02
8.9945318e+00,2.3784742e-01,1.8835799e-03
5.8190690e+00,2.3941597e-01,2.1408261e-02
1.9323804e+00,2.3994125e-01,1.6234346e-35
1.8653144e+00,2.4029647e-01,1.5552908e-35
6.6811219e-01,2.4118391e-01,1.1933077e-35
9.9290547e+00,2.4172039e-01,1.2825236e-03
4.7441192e+00,2.4398852e-01,2.2923973e-03
1.7349680e+00,2.4497400e-01,1.3757362e-35
9.7621845e+00,2.4501402e-01,1.3352397e-03
5.1844828e+00,2.4540939e-01,2.7469580e-02
1.1494052e+00,2.4590458e-01,1.0605081e-35
5.2949759e+00,2.4636597e-01,3.1219238e-02
3.5277031e+00,2.4715957e-01,1.2762235e-05
1.4987106e+00,2.4782642e-01,1.2246654e-35
5.4994529e+00,2.4849589e-01,2.7846738e-02
1.2677025e+00,2.4854541e-01,1.0854266e-35
3.3013519e+00,2.5051837e-01,1.3690687e-05
7.2122919e-01,2.5102671e-01,1.1416398e-35
3.6499763e+00,2.5111811e-01,1.2134364e-05
9.8659530e+00,2.5207811e-01,1.3278870e-03
1.3831865e+00,2.5244048e-01,1.1016658e-35
9.6520114e+00,2.5255213e-01,1.2615485e-03
5.0853967e+00,2.5260525e-01,2.0934999e-02
9.1854330e+00,2.5288575e-01,1.5399516e-03
3.1855308e+00,2.5290293e-01,1.3605487e-05
3.8750953e+00,2.5313935e-01,1.1492154e-05
6.3829805e+00,2.5336053e-01,1.6186525e-02
9.3000913e+00,2.5339545e-01,1.5329599e-03
9.4176408e+00,2.5358532e-01,1.2427382e-03
5.4014280e+00,2.5362169e-01,3.1141610e-02
9.5356341e+00,2.5375342e-01,1.2646667e-03
8.7238980e+00,2.5409984e-01,3.3080093e-03
1.0342340e+00,2.5418203e-01,1.0963317e-35
8.6088436e+00,2.5461182e-01,3.8430491e-03
5.6799847e+00,2.5503322e-01,2.4533418e-02
5.6175626e-01,2.5508475e-01,1.2010637e-35
4.1055368e+00,2.5537651e-01,1.1150050e-05
6.8459911e+00,2.5634446e-01,1.4702306e-02
3.4123348e+00,2.5664147e-01,1.2963421e-05
8.1367705e+00,2.5688570e-01,7.6698468e-03
4.8622031e+00,2.5706851e-01,6.1032348e-03
7.0752028e+00,2.5922009e-01,1.4427494e-02
8.4876022e+00,2.5987066e-01,4.7873533e-03
6.2623955e+00,2.5997490e-01,1.6822914e-02
9.1726861e-01,2.6028676e-01,1.1303089e-35
6.5066004e+00,2.6065661e-01,1.6473157e-02
4.2234752e+00,2.6069665e-01,1.1875505e-05
8.8338348e+00,2.6075088e-01,2.7427251e-03
3.7612294e+00,2.6085473e-01,1.1493435e-05
4.3396069e+00,2.6100820e-01,1.7110384e-05
7.1873998e+00,2.6130747e-01,1.4128853e-02
8.2520651e+00,2.6132784e-01,6.5987845e-03
4.9808929e+00,2.6146690e-01,1.3907623e-02
3.6647849e-01,2.6189835e-01,1.0895095e-35
3.9897231e+00,2.6232902e-01,1.0819757e-05
4.4546152e+00,2.6269569e-01,3.7620803e-05
8.0100505e+00,2.6275079e-01,9.1527909e-03
5.9655904e+00,2.6395214e-01,2.0345018e-02
6.9644547e+00,2.6450292e-01,1.5073137e-02
7.2990109e+00,2.6489171e-01,1.3940771e-02
7.5212309e+00,2.6499871e-01,1.2888798e-02
7.6357458e+00,2.6528789e-01,1.2071587e-02
9.0613822e+00,2.6537453e-01,1.7765176e-03
8.3659543e+00,2.6557530e-01,5.7099767e-03
4.5695703e+00,2.6633516e-01,1.2981744e-04
7.4088483e+00,2.6641919e-01,1.3552145e-02
8.1141653e-01,2.6688152e-01,1.1430600e-35
6.1245520e+00,2.6692528e-01,1.9050280e-02
5.7783626e+00,2.6711809e-01,2.1935251e-02
5.5583282e+00,2.6726391e-01,2.8251537e-02
7.8808361e+00,2.6793708e-01,1.0503454e-02
1.6756804e+00,2.6809427e-01,1.3021762e-35
6.0629133e+00,2.6821587e-01,1.9097791e-02
7.7542126e+00,2.6874731e-01,1.1356862e-02
8.9410061e+00,2.6891297e-01,2.2162732e-03
3.1280758e-01,2.7025457e-01,1.0996241e-35
4.6033365e-01,2.7039176e-01,1.1716765e-35
6.6519287e+00,2.7120141e-01,1.6997081e-02
4.6845384e+00,2.7124791e-01,5.7470842e-04
5.8693922e+00,2.7212413e-01,2.1529725e-02
1.9712615e-01,2.7256556e-01,9.0248774e-36
6.7211940e+00,2.7456850e-01,1.6913500e-02
1.4252707e-01,2.7474295e-01,9.0396696e-36
5.2362816e+00,2.7744445e-01,2.7582563e-02
2.9792070e-02,2.7779864e-01,7.5362285e-36
1.5590152e+00,2.7820503e-01,1.1966168e-35
5.3491617e+00,2.7834839e-01,3.1061156e-02
5.1302743e+00,2.7869167e-01,2.0916585e-02
6.2212903e-01,2.8120459e-01,1.1695342e-35
4.7996900e+00,2.8160495e-01,2.3252707e-03
5.4521603e+00,2.8203050e-01,3.1080231e-02
1.2114157e+00,2.8281900e-01,1.0459599e-35
1.0938171e+00,2.8563871e-01,1.0934123e-35
1.4431389e+00,2.8661425e-01,1.1176960e-35
5.0307113e+00,2.8744856e-01,1.3784120e-02
1.3280636e+00,2.8812177e-01,1.0801057e-35
4.9174994e+00,2.8981289e-01,6.1739903e-03
3.0392943e+00,2.9187642e-01,1.0202236e-05
9.7752376e-01,2.9229864e-01,1.0880575e-35
7.5548749e-01,2.9455245e-01,1.1315201e-35
5.1095138e-01,2.9543794e-01,1.1949483e-35
8.6115473e-01,2.9563924e-01,1.1377967e-35
1.9658210e+00,2.9788174e-01,1.3916681e-35
9.9665965e+00,2.9790345e-01,1.2283895e-03
1.8317814e+00,2.9830589e-01,1.4305754e-35
1.7724175e+00,2.9979601e-01,1.3720691e-35
4.0715166e-01,3.0235872e-01,1.1555199e-35
9.7710249e+00,3.0757317e-01,1.3476882e-03
3.4130444e+00,3.1368867e-01,1.1766745e-05
3.5276431e+00,3.1400405e-01,1.0884266e-05
3.1832566e+00,3.1406377e-01,1.2994239e-05
9.8336453e+00,3.1504565e-01,1.3536073e-03
3.6442433e+00,3.1592397e-01,9.7757147e-06
2.2746243e-01,3.1900289e-01,1.0201341e-35
9.6590054e+00,3.1914633e-01,1.3151163e-03
3.7605395e+00,3.1936852e-01,9.0016661e-06
9.1939114e+00,3.1942933e-01,1.5933600e-03
2.8558134e-01,3.1981008e-01,1.0942185e-35
9.3083343e+00,3.1992970e-01,1.5000363e-03
6.2609302e+00,3.2002496e-01,2.2857439e-02
9.4251719e+00,3.2022454e-01,1.2350643e-03
3.8750208e+00,3.2032431e-01,9.1247376e-06
9.5429322e+00,3.2040421e-01,1.3395762e-03
8.6119049e+00,3.2052371e-01,4.7909297e-03
3.2971034e+00,3.2076662e-01,1.2420271e-05
3.9902109e+00,3.2112014e-01,9.1623547e-06
8.7273489e+00,3.2119971e-01,3.9581328e-03
6.5063915e+00,3.2165968e-01,2.1539453e-02
4.1055765e+00,3.2241969e-01,9.7848979e-06
6.3822711e+00,3.2250089e-01,2.2113074e-02
6.9654901e+00,3.2308598e-01,2.0558702e-02
5.6828498e+00,3.2364811e-01,3.0859992e-02
8.1395475e+00,3.2368984e-01,1.0192492e-02
7.0818263e+00,3.2371823e-01,2.0139429e-02
8.4923770e+00,3.2402209e-01,5.9367952e-03
5.9823978e+00,3.2418457e-01,2.4118000e-02
4.2205517e+00,3.2445441e-01,1.0030210e-05
6.8462750e+00,3.2514613e-01,2.1110836e-02
4.3346410e+00,3.2557674e-01,1.5471179e-05
9.0700673e+00,3.2602053e-01,1.8282527e-03
6.0394515e+00,3.2622964e-01,2.4184506e-02
8.2579549e+00,3.2675302e-01,9.0878630e-03
8.8392201e+00,3.2699545e-01,3.0877387e-03
4.4491576e+00,3.2744532e-01,3.4425578e-05
7.1948653e+00,3.2755168e-01,1.9779765e-02
5.5671909e+00,3.2783243e-01,3.2440702e-02
8.0157469e+00,3.2786451e-01,1.1906351e-02
6.1441575e+00,3.2787821e-01,2.3769092e-02
8.3738567e+00,3.2878394e-01,7.3616120e-03
7.5307130e+00,3.2959855e-01,1.7152020e-02
5.7868913e+00,3.3016976e-01,2.9625705e-02
7.6425907e+00,3.3037474e-01,1.6447811e-02
1.1866713e-01,3.3056279e-01,8.6205765e-36
7.3067459e+00,3.3058126e-01,1.9302187e-02
7.8859157e+00,3.3183535e-01,1.3724623e-02
7.4190316e+00,3.3193454e-01,1.8525969e-02
4.5668697e+00,3.3211005e-01,1.2663015e-04
7.7601129e+00,3.3265103e-01,1.5446676e-02
6.0201143e-02,3.3330033e-01,7.5494238e-36
5.4537206e+00,3.3426373e-01,3.3423149e-02
8.9487923e+00,3.3611100e-01,2.4087031e-03
6.6273265e+00,3.3613495e-01,2.1449460e-02
5.8839754e+00,3.3701232e-01,2.8007378e-02
4.6812930e+00,3.3763587e-01,5.3431039e-04
5.3447954e+00,3.4039994e-01,3.0819158e-02
6.7344416e+00,3.4055350e-01,2.2654788e-02
5.2355769e+00,3.4187692e-01,2.5138526e-02
1.6772052e+00,3.4262356e-01,1.2122257e-35
5.1262231e+00,3.4304283e-01,1.7626641e-02
4.7940001e+00,3.4426313e-01,2.0099061e-03
3.4709901e+00,3.4629252e-01,1.0835192e-05
5.0208933e+00,3.4662302e-01,1.0383843e-02
3.5852619e+00,3.4701198e-01,9.9230534e-06
9.7227259e+00,3.4792523e-01,1.3450271e-03
4.9101658e+00,3.4811476e-01,5.0823209e-03
1.5624933e+00,3.4975823e-01,1.0558441e-35
3.2431008e+00,3.5029060e-01,1.2121570e-05
3.7022900e+00,3.5071290e-01,8.7409024e-06
3.0726603e+00,3.5158581e-01,1.1234721e-05
3.3554950e+00,3.5164296e-01,1.1473934e-05
3.8172068e+00,3.5229096e-01,9.0423556e-06
9.1377700e+00,3.5291141e-01,1.7826928e-03
6.2822447e-01,3.5298804e-01,1.1423644e-35
3.9323747e+00,3.5317799e-01,8.9802838e-06
9.2526143e+00,3.5333754e-01,1.6340076e-03
8.6707877e+00,3.5350167e-01,4.8417898e-03
9.3694767e+00,3.5356949e-01,1.2976316e-03
9.4866816e+00,3.5383740e-01,1.3290731e-03
4.0475983e+00,3.5390015e-01,9.2976004e-06
9.6044342e+00,3.5394337e-01,1.3283196e-03
6.2027314e+00,3.5426144e-01,2.3998861e-02
8.5530212e+00,3.5457602e-01,5.9873788e-03
1.4445753e+00,3.5502271e-01,9.6622110e-36
4.1628121e+00,3.5579585e-01,9.5973171e-06
7.0243910e+00,3.5581004e-01,2.0840177e-02
1.2150650e+00,3.5595175e-01,1.0017294e-35
1.0962132e+00,3.5602825e-01,1.0611180e-35
8.2006536e+00,3.5617878e-01,1.0398654e-02
6.9066172e+00,3.5620867e-01,2.1345114e-02
6.3239419e+00,3.5661753e-01,2.3182084e-02
8.7850774e+00,3.5681718e-01,3.8561380e-03
6.4418526e+00,3.5694215e-01,2.2417797e-02
5.6253918e+00,3.5720696e-01,3.2466279e-02
7.4689458e-01,3.5727238e-01,1.1156426e-35
1.3306934e+00,3.5731645e-01,1.0047561e-35
4.2773848e+00,3.5736755e-01,1.0450106e-05
1.9314693e+00,3.5737560e-01,1.5063100e-35
1.8644958e+00,3.5744453e-01,1.4637259e-35
3.1365918e+00,3.5745409e-01,1.2817349e-05
9.9328904e+00,3.5748249e-01,1.2249882e-03
8.0805550e+00,3.5780385e-01,1.1902389e-02
5.7390538e+00,3.5823558e-01,3.1385507e-02
8.4336428e+00,3.5832586e-01,7.2766955e-03
4.3911197e+00,3.5847675e-01,1.6006834e-05
7.1402913e+00,3.5850434e-01,2.0341938e-02
1.7365853e+00,3.5889953e-01,1.2196347e-35
9.7833096e-01,3.5948436e-01,1.0949678e-35
6.5666839e+00,3.6024664e-01,2.1720220e-02
8.3173255e+00,3.6033600e-01,9.1432861e-03
5.5098758e+00,3.6129763e-01,3.3660061e-02
5.1160436e-01,3.6142621e-01,1.2245865e-35
6.0855129e+00,3.6162417e-01,2.5103399e-02
7.9544698e+00,3.6178869e-01,1.3761738e-02
4.5068722e+00,3.6205746e-01,3.5870466e-05
7.2537901e+00,3.6242959e-01,2.0030976e-02
7.5916116e+00,3.6252679e-01,1.7323382e-02
5.9479293e+00,3.6270188e-01,2.7959227e-02
8.6176431e-01,3.6296214e-01,1.1005398e-35
6.7892931e+00,3.6372120e-01,2.2839010e-02
7.7056013e+00,3.6389175e-01,1.6771415e-02
7.4801261e+00,3.6398851e-01,1.8679337e-02
9.8630409e+00,3.6426697e-01,1.2851421e-03
4.0194421e-01,3.6473624e-01,1.1635337e-35
7.8263188e+00,3.6476939e-01,1.5485309e-02
8.8989782e+00,3.6484202e-01,2.9242040e-03
7.3674390e+00,3.6489211e-01,1.9480308e-02
9.0110031e+00,3.6569145e-01,2.3470497e-03
5.8421809e+00,3.6735584e-01,2.9766748e-02
4.6237797e+00,3.6738663e-01,1.4124131e-04
5.3986221e+00,3.6790647e-01,3.0439639e-02
2.0573763e-01,3.7098886e-01,1.0373040e-35
5.2899050e+00,3.7284999e-01,2.4976560e-02
4.7351838e+00,3.7303467e-01,5.3346010e-04
5.1797269e+00,3.7419303e-01,1.7703793e-02
2.9886562e-01,3.7424888e-01,1.0697460e-35
5.0715276e+00,3.7613087e-01,1.0401151e-02
6.6800954e+00,3.7647159e-01,2.3119288e-02
4.8491796e+00,3.7802856e-01,1.9947662e-03
4.9637414e+00,3.7894323e-01,5.0940150e-03
1.5154141e-01,3.8037138e-01,9.8190997e-36
1.6254044e+00,3.8194659e-01,1.0527277e-35
1.5036252e+00,3.8778808e-01,9.7743891e-36
3.0409073e-02,3.8883502e-01,8.7945327e-36
6.8737837e-01,3.8916966e-01,1.1144715e-35
1.1554505e+00,3.8942687e-01,9.7967563e-36
1.3872527e+00,3.9004362e-01,9.7063532e-36
1.2739815e+00,3.9087284e-01,1.0347261e-35
1.0374372e+00,3.9175728e-01,1.1173290e-35
5.6850468e-01,3.9285647e-01,1.1577885e-35
9.1868539e-01,3.9479538e-01,1.0775045e-35
8.0343321e-01,3.9692435e-01,1.0884292e-35
3.4711494e-01,3.9851299e-01,1.0856918e-35
4.5577919e-01,3.9875754e-01,1.2182019e-35
2.4494708e-01,4.0749015e-01,1.0659791e-35
3.4719350e+00,4.1149517e-01,1.0454777e-05
3.2308981e+00,4.1240288e-01,1.2003763e-05
9.9662939e+00,4.1252022e-01,1.0823407e-03
3.0333660e+00,4.1265056e-01,1.2113050e-05
3.3625191e+00,4.1324227e-01,1.1286335e-05
3.5852561e+00,4.1392457e-01,9.2201324e-06
9.7261105e+00,4.1579819e-01,1.3727690e-03
3.7008664e+00,4.1590436e-01,8.6019333e-06
1.7632101e+00,4.1659337e-01,1.2195157e-35
1.8317567e+00,4.1662848e-01,1.3774849e-35
1.9656483e+00,4.1663672e-01,1.5587150e-35
3.8166931e+00,4.1787228e-01,8.8055321e-06
3.1651257e+00,4.1851881e-01,1.2885083e-05
3.9319367e+00,4.1871234e-01,8.4884858e-06
4.0470982e+00,4.1946943e-01,8.2973957e-06
9.8366577e+00,4.2056118e-01,1.2726289e-03
9.1376026e+00,4.2078135e-01,1.9035218e-03
9.2553191e+00,4.2080876e-01,1.5845448e-03
4.1621443e+00,4.2092726e-01,8.8147085e-06
9.3724879e+00,4.2099847e-01,1.3301388e-03
9.4897302e+00,4.2127212e-01,1.3412489e-03
6.0851149e+00,4.2129713e-01,3.1511680e-02
9.6074465e+00,4.2138526e-01,1.3552931e-03
8.6708031e+00,4.2143268e-01,5.5832930e-03
8.5531600e+00,4.2152139e-01,7.3287928e-03
6.9079092e+00,4.2233721e-01,2.7280908e-02
4.2767076e+00,4.2234990e-01,9.7170538e-06
8.2016894e+00,4.2235413e-01,1.3008176e-02
7.0244843e+00,4.2277271e-01,2.6800579e-02
8.4356708e+00,4.2288701e-01,8.8602624e-03
8.7872330e+00,4.2310976e-01,4.2394651e-03
8.0828889e+00,4.2323947e-01,1.4945306e-02
4.3909083e+00,4.2377763e-01,1.4276147e-05
8.3187316e+00,4.2396983e-01,1.1085929e-02
5.6259458e+00,4.2401485e-01,3.5221149e-02
6.2069231e+00,4.2404564e-01,3.0088021e-02
5.9657613e+00,4.2424685e-01,3.2826633e-02
7.1415605e+00,4.2463245e-01,2.6284584e-02
5.7392583e+00,4.2498087e-01,3.4377301e-02
5.5117028e+00,4.2528317e-01,3.3777102e-02
6.3246661e+00,4.2551166e-01,2.9629011e-02
7.9604604e+00,4.2577050e-01,1.7016860e-02
7.8350122e+00,4.2701388e-01,1.9011061e-02
6.4423944e+00,4.2704459e-01,2.8907063e-02
7.2580935e+00,4.2749800e-01,2.5504102e-02
7.6017973e+00,4.2753825e-01,2.2346740e-02
4.5059250e+00,4.2761645e-01,3.2552399e-05
9.0200735e+00,4.2769599e-01,2.4444429e-03
7.7140230e+00,4.2844242e-01,2.0950659e-02
7.4884863e+00,4.2908929e-01,2.4012611e-02
5.8522064e+00,4.2950590e-01,3.3456417e-02
7.3737518e+00,4.3001730e-01,2.4972454e-02
8.9029301e+00,4.3001789e-01,3.1761680e-03
5.3993782e+00,4.3113950e-01,2.8497244e-02
6.5616624e+00,4.3312982e-01,2.9044281e-02
4.6210666e+00,4.3400556e-01,1.2232828e-04
6.7934774e+00,4.3427769e-01,2.8579771e-02
4.7336121e+00,4.3771646e-01,4.3708528e-04
5.2899883e+00,4.3777930e-01,2.1269226e-02
6.6791998e+00,4.3888298e-01,2.8988915e-02
5.1795716e+00,4.3893812e-01,1.3686932e-02
5.0693729e+00,4.3969391e-01,7.5150584e-03
4.8455428e+00,4.4019733e-01,1.3981786e-03
3.4210134e+00,4.4049063e-01,1.0509306e-05
4.9582829e+00,4.4058570e-01,3.5589697e-03
1.2873704e-01,4.4291655e-01,1.0226094e-35
9.7777246e+00,4.4477627e-01,1.2760924e-03
3.5285822e+00,4.4611930e-01,9.3254048e-06
3.6428139e+00,4.4802802e-01,8.5156413e-06
6.6070691e-02,4.4864266e-01,9.1274722e-36
3.7586021e+00,4.5014130e-01,8.9473248e-06
3.8740690e+00,4.5143998e-01,8.5492383e-06
3.9892728e+00,4.5222378e-01,8.3704983e-06
4.1044087e+00,4.5312039e-01,8.2564313e-06
6.0267448e+00,4.5385364e-01,3.3032302e-02
1.6251365e+00,4.5390636e-01,1.0045351e-35
9.6654023e+00,4.5446118e-01,1.3546188e-03
4.2192067e+00,4.5456817e-01,8.8168295e-06
9.1964488e+00,4.5477050e-01,1.8861023e-03
9.3140503e+00,4.5482990e-01,1.4765314e-03
9.4312317e+00,4.5508825e-01,1.3358087e-03
9.5489931e+00,4.5528083e-01,1.3312286e-03
8.1429172e+00,4.5530081e-01,1.5068293e-02
8.6120591e+00,4.5540009e-01,7.1920476e-03
8.7295200e+00,4.5542330e-01,5.4257831e-03
8.4945438e+00,4.5552860e-01,8.8349372e-03
1.5040806e+00,4.5580664e-01,9.4288193e-36
4.3337523e+00,4.5585996e-01,9.8793290e-06
9.0789703e+00,4.5589501e-01,2.3407237e-03
6.9668754e+00,4.5617718e-01,2.7472161e-02
8.2603969e+00,4.5656219e-01,1.3061753e-02
7.0831888e+00,4.5680900e-01,2.7087854e-02
8.3772908e+00,4.5697892e-01,1.0949891e-02
5.6836083e+00,4.5720129e-01,3.5978367e-02
8.0240714e+00,4.5728194e-01,1.7186067e-02
6.1479512e+00,4.5733538e-01,3.1595309e-02
1.3871356e+00,4.5752725e-01,9.6638734e-36
7.9005997e+00,4.5806165e-01,1.9298713e-02
1.2721593e+00,4.5807140e-01,9.8582483e-36
4.4479989e+00,4.5830518e-01,1.4410793e-05
1.1549219e+00,4.5840008e-01,9.3762566e-36
8.8453277e+00,4.5846390e-01,4.0543647e-03
5.5695719e+00,4.5862584e-01,3.3984208e-02
6.2658461e+00,4.5870331e-01,3.0451475e-02
7.2004379e+00,4.5874820e-01,2.6518510e-02
5.7971213e+00,4.5906512e-01,3.4439194e-02
7.7772280e+00,4.5944619e-01,2.1147273e-02
7.5492589e+00,4.5971080e-01,2.4082024e-02
7.6611981e+00,4.5993688e-01,2.2605213e-02
1.0363046e+00,4.6013697e-01,1.0321374e-35
5.9118329e+00,4.6070735e-01,3.4030764e-02
7.3173621e+00,4.6077485e-01,2.5801097e-02
5.4563038e+00,4.6148229e-01,2.8616725e-02
6.3835371e+00,4.6149747e-01,2.9911026e-02
9.1888917e-01,4.6181681e-01,1.0667018e-35
6.8517513e+00,4.6183116e-01,2.8821590e-02
7.4337046e+00,4.6216051e-01,2.5266320e-02
5.6981920e-01,4.6237627e-01,1.1575529e-35
6.8599172e-01,4.6239487e-01,1.1026017e-35
8.0207354e-01,4.6300071e-01,1.0496321e-35
3.3247437e+00,4.6326203e-01,1.1584232e-05
8.9618146e+00,4.6329141e-01,3.1069996e-03
2.3706004e-01,4.6353313e-01,1.1041496e-35
4.5632095e+00,4.6428797e-01,3.3947290e-05
3.2676136e+00,4.6453407e-01,1.2101724e-05
6.5019119e+00,4.6464530e-01,2.9249423e-02
4.5490071e-01,4.6478260e-01,1.2050047e-35
3.4454841e-01,4.6713487e-01,1.0814179e-35
5.3456349e+00,4.6856227e-01,2.1397916e-02
4.6770082e+00,4.6893660e-01,1.2331842e-04
4.7887915e+00,4.7111369e-01,4.4758387e-04
5.1239132e+00,4.7135095e-01,7.5062368e-03
6.6214094e+00,4.7142951e-01,2.9549551e-02
5.2355049e+00,4.7155131e-01,1.3794424e-02
3.1350185e+00,4.7160431e-01,1.2719124e-05
3.0671903e+00,4.7160434e-01,1.2345464e-05
5.0132802e+00,4.7182853e-01,3.5815808e-03
9.9337022e+00,4.7187948e-01,1.1756086e-03
4.9010706e+00,4.7192601e-01,1.4090331e-03
9.8739155e+00,4.7313596e-01,1.2820278e-03
6.7377304e+00,4.7352138e-01,2.9285539e-02
1.7359207e+00,4.7410733e-01,1.1515656e-35
1.8650252e+00,4.7597385e-01,1.4209208e-35
1.9319433e+00,4.7605101e-01,1.8010289e-35
1.7504622e-01,4.8957701e-01,1.0824046e-35
1.5626808e+00,4.8973656e-01,9.2246470e-36
1.6762172e+00,4.9025469e-01,9.8344116e-36
1.4449136e+00,4.9052490e-01,9.8454859e-36
1.3287541e+00,4.9199864e-01,9.5907753e-36
1.2127142e+00,4.9212353e-01,1.0232473e-35
1.0945519e+00,4.9338115e-01,8.9720251e-36
9.7740206e-01,4.9488549e-01,1.1224601e-35
6.2815234e-01,4.9573303e-01,1.1260306e-35
8.6060842e-01,4.9605994e-01,9.8540730e-36
7.4414827e-01,4.9657395e-01,1.0724021e-35
5.1204040e-01,4.9697106e-01,1.1389790e-35
2.8841205e-01,4.9891373e-01,1.1195537e-35
3.9849920e-01,4.9938317e-01,1.1712643e-35
3.5661617e-02,5.0425208e-01,9.3892166e-36
3.4203422e+00,5.0839595e-01,1.0095118e-05
3.5296863e+00,5.1235014e-01,8.9043165e-06
3.6426331e+00,5.1488449e-01,8.5498359e-06
3.7580351e+00,5.1641405e-01,8.3137179e-06
9.7784692e+00,5.1683246e-01,1.3457850e-03
3.8735891e+00,5.1777606e-01,8.0410230e-06
3.9888239e+00,5.1867457e-01,7.7794566e-06
4.1039385e+00,5.1945581e-01,7.7293381e-06
4.2187166e+00,5.2020647e-01,7.9801962e-06
4.3334029e+00,5.2163966e-01,8.9410007e-06
9.6655012e+00,5.2224040e-01,1.3160937e-03
9.1964280e+00,5.2268661e-01,1.9592842e-03
9.3139655e+00,5.2275147e-01,1.5189515e-03
6.0306862e+00,5.2289098e-01,3.6359110e-02
9.4316038e+00,5.2290995e-01,1.3445584e-03
9.5492899e+00,5.2308941e-01,1.2987713e-03
8.6121441e+00,5.2324329e-01,8.0622140e-03
8.1429416e+00,5.2324917e-01,1.8441220e-02
8.7295194e+00,5.2326291e-01,6.0657524e-03
8.0252867e+00,5.2334618e-01,2.1180607e-02
8.4948074e+00,5.2334854e-01,1.0121081e-02
8.2604007e+00,5.2341116e-01,1.5731496e-02
5.7990106e+00,5.2349060e-01,3.7347059e-02
8.3776069e+00,5.2352427e-01,1.2900839e-02
5.9145958e+00,5.2359719e-01,3.6567129e-02
7.9054029e+00,5.2361370e-01,2.3882011e-02
9.0792302e+00,5.2394491e-01,2.5489244e-03
6.9676752e+00,5.2422688e-01,3.3004090e-02
7.7839968e+00,5.2456582e-01,2.6193014e-02
7.0834764e+00,5.2462590e-01,3.2547249e-02
8.8463083e+00,5.2474261e-01,4.4960749e-03
3.3633565e+00,5.2476931e-01,1.0539964e-05
6.1481168e+00,5.2482687e-01,3.6497064e-02
7.2009169e+00,5.2486502e-01,3.2065296e-02
5.6846755e+00,5.2493076e-01,3.7456998e-02
4.4484720e+00,5.2499437e-01,1.2840387e-05
7.6675333e+00,5.2517830e-01,2.8138535e-02
7.5532900e+00,5.2549082e-01,2.9269160e-02
8.9624921e+00,5.2595124e-01,3.2811017e-03
7.3185813e+00,5.2609843e-01,3.1255948e-02
7.4361698e+00,5.2675761e-01,3.0317928e-02
5.5714140e+00,5.2727445e-01,3.2951045e-02
3.2362212e+00,5.2848172e-01,1.1972474e-05
6.2665711e+00,5.2879848e-01,3.5596881e-02
3.1693984e+00,5.2943603e-01,1.2380282e-05
3.0338243e+00,5.2954202e-01,1.2633493e-05
9.9674083e+00,5.2994749e-01,1.2675954e-03
5.4596385e+00,5.3085764e-01,2.4977743e-02
4.5625700e+00,5.3127085e-01,2.7863028e-05
9.8385167e+00,5.3161328e-01,1.3516727e-03
6.3842626e+00,5.3208451e-01,3.5341261e-02
6.8538600e+00,5.3334290e-01,3.3774199e-02
5.3472944e+00,5.3383026e-01,1.6861106e-02
4.6757613e+00,5.3433983e-01,9.1983340e-05
4.7882135e+00,5.3494752e-01,3.1580628e-04
4.8999707e+00,5.3528810e-01,9.0033553e-04
1.9662950e+00,5.3560477e-01,1.8849822e-35
5.0116986e+00,5.3561051e-01,2.2486635e-03
5.1236718e+00,5.3607622e-01,4.8707169e-03
6.5026081e+00,5.3631070e-01,3.4521138e-02
5.2359102e+00,5.3657609e-01,9.5208311e-03
1.7704247e+00,5.3799790e-01,1.1113246e-35
6.6212548e+00,5.3971086e-01,3.4397491e-02
1.8309826e+00,5.3982929e-01,1.2629596e-35
6.7388286e+00,5.4088390e-01,3.4346560e-02
3.4723679e+00,5.4563134e-01,8.8452031e-06
3.5861793e+00,5.4701188e-01,8.6151025e-06
3.7001186e+00,5.4903357e-01,8.4170349e-06
3.8156462e+00,5.5048110e-01,8.0319067e-06
3.9310078e+00,5.5149921e-01,7.9351784e-06
4.0461790e+00,5.5225564e-01,7.8550868e-06
4.1611840e+00,5.5290098e-01,7.8468535e-06
4.2758681e+00,5.5376791e-01,8.1552878e-06
1.6926159e-01,5.5472553e-01,1.0747432e-35
9.7269541e+00,5.5563360e-01,1.2950412e-03
5.9724657e+00,5.5617403e-01,3.6993870e-02
4.3910320e+00,5.5624653e-01,8.9317115e-06
9.2552135e+00,5.5664646e-01,1.7911858e-03
9.3727753e+00,5.5674174e-01,1.4583112e-03
9.1378418e+00,5.5674736e-01,2.5757488e-03
5.8568585e+00,5.5682122e-01,3.7800554e-02
9.4903992e+00,5.5690240e-01,1.2810303e-03
9.6078422e+00,5.5697305e-01,1.2621079e-03
8.6708876e+00,5.5711549e-01,7.8605399e-03
5.7422147e+00,5.5713583e-01,3.6842560e-02
8.2017176e+00,5.5715146e-01,1.8530894e-02
8.5535087e+00,5.5718454e-01,1.0101102e-02
8.7882131e+00,5.5722807e-01,6.1235250e-03
8.0841285e+00,5.5725207e-01,2.1115133e-02
8.4362505e+00,5.5725230e-01,1.2786457e-02
8.3190515e+00,5.5736415e-01,1.5709710e-02
7.9664788e+00,5.5738678e-01,2.3741577e-02
7.8465842e+00,5.5768556e-01,2.6270886e-02
6.0892220e+00,5.5782596e-01,3.6567101e-02
1.5624220e+00,5.5796577e-01,8.7398301e-36
1.4454498e+00,5.5839154e-01,9.7272631e-36
9.0210110e+00,5.5840571e-01,3.2307497e-03
7.6121637e+00,5.5855970e-01,2.9472440e-02
7.1423271e+00,5.5856615e-01,3.2825352e-02
7.0255717e+00,5.5863929e-01,3.3233813e-02
7.7271270e+00,5.5880347e-01,2.8370194e-02
7.2597917e+00,5.5893839e-01,3.2277948e-02
8.9045883e+00,5.5895643e-01,4.3415429e-03
1.3280895e+00,5.5939064e-01,9.7557482e-36
7.4949826e+00,5.5946642e-01,3.0553518e-02
1.6726331e+00,5.5959190e-01,8.9686086e-36
6.1592784e-02,5.5980764e-01,1.0130737e-35
7.3774361e+00,5.5993798e-01,3.1538155e-02
1.2109925e+00,5.6035565e-01,1.0766274e-35
5.6288551e+00,5.6039293e-01,3.2870902e-02
4.5057586e+00,5.6128852e-01,1.3234505e-05
1.0941864e+00,5.6130886e-01,9.0845557e-36
6.2078137e+00,5.6163231e-01,3.6932129e-02
6.9108177e+00,5.6189864e-01,3.3949593e-02
9.7761995e-01,5.6221542e-01,1.1902879e-35
8.6116204e-01,5.6309506e-01,9.4443185e-36
6.2835369e-01,5.6323636e-01,1.1331464e-35
5.5168796e+00,5.6330712e-01,2.5057677e-02
7.4454506e-01,5.6341145e-01,1.0895056e-35
5.1253223e-01,5.6374341e-01,1.1115317e-35
2.8558367e-01,5.6460531e-01,1.1253027e-35
3.9827137e-01,5.6522758e-01,1.1454749e-35
5.4043724e+00,5.6578284e-01,1.6826059e-02
6.3261166e+00,5.6619388e-01,3.5710423e-02
4.6191803e+00,5.6639168e-01,2.8478523e-05
4.7317872e+00,5.6695352e-01,9.3163361e-05
4.8438650e+00,5.6739326e-01,3.1622933e-04
4.9556014e+00,5.6772978e-01,9.0595573e-04
5.2920531e+00,5.6807207e-01,9.4225760e-03
5.0675499e+00,5.6820116e-01,2.2299857e-03
5.1797355e+00,5.6868817e-01,4.8576306e-03
6.4438162e+00,5.6929703e-01,3.5222264e-02
6.5622041e+00,5.7307656e-01,3.5037510e-02
6.7966844e+00,5.7315195e-01,3.4614462e-02
6.6801435e+00,5.7452685e-01,3.4659588e-02
1.1847450e-01,5.8219301e-01,1.0518345e-35
3.3399771e+00,5.8458206e-01,1.0222557e-05
3.2699719e+00,5.8702243e-01,1.1176635e-05
1.7308604e+00,5.8750594e-01,9.3902377e-36
3.1353286e+00,5.8793642e-01,1.2265552e-05
3.0675826e+00,5.8804238e-01,1.2730714e-05
9.9344555e+00,5.8956409e-01,1.2606865e-03
9.8653507e+00,5.8997339e-01,1.2523659e-03
1.6212935e+00,5.9147278e-01,8.8297061e-36
1.5043580e+00,5.9190249e-01,1.0193764e-35
1.3870072e+00,5.9278589e-01,1.0450239e-35
1.2697730e+00,5.9369553e-01,1.0388544e-35
2.2844702e-01,5.9437322e-01,1.1034494e-35
1.1528347e+00,5.9455991e-01,1.0173023e-35
1.9340656e+00,5.9477999e-01,1.8003373e-35
1.0361569e+00,5.9539461e-01,1.0065072e-35
9.1966067e-01,5.9618187e-01,1.1650032e-35
5.7051237e-01,5.9665194e-01,1.0706615e-35
6.8658985e-01,5.9673570e-01,1.0887317e-35
8.0302395e-01,5.9687335e-01,9.7211566e-36
4.5516472e-01,5.9739936e-01,1.1250817e-35
3.4149220e-01,5.9867085e-01,1.1445219e-35
1.8656713e+00,5.9908168e-01,1.2381528e-35
3.4795166e+00,6.0842907e-01,8.6554730e-06
2.5931166e-02,6.1111111e-01,9.3527265e-36
3.5869731e+00,6.1337837e-01,8.2666101e-06
3.6996786e+00,6.1601278e-01,7.6851561e-06
3.8151686e+00,6.1708793e-01,7.7142789e-06
3.9305597e+00,6.1795021e-01,8.0686491e-06
4.0458749e+00,6.1852500e-01,8.0719575e-06
4.1609879e+00,6.1894000e-01,8.1191710e-06
4.2755215e+00,6.1963654e-01,7.7225072e-06
5.8569718e+00,6.2261003e-01,3.8821921e-02
4.3907426e+00,6.2269050e-01,8.1542537e-06
5.9720571e+00,6.2324000e-01,3.7902475e-02
9.2552156e+00,6.2450130e-01,1.8524893e-03
9.3727598e+00,6.2456290e-01,1.4518115e-03
9.1380494e+00,6.2466379e-01,2.6534713e-03
9.4902270e+00,6.2469813e-01,1.2563785e-03
5.7429272e+00,6.2472581e-01,3.5552547e-02
9.6073924e+00,6.2473704e-01,1.2165567e-03
9.7269865e+00,6.2481151e-01,1.2007844e-03
8.6709127e+00,6.2488764e-01,9.1948613e-03
8.5535885e+00,6.2492676e-01,1.1530082e-02
8.7882263e+00,6.2495317e-01,6.8910165e-03
8.3190784e+00,6.2497103e-01,1.8473355e-02
8.4363458e+00,6.2497270e-01,1.4826442e-02
8.2017194e+00,6.2500641e-01,2.2153375e-02
8.0841649e+00,6.2514009e-01,2.5061028e-02
9.0213198e+00,6.2529556e-01,3.5728449e-03
8.9050266e+00,6.2539449e-01,4.8447548e-03
7.9664401e+00,6.2584402e-01,2.7643427e-02
7.1424392e+00,6.2636807e-01,3.7275906e-02
6.0886163e+00,6.2636897e-01,3.8585393e-02
7.3775047e+00,6.2663898e-01,3.6344321e-02
7.4949113e+00,6.2668976e-01,3.5112137e-02
7.2598543e+00,6.2672445e-01,3.7106929e-02
7.6127606e+00,6.2679388e-01,3.3741529e-02
7.0258271e+00,6.2696401e-01,3.7382944e-02
7.8486169e+00,6.2765870e-01,3.0512411e-02
7.7306099e+00,6.2766435e-01,3.2687200e-02
4.5057015e+00,6.2821336e-01,1.0202224e-05
5.6302361e+00,6.2845318e-01,2.7348718e-02
4.6188670e+00,6.3117091e-01,1.9824924e-05
4.7311705e+00,6.3143873e-01,5.5148157e-05
4.8432415e+00,6.3190301e-01,1.6834994e-04
5.5186181e+00,6.3209004e-01,1.8171317e-02
4.9552994e+00,6.3240240e-01,4.6273469e-04
6.9106128e+00,6.3266674e-01,3.7592248e-02
5.4057516e+00,6.3267121e-01,1.0830838e-02
5.2921109e+00,6.3284968e-01,5.6082357e-03
5.0672790e+00,6.3295527e-01,1.1675349e-03
5.1795548e+00,6.3346884e-01,2.6353292e-03
6.2093189e+00,6.3355513e-01,3.8738745e-02
6.3280698e+00,6.3743129e-01,3.7930673e-02
6.4446841e+00,6.3945477e-01,3.8031838e-02
6.7953650e+00,6.4003698e-01,3.8164570e-02
6.5624873e+00,6.4142100e-01,3.8330421e-02
3.5376288e+00,6.4151436e-01,8.3241949e-06
6.6796765e+00,6.4184905e-01,3.8228485e-02
3.3752452e+00,6.4330363e-01,9.5811502e-06
3.1693072e+00,6.4616546e-01,1.2248349e-05
3.2371277e+00,6.4620578e-01,1.1332967e-05
3.0337583e+00,6.4673565e-01,1.3156058e-05
9.8379553e+00,6.4783173e-01,1.2005658e-03
9.9670472e+00,6.4785189e-01,1.2504908e-03
3.6429869e+00,6.4823019e-01,7.6181172e-06
3.4384478e+00,6.4997111e-01,8.7101469e-06
3.7571175e+00,6.5000008e-01,7.5724117e-06
1.7365753e+00,6.5039982e-01,9.3566777e-36
3.8726634e+00,6.5083388e-01,7.9781877e-06
3.9880716e+00,6.5139492e-01,8.1677201e-06
4.1034383e+00,6.5176418e-01,8.1141177e-06
4.2181738e+00,6.5211413e-01,8.0535033e-06
1.1889829e-01,6.5229500e-01,1.0727738e-35
4.3327670e+00,6.5395227e-01,7.5865445e-06
1.9677706e+00,6.5441331e-01,1.8246650e-35
5.9143005e+00,6.5645197e-01,3.8778461e-02
5.7998363e+00,6.5686939e-01,3.5885395e-02
4.4481256e+00,6.5836318e-01,8.1412823e-06
9.3139520e+00,6.5842747e-01,1.7818745e-03
9.1966377e+00,6.5845788e-01,2.4563738e-03
6.0296720e+00,6.5849994e-01,3.8027630e-02
9.4314161e+00,6.5852683e-01,1.3828117e-03
9.5486679e+00,6.5864913e-01,1.2358944e-03
1.8422805e+00,6.5866987e-01,1.1409686e-35
9.0797466e+00,6.5875117e-01,3.4899921e-03
8.6122490e+00,6.5875767e-01,1.1531734e-02
8.7295576e+00,6.5876015e-01,9.1497693e-03
8.4949825e+00,6.5881116e-01,1.4487787e-02
8.3777291e+00,6.5885154e-01,1.8313390e-02
1.6222814e+00,6.5886389e-01,9.1454217e-36
8.2604294e+00,6.5887299e-01,2.2086558e-02
8.8467598e+00,6.5890576e-01,6.5296655e-03
8.1429797e+00,6.5899213e-01,2.5344148e-02
9.6650838e+00,6.5918229e-01,1.2031015e-03
8.9632392e+00,6.5927914e-01,4.8232350e-03
8.0252843e+00,6.5969144e-01,2.7764548e-02
1.5048744e+00,6.5977288e-01,1.0916963e-35
2.2797997e-01,6.5982689e-01,1.1134771e-35
7.2010917e+00,6.6045299e-01,3.7679978e-02
5.6867690e+00,6.6058100e-01,2.7169641e-02
7.3187125e+00,6.6058549e-01,3.7274122e-02
1.3875022e+00,6.6059295e-01,1.1478351e-35
7.4361670e+00,6.6068195e-01,3.6481850e-02
7.0838440e+00,6.6075253e-01,3.7655409e-02
7.5538156e+00,6.6094834e-01,3.5286206e-02
1.2702791e+00,6.6142017e-01,1.0858211e-35
7.9073968e+00,6.6204409e-01,3.0499178e-02
1.1533131e+00,6.6206752e-01,1.0225504e-35
7.6716131e+00,6.6227336e-01,3.4068568e-02
1.0366463e+00,6.6259960e-01,1.0569326e-35
9.7783012e+00,6.6275579e-01,1.1547017e-03
5.7045825e-01,6.6279714e-01,1.0615409e-35
4.5621996e+00,6.6297492e-01,9.9037889e-06
4.5532815e-01,6.6324233e-01,1.1747896e-35
9.2023244e-01,6.6326358e-01,1.1642672e-35
6.9677257e+00,6.6331970e-01,3.7820291e-02
7.7895124e+00,6.6339985e-01,3.2726347e-02
4.6748313e+00,6.6360428e-01,1.9747315e-05
8.0365593e-01,6.6377954e-01,9.9202438e-36
4.7869733e+00,6.6394247e-01,5.3775112e-05
3.4137645e-01,6.6407289e-01,1.1649621e-35
5.5745336e+00,6.6411762e-01,1.7939351e-02
6.8764539e-01,6.6425173e-01,1.0770688e-35
4.8990452e+00,6.6447047e-01,1.6440971e-04
5.0111257e+00,6.6503725e-01,4.5016874e-04
6.1490163e+00,6.6529270e-01,3.9788184e-02
5.3487315e+00,6.6549623e-01,5.6169528e-03
5.1232202e+00,6.6561100e-01,1.1501809e-03
5.2357874e+00,6.6613437e-01,2.6207325e-03
5.4627561e+00,6.6652892e-01,1.0702022e-02
6.2016574e-02,6.6694667e-01,9.7508433e-36
6.8523358e+00,6.7099603e-01,3.8257954e-02
6.2700295e+00,6.7195872e-01,3.8419521e-02
6.3870837e+00,6.7347966e-01,3.8599273e-02
6.5037593e+00,6.7481288e-01,3.8319103e-02
6.7370423e+00,6.7509114e-01,3.8723653e-02
6.6210711e+00,6.7537750e-01,3.8533970e-02
1.7859619e+00,6.8028888e-01,9.9931475e-36
1.6793358e+00,6.8987689e-01,9.1438368e-36
1.6921833e-01,6.9028120e-01,1.1485387e-35
1.5639262e+00,6.9322727e-01,9.7637031e-36
1.4464611e+00,6.9406899e-01,1.2685884e-35
1.3290906e+00,6.9492234e-01,1.0158194e-35
2.8500086e-01,6.9546102e-01,1.1432711e-35
1.2119770e+00,6.9558790e-01,1.1254009e-35
5.1264154e-01,6.9573159e-01,1.1351587e-35
1.0951541e+00,6.9602146e-01,1.0171364e-35
3.9831905e-01,6.9647260e-01,1.1491370e-35
9.7868105e-01,6.9650213e-01,1.1538227e-35
6.2935510e-01,6.9689759e-01,1.0679286e-35
8.6236578e-01,6.9708297e-01,1.0589701e-35
7.4623257e-01,6.9783368e-01,1.0634387e-35
3.1347380e+00,7.0359588e-01,1.1991545e-05
3.0669351e+00,7.0406011e-01,1.2724027e-05
3.5315485e+00,7.0562979e-01,8.1676523e-06
3.3366904e+00,7.0836427e-01,9.5714774e-06
3.2685782e+00,7.0882605e-01,1.0741353e-05
9.8724005e+00,7.1101600e-01,1.3165785e-03
9.9323876e+00,7.1144547e-01,1.3296101e-03
1.8786252e+00,7.1328334e-01,1.2455808e-35
1.9357210e+00,7.1332848e-01,1.8663752e-35
3.4716002e+00,7.1338051e-01,8.4229719e-06
3.6423763e+00,7.1538871e-01,7.7461344e-06
3.7566896e+00,7.1680406e-01,8.1955910e-06
3.8722608e+00,7.1738335e-01,8.3284979e-06
3.9877478e+00,7.1774976e-01,8.0993151e-06
4.1032094e+00,7.1782040e-01,7.9344327e-06
4.2179272e+00,7.1808051e-01,7.8333829e-06
4.3322477e+00,7.1995807e-01,7.4755228e-06
3.6085407e-02,7.2250223e-01,9.6664480e-36
5.9138925e+00,7.2341569e-01,3.8650642e-02
5.7998034e+00,7.2394841e-01,3.1983902e-02
4.4469177e+00,7.2454589e-01,7.1702053e-06
9.3139131e+00,7.2621272e-01,1.8491363e-03
9.1966801e+00,7.2623072e-01,2.5811017e-03
9.4312630e+00,7.2632251e-01,1.4349529e-03
9.5483241e+00,7.2637725e-01,1.2449708e-03
8.6122664e+00,7.2644010e-01,1.2926584e-02
8.7294846e+00,7.2644634e-01,9.8870268e-03
6.0285354e+00,7.2645974e-01,4.0127736e-02
9.0798318e+00,7.2648108e-01,3.6371989e-03
8.4950198e+00,7.2648639e-01,1.6577825e-02
8.8465286e+00,7.2653966e-01,7.2683755e-03
8.3777512e+00,7.2656871e-01,2.0876476e-02
8.2605326e+00,7.2662244e-01,2.4977677e-02
8.9632885e+00,7.2663538e-01,5.2305391e-03
8.1429372e+00,7.2686197e-01,2.8731146e-02
9.6647054e+00,7.2690392e-01,1.2268822e-03
4.5612446e+00,7.2742163e-01,7.4068271e-06
5.6869006e+00,7.2759078e-01,2.0532537e-02
8.0252135e+00,7.2813259e-01,3.1979940e-02
4.6742290e+00,7.2821268e-01,1.1172203e-05
4.7862634e+00,7.2859921e-01,2.4528156e-05
7.2012248e+00,7.2864229e-01,4.0503342e-02
7.3186715e+00,7.2867963e-01,4.0748595e-02
7.0839074e+00,7.2906863e-01,4.0229141e-02
4.8985491e+00,7.2930429e-01,6.7822739e-05
7.4360031e+00,7.2938404e-01,4.0547122e-02
5.0107430e+00,7.2987500e-01,1.8606378e-04
7.5534324e+00,7.3009135e-01,3.9480868e-02
5.1229038e+00,7.3046535e-01,4.9368653e-04
9.7748465e+00,7.3091523e-01,1.2837465e-03
5.2354954e+00,7.3104930e-01,1.1832180e-03
5.3487655e+00,7.3170328e-01,2.6448269e-03
5.5755596e+00,7.3177358e-01,1.1095597e-02
5.4624338e+00,7.3246026e-01,5.6466661e-03
6.9670696e+00,7.3289003e-01,4.0139254e-02
7.6714141e+00,7.3317473e-01,3.8374135e-02
7.9068607e+00,7.3351687e-01,3.5082473e-02
6.1449690e+00,7.3382249e-01,4.1814591e-02
7.7890772e+00,7.3518517e-01,3.7235905e-02
6.8511965e+00,7.3851212e-01,4.0558693e-02
6.7358407e+00,7.4189723e-01,4.0989788e-02
6.2714991e+00,7.4193261e-01,3.9849141e-02
6.5042859e+00,7.4240081e-01,3.9994214e-02
6.3880689e+00,7.4243553e-01,3.9921556e-02
6.6207993e+00,7.4264698e-01,4.0201823e-02
3.5802822e+00,7.4465232e-01,7.6081414e-06
3.6986400e+00,7.4997528e-01,8.2770226e-06
3.8143380e+00,7.5044138e-01,8.4692870e-06
3.9298333e+00,7.5085452e-01,8.1915622e-06
4.0453222e+00,7.5093605e-01,8.1314438e-06
4.1605123e+00,7.5096261e-01,7.8378632e-06
4.2747556e+00,7.5160873e-01,7.7527799e-06
1.7851559e+00,7.5310757e-01,1.0197247e-35
3.1643490e+00,7.5415153e-01,1.1558539e-05
4.3890155e+00,7.5487901e-01,7.3934575e-06
1.7586218e-01,7.5528054e-01,1.1839365e-35
1.6783881e+00,7.5656611e-01,9.2343884e-36
5.8565309e+00,7.5665277e-01,3.1100728e-02
5.9705126e+00,7.5816352e-01,3.7926521e-02
5.7430259e+00,7.5881460e-01,2.0643482e-02
4.5035387e+00,7.5884277e-01,6.9578469e-06
9.8327937e+00,7.5918383e-01,1.3401750e-03
3.4423636e+00,7.5919689e-01,8.5049406e-06
3.2303687e+00,7.5934137e-01,1.0487497e-05
9.2552192e+00,7.6005938e-01,2.4445086e-03
9.3725678e+00,7.6014381e-01,1.8051022e-03
9.1381771e+00,7.6016653e-01,3.5887511e-03
9.6066701e+00,7.6018679e-01,1.1735991e-03
9.4897301e+00,7.6022192e-01,1.3387382e-03
4.6173097e+00,7.6022603e-01,7.3920436e-06
8.6708571e+00,7.6025626e-01,1.2793931e-02
8.7879221e+00,7.6027326e-01,9.7662549e-03
8.5536431e+00,7.6028443e-01,1.6498732e-02
8.4364051e+00,7.6036510e-01,2.0848861e-02
2.8642904e-01,7.6038167e-01,1.1544794e-35
9.0214543e+00,7.6038170e-01,5.0448566e-03
8.9048447e+00,7.6038463e-01,7.2290153e-03
8.3192036e+00,7.6043765e-01,2.4883906e-02
8.2017801e+00,7.6062570e-01,2.8790112e-02
1.5642181e+00,7.6065327e-01,9.5112344e-36
9.7231532e+00,7.6069257e-01,1.2253016e-03
4.7298583e+00,7.6070387e-01,1.1115100e-05
3.3706564e+00,7.6084813e-01,9.1928859e-06
4.8420355e+00,7.6139355e-01,2.4045383e-05
8.0840515e+00,7.6145108e-01,3.2161683e-02
1.4467002e+00,7.6179451e-01,1.1787695e-35
5.1317044e-01,7.6183336e-01,1.1208258e-35
4.9544206e+00,7.6207397e-01,6.5512220e-05
3.9895242e-01,7.6253832e-01,1.1338769e-35
6.2924544e-01,7.6259019e-01,1.0745676e-35
5.0665798e+00,7.6264737e-01,1.8266284e-04
1.3294841e+00,7.6272570e-01,9.7834545e-36
6.0834324e+00,7.6285855e-01,4.1873843e-02
7.1426358e+00,7.6287347e-01,4.0554576e-02
7.2599464e+00,7.6300789e-01,4.0879445e-02
5.6313938e+00,7.6311892e-01,1.1147555e-02
3.0331768e+00,7.6320681e-01,1.2492914e-05
5.1789464e+00,7.6323811e-01,4.8425465e-04
1.2123047e+00,7.6328219e-01,1.0730838e-35
1.0954382e+00,7.6329101e-01,1.0256655e-35
7.3772998e+00,7.6343521e-01,4.1128054e-02
9.7909877e-01,7.6354707e-01,1.1729481e-35
5.2918530e+00,7.6397165e-01,1.1688228e-03
8.6300400e-01,7.6409561e-01,1.0612956e-35
7.4697848e-01,7.6453338e-01,1.0583115e-35
7.4943642e+00,7.6453486e-01,4.0698753e-02
5.4054633e+00,7.6480960e-01,2.6020863e-03
7.0252345e+00,7.6485044e-01,4.0371804e-02
5.5193218e+00,7.6567735e-01,5.5564551e-03
7.9658331e+00,7.6575795e-01,3.5209802e-02
7.6121784e+00,7.6683827e-01,3.9572456e-02
9.9653404e+00,7.6947593e-01,1.2796661e-03
6.9088174e+00,7.6975316e-01,4.0705433e-02
7.7299758e+00,7.7035105e-01,3.8652046e-02
1.8416543e+00,7.7091104e-01,1.1895756e-35
7.8476456e+00,7.7091681e-01,3.7265345e-02
6.2067411e+00,7.7205881e-01,4.1562725e-02
1.9679504e+00,7.7320088e-01,1.9471683e-35
6.7930240e+00,7.7435917e-01,4.1171702e-02
6.6782031e+00,7.7592463e-01,4.0623297e-02
6.4461960e+00,7.7599858e-01,3.9973663e-02
6.5627422e+00,7.7627842e-01,4.0578482e-02
6.3305246e+00,7.7636105e-01,4.0068865e-02
6.6093596e-02,7.8040968e-01,9.4615834e-36
2.3605201e-01,7.8974688e-01,1.1585933e-35
1.7348216e+00,7.8990773e-01,9.2112336e-36
1.6216256e+00,7.9297911e-01,9.5139424e-36
1.2961917e-01,7.9372032e-01,1.0361322e-35
5.7087750e-01,7.9459151e-01,1.0725978e-35
1.5054053e+00,7.9492440e-01,9.9542881e-36
3.4343800e-01,7.9505925e-01,1.0727179e-35
4.5649042e-01,7.9540982e-01,1.1351068e-35
1.3881348e+00,7.9612183e-01,1.1190444e-35
6.8828163e-01,7.9664403e-01,1.0692315e-35
1.0373481e+00,7.9691410e-01,1.1064205e-35
1.2710003e+00,7.9691781e-01,1.0308775e-35
1.1539248e+00,7.9703135e-01,1.0625231e-35
9.2128838e-01,7.9732117e-01,1.1415519e-35
8.0504005e-01,7.9749188e-01,1.0316600e-35
3.5777925e+00,8.1193802e-01,8.0717731e-06
3.1351114e+00,8.1369714e-01,1.1630509e-05
3.6981776e+00,8.1686209e-01,8.4575349e-06
3.8139617e+00,8.1718558e-01,8.2206636e-06
4.1599809e+00,8.1729498e-01,7.7495725e-06
4.0449145e+00,8.1735758e-01,8.0572099e-06
3.9294825e+00,8.1736414e-01,8.3092695e-06
4.2742686e+00,8.1819916e-01,7.7020049e-06
3.2405771e+00,8.1864011e-01,1.0740856e-05
3.4617323e+00,8.1919666e-01,8.6418848e-06
4.3881630e+00,8.2116479e-01,7.3731238e-06
9.8379017e+00,8.2145348e-01,1.1640129e-03
3.3511668e+00,8.2164629e-01,9.1570187e-06
3.0717420e+00,8.2228819e-01,1.2759913e-05
5.8562980e+00,8.2330170e-01,2.3237705e-02
4.5022708e+00,8.2368831e-01,6.9712595e-06
4.6162753e+00,8.2487990e-01,6.5689653e-06
5.9702904e+00,8.2516493e-01,3.5996935e-02
5.7427153e+00,8.2525687e-01,1.2370269e-02
4.7289279e+00,8.2550438e-01,6.6966890e-06
4.8413196e+00,8.2618397e-01,9.9748609e-06
4.9539127e+00,8.2703250e-01,2.3214908e-05
5.0661638e+00,8.2756935e-01,6.1243153e-05
9.2551805e+00,8.2775374e-01,2.5817217e-03
9.1381140e+00,8.2779498e-01,3.7699436e-03
9.7235660e+00,8.2780727e-01,1.1567289e-03
9.6064176e+00,8.2781076e-01,1.1179645e-03
8.6707846e+00,8.2785314e-01,1.4033138e-02
8.7877118e+00,8.2787228e-01,1.0697349e-02
9.3724550e+00,8.2787891e-01,1.8445043e-03
8.5536747e+00,8.2789397e-01,1.8410722e-02
9.4895145e+00,8.2790308e-01,1.3229351e-03
8.9045478e+00,8.2791826e-01,7.7394513e-03
9.0213273e+00,8.2792759e-01,5.5403730e-03
8.4364893e+00,8.2800265e-01,2.3657558e-02
8.3195494e+00,8.2805474e-01,2.8352642e-02
5.1785452e+00,8.2819022e-01,1.6573172e-04
8.2021841e+00,8.2835775e-01,3.2507630e-02
9.9415855e+00,8.2878686e-01,1.1736396e-03
5.2915174e+00,8.2919741e-01,4.1999238e-04
5.6306298e+00,8.2925965e-01,5.6441051e-03
1.8646299e+00,8.2966041e-01,1.1693681e-35
8.0846166e+00,8.2970769e-01,3.6064039e-02
5.4050483e+00,8.3039028e-01,1.0289583e-03
6.0835423e+00,8.3042632e-01,4.1344464e-02
5.5189834e+00,8.3136645e-01,2.4611244e-03
1.9338302e+00,8.3190511e-01,1.9107874e-35
7.1428742e+00,8.3250390e-01,4.1884054e-02
7.2600442e+00,8.3261855e-01,4.1909546e-02
7.3771280e+00,8.3304391e-01,4.2876080e-02
7.4941875e+00,8.3400422e-01,4.3306075e-02
7.0255946e+00,8.3408452e-01,4.2054274e-02
7.9656389e+00,8.3516552e-01,3.8744704e-02
3.0008189e-02,8.3568523e-01,7.2899839e-36
7.6118032e+00,8.3730578e-01,4.2491279e-02
6.2039883e+00,8.3773060e-01,4.2887676e-02
6.9085110e+00,8.3814663e-01,4.1699796e-02
7.8471050e+00,8.4079006e-01,4.0603500e-02
7.7297066e+00,8.4079772e-01,4.1604867e-02
6.7929126e+00,8.4108187e-01,4.1863009e-02
6.6779506e+00,8.4293035e-01,4.0951268e-02
6.3298662e+00,8.4311765e-01,4.0449212e-02
6.4466933e+00,8.4335463e-01,4.1603958e-02
6.5626472e+00,8.4336375e-01,4.0726346e-02
3.5195611e+00,8.4521245e-01,8.3739243e-06
3.2936332e+00,8.4788762e-01,9.7960917e-06
3.6394242e+00,8.4956122e-01,8.5675369e-06
3.7558509e+00,8.5043508e-01,8.2129088e-06
4.1022701e+00,8.5057430e-01,7.9115411e-06
3.8715337e+00,8.5063718e-01,8.2626656e-06
3.9869893e+00,8.5068091e-01,8.3741028e-06
4.2169088e+00,8.5100332e-01,8.0210344e-06
1.4611442e-01,8.5132915e-01,1.0089127e-35
9.8867064e+00,8.5141135e-01,1.1259287e-03
4.3309082e+00,8.5283429e-01,7.8250761e-06
1.7291379e+00,8.5314781e-01,8.9544315e-36
3.1799459e+00,8.5442287e-01,1.1430352e-05
2.4144093e-01,8.5530732e-01,1.1500062e-35
4.4447973e+00,8.5567722e-01,7.4875494e-06
4.5589424e+00,8.5692104e-01,6.9242648e-06
5.7992600e+00,8.5703961e-01,1.2425140e-02
5.9134375e+00,8.5706603e-01,2.3841961e-02
3.4072541e+00,8.5742144e-01,8.7872375e-06
4.6722643e+00,8.5766706e-01,6.4098989e-06
4.7846171e+00,8.5819013e-01,6.2472880e-06
1.6206008e+00,8.5835694e-01,9.4156096e-36
4.8973254e+00,8.5905323e-01,9.6259162e-06
5.0098191e+00,8.5975551e-01,2.2335535e-05
5.6858260e+00,8.6017378e-01,5.5170685e-03
9.7803672e+00,8.6029957e-01,1.1139593e-03
5.1220866e+00,8.6033944e-01,5.8666606e-05
6.0284232e+00,8.6102892e-01,3.6642836e-02
5.2347586e+00,8.6122717e-01,1.5950926e-04
5.7243551e-01,8.6148717e-01,1.0568808e-35
9.1965784e+00,8.6155352e-01,3.5947225e-03
9.3137616e+00,8.6164216e-01,2.4582271e-03
8.7292019e+00,8.6164223e-01,1.3792404e-02
9.6648656e+00,8.6164259e-01,1.1200227e-03
8.6122255e+00,8.6164652e-01,1.8381746e-02
9.0796418e+00,8.6165541e-01,5.4790197e-03
8.8460214e+00,8.6167231e-01,1.0465084e-02
9.5478560e+00,8.6168238e-01,1.2458073e-03
8.9628647e+00,8.6171490e-01,7.6333010e-03
8.4951355e+00,8.6173349e-01,2.3336465e-02
9.4309346e+00,8.6173876e-01,1.7161301e-03
1.5051844e+00,8.6179854e-01,9.7198450e-36
8.3781811e+00,8.6182336e-01,2.8461150e-02
8.2612824e+00,8.6197159e-01,3.2188728e-02
5.3480150e+00,8.6250972e-01,4.0608964e-04
3.4496666e-01,8.6261619e-01,1.0769080e-35
6.8852341e-01,8.6274397e-01,1.0568893e-35
8.1439063e+00,8.6285063e-01,3.6214790e-02
1.3881390e+00,8.6335672e-01,1.0669143e-35
4.5810927e-01,8.6354947e-01,1.1053263e-35
5.5744573e+00,8.6360342e-01,2.4197126e-03
5.4616805e+00,8.6373005e-01,1.0085095e-03
1.0376337e+00,8.6381888e-01,1.0174226e-35
1.1539699e+00,8.6385845e-01,1.0898962e-35
1.2710522e+00,8.6399495e-01,1.0352009e-35
9.2172756e-01,8.6420893e-01,1.0912305e-35
8.0568953e-01,8.6445468e-01,1.0272289e-35
8.0255843e+00,8.6579677e-01,3.8957487e-02
6.1423261e+00,8.6706205e-01,4.0318572e-02
7.2015610e+00,8.6788338e-01,4.2186768e-02
7.3185975e+00,8.6789899e-01,4.2265117e-02
7.0845059e+00,8.6793314e-01,4.2791943e-02
7.4356547e+00,8.6846210e-01,4.3238996e-02
7.5528805e+00,8.7002823e-01,4.3504764e-02
6.9671233e+00,8.7051757e-01,4.1818801e-02
7.9061259e+00,8.7279768e-01,4.1106660e-02
6.8507786e+00,8.7362829e-01,4.1693087e-02
7.6707697e+00,8.7408891e-01,4.2503889e-02
6.2680879e+00,8.7436100e-01,4.1807518e-02
7.7882675e+00,8.7550509e-01,4.1887045e-02
6.7354767e+00,8.7562565e-01,4.1740562e-02
6.3879078e+00,8.7654819e-01,4.0926929e-02
6.6204518e+00,8.7673803e-01,4.0179723e-02
6.5046881e+00,8.7684219e-01,4.3015612e-02
1.9774635e-01,8.7844982e-01,6.7786514e-36
3.0385652e+00,8.8261079e-01,1.3314602e-05
9.9762451e+00,8.8284034e-01,1.1507146e-03
1.6716797e+00,8.8518403e-01,8.9551559e-36
1.8302554e+00,8.8930765e-01,1.1121941e-35
1.9658798e+00,8.9203756e-01,2.0554435e-35
1.5629724e+00,8.9290524e-01,9.4946172e-36
5.9589557e-02,8.9314107e-01,6.9280593e-36
2.9334663e-01,8.9349905e-01,1.1621882e-35
1.7701439e+00,8.9527266e-01,8.6032186e-36
1.1217021e-01,8.9547435e-01,9.9894790e-36
6.3104523e-01,8.9558579e-01,1.0499301e-35
1.4464835e+00,8.9590354e-01,1.0137430e-35
5.1634730e-01,8.9686867e-01,1.0989368e-35
1.0957689e+00,8.9702289e-01,1.0725640e-35
1.3295402e+00,8.9703772e-01,1.0758789e-35
1.2124017e+00,8.9718642e-01,1.0526765e-35
9.7982359e-01,8.9733961e-01,1.0464839e-35
7.4786973e-01,8.9759611e-01,1.0831851e-35
8.6409266e-01,8.9794616e-01,1.0266529e-35
4.0209993e-01,8.9823491e-01,1.0556937e-35
3.1807779e+00,9.1395555e-01,1.1171226e-05
3.5230597e+00,9.1620793e-01,8.4770576e-06
3.6389858e+00,9.1656125e-01,8.4108894e-06
3.2918480e+00,9.1675071e-01,9.7175201e-06
3.8712173e+00,9.1716951e-01,8.6874028e-06
3.9865594e+00,9.1728201e-01,8.5375615e-06
3.4074026e+00,9.1739586e-01,8.8362524e-06
4.1016131e+00,9.1745067e-01,8.6288694e-06
3.7555167e+00,9.1764275e-01,8.3661317e-06
4.2162072e+00,9.1801323e-01,8.6907060e-06
4.3303188e+00,9.1959721e-01,8.4097044e-06
4.4441514e+00,9.2128395e-01,7.7405184e-06
4.5579776e+00,9.2204950e-01,6.9439636e-06
4.6712545e+00,9.2263235e-01,6.0656699e-06
4.7840049e+00,9.2320888e-01,5.0212934e-06
5.7993189e+00,9.2331352e-01,6.3963274e-03
5.9136938e+00,9.2337445e-01,1.5190082e-02
4.8968017e+00,9.2393672e-01,4.9066985e-06
9.8862412e+00,9.2397311e-01,1.1970507e-03
5.0093976e+00,9.2467466e-01,7.2426446e-06
5.1217367e+00,9.2527324e-01,1.5833028e-05
5.6851401e+00,9.2557585e-01,2.2537205e-03
5.2343164e+00,9.2631601e-01,4.2110109e-05
9.7781751e+00,9.2689987e-01,1.1387622e-03
5.3475208e+00,9.2793706e-01,1.0983938e-04
5.5726658e+00,9.2839853e-01,7.8783252e-04
5.4608738e+00,9.2911025e-01,2.9781705e-04
8.7290857e+00,9.2914522e-01,1.4719890e-02
8.6122247e+00,9.2915976e-01,2.0093072e-02
9.1965429e+00,9.2916154e-01,3.7603948e-03
9.0795802e+00,9.2917591e-01,5.7518978e-03
8.8458898e+00,9.2917624e-01,1.1384929e-02
8.9627222e+00,9.2920150e-01,8.1281844e-03
9.3136488e+00,9.2926383e-01,2.4902861e-03
8.4952471e+00,9.2927827e-01,2.5972832e-02
6.0311372e+00,9.2929564e-01,2.9410427e-02
9.5476784e+00,9.2931308e-01,1.2917171e-03
8.3786915e+00,9.2931516e-01,3.0925224e-02
9.4307025e+00,9.2934761e-01,1.7742904e-03
9.6647496e+00,9.2934812e-01,1.1006341e-03
8.2618551e+00,9.2943939e-01,3.4805898e-02
8.1449267e+00,9.3027398e-01,3.9109703e-02
8.0264276e+00,9.3365064e-01,4.2017781e-02
6.1486510e+00,9.3605966e-01,3.7263294e-02
7.2016731e+00,9.3835473e-01,4.1699351e-02
7.0847534e+00,9.3837081e-01,4.2970450e-02
7.3186821e+00,9.3837211e-01,4.1904914e-02
7.4357415e+00,9.3848062e-01,4.3238282e-02
7.9073276e+00,9.3925960e-01,4.4043261e-02
6.9677275e+00,9.3955335e-01,4.3204614e-02
7.5530949e+00,9.4048582e-01,4.3830181e-02
9.9411203e+00,9.4056430e-01,1.2294334e-03
6.2677508e+00,9.4077911e-01,4.1420949e-02
6.8512593e+00,9.4112725e-01,4.3825778e-02
7.6706572e+00,9.4285662e-01,4.3048978e-02
6.7357958e+00,9.4289609e-01,4.3044200e-02
7.7883737e+00,9.4328996e-01,4.4452743e-02
3.0691678e+00,9.4339004e-01,1.1997006e-05
6.6203751e+00,9.4363577e-01,4.1060743e-02
6.5046780e+00,9.4373944e-01,4.4005312e-02
6.3882168e+00,9.4376824e-01,4.1609399e-02
1.9531158e-01,9.4413711e-01,4.6522448e-36
2.9581368e-02,9.4634473e-01,4.5408964e-36
3.2396239e+00,9.4703588e-01,1.0084138e-05
1.6776644e+00,9.4922839e-01,8.4373948e-36
3.5808526e+00,9.4993352e-01,8.3019493e-06
1.8658856e+00,9.4995443e-01,1.1854479e-35
3.4653794e+00,9.5016656e-01,8.6624382e-06
1.9323097e+00,9.5043964e-01,1.8024940e-35
3.3495300e+00,9.5048381e-01,9.1410243e-06
3.9287362e+00,9.5049757e-01,8.5634963e-06
4.0438275e+00,9.5083505e-01,8.4959077e-06
3.8133111e+00,9.5092558e-01,8.7758397e-06
3.6974050e+00,9.5106980e-01,8.2693006e-06
4.1586222e+00,9.5118126e-01,8.8050044e-06
4.2729777e+00,9.5197199e-01,8.6153763e-06
4.3869277e+00,9.5353445e-01,8.3023199e-06
1.4325282e-01,9.5360186e-01,4.3794595e-36
4.5006601e+00,9.5442351e-01,7.5477704e-06
4.6143008e+00,9.5497365e-01,7.0457086e-06
3.1333691e+00,9.5511599e-01,1.1136711e-05
4.7273059e+00,9.5548841e-01,5.9535566e-06
5.8566132e+00,9.5588404e-01,6.1250187e-03
4.8401837e+00,9.5608620e-01,4.9372860e-06
4.9529676e+00,9.5683513e-01,4.7934731e-06
5.7420882e+00,9.5693286e-01,2.2119432e-03
5.0653925e+00,9.5742229e-01,6.8194720e-06
5.1777532e+00,9.5821286e-01,1.4894026e-05
1.7378987e+00,9.5863420e-01,8.3257442e-36
1.5632412e+00,9.5879626e-01,9.1068904e-36
5.6281524e+00,9.5945684e-01,7.5790573e-04
5.2905811e+00,9.5971360e-01,3.9325753e-05
5.9732607e+00,9.5974006e-01,1.5204166e-02
9.8352444e+00,9.6061553e-01,1.1502347e-03
5.4037475e+00,9.6119782e-01,1.0302592e-04
5.5163853e+00,9.6154177e-01,2.8273787e-04
9.7212579e+00,9.6211310e-01,1.0543055e-03
1.4467166e+00,9.6232918e-01,9.8444145e-36
8.6706677e+00,9.6286937e-01,1.9662636e-02
8.7874640e+00,9.6287921e-01,1.4544623e-02
8.9042737e+00,9.6290880e-01,1.1309686e-02
9.1380168e+00,9.6292350e-01,5.5154030e-03
9.0211232e+00,9.6293470e-01,7.7151378e-03
8.5537855e+00,9.6295200e-01,2.6257387e-02
9.2550322e+00,9.6298342e-01,3.5102591e-03
8.3206325e+00,9.6301436e-01,3.4876528e-02
8.4371113e+00,9.6303925e-01,3.0936615e-02
9.3721100e+00,9.6310942e-01,2.3676698e-03
9.4891049e+00,9.6314264e-01,1.6337138e-03
9.6061240e+00,9.6314700e-01,1.1820030e-03
8.2037772e+00,9.6324891e-01,3.9107112e-02
1.3295039e+00,9.6350147e-01,1.0094138e-35
1.2126169e+00,9.6355580e-01,9.6128147e-36
1.0961810e+00,9.6363384e-01,9.9418188e-36
9.8034025e-01,9.6414276e-01,9.5841166e-36
6.3295280e-01,9.6414882e-01,8.7006312e-36
8.6460074e-01,9.6481588e-01,9.3837497e-36
2.9497249e-01,9.6489355e-01,5.2804262e-36
8.0864802e+00,9.6498490e-01,4.2209080e-02
7.4878095e-01,9.6500133e-01,9.5625138e-36
5.1813136e-01,9.6550299e-01,8.1319340e-36
4.0394523e-01,9.6722646e-01,6.5870187e-36
6.0925812e+00,9.6769065e-01,2.8411278e-02
7.9676838e+00,9.6948130e-01,4.4027864e-02
6.2099762e+00,9.7314632e-01,3.7860715e-02
7.1432338e+00,9.7341293e-01,4.1804060e-02
7.3772993e+00,9.7353555e-01,4.2489607e-02
7.0264463e+00,9.7355797e-01,4.3089826e-02
7.2602408e+00,9.7356303e-01,4.1567127e-02
7.4944886e+00,9.7448034e-01,4.3619083e-02
6.9095959e+00,9.7468137e-01,4.4164881e-02
7.8484129e+00,9.7503684e-01,4.4620678e-02
6.7937124e+00,9.7585126e-01,4.3463153e-02
7.6119051e+00,9.7653109e-01,4.3712870e-02
6.3298381e+00,9.7675581e-01,3.9998918e-02
6.6781931e+00,9.7709852e-01,4.3169640e-02
6.5625604e+00,9.7715872e-01,4.1841523e-02
7.7297003e+00,9.7735029e-01,4.3460322e-02
6.4469921e+00,9.7747192e-01,4.3614614e-02
1.6268542e+00,9.8829233e-01,8.6285995e-36
2.4063203e-01,9.9238911e-01,4.2840038e-36
1.5056863e+00,9.9411520e-01,9.3319845e-36
1.3883357e+00,9.9624611e-01,9.9437304e-36
1.2712311e+00,9.9682807e-01,9.8713525e-36
1.1545972e+00,9.9683878e-01,9.9701852e-36
1.0385625e+00,9.9723298e-01,9.4808265e-36
9.2275230e-01,9.9788180e-01,9.4940530e-36
5.7612713e-01,9.9868452e-01,7.9904656e-36
6.9134220e-01,9.9871222e-01,8.6957130e-36
8.0710882e-01,9.9872961e-01,9.0960681e-36
9.9648752e+00,9.9890043e-01,1.1236610e-03
4.6173863e-01,1.0011753e+00,6.8015745e-36
1.8351703e+00,1.0019288e+00,1.1285248e-35
3.0306026e+00,1.0019557e+00,1.1092285e-05
6.0353828e-02,1.0027778e+00,1.6109456e-36
3.4843782e-01,1.0030022e+00,5.3276416e-36
1.7672948e+00,1.0046436e+00,8.6627493e-36
1.2144463e-01,1.0077017e+00,1.6041448e-36
3.2446916e+00,1.0100096e+00,1.0168596e-05
1.9664299e+00,1.0107830e+00,1.9487440e-35
3.1489125e+00,1.0154519e+00,1.1249516e-05
3.3510392e+00,1.0156065e+00,9.1895632e-06
3.9285216e+00,1.0171005e+00,8.3270896e-06
3.4650607e+00,1.0173262e+00,8.6553551e-06
4.0433641e+00,1.0175297e+00,8.4796478e-06
3.5811997e+00,1.0177157e+00,8.0816853e-06
3.8131562e+00,1.0177751e+00,8.3494462e-06
3.6972787e+00,1.0181968e+00,8.2944833e-06
4.1580151e+00,1.0186195e+00,8.6561700e-06
4.2724138e+00,1.0195543e+00,8.5140576e-06
4.3864279e+00,1.0198250e+00,8.3042718e-06
4.5001048e+00,1.0205251e+00,8.0830147e-06
4.7268841e+00,1.0207047e+00,6.3296851e-06
4.6135941e+00,1.0208116e+00,7.4232589e-06
4.8398846e+00,1.0212353e+00,5.1182247e-06
4.9526003e+00,1.0217583e+00,4.0443808e-06
5.7421053e+00,1.0222852e+00,6.2242939e-04
5.0650772e+00,1.0223174e+00,3.3684727e-06
9.8299081e+00,1.0224001e+00,9.7590082e-04
5.8577969e+00,1.0228507e+00,2.0408783e-03
5.1774146e+00,1.0231048e+00,4.0796659e-06
5.6279145e+00,1.0242335e+00,1.8992067e-04
5.2899456e+00,1.0245468e+00,8.1559104e-06
5.4029125e+00,1.0258834e+00,2.0921486e-05
5.5152544e+00,1.0260394e+00,6.2195895e-05
5.9769965e+00,1.0289818e+00,6.9829407e-03
9.7211581e+00,1.0297868e+00,1.0025605e-03
8.6706722e+00,1.0302895e+00,2.1337800e-02
8.7874432e+00,1.0302961e+00,1.5497110e-02
8.9042362e+00,1.0303378e+00,1.1579134e-02
8.5539063e+00,1.0303697e+00,2.8287339e-02
9.0210894e+00,1.0304059e+00,7.8734387e-03
8.3210379e+00,1.0304061e+00,3.7452600e-02
8.4374514e+00,1.0304176e+00,3.3928469e-02
8.2043651e+00,1.0304562e+00,4.2157129e-02
9.1379990e+00,1.0304666e+00,5.5222024e-03
9.2549499e+00,1.0305357e+00,3.6735032e-03
9.3719287e+00,1.0306416e+00,2.4385038e-03
9.4889580e+00,1.0307259e+00,1.6601043e-03
9.6060268e+00,1.0307941e+00,1.1653079e-03
8.0873130e+00,1.0317866e+00,4.4522894e-02
7.9692071e+00,1.0350322e+00,4.4740969e-02
6.0971471e+00,1.0372646e+00,1.9168728e-02
3.2013890e+00,1.0372651e+00,1.0561154e-05
7.8508645e+00,1.0415793e+00,4.4006018e-02
6.2153332e+00,1.0426479e+00,3.1681862e-02
7.0264172e+00,1.0428972e+00,3.8991622e-02
7.1432179e+00,1.0429477e+00,4.0321529e-02
7.2601921e+00,1.0431051e+00,4.0392504e-02
6.9097151e+00,1.0431634e+00,3.9569145e-02
7.3773447e+00,1.0432775e+00,4.1543584e-02
6.7935943e+00,1.0437240e+00,4.0892134e-02
6.5625544e+00,1.0439332e+00,4.3290420e-02
6.6780812e+00,1.0439510e+00,4.1122828e-02
7.4946034e+00,1.0441279e+00,4.1570426e-02
6.4473411e+00,1.0444104e+00,4.1817285e-02
6.3316492e+00,1.0444362e+00,3.8278701e-02
3.2984250e+00,1.0448470e+00,9.5503295e-06
7.7299393e+00,1.0448815e+00,4.1603605e-02
7.6118769e+00,1.0452897e+00,4.2981503e-02
3.4085931e+00,1.0496782e+00,8.8985155e-06
3.9858813e+00,1.0505795e+00,8.4270675e-06
3.8708477e+00,1.0506219e+00,8.2489967e-06
3.5230881e+00,1.0511498e+00,8.0786673e-06
3.6392066e+00,1.0514704e+00,8.1511305e-06
4.1005425e+00,1.0515835e+00,8.6797768e-06
3.7552355e+00,1.0516192e+00,8.3246706e-06
4.2150363e+00,1.0530338e+00,8.7536442e-06
4.3292553e+00,1.0534701e+00,8.5169533e-06
4.7832839e+00,1.0535743e+00,6.2554474e-06
4.4430964e+00,1.0536761e+00,8.3829197e-06
4.6701260e+00,1.0536866e+00,7.2131164e-06
4.5567157e+00,1.0539891e+00,8.1811546e-06
4.8961353e+00,1.0540090e+00,5.1091465e-06
5.0087150e+00,1.0544929e+00,3.9269978e-06
5.1210829e+00,1.0550602e+00,3.1581693e-06
5.8005196e+00,1.0556325e+00,5.8559369e-04
5.6849192e+00,1.0557048e+00,1.7732705e-04
1.6284064e+00,1.0557434e+00,8.4948982e-36
5.2333423e+00,1.0560411e+00,3.7464459e-06
9.7727391e+00,1.0563581e+00,9.7213436e-04
3.0772460e-02,1.0564331e+00,9.3042447e-38
5.3460503e+00,1.0574559e+00,7.1688907e-06
5.5712971e+00,1.0576728e+00,5.6732685e-05
5.4589079e+00,1.0582934e+00,1.8965873e-05
9.9320328e+00,1.0593693e+00,1.0748174e-03
5.9186134e+00,1.0595829e+00,1.9622206e-03
1.5064236e+00,1.0601983e+00,8.8013029e-36
3.0616248e+00,1.0610585e+00,1.0742681e-05
1.4488784e-01,1.0613570e+00,8.2950706e-37
1.8615755e+00,1.0614389e+00,1.2097304e-35
1.3888443e+00,1.0618551e+00,8.5408136e-36
2.4133441e-01,1.0618952e+00,8.7908202e-37
3.1157334e+00,1.0628287e+00,1.1031275e-05
1.7509999e+00,1.0630031e+00,8.2437774e-36
1.2716844e+00,1.0631526e+00,9.0005232e-36
1.1552419e+00,1.0634981e+00,8.5838222e-36
8.7290694e+00,1.0639822e+00,2.1177974e-02
8.6123500e+00,1.0639976e+00,2.7913185e-02
8.8458314e+00,1.0640222e+00,1.5209044e-02
1.0392298e+00,1.0640314e+00,8.0795932e-36
8.2628483e+00,1.0640385e+00,4.2305071e-02
8.4957079e+00,1.0640744e+00,3.3703060e-02
8.3794369e+00,1.0640853e+00,3.7518542e-02
8.9626509e+00,1.0641017e+00,1.1175778e-02
9.0795287e+00,1.0641902e+00,7.6488023e-03
9.1964429e+00,1.0642570e+00,5.2920356e-03
8.1463473e+00,1.0642830e+00,4.4627517e-02
9.3133853e+00,1.0643483e+00,3.3498962e-03
9.4303743e+00,1.0644630e+00,2.2124403e-03
9.5474343e+00,1.0645434e+00,1.4515648e-03
9.6645526e+00,1.0646690e+00,1.0713537e-03
9.2334189e-01,1.0647844e+00,7.5959718e-36
9.8718174e+00,1.0653470e+00,1.0533916e-03
8.0771512e-01,1.0656985e+00,6.6381185e-36
8.0287836e+00,1.0660032e+00,4.5616547e-02
6.9229574e-01,1.0666219e+00,5.7353544e-36
5.7737470e-01,1.0672622e+00,4.5632667e-36
6.0394390e+00,1.0681113e+00,6.5273389e-03
4.6303520e-01,1.0692913e+00,3.2609145e-36
1.9264110e+00,1.0698079e+00,2.1446195e-35
7.9113025e+00,1.0713530e+00,4.5059063e-02
3.4991051e-01,1.0717648e+00,1.9497633e-36
6.1585739e+00,1.0751352e+00,1.9344421e-02
7.0847085e+00,1.0772448e+00,3.8693690e-02
6.6202572e+00,1.0772627e+00,4.2930949e-02
7.7910642e+00,1.0773637e+00,4.2602303e-02
6.9678176e+00,1.0773745e+00,3.7979569e-02
7.2016085e+00,1.0774316e+00,4.0404824e-02
6.5050209e+00,1.0774524e+00,4.2225544e-02
6.8512604e+00,1.0774820e+00,4.1367042e-02
6.7355659e+00,1.0776213e+00,4.0257839e-02
7.3186787e+00,1.0776560e+00,4.0161490e-02
7.4359015e+00,1.0778700e+00,4.2519076e-02
6.2749189e+00,1.0779611e+00,3.3941035e-02
6.3903768e+00,1.0783871e+00,3.9545350e-02
7.5531814e+00,1.0788920e+00,4.1306683e-02
7.6708680e+00,1.0791465e+00,4.2640964e-02
1.9645788e-01,1.0853840e+00,7.4880554e-37
1.6907291e+00,1.0892496e+00,7.5123214e-36
1.5655307e+00,1.0923304e+00,8.4969060e-36
1.4479625e+00,1.0940213e+00,8.7705723e-36
1.3304658e+00,1.0954351e+00,8.6566700e-36
1.2137149e+00,1.0965397e+00,8.7273920e-36
1.0974930e+00,1.0970916e+00,8.0002202e-36
3.2018520e+00,1.0973736e+00,1.0667514e-05
9.8159712e-01,1.0978438e+00,7.5724066e-36
8.6579663e-01,1.0986874e+00,6.5465738e-36
7.5034080e-01,1.0998799e+00,5.7185408e-36
1.8124264e+00,1.1005937e+00,1.1418891e-35
6.3515390e-01,1.1006362e+00,4.4661743e-36
5.2067550e-01,1.1021966e+00,3.2176705e-36
2.9714756e-01,1.1031622e+00,9.0047118e-37
4.0671449e-01,1.1041049e+00,1.9547925e-36
3.3005729e+00,1.1083351e+00,9.7694083e-06
6.0285523e-02,1.1128021e+00,4.9101258e-38
1.1331009e-01,1.1128021e+00,7.3839237e-38
3.1497951e+00,1.1130996e+00,1.0908241e-05
3.4090432e+00,1.1158091e+00,9.0941513e-06
9.7814267e+00,1.1158373e+00,1.0556057e-03
3.9857068e+00,1.1170778e+00,9.1666835e-06
3.8708157e+00,1.1172502e+00,8.8688493e-06
3.0310222e+00,1.1179263e+00,1.0840688e-05
3.7551724e+00,1.1179425e+00,8.5605608e-06
3.5232314e+00,1.1182089e+00,8.1403512e-06
3.6391344e+00,1.1185070e+00,8.2604594e-06
4.1004106e+00,1.1187692e+00,9.3640323e-06
4.7830573e+00,1.1187946e+00,6.6894458e-06
4.8959749e+00,1.1189409e+00,5.3571659e-06
9.9671576e+00,1.1192924e+00,9.9905290e-04
5.0084351e+00,1.1193842e+00,4.0753395e-06
4.6702489e+00,1.1196526e+00,7.5670766e-06
5.1207701e+00,1.1199214e+00,2.8621689e-06
4.5568819e+00,1.1204267e+00,8.2081161e-06
5.2329887e+00,1.1207023e+00,2.0316831e-06
4.4427514e+00,1.1209635e+00,8.7401610e-06
5.6850033e+00,1.1210044e+00,3.9393233e-05
4.2148334e+00,1.1211908e+00,9.2450788e-06
4.3288462e+00,1.1214657e+00,8.9140664e-06
5.3454588e+00,1.1216837e+00,2.0977256e-06
5.5713079e+00,1.1221039e+00,1.2090600e-05
5.4582889e+00,1.1221245e+00,4.0015495e-06
5.8014985e+00,1.1222337e+00,1.5114548e-04
9.8408781e+00,1.1238399e+00,1.0643525e-03
5.9231089e+00,1.1293858e+00,5.6146548e-04
1.9599811e+00,1.1304534e+00,2.3812570e-35
8.7290634e+00,1.1313299e+00,2.2126659e-02
8.2630967e+00,1.1313374e+00,4.5149090e-02
8.6124442e+00,1.1313414e+00,2.9859297e-02
8.4959525e+00,1.1313623e+00,3.5327660e-02
8.3795678e+00,1.1313972e+00,3.9368900e-02
8.8457856e+00,1.1313973e+00,1.5697785e-02
8.1465309e+00,1.1315043e+00,4.6108692e-02
8.9626011e+00,1.1315570e+00,1.1408849e-02
9.0794954e+00,1.1316670e+00,7.9198201e-03
9.1964072e+00,1.1317688e+00,5.3274764e-03
9.3132879e+00,1.1318575e+00,3.3831224e-03
9.4302625e+00,1.1319942e+00,2.2352485e-03
9.5473324e+00,1.1321319e+00,1.4708033e-03
8.0292451e+00,1.1332821e+00,4.5562711e-02
3.2473025e+00,1.1336061e+00,1.0357723e-05
9.6702636e+00,1.1360012e+00,1.0792458e-03
6.0443079e+00,1.1395135e+00,2.3491655e-03
7.9101400e+00,1.1406137e+00,4.4892327e-02
6.1613544e+00,1.1436395e+00,1.1776249e-02
6.6202043e+00,1.1439234e+00,4.1381573e-02
6.5051649e+00,1.1441043e+00,3.9000236e-02
6.7350288e+00,1.1447870e+00,3.9613772e-02
6.3908176e+00,1.1449053e+00,3.4072243e-02
3.3536373e+00,1.1452254e+00,9.4338712e-06
7.7910415e+00,1.1452633e+00,4.2104417e-02
6.2767418e+00,1.1454579e+00,2.6637337e-02
7.0843610e+00,1.1455940e+00,3.8201878e-02
6.8505528e+00,1.1457106e+00,4.0137811e-02
7.2014352e+00,1.1457947e+00,3.9329130e-02
6.9671479e+00,1.1458848e+00,3.5633528e-02
7.3185269e+00,1.1460483e+00,3.9397567e-02
7.4357674e+00,1.1462916e+00,4.0636255e-02
7.5530679e+00,1.1467350e+00,3.8742824e-02
7.6708174e+00,1.1467949e+00,4.2378051e-02
3.9283151e+00,1.1502270e+00,9.0209431e-06
3.4656541e+00,1.1505163e+00,8.4696802e-06
3.8130612e+00,1.1507266e+00,9.0811397e-06
4.0430577e+00,1.1512136e+00,9.3570386e-06
4.8394976e+00,1.1513875e+00,6.6470082e-06
3.6971435e+00,1.1515567e+00,8.4744460e-06
4.9521599e+00,1.1515814e+00,5.2558109e-06
3.5812708e+00,1.1518114e+00,8.3310546e-06
4.7267803e+00,1.1518910e+00,7.6728785e-06
5.0644845e+00,1.1520698e+00,4.0280938e-06
5.1767482e+00,1.1526271e+00,2.8193192e-06
4.6138832e+00,1.1532153e+00,8.0842798e-06
5.2890006e+00,1.1534358e+00,1.9210139e-06
5.4017020e+00,1.1539423e+00,1.9515024e-06
4.1576803e+00,1.1539621e+00,9.3607591e-06
5.6280094e+00,1.1539641e+00,1.0783299e-05
5.7431682e+00,1.1541859e+00,3.6085959e-05
4.4999260e+00,1.1542502e+00,8.8332876e-06
5.5146463e+00,1.1543015e+00,3.5962677e-06
1.8120920e+00,1.1547138e+00,1.1674368e-35
4.3856738e+00,1.1551080e+00,8.8470001e-06
4.2718019e+00,1.1557070e+00,9.1534968e-06
1.9617637e-01,1.1566243e+00,6.3680390e-38
5.8632713e+00,1.1592548e+00,1.3896453e-04
1.5660169e+00,1.1595376e+00,7.2700061e-36
1.4484903e+00,1.1604135e+00,7.3129040e-36
9.7355567e+00,1.1605983e+00,9.7925425e-04
1.3311719e+00,1.1617419e+00,7.1047954e-36
1.6911999e+00,1.1629584e+00,6.9130440e-36
1.2143445e+00,1.1631725e+00,7.0552287e-36
1.0981306e+00,1.1640061e+00,6.2363575e-36
9.8211220e-01,1.1647731e+00,5.4760256e-36
8.2047970e+00,1.1649764e+00,4.6394309e-02
8.6707605e+00,1.1649809e+00,2.9280215e-02
8.5542451e+00,1.1650014e+00,3.5149136e-02
8.3214171e+00,1.1650169e+00,4.5042334e-02
8.4378268e+00,1.1650174e+00,3.9523391e-02
8.7873914e+00,1.1650190e+00,2.1403707e-02
8.9041406e+00,1.1651683e+00,1.5557058e-02
9.0210065e+00,1.1653380e+00,1.0971568e-02
9.1379302e+00,1.1654552e+00,7.6121150e-03
9.2548169e+00,1.1655567e+00,4.7665029e-03
8.6627325e-01,1.1656023e+00,4.3976647e-36
9.3717195e+00,1.1656819e+00,3.1700487e-03
9.4887442e+00,1.1658456e+00,2.0135422e-03
8.0879580e+00,1.1662867e+00,4.6196677e-02
7.5087055e-01,1.1667420e+00,3.4102999e-36
2.9513062e-02,1.1674801e+00,1.9104227e-39
6.3587237e-01,1.1678416e+00,2.2846410e-36
2.9761726e-01,1.1684996e+00,1.6223190e-37
5.2146467e-01,1.1692756e+00,1.3661006e-36
1.4334693e-01,1.1695702e+00,4.2712625e-38
9.6116357e+00,1.1697149e+00,1.2749832e-03
5.9863610e+00,1.1701868e+00,5.0703972e-04
4.0708365e-01,1.1712155e+00,6.1406714e-37
7.9685061e+00,1.1715717e+00,4.5039473e-02
3.1324440e+00,1.1746995e+00,1.1198946e-05
9.8671317e+00,1.1766858e+00,9.0941672e-04
6.1047965e+00,1.1771711e+00,2.0935613e-03
6.5626455e+00,1.1772457e+00,4.1121308e-02
6.4479259e+00,1.1775805e+00,3.5451181e-02
6.6774913e+00,1.1777773e+00,3.7937863e-02
9.9331958e+00,1.1781160e+00,9.3093479e-04
6.3339129e+00,1.1784513e+00,2.8421481e-02
6.2199366e+00,1.1786490e+00,9.9973326e-03
7.8496794e+00,1.1787397e+00,4.2816220e-02
6.7923497e+00,1.1791184e+00,4.3042033e-02
7.1426971e+00,1.1796600e+00,4.0536325e-02
7.0254000e+00,1.1797566e+00,3.5855405e-02
7.2598670e+00,1.1798604e+00,3.8638801e-02
6.9083378e+00,1.1799022e+00,3.6108873e-02
7.3770588e+00,1.1800913e+00,4.0287788e-02
7.4943558e+00,1.1803925e+00,3.8010372e-02
7.7298661e+00,1.1804296e+00,4.1729600e-02
7.6117129e+00,1.1807813e+00,3.8965760e-02
3.0677798e+00,1.1812965e+00,1.1513061e-05
1.7511362e+00,1.1908320e+00,9.1131640e-36
1.9261852e+00,1.1908889e+00,2.5472261e-35
1.5074376e+00,1.1937976e+00,7.2987942e-36
1.3900782e+00,1.1945541e+00,7.1372146e-36
1.2730200e+00,1.1960924e+00,6.9189329e-36
1.6293634e+00,1.1966593e+00,7.0145832e-36
1.8610153e+00,1.1969575e+00,1.6253957e-35
1.1565091e+00,1.1970455e+00,6.2696126e-36
1.0403825e+00,1.1978752e+00,5.4432715e-36
2.4152260e-01,1.1984730e+00,6.5710975e-38
9.2433359e-01,1.1986286e+00,4.3961570e-36
3.2426236e+00,1.1987977e+00,1.0401799e-05
8.0872150e-01,1.1994756e+00,3.4009553e-36
6.9354396e-01,1.2006895e+00,2.2735559e-36
5.7888234e-01,1.2015466e+00,1.3782581e-36
4.6419354e-01,1.2034809e+00,6.2563816e-37
3.5074937e-01,1.2042129e+00,1.7668093e-37
3.3526028e+00,1.2105758e+00,9.1119168e-06
3.4655571e+00,1.2159629e+00,8.3047874e-06
4.8394535e+00,1.2161564e+00,7.0038843e-06
4.9519414e+00,1.2164216e+00,5.6362459e-06
3.9281108e+00,1.2164828e+00,8.9080105e-06
5.0641687e+00,1.2169156e+00,4.4151715e-06
3.8130802e+00,1.2170069e+00,9.0057738e-06
4.7271591e+00,1.2171104e+00,8.0357869e-06
5.1764309e+00,1.2174320e+00,3.0591468e-06
3.6973159e+00,1.2176649e+00,8.7065378e-06
4.0430253e+00,1.2179299e+00,9.2998571e-06
5.2887787e+00,1.2180058e+00,1.8841811e-06
3.5815581e+00,1.2180531e+00,8.6215672e-06
5.4014103e+00,1.2182800e+00,1.3122580e-06
5.5143994e+00,1.2185956e+00,1.2678482e-06
5.6277644e+00,1.2188457e+00,2.7063617e-06
4.6142119e+00,1.2190198e+00,8.5131416e-06
5.7441758e+00,1.2205769e+00,9.7115727e-06
4.1576284e+00,1.2210217e+00,9.2914368e-06
4.4999412e+00,1.2216665e+00,9.0297885e-06
9.7588715e+00,1.2218765e+00,9.2532761e-04
4.3853579e+00,1.2231698e+00,9.1803820e-06
4.2716437e+00,1.2234730e+00,9.1345507e-06
5.9273858e-02,1.2236076e+00,1.1878711e-39
3.1798220e+00,1.2241651e+00,1.0865947e-05
1.2008316e-01,1.2256976e+00,3.0797843e-39
5.8655531e+00,1.2274427e+00,4.8217080e-05
9.8309951e+00,1.2299614e+00,8.7181872e-04
8.6707792e+00,1.2322263e+00,2.9867184e-02
8.5543564e+00,1.2322380e+00,3.6316198e-02
8.4379798e+00,1.2322857e+00,4.1205965e-02
8.3215136e+00,1.2322877e+00,4.6645398e-02
8.7873461e+00,1.2323058e+00,2.2125607e-02
8.2048662e+00,1.2323399e+00,4.6845780e-02
8.9039418e+00,1.2324847e+00,1.5832430e-02
9.0208633e+00,1.2327268e+00,1.1210645e-02
9.1378986e+00,1.2329051e+00,7.5856751e-03
9.2547463e+00,1.2330228e+00,5.0008813e-03
9.3716365e+00,1.2331897e+00,3.3340202e-03
9.4886474e+00,1.2334069e+00,2.0925301e-03
8.0880953e+00,1.2340332e+00,4.5981788e-02
9.9660382e+00,1.2352941e+00,9.2528163e-04
9.6103526e+00,1.2379766e+00,1.2728024e-03
3.2948596e+00,1.2388771e+00,9.5139225e-06
5.9887080e+00,1.2389684e+00,2.1256464e-04
3.0367576e+00,1.2398407e+00,1.2183956e-05
7.9686922e+00,1.2403573e+00,4.2759344e-02
6.5625554e+00,1.2436701e+00,4.1137950e-02
6.4479259e+00,1.2438482e+00,3.2301956e-02
6.6769804e+00,1.2441250e+00,3.8109129e-02
6.3337808e+00,1.2443345e+00,1.9464388e-02
6.2201199e+00,1.2448383e+00,4.3140483e-03
6.1062871e+00,1.2449950e+00,8.5872665e-04
3.4079119e+00,1.2466061e+00,8.4250481e-06
7.8477976e+00,1.2470247e+00,3.8506530e-02
7.1422697e+00,1.2474571e+00,3.8839940e-02
7.2596448e+00,1.2476288e+00,3.5779535e-02
6.7913565e+00,1.2477057e+00,4.4073078e-02
7.0248320e+00,1.2477432e+00,3.4387723e-02
7.3769113e+00,1.2478600e+00,3.4797988e-02
6.9076293e+00,1.2480578e+00,3.3910103e-02
7.4942305e+00,1.2481929e+00,3.5434056e-02
7.7294192e+00,1.2482849e+00,3.8224985e-02
7.6116208e+00,1.2484253e+00,3.4545885e-02
4.8957123e+00,1.2485500e+00,6.8576705e-06
4.7833920e+00,1.2487829e+00,8.0112000e-06
5.0079008e+00,1.2490701e+00,5.5589351e-06
5.1201370e+00,1.2495721e+00,4.4060623e-06
3.8706305e+00,1.2497862e+00,8.7260169e-06
3.5234217e+00,1.2498972e+00,8.6062036e-06
3.9854701e+00,1.2500499e+00,9.2081864e-06
5.2324494e+00,1.2500772e+00,2.9823919e-06
3.7553639e+00,1.2503310e+00,8.9870402e-06
1.7671113e+00,1.2503476e+00,1.0757115e-35
5.3449451e+00,1.2505914e+00,1.8263281e-06
4.6709564e+00,1.2506766e+00,8.6802751e-06
5.4577503e+00,1.2507563e+00,1.2579477e-06
3.6395942e+00,1.2508569e+00,8.8358273e-06
1.9662041e+00,1.2509117e+00,3.2120129e-35
5.5708161e+00,1.2512795e+00,1.1959438e-06
5.6857660e+00,1.2522769e+00,2.4672731e-06
4.1003263e+00,1.2525451e+00,9.2514629e-06
4.5572258e+00,1.2536477e+00,8.8273831e-06
1.8342902e+00,1.2553226e+00,1.5668879e-35
4.2146233e+00,1.2560164e+00,9.1733624e-06
4.4424507e+00,1.2564416e+00,9.2216805e-06
5.8047879e+00,1.2568126e+00,9.1288393e-06
4.3283721e+00,1.2572935e+00,9.0744634e-06
1.5077792e+00,1.2613259e+00,7.0028876e-36
1.3905676e+00,1.2621472e+00,6.3274432e-36
1.2736318e+00,1.2630979e+00,5.8004660e-36
1.1570803e+00,1.2640549e+00,5.0135473e-36
1.0408053e+00,1.2648525e+00,4.0479528e-36
1.6280207e+00,1.2652445e+00,7.0332409e-36
9.2472928e-01,1.2654726e+00,3.0643226e-36
8.6125743e+00,1.2658234e+00,3.6401156e-02
8.7290368e+00,1.2658621e+00,2.9485883e-02
8.4962168e+00,1.2658672e+00,4.1150477e-02
8.3798173e+00,1.2659363e+00,4.6395373e-02
8.2632624e+00,1.2659716e+00,4.7885031e-02
8.8455415e+00,1.2660007e+00,2.1966555e-02
8.0907489e-01,1.2661690e+00,2.1277222e-36
8.9622591e+00,1.2662623e+00,1.5240888e-02
5.9277376e+00,1.2663552e+00,4.6025060e-05
9.0793207e+00,1.2665058e+00,1.0678270e-02
8.1467374e+00,1.2666142e+00,4.6486059e-02
9.1963050e+00,1.2666847e+00,6.7560788e-03
9.3131342e+00,1.2668312e+00,4.5276014e-03
9.4300827e+00,1.2670632e+00,2.9007526e-03
6.9398461e-01,1.2671218e+00,1.2741749e-36
9.5459525e+00,1.2679550e+00,1.6707190e-03
5.7939341e-01,1.2679718e+00,6.6882714e-37
2.4093925e-01,1.2682085e+00,2.4565502e-38
4.6417328e-01,1.2693954e+00,2.7032982e-37
9.7257198e+00,1.2696703e+00,9.5814601e-04
8.0295685e+00,1.2698142e+00,4.3960418e-02
3.5029591e-01,1.2716825e+00,8.0068895e-38
6.0481455e+00,1.2761190e+00,2.1387027e-04
9.6620585e+00,1.2765916e+00,1.1322175e-03
6.6196033e+00,1.2766953e+00,4.0942565e-02
6.5050749e+00,1.2767962e+00,3.4032599e-02
6.3906854e+00,1.2770562e+00,2.4867495e-02
6.2767930e+00,1.2775303e+00,4.3783410e-03
6.1630283e+00,1.2776528e+00,8.5281584e-04
7.9084442e+00,1.2776843e+00,3.9060542e-02
2.9760796e-02,1.2783497e+00,2.5350103e-40
6.7335247e+00,1.2797220e+00,4.0325551e-02
1.4146429e-01,1.2804397e+00,8.6481238e-39
7.2007855e+00,1.2813601e+00,3.5671761e-02
7.0833656e+00,1.2813778e+00,3.8586075e-02
7.7887127e+00,1.2814036e+00,3.6804761e-02
7.3181572e+00,1.2815853e+00,3.5695514e-02
7.4354947e+00,1.2818607e+00,3.2846203e-02
6.9658715e+00,1.2820270e+00,3.2805354e-02
7.5528506e+00,1.2821795e+00,3.5556555e-02
7.6702784e+00,1.2822942e+00,3.4782300e-02
6.8488512e+00,1.2824535e+00,3.7026938e-02
9.8633028e+00,1.2900993e+00,8.6895746e-04
3.1729069e+00,1.2939461e+00,1.0862149e-05
9.9322818e+00,1.2940018e+00,9.2434387e-04
1.7365348e+00,1.2954334e+00,1.0054282e-35
1.4493213e+00,1.2955348e+00,6.8326521e-36
1.5650157e+00,1.2956510e+00,7.1954336e-36
1.3322730e+00,1.2963406e+00,6.0003067e-36
1.2155274e+00,1.2971875e+00,5.2370591e-36
1.0991246e+00,1.2979928e+00,4.2874437e-36
9.8293074e-01,1.2985944e+00,3.2592262e-36
8.6702234e-01,1.2991397e+00,2.3073592e-36
3.0627366e+00,1.2991524e+00,1.0990636e-05
7.5166460e-01,1.2998678e+00,1.4264093e-36
1.9346265e-01,1.3004339e+00,1.8058762e-38
6.3682409e-01,1.3006991e+00,7.8231560e-37
5.2195548e-01,1.3016152e+00,3.4975638e-37
1.6768298e+00,1.3041886e+00,9.0079712e-36
4.0660993e-01,1.3045997e+00,1.2771224e-37
2.9658045e-01,1.3057048e+00,5.1262971e-38
3.2917073e+00,1.3062568e+00,9.6235516e-06
1.8661299e+00,1.3088369e+00,2.1335069e-35
1.9328739e+00,1.3104946e+00,3.1595459e-35
3.4072681e+00,1.3118577e+00,8.5174155e-06
4.7833628e+00,1.3132747e+00,8.2259057e-06
4.8954295e+00,1.3133345e+00,7.1186561e-06
5.0075994e+00,1.3138886e+00,5.9523793e-06
5.1197333e+00,1.3143439e+00,4.7127825e-06
5.2320854e+00,1.3148710e+00,3.2180158e-06
3.5234153e+00,1.3151662e+00,8.7937605e-06
5.3447289e+00,1.3153965e+00,1.9563982e-06
4.6712133e+00,1.3156389e+00,8.9628960e-06
5.4575223e+00,1.3158459e+00,1.2425906e-06
3.8703853e+00,1.3158831e+00,8.8843455e-06
3.6397252e+00,1.3160167e+00,8.8101391e-06
3.7552781e+00,1.3161285e+00,8.9124752e-06
3.9851298e+00,1.3161341e+00,9.0231936e-06
5.5705149e+00,1.3162778e+00,8.3516478e-07
5.6865623e+00,1.3183515e+00,1.1161232e-06
4.1003088e+00,1.3187645e+00,8.8573717e-06
4.5574804e+00,1.3195581e+00,9.1709396e-06
4.2145673e+00,1.3221851e+00,9.0702350e-06
3.1204857e+00,1.3231208e+00,1.0884690e-05
4.4421134e+00,1.3237201e+00,9.0854607e-06
4.3282280e+00,1.3240460e+00,9.0233680e-06
5.8066046e+00,1.3252206e+00,3.8201397e-06
8.6125910e+00,1.3329515e+00,3.7236409e-02
8.7289328e+00,1.3330048e+00,3.0493275e-02
8.4963084e+00,1.3330333e+00,4.2225939e-02
8.3799307e+00,1.3331661e+00,4.7493502e-02
8.8451926e+00,1.3331675e+00,2.2132186e-02
8.2633526e+00,1.3333461e+00,4.8423050e-02
8.9618348e+00,1.3334213e+00,1.5700847e-02
9.0787765e+00,1.3337809e+00,1.0680275e-02
8.1468301e+00,1.3340178e+00,4.5054745e-02
9.1960322e+00,1.3340602e+00,6.8691329e-03
9.3130181e+00,1.3342480e+00,4.5698197e-03
5.8602616e-02,1.3343286e+00,5.5616467e-39
1.0949681e-01,1.3343286e+00,1.4645447e-38
9.7602022e+00,1.3346118e+00,8.7281207e-04
9.4299677e+00,1.3346187e+00,2.8426438e-03
5.9279081e+00,1.3349408e+00,2.6045174e-05
9.5456379e+00,1.3356233e+00,1.6920817e-03
3.2325562e+00,1.3359585e+00,1.0207491e-05
8.0299030e+00,1.3374162e+00,3.9428278e-02
9.6549284e+00,1.3414095e+00,1.1196311e-03
6.0479078e+00,1.3418271e+00,1.7500905e-04
6.5049843e+00,1.3430213e+00,2.9901609e-02
6.6194325e+00,1.3430594e+00,4.1104316e-02
6.3905727e+00,1.3430638e+00,1.1656175e-02
3.3488068e+00,1.3432071e+00,9.1145547e-06
7.9100576e+00,1.3433344e+00,3.6418081e-02
6.2766833e+00,1.3433440e+00,2.2270658e-03
6.1629363e+00,1.3435365e+00,6.4591399e-04
4.8391415e+00,1.3454326e+00,8.0993121e-06
4.9513572e+00,1.3460247e+00,7.0743667e-06
3.4649070e+00,1.3464835e+00,8.7944021e-06
5.0634636e+00,1.3465059e+00,5.9672939e-06
4.7273869e+00,1.3465645e+00,8.7726068e-06
9.8256615e+00,1.3469558e+00,7.6358936e-04
5.1756631e+00,1.3469975e+00,4.6186882e-06
6.7332443e+00,1.3475676e+00,3.8539260e-02
5.2881984e+00,1.3476046e+00,3.1569184e-06
5.4009660e+00,1.3481747e+00,1.9380126e-06
3.5816828e+00,1.3484818e+00,8.7466277e-06
3.6973612e+00,1.3486222e+00,8.7829388e-06
3.9275254e+00,1.3486639e+00,9.2256085e-06
5.5138702e+00,1.3486834e+00,1.2164793e-06
3.8127493e+00,1.3489013e+00,8.8259832e-06
7.2004832e+00,1.3489936e+00,3.5975465e-02
7.7884193e+00,1.3490580e+00,3.5319172e-02
7.0831209e+00,1.3491373e+00,3.8521711e-02
7.3179776e+00,1.3492985e+00,3.7813822e-02
7.4353613e+00,1.3495817e+00,3.2745187e-02
6.9656706e+00,1.3497279e+00,3.4605195e-02
7.5527367e+00,1.3498406e+00,3.5720990e-02
4.6147235e+00,1.3498925e+00,9.3098434e-06
5.6282596e+00,1.3499185e+00,8.0230050e-07
7.6701303e+00,1.3500000e+00,3.2435467e-02
4.0426675e+00,1.3502335e+00,8.8703905e-06
6.8485403e+00,1.3505332e+00,3.9444456e-02
9.9662436e+00,1.3528253e+00,8.1631221e-04
4.1575549e+00,1.3534098e+00,9.0244995e-06
3.0259790e+00,1.3534293e+00,1.0778043e-05
4.4998584e+00,1.3548554e+00,9.0867456e-06
5.7467888e+00,1.3550595e+00,1.0919416e-06
4.2714436e+00,1.3563942e+00,9.1179285e-06
4.3848765e+00,1.3572008e+00,9.1792516e-06
1.7702691e+00,1.3590618e+00,1.6373020e-35
1.4496497e+00,1.3632112e+00,1.0552036e-35
1.5651585e+00,1.3633737e+00,1.1432724e-35
1.3326537e+00,1.3637443e+00,9.2322803e-36
1.2159007e+00,1.3643271e+00,8.4698575e-36
5.8675402e+00,1.3644363e+00,3.7585246e-06
1.0994734e+00,1.3649894e+00,7.7562134e-36
9.8330896e-01,1.3654811e+00,6.6613799e-36
8.6748993e-01,1.3659144e+00,5.5554357e-36
8.6706918e+00,1.3664971e+00,3.6540605e-02
8.5544647e+00,1.3665323e+00,4.2392629e-02
7.5208479e-01,1.3665541e+00,4.2998483e-36
8.7868931e+00,1.3666153e+00,3.0125527e-02
8.4381847e+00,1.3666817e+00,4.7810793e-02
8.9031686e+00,1.3668106e+00,2.1344183e-02
8.3217172e+00,1.3668920e+00,4.9378285e-02
8.2050491e+00,1.3671179e+00,4.6444752e-02
9.0198948e+00,1.3671610e+00,1.5133878e-02
6.3719477e-01,1.3673187e+00,3.0289541e-36
1.8326852e+00,1.3674904e+00,2.0721742e-35
9.1370815e+00,1.3675557e+00,9.5840653e-03
9.2543573e+00,1.3678150e+00,6.1318070e-03
9.3714054e+00,1.3681620e+00,3.8759414e-03
5.2211973e-01,1.3682956e+00,1.9431719e-36
9.4882179e+00,1.3686307e+00,2.2597370e-03
8.0885225e+00,1.3690388e+00,3.8980106e-02
1.6703662e+00,1.3690982e+00,1.4416018e-35
1.9666698e+00,1.3691068e+00,4.2281624e-35
9.6029080e+00,1.3704629e+00,1.3664738e-03
4.0660254e-01,1.3721537e+00,1.1856598e-36
1.9378835e-01,1.3729472e+00,2.9768993e-37
5.9886408e+00,1.3732620e+00,2.6283128e-05
7.9706401e+00,1.3736094e+00,3.5272207e-02
2.9635433e-01,1.3749650e+00,7.1155812e-37
9.7159657e+00,1.3756394e+00,9.2196301e-04
6.4477226e+00,1.3760808e+00,1.4978127e-02
6.3335584e+00,1.3761558e+00,2.8223125e-03
6.5622940e+00,1.3762592e+00,3.3122344e-02
6.2199182e+00,1.3765357e+00,7.2992182e-04
6.1059575e+00,1.3765868e+00,1.8046578e-04
6.6765291e+00,1.3783347e+00,3.8882111e-02
7.8491175e+00,1.3803292e+00,3.3983977e-02
7.1417226e+00,1.3828502e+00,3.4509274e-02
7.2591628e+00,1.3829755e+00,3.6396442e-02
7.0243864e+00,1.3832036e+00,4.0103837e-02
7.3765983e+00,1.3832942e+00,3.6779542e-02
7.4939833e+00,1.3835750e+00,3.4084849e-02
6.7907652e+00,1.3836310e+00,3.7741015e-02
7.7289776e+00,1.3836450e+00,3.2463134e-02
7.6113588e+00,1.3837922e+00,3.3175121e-02
6.9071176e+00,1.3838384e+00,3.8065303e-02
2.8841820e-02,1.3893123e+00,1.0442847e-38
1.4087101e-01,1.3898416e+00,2.9644804e-37
1.5082503e+00,1.3967249e+00,1.2494186e-35
1.3912767e+00,1.3972273e+00,1.1692611e-35
3.1180136e+00,1.3974748e+00,1.0798820e-05
1.2743857e+00,1.3976413e+00,1.0852189e-35
1.6216997e+00,1.3978767e+00,1.4430408e-35
1.1578023e+00,1.3981911e+00,1.0461809e-35
1.0415323e+00,1.3987358e+00,9.6509823e-36
9.2557509e-01,1.3991339e+00,8.5864030e-36
8.0996267e-01,1.3996298e+00,7.2885368e-36
6.9477548e-01,1.4004276e+00,5.6667722e-36
5.7992832e-01,1.4012717e+00,3.9643977e-36
1.7295747e+00,1.4017245e+00,1.7534875e-35
4.6433014e-01,1.4036298e+00,2.5217848e-36
3.2295611e+00,1.4053876e+00,1.0369559e-05
3.5006240e-01,1.4084968e+00,1.5367415e-36
9.8617795e+00,1.4090155e+00,6.7672216e-04
3.3474898e+00,1.4095847e+00,9.1309981e-06
2.4103884e-01,1.4099820e+00,8.0954904e-37
4.8387966e+00,1.4102586e+00,8.4363338e-06
5.4021069e+00,1.4105173e+00,2.0953595e-06
4.9510346e+00,1.4108739e+00,7.3935097e-06
9.9333825e+00,1.4109825e+00,6.9620112e-04
5.5138148e+00,1.4109952e+00,1.2749978e-06
4.7270975e+00,1.4110204e+00,8.7931914e-06
5.0630994e+00,1.4112971e+00,6.1801406e-06
5.1748425e+00,1.4115435e+00,4.9258230e-06
3.4649577e+00,1.4116527e+00,8.6619550e-06
3.5814142e+00,1.4127136e+00,8.6273404e-06
3.0602645e+00,1.4127221e+00,1.1400773e-05
3.6971211e+00,1.4137472e+00,8.6314563e-06
3.8123139e+00,1.4146712e+00,9.0654965e-06
3.9272087e+00,1.4149334e+00,9.9101242e-06
4.6146694e+00,1.4151420e+00,9.1896290e-06
5.6282014e+00,1.4153646e+00,7.5893832e-07
4.0423246e+00,1.4163774e+00,1.0044841e-05
5.2894564e+00,1.4179728e+00,3.4360212e-06
4.1573713e+00,1.4194802e+00,9.7002930e-06
5.7448678e+00,1.4195463e+00,7.8675512e-07
4.4996100e+00,1.4207139e+00,9.2845776e-06
4.2712804e+00,1.4218720e+00,9.4916691e-06
4.3846204e+00,1.4231200e+00,9.4374079e-06
1.9357934e+00,1.4283520e+00,4.9136330e-35
1.8685528e+00,1.4283933e+00,4.8635806e-35
8.6706019e+00,1.4335152e+00,3.6954139e-02
8.5545309e+00,1.4335655e+00,4.3146839e-02
8.7865122e+00,1.4336213e+00,3.0142046e-02
8.4383335e+00,1.4337540e+00,4.9329721e-02
8.9026714e+00,1.4338222e+00,2.1601630e-02
8.3218710e+00,1.4341369e+00,4.9452184e-02
9.0192017e+00,1.4341964e+00,1.5251720e-02
8.2051747e+00,1.4345437e+00,4.3843078e-02
9.1363494e+00,1.4345834e+00,9.7463364e-03
5.8621031e+00,1.4350085e+00,1.7471869e-06
9.2539829e+00,1.4351063e+00,6.1931089e-03
9.3713227e+00,1.4356247e+00,3.8140501e-03
8.0886355e+00,1.4361232e+00,3.5081303e-02
9.4880941e+00,1.4361793e+00,2.2415608e-03
9.6038864e+00,1.4373339e+00,1.3267561e-03
3.1674397e+00,1.4377293e+00,1.0644596e-05
9.7224959e+00,1.4384436e+00,8.9907751e-04
5.4586078e+00,1.4405003e+00,2.0365197e-06
7.9707031e+00,1.4407456e+00,3.0290319e-02
5.9884046e+00,1.4407513e+00,2.0213035e-05
6.3336221e+00,1.4420508e+00,1.6462735e-03
3.2873952e+00,1.4420635e+00,9.6837665e-06
6.4475915e+00,1.4420756e+00,8.4207547e-03
6.2199576e+00,1.4422860e+00,6.5724858e-04
6.1062226e+00,1.4425500e+00,1.6118112e-04
4.7827285e+00,1.4425566e+00,8.8295881e-06
6.5617222e+00,1.4427072e+00,2.8225049e-02
4.8947620e+00,1.4430097e+00,8.4398883e-06
3.4060018e+00,1.4434045e+00,8.8561013e-06
5.0069126e+00,1.4435291e+00,7.2939520e-06
5.1185484e+00,1.4436810e+00,6.0891355e-06
5.5704014e+00,1.4440357e+00,1.2277171e-06
3.5231975e+00,1.4445673e+00,8.4517417e-06
5.8063557e-02,1.4453413e+00,2.7923931e-37
4.6708699e+00,1.4453443e+00,9.0910037e-06
3.6392165e+00,1.4453735e+00,8.5103423e-06
1.1919855e-01,1.4458706e+00,6.4823789e-37
6.6761693e+00,1.4463292e+00,3.6143099e-02
3.7546026e+00,1.4470234e+00,9.0040193e-06
3.8696332e+00,1.4479226e+00,9.7709600e-06
7.8490709e+00,1.4479516e+00,3.1651623e-02
5.3471279e+00,1.4481073e+00,3.3928977e-06
5.6845831e+00,1.4482845e+00,7.4924389e-07
3.9844702e+00,1.4485476e+00,1.0369800e-05
5.2325228e+00,1.4497850e+00,4.8907997e-06
7.1416450e+00,1.4505887e+00,3.3242848e-02
6.7911485e+00,1.4506311e+00,3.6830688e-02
4.5571779e+00,1.4506661e+00,9.1898753e-06
7.2590195e+00,1.4507271e+00,3.4235835e-02
7.0242894e+00,1.4508026e+00,3.9990752e-02
4.0997822e+00,1.4509788e+00,9.9025002e-06
7.3764496e+00,1.4510300e+00,3.7216791e-02
6.9072022e+00,1.4511421e+00,3.9990318e-02
7.4938696e+00,1.4512921e+00,3.3693258e-02
7.7288052e+00,1.4513794e+00,3.1666878e-02
7.6112308e+00,1.4515037e+00,3.2682524e-02
4.2142204e+00,1.4537333e+00,9.4692947e-06
4.3278088e+00,1.4554431e+00,9.4843658e-06
4.4416089e+00,1.4554978e+00,9.3447579e-06
5.7992465e+00,1.4602796e+00,7.8128824e-07
9.8344284e+00,1.4637398e+00,7.1618077e-04
1.7385294e+00,1.4642326e+00,4.2850910e-35
1.5086207e+00,1.4642556e+00,4.2103159e-35
1.6236281e+00,1.4646054e+00,4.0818833e-35
1.3915222e+00,1.4646128e+00,5.0317276e-35
1.2746493e+00,1.4646793e+00,5.8067066e-35
1.1581311e+00,1.4651926e+00,6.8589639e-35
1.0418867e+00,1.4657110e+00,7.7792111e-35
9.2599166e-01,1.4659972e+00,8.2675279e-35
8.1042015e-01,1.4664221e+00,8.1264305e-35
8.6125673e+00,1.4670028e+00,4.3175718e-02
8.7284619e+00,1.4670289e+00,3.6980393e-02
8.4965234e+00,1.4671388e+00,4.9220099e-02
8.8443145e+00,1.4671851e+00,2.9697713e-02
8.9606445e+00,1.4674683e+00,2.0310999e-02
8.3802332e+00,1.4674833e+00,5.0938020e-02
6.9515251e-01,1.4675214e+00,7.2369941e-35
9.0773513e+00,1.4678440e+00,1.3814313e-02
8.2636320e+00,1.4680168e+00,4.6974661e-02
5.8009348e-01,1.4681710e+00,5.5167701e-35
9.1949257e+00,1.4683793e+00,8.6143215e-03
8.1470687e+00,1.4685280e+00,3.6407158e-02
9.3125609e+00,1.4690021e+00,5.4139818e-03
9.4297612e+00,1.4696300e+00,3.1205107e-03
9.9671390e+00,1.4699219e+00,6.5916833e-04
9.5464926e+00,1.4700429e+00,1.7541590e-03
3.0342855e+00,1.4710575e+00,1.1699322e-05
9.6624370e+00,1.4710847e+00,1.0400890e-03
4.6460551e-01,1.4713036e+00,3.7176691e-35
8.0300790e+00,1.4716366e+00,2.8078771e-02
5.9222349e+00,1.4730022e+00,1.7132806e-06
6.3905053e+00,1.4749536e+00,2.8296802e-03
6.2767863e+00,1.4749895e+00,7.9694417e-04
6.1632407e+00,1.4752501e+00,1.8845908e-04
6.0479368e+00,1.4752796e+00,2.1585176e-05
3.5057885e-01,1.4753097e+00,2.2520037e-35
6.5042814e+00,1.4754641e+00,1.1186949e-02
9.7746039e+00,1.4755347e+00,7.6670531e-04
6.6185009e+00,1.4775020e+00,2.8596954e-02
7.9100740e+00,1.4780930e+00,2.9928158e-02
2.4076241e-01,1.4787223e+00,1.4207131e-35
6.7332677e+00,1.4825622e+00,3.5267687e-02
7.7882003e+00,1.4844147e+00,3.0411351e-02
7.0829463e+00,1.4844748e+00,3.8245092e-02
7.2002623e+00,1.4844837e+00,3.3981144e-02
6.9656581e+00,1.4846306e+00,3.8191599e-02
7.3176856e+00,1.4847860e+00,3.4730013e-02
6.8490082e+00,1.4848370e+00,3.8299064e-02
7.4350990e+00,1.4850346e+00,3.6620267e-02
7.5524950e+00,1.4852692e+00,3.1779111e-02
7.6698300e+00,1.4854458e+00,3.2677361e-02
1.8456480e+00,1.4865159e+00,5.2708471e-35
1.9691236e+00,1.4878167e+00,5.8719370e-35
1.5674571e+00,1.4976331e+00,5.1563970e-35
1.4502655e+00,1.4981274e+00,6.1716030e-35
1.3331629e+00,1.4981679e+00,7.6091980e-35
1.6812492e+00,1.4983350e+00,5.0396775e-35
1.2164932e+00,1.4983667e+00,9.3358810e-35
1.4286080e-01,1.4985011e+00,9.5300004e-36
1.1001566e+00,1.4989661e+00,1.1075796e-34
5.4608801e+00,1.4991656e+00,2.0743926e-06
9.8407994e-01,1.4993195e+00,1.2448799e-34
8.6836398e-01,1.4995699e+00,1.3130378e-34
7.5291930e-01,1.5004401e+00,1.2500911e-34
2.9221737e-02,1.5004735e+00,5.2632826e-37
1.7897328e+00,1.5012506e+00,4.9477004e-35
6.3773696e-01,1.5013118e+00,1.0695933e-34
5.2256026e-01,1.5028687e+00,7.7708907e-35
5.5696956e+00,1.5053814e+00,1.2897591e-06
4.0739436e-01,1.5066404e+00,5.0641583e-35
5.3568109e+00,1.5067892e+00,3.4303776e-06
4.7824163e+00,1.5074238e+00,8.9662714e-06
4.8944412e+00,1.5078540e+00,8.5611267e-06
5.1178697e+00,1.5083049e+00,6.3256721e-06
5.0066017e+00,1.5083641e+00,7.5006059e-06
3.1653098e+00,1.5093434e+00,1.0581351e-05
3.2852892e+00,1.5096386e+00,9.5525538e-06
3.5228913e+00,1.5097096e+00,8.5582579e-06
3.4055224e+00,1.5097313e+00,8.9979094e-06
4.6706995e+00,1.5103273e+00,9.3029759e-06
2.9659435e-01,1.5105182e+00,2.8524453e-35
3.6390647e+00,1.5106384e+00,8.6505789e-06
5.6812128e+00,1.5117986e+00,7.4942428e-07
5.2261254e+00,1.5123854e+00,5.2466532e-06
3.7542774e+00,1.5131841e+00,9.3268573e-06
1.9512179e-01,1.5132598e+00,1.6558601e-35
3.8692393e+00,1.5142443e+00,9.3524336e-06
3.9842714e+00,1.5150659e+00,9.3833556e-06
4.5570501e+00,1.5159927e+00,9.1509159e-06
5.7847618e+00,1.5163913e+00,5.2357296e-07
4.0993231e+00,1.5170538e+00,8.9301541e-06
4.2137635e+00,1.5196287e+00,9.3616468e-06
9.8724436e+00,1.5206361e+00,6.8947522e-04
4.4413853e+00,1.5210638e+00,9.1747914e-06
4.3274743e+00,1.5211215e+00,9.3856535e-06
9.9335511e+00,1.5248512e+00,7.2683023e-04
5.4140622e+00,1.5278646e+00,3.0203813e-06
3.0582910e+00,1.5298810e+00,1.0746346e-05
5.5153814e+00,1.5310062e+00,1.9963646e-06
8.6125704e+00,1.5338757e+00,4.4216125e-02
8.7282910e+00,1.5338973e+00,3.7645590e-02
8.4966740e+00,1.5340226e+00,4.9703648e-02
8.8440859e+00,1.5340429e+00,3.0106203e-02
8.9601796e+00,1.5342695e+00,2.0504515e-02
8.3804495e+00,1.5345580e+00,5.0417069e-02
9.0767069e+00,1.5345896e+00,1.3929876e-02
9.1939980e+00,1.5350959e+00,8.8453668e-03
8.2638432e+00,1.5353543e+00,4.4843565e-02
8.1472498e+00,1.5360713e+00,3.5936575e-02
9.3125020e+00,1.5364724e+00,5.5540682e-03
9.4297594e+00,1.5370944e+00,3.1772294e-03
9.5465557e+00,1.5374033e+00,1.7697316e-03
9.6634050e+00,1.5375966e+00,1.0048262e-03
8.0302227e+00,1.5380116e+00,2.7107654e-02
5.1677664e+00,1.5387677e+00,6.2469592e-06
5.7270128e+00,1.5391721e+00,7.3533430e-07
4.8381637e+00,1.5399702e+00,8.9276759e-06
5.6241253e+00,1.5402245e+00,1.2645612e-06
5.9236236e+00,1.5404185e+00,1.1742080e-06
4.9504031e+00,1.5405532e+00,8.4405214e-06
6.2768233e+00,1.5406684e+00,7.9636442e-04
6.3904263e+00,1.5407199e+00,1.9648295e-03
5.0621098e+00,1.5407559e+00,7.4224107e-06
6.1632977e+00,1.5407627e+00,1.6629003e-04
6.0482609e+00,1.5407973e+00,1.6891026e-05
4.7266150e+00,1.5408706e+00,9.1741559e-06
6.5036033e+00,1.5415128e+00,1.0282769e-02
3.5809561e+00,1.5431207e+00,8.6214847e-06
3.4641720e+00,1.5431218e+00,8.8920489e-06
3.3449043e+00,1.5434866e+00,9.2895256e-06
3.2253253e+00,1.5445767e+00,9.8082592e-06
1.8830501e+00,1.5448422e+00,6.7211854e-35
6.6176602e+00,1.5448545e+00,2.5492328e-02
3.6966440e+00,1.5451727e+00,9.2781057e-06
7.9097372e+00,1.5453413e+00,2.9296953e-02
4.6143712e+00,1.5454516e+00,9.2120595e-06
1.9392852e+00,1.5461843e+00,5.6052343e-35
9.7757772e+00,1.5464171e+00,7.2839764e-04
3.1139103e+00,1.5470321e+00,1.0802257e-05
3.8115948e+00,1.5471536e+00,9.2374787e-06
3.9266160e+00,1.5477735e+00,9.2565560e-06
4.0416667e+00,1.5489707e+00,8.6826908e-06
6.7327815e+00,1.5497101e+00,3.3090994e-02
4.1564553e+00,1.5514506e+00,9.1310848e-06
4.4992585e+00,1.5516065e+00,9.1015046e-06
7.7885753e+00,1.5516216e+00,2.9471103e-02
6.8490378e+00,1.5519850e+00,3.7861287e-02
6.9656864e+00,1.5520064e+00,3.7577486e-02
7.0828334e+00,1.5521091e+00,3.9981944e-02
7.2001788e+00,1.5523254e+00,3.7960380e-02
7.3175673e+00,1.5525761e+00,3.5290417e-02
7.4349825e+00,1.5528062e+00,3.5097035e-02
7.5523822e+00,1.5530127e+00,3.2585790e-02
7.6697149e+00,1.5531759e+00,3.2797347e-02
1.1026442e-01,1.5532321e+00,2.1919337e-35
4.2704891e+00,1.5534458e+00,9.3552812e-06
4.3840624e+00,1.5543643e+00,9.2195696e-06
5.7760360e-02,1.5557338e+00,1.3828989e-35
5.3221455e+00,1.5576788e+00,4.2688303e-06
5.2684621e+00,1.5613517e+00,5.2386400e-06
5.8144018e+00,1.5633601e+00,5.0651818e-07
1.6848792e+00,1.5645886e+00,1.4467551e-34
1.3333580e+00,1.5652548e+00,4.3693419e-34
1.5679886e+00,1.5653023e+00,2.0113732e-34
1.2167602e+00,1.5653337e+00,6.2930520e-34
1.4504502e+00,1.5654755e+00,2.9087792e-34
1.1005232e+00,1.5659421e+00,8.8661392e-34
9.8445146e-01,1.5663609e+00,1.1611207e-33
8.6872032e-01,1.5665359e+00,1.3927166e-33
8.6704341e+00,1.5672566e+00,4.4317568e-02
8.5546847e+00,1.5673222e+00,4.9824630e-02
8.7861127e+00,1.5673476e+00,3.6469166e-02
7.5330192e-01,1.5673837e+00,1.4978895e-33
8.9019778e+00,1.5674812e+00,2.8465214e-02
8.4387004e+00,1.5677125e+00,5.0384651e-02
9.0180924e+00,1.5677431e+00,1.8835976e-02
1.7915798e+00,1.5678672e+00,1.1117131e-34
9.1347775e+00,1.5680456e+00,1.2215970e-02
6.3788457e-01,1.5685482e+00,1.4288642e-33
8.3222984e+00,1.5685492e+00,4.2827869e-02
9.2529963e+00,1.5692933e+00,7.4281518e-03
8.2055669e+00,1.5694246e+00,3.7793886e-02
8.0889603e+00,1.5700415e+00,2.7214730e-02
5.2262346e-01,1.5702046e+00,1.1198394e-33
9.3712619e+00,1.5705594e+00,4.2627587e-03
9.8348749e+00,1.5706100e+00,5.9411276e-04
9.4881555e+00,1.5710042e+00,2.3883497e-03
9.6049175e+00,1.5712062e+00,1.3342732e-03
4.0785965e-01,1.5732916e+00,7.4341973e-34
6.2200516e+00,1.5734776e+00,2.0183560e-04
6.3335801e+00,1.5734960e+00,1.1652034e-03
6.1066037e+00,1.5735804e+00,2.0319665e-05
5.9901175e+00,1.5736852e+00,1.3991122e-06
6.4468344e+00,1.5738905e+00,5.4573754e-03
7.9705099e+00,1.5743689e+00,2.6405791e-02
2.9662071e-01,1.5757511e+00,3.8417354e-34
9.7246372e+00,1.5758379e+00,7.9410354e-04
6.5602034e+00,1.5761084e+00,1.2891013e-02
1.9612902e-01,1.5768748e+00,2.1808184e-34
5.8703084e+00,1.5781952e+00,4.3143719e-07
6.6748424e+00,1.5808297e+00,2.6167124e-02
7.8491091e+00,1.5824069e+00,3.0019737e-02
5.4176265e+00,1.5828435e+00,3.0770599e-06
9.9664121e+00,1.5843411e+00,6.3521308e-04
6.7906919e+00,1.5849269e+00,3.2822838e-02
6.9072601e+00,1.5856658e+00,3.7153294e-02
7.0242048e+00,1.5858127e+00,3.8001340e-02
7.1414487e+00,1.5860646e+00,3.9908298e-02
7.7290652e+00,1.5863164e+00,2.8627676e-02
7.2588178e+00,1.5863589e+00,3.6518002e-02
7.3762149e+00,1.5865918e+00,3.3583982e-02
7.4936403e+00,1.5868073e+00,3.4169208e-02
7.6110030e+00,1.5869774e+00,3.3587617e-02
3.0240055e+00,1.5882353e+00,1.0493582e-05
5.5153160e+00,1.5884523e+00,2.0553383e-06
1.8485330e+00,1.5919374e+00,1.1181027e-34
5.7238674e+00,1.5944543e+00,7.8481892e-07
1.7440064e+00,1.5971027e+00,1.5543048e-34
1.4318492e-01,1.5983844e+00,2.4129437e-34
1.6277895e+00,1.5985281e+00,2.2391261e-34
1.2751115e+00,1.5987333e+00,7.7445053e-34
1.3919021e+00,1.5990478e+00,5.2072197e-34
1.1587646e+00,1.5991357e+00,1.1266720e-33
1.5093369e+00,1.5992729e+00,3.4206341e-34
1.0426248e+00,1.5997284e+00,1.5564460e-33
9.2671952e-01,1.6000046e+00,1.9735713e-33
8.1115910e-01,1.6003318e+00,2.2878028e-33
6.9568274e-01,1.6017014e+00,2.3752820e-33
5.6232136e+00,1.6019936e+00,1.3077443e-06
5.8030430e-01,1.6027433e+00,2.0919143e-33
5.1693270e+00,1.6041769e+00,6.5074074e-06
5.3631479e+00,1.6047571e+00,4.2594388e-06
4.8378753e+00,1.6048115e+00,8.9570733e-06
4.6513400e-01,1.6052907e+00,1.5868779e-33
4.9500882e+00,1.6053529e+00,8.5162084e-06
5.0618677e+00,1.6056323e+00,7.5689462e-06
1.9701616e+00,1.6059867e+00,5.2805747e-35
4.7266250e+00,1.6062346e+00,9.1573546e-06
3.5107049e-01,1.6071939e+00,9.6240159e-34
2.4179600e-01,1.6075702e+00,4.6195692e-34
5.7742340e+00,1.6099008e+00,6.6871317e-07
3.4642050e+00,1.6099285e+00,8.9015230e-06
3.5807447e+00,1.6101389e+00,8.8187842e-06
3.3453618e+00,1.6102882e+00,9.2399786e-06
4.6142688e+00,1.6107106e+00,9.0702626e-06
2.8538623e-02,1.6108159e+00,2.7642661e-35
5.4643791e+00,1.6115906e+00,2.9969500e-06
3.6963161e+00,1.6118168e+00,9.1685278e-06
3.2275442e+00,1.6130582e+00,9.9877056e-06
3.8113957e+00,1.6136352e+00,9.1795250e-06
3.9263747e+00,1.6141804e+00,9.5911628e-06
4.0414483e+00,1.6153557e+00,8.8742783e-06
4.4991051e+00,1.6170934e+00,9.1493407e-06
4.1560743e+00,1.6174306e+00,8.9957264e-06
4.2701242e+00,1.6193432e+00,8.9156155e-06
4.3838527e+00,1.6199635e+00,9.1765429e-06
3.1151793e+00,1.6201380e+00,1.0651619e-05
5.2304587e+00,1.6207835e+00,6.3433346e-06
5.5687185e+00,1.6245967e+00,2.0063646e-06
5.6771557e+00,1.6288500e+00,1.2532069e-06
9.8620657e+00,1.6288518e+00,5.1268575e-04
8.6703638e+00,1.6339721e+00,4.4711043e-02
8.5547211e+00,1.6339861e+00,4.9682002e-02
8.7860758e+00,1.6341097e+00,3.6748087e-02
8.9019014e+00,1.6343498e+00,2.8611924e-02
8.4390066e+00,1.6344842e+00,5.0426884e-02
9.0178567e+00,1.6345538e+00,1.9186211e-02
9.1341447e+00,1.6347413e+00,1.2312665e-02
9.2517549e+00,1.6357170e+00,7.2822155e-03
8.3226509e+00,1.6357520e+00,3.7945207e-02
8.2058176e+00,1.6366376e+00,3.0883523e-02
4.8938380e+00,1.6374950e+00,8.9534366e-06
8.0888429e+00,1.6374979e+00,2.6850827e-02
4.7821380e+00,1.6376291e+00,9.1692514e-06
9.3711300e+00,1.6378912e+00,4.1491800e-03
5.0060447e+00,1.6380402e+00,8.5878907e-06
9.4876362e+00,1.6381248e+00,2.3286653e-03
5.9899084e+00,1.6382550e+00,8.8193116e-07
9.9324954e+00,1.6383677e+00,5.3356945e-04
9.6039129e+00,1.6383857e+00,1.3392337e-03
5.1191881e+00,1.6385906e+00,7.5499287e-06
6.3336540e+00,1.6390070e+00,1.1833001e-03
6.4467692e+00,1.6392173e+00,4.5432980e-03
7.9709079e+00,1.6408410e+00,2.6661297e-02
4.6706072e+00,1.6409502e+00,9.0345461e-06
3.0595601e+00,1.6422026e+00,1.1351433e-05
6.2221700e+00,1.6422808e+00,1.8236466e-04
6.5595098e+00,1.6422848e+00,1.0584451e-02
3.4060129e+00,1.6433397e+00,8.9849292e-06
3.5227129e+00,1.6435344e+00,8.9595368e-06
9.7215597e+00,1.6442154e+00,7.8059132e-04
3.6385254e+00,1.6443006e+00,9.0235735e-06
3.2879657e+00,1.6449216e+00,9.5596917e-06
6.1056087e+00,1.6453727e+00,1.4849914e-05
5.8820062e+00,1.6453755e+00,4.0114333e-07
3.7537503e+00,1.6463099e+00,9.0244133e-06
4.5567943e+00,1.6467386e+00,8.9964298e-06
3.8687989e+00,1.6471329e+00,9.7380032e-06
3.9838117e+00,1.6478579e+00,8.8878018e-06
6.6743327e+00,1.6480047e+00,2.3162284e-02
7.8494141e+00,1.6490163e+00,2.9575348e-02
4.0987237e+00,1.6494188e+00,9.1218523e-06
3.1687979e+00,1.6509307e+00,1.0334515e-05
4.2130176e+00,1.6515061e+00,8.6466345e-06
6.7905085e+00,1.6517266e+00,2.9963301e-02
4.4410223e+00,1.6521498e+00,9.0120603e-06
4.3268998e+00,1.6526180e+00,9.1167702e-06
6.9071495e+00,1.6529455e+00,3.3887652e-02
7.0240819e+00,1.6533814e+00,3.5503887e-02
1.8675203e+00,1.6535345e+00,1.4459672e-34
7.1413154e+00,1.6538316e+00,3.6900480e-02
7.7289730e+00,1.6540885e+00,2.8351543e-02
7.2586934e+00,1.6541705e+00,3.5657578e-02
7.3761099e+00,1.6544158e+00,3.3491345e-02
7.4935563e+00,1.6546148e+00,3.3818283e-02
7.6109085e+00,1.6547173e+00,3.2514997e-02
1.2459669e-01,1.6577462e+00,9.3451894e-34
5.3614151e+00,1.6598953e+00,4.3453003e-06
5.7823739e+00,1.6640084e+00,6.7415691e-07
1.7481157e+00,1.6641954e+00,3.1934285e-34
1.2754539e+00,1.6657311e+00,4.1758319e-33
1.3917705e+00,1.6660312e+00,2.3483233e-33
1.1591048e+00,1.6660988e+00,7.1687538e-33
1.9329138e+00,1.6662416e+00,1.0555509e-34
1.6281656e+00,1.6662439e+00,6.1444041e-34
1.0429503e+00,1.6666773e+00,1.1561282e-32
1.5094554e+00,1.6668422e+00,1.2545649e-33
5.4687640e+00,1.6669560e+00,3.0781171e-06
9.2700601e-01,1.6670781e+00,1.6991212e-32
8.6125365e+00,1.6672552e+00,5.0204818e-02
8.7281838e+00,1.6673750e+00,4.3733699e-02
8.1146544e-01,1.6673899e+00,2.2543932e-32
8.4970166e+00,1.6674582e+00,5.0825938e-02
8.8439725e+00,1.6676736e+00,3.5205625e-02
6.2454455e-02,1.6676759e+00,7.5994566e-34
8.9598675e+00,1.6679488e+00,2.5894704e-02
9.0758385e+00,1.6680959e+00,1.6775616e-02
9.1921239e+00,1.6682153e+00,1.0221323e-02
6.9597533e-01,1.6684431e+00,2.6484895e-32
8.3811081e+00,1.6685325e+00,3.9329964e-02
8.2644463e+00,1.6697701e+00,3.0072659e-02
5.8039670e-01,1.6700929e+00,2.7020471e-32
9.3111288e+00,1.6702279e+00,5.8379377e-03
8.1473831e+00,1.6707407e+00,2.6234699e-02
2.3890634e-01,1.6714871e+00,5.6954011e-33
9.4291082e+00,1.6715468e+00,3.2288233e-03
6.3904350e+00,1.6715577e+00,1.7382720e-03
9.5450318e+00,1.6717034e+00,1.7363928e-03
8.0305033e+00,1.6719400e+00,2.6473401e-02
4.6515147e-01,1.6719544e+00,2.2513615e-32
5.9351123e+00,1.6721686e+00,3.5891293e-07
3.5111086e-01,1.6728783e+00,1.4367984e-32
6.5028445e+00,1.6730159e+00,5.1225789e-03
9.6593229e+00,1.6731536e+00,9.9733730e-04
5.2492050e+00,1.6731600e+00,6.2694238e-06
6.2790156e+00,1.6749826e+00,2.6163559e-04
6.0470569e+00,1.6771594e+00,9.6069081e-07
6.6164568e+00,1.6782059e+00,1.2635284e-02
7.9104402e+00,1.6784227e+00,2.7332755e-02
9.8325000e+00,1.6798749e+00,4.9425401e-04
6.1644213e+00,1.6813582e+00,1.6525534e-05
5.5677087e+00,1.6820244e+00,2.0327323e-06
6.7320884e+00,1.6836848e+00,2.3893345e-02
5.6786933e+00,1.6839229e+00,1.2536222e-06
5.8342395e+00,1.6846479e+00,5.5341949e-07
9.7706537e+00,1.6857466e+00,6.0168304e-04
7.7887880e+00,1.6860031e+00,2.9222185e-02
6.8487438e+00,1.6860643e+00,2.9170362e-02
6.9654529e+00,1.6868547e+00,3.3085365e-02
7.0825771e+00,1.6874448e+00,3.4589140e-02
7.1999211e+00,1.6879041e+00,3.5923175e-02
7.3173379e+00,1.6882118e+00,3.4413193e-02
7.4347935e+00,1.6884377e+00,3.3420317e-02
7.5522036e+00,1.6885601e+00,3.2065306e-02
7.6695282e+00,1.6886878e+00,2.9532124e-02
5.3125282e+00,1.6897586e+00,5.7157444e-06
5.4202786e+00,1.6933471e+00,4.0778442e-06
1.8146764e+00,1.6965568e+00,3.1893593e-34
1.3335689e+00,1.6992361e+00,4.6882847e-33
1.2174428e+00,1.6992947e+00,8.4284421e-33
1.6893645e+00,1.6993970e+00,6.2336299e-34
1.1011889e+00,1.6998542e+00,1.4033320e-32
1.4504371e+00,1.7000282e+00,2.5993164e-33
1.7465113e-01,1.7001535e+00,6.0241091e-33
9.8506344e-01,1.7003833e+00,2.1514894e-32
1.5684831e+00,1.7005875e+00,1.3208259e-33
8.6931314e-01,1.7006675e+00,2.9924543e-32
3.0355545e+00,1.7010262e+00,1.1309150e-05
9.9660833e+00,1.7010854e+00,4.5066041e-04
7.5390085e-01,1.7011834e+00,3.7852700e-32
5.5186910e+00,1.7012455e+00,2.8261529e-06
4.8935417e+00,1.7023244e+00,9.1683790e-06
4.7819156e+00,1.7025334e+00,9.1923512e-06
6.3826957e-01,1.7026394e+00,4.1921885e-32
5.0055105e+00,1.7030084e+00,8.7481976e-06
5.7335450e+00,1.7036348e+00,1.0882189e-06
5.2273334e-01,1.7042179e+00,3.9895468e-32
5.1179884e+00,1.7046255e+00,7.6196759e-06
2.9377141e-01,1.7053524e+00,1.7679505e-32
4.0791748e-01,1.7056397e+00,3.1135697e-32
4.6704957e+00,1.7060782e+00,9.0973755e-06
3.5225690e+00,1.7106256e+00,8.9726311e-06
3.4071346e+00,1.7106488e+00,9.1086054e-06
3.6382324e+00,1.7115546e+00,9.1671378e-06
4.5567334e+00,1.7120037e+00,8.8867570e-06
3.2917617e+00,1.7124828e+00,9.6459675e-06
3.7535732e+00,1.7127498e+00,9.1575158e-06
3.8686280e+00,1.7135503e+00,9.5772186e-06
3.9836082e+00,1.7141842e+00,8.4993383e-06
5.6237413e+00,1.7144943e+00,1.9605766e-06
3.1760784e+00,1.7146737e+00,1.0425830e-05
4.0985145e+00,1.7156991e+00,8.6218583e-06
4.2128335e+00,1.7172954e+00,8.5809430e-06
4.4409803e+00,1.7175306e+00,8.6859368e-06
4.3267032e+00,1.7182732e+00,9.0024865e-06
3.3915832e-02,1.7235268e+00,1.5246062e-33
5.2168251e+00,1.7256929e+00,7.0921482e-06
1.9627522e+00,1.7269216e+00,1.2014764e-34
8.6122292e+00,1.7336680e+00,5.0951347e-02
8.4970250e+00,1.7338262e+00,5.1272490e-02
4.8373566e+00,1.7345452e+00,9.1157021e-06
8.7287835e+00,1.7347032e+00,4.3855906e-02
8.3816834e+00,1.7348698e+00,3.6622788e-02
9.1917297e+00,1.7350212e+00,1.0338464e-02
9.0758655e+00,1.7351102e+00,1.6851009e-02
4.9492577e+00,1.7351506e+00,9.2499551e-06
8.8454661e+00,1.7357598e+00,3.5294685e-02
6.3913927e+00,1.7358424e+00,1.2221714e-03
8.9608444e+00,1.7359991e+00,2.5849327e-02
8.2650625e+00,1.7362236e+00,2.7910079e-02
4.7262911e+00,1.7362669e+00,9.1584293e-06
9.3096612e+00,1.7365282e+00,6.0195652e-03
5.0601338e+00,1.7366356e+00,8.6453271e-06
8.1475146e+00,1.7366899e+00,2.5008608e-02
5.9366619e+00,1.7373549e+00,3.3807071e-07
8.0306328e+00,1.7378603e+00,2.6294866e-02
6.0395599e+00,1.7379627e+00,4.5729467e-07
6.5027094e+00,1.7380617e+00,2.3573381e-03
9.4278470e+00,1.7382857e+00,3.3274888e-03
9.5429882e+00,1.7382897e+00,1.7079250e-03
9.6556759e+00,1.7402788e+00,9.3984740e-04
4.6140963e+00,1.7411036e+00,8.9010155e-06
5.1651508e+00,1.7411685e+00,7.5240210e-06
6.2839341e+00,1.7426915e+00,2.1570599e-04
7.9116262e+00,1.7427123e+00,2.6452836e-02
6.6156786e+00,1.7430565e+00,1.1614914e-02
3.4651829e+00,1.7443289e+00,9.0426344e-06
3.2386208e+00,1.7443623e+00,9.9302924e-06
3.5803079e+00,1.7444841e+00,9.1088441e-06
3.3502796e+00,1.7451585e+00,9.4311876e-06
3.6958461e+00,1.7455107e+00,9.2449312e-06
9.8655201e+00,1.7461765e+00,4.4541659e-04
3.8110476e+00,1.7464926e+00,9.4544159e-06
5.8357832e+00,1.7469113e+00,5.5260422e-07
3.9260003e+00,1.7469242e+00,8.4007647e-06
6.7320828e+00,1.7475419e+00,2.1939739e-02
4.4990021e+00,1.7477393e+00,8.8197533e-06
4.0410357e+00,1.7479623e+00,8.6529551e-06
6.8488756e+00,1.7492616e+00,2.6179325e-02
4.1556810e+00,1.7495002e+00,8.3108367e-06
7.7890472e+00,1.7495555e+00,2.8685715e-02
9.7628347e+00,1.7501048e+00,6.0466730e-04
6.9656058e+00,1.7502065e+00,2.9564470e-02
4.2697434e+00,1.7507878e+00,8.9978517e-06
7.0827375e+00,1.7508541e+00,3.1119146e-02
4.3836141e+00,1.7509995e+00,8.7762582e-06
7.2001311e+00,1.7512851e+00,3.2520329e-02
7.3175879e+00,1.7515608e+00,3.1742187e-02
7.4350780e+00,1.7517475e+00,3.1182367e-02
7.5525120e+00,1.7518265e+00,2.9880118e-02
7.6698404e+00,1.7519085e+00,2.8121306e-02
6.1729229e+00,1.7525339e+00,1.1442228e-05
5.4225569e+00,1.7546514e+00,4.1026567e-06
5.3103636e+00,1.7559983e+00,5.7626544e-06
9.9286737e+00,1.7578710e+00,3.9784126e-04
3.0694972e+00,1.7598904e+00,1.1007308e-05
5.5242514e+00,1.7610797e+00,2.8830911e-06
3.1323970e+00,1.7623531e+00,1.0510233e-05
5.7376281e+00,1.7627051e+00,1.1086270e-06
5.9839609e+00,1.7642446e+00,3.0077738e-07
1.6922979e-01,1.7655847e+00,1.1071831e-31
1.8151183e+00,1.7660797e+00,4.6272275e-34
1.3339877e+00,1.7662443e+00,1.8502230e-32
1.2178177e+00,1.7663261e+00,3.9911685e-32
1.4503362e+00,1.7665428e+00,8.1649912e-33
8.5544222e+00,1.7667669e+00,5.4214438e-02
1.1014779e+00,1.7668329e+00,7.7189380e-32
8.4395902e+00,1.7671895e+00,4.0229554e-02
9.8534797e-01,1.7673224e+00,1.3817710e-31
1.5685243e+00,1.7674518e+00,3.2913657e-33
8.6959168e-01,1.7676408e+00,2.2367833e-31
8.6706562e+00,1.7677130e+00,5.0014070e-02
1.6887928e+00,1.7681225e+00,1.1623799e-33
7.5398186e-01,1.7681607e+00,3.2781275e-31
8.3238423e+00,1.7685427e+00,3.0227247e-02
6.4475918e+00,1.7685478e+00,2.0844021e-03
9.1337776e+00,1.7685615e+00,1.4083734e-02
5.6272580e+00,1.7687631e+00,1.9902140e-06
9.2498933e+00,1.7688233e+00,8.1731677e-03
8.2065653e+00,1.7690403e+00,2.4732540e-02
6.3850106e-01,1.7692778e+00,4.2078774e-31
8.0891039e+00,1.7693674e+00,2.4317825e-02
8.7881691e+00,1.7695240e+00,4.2123380e-02
9.0188606e+00,1.7696185e+00,2.2804713e-02
8.9043718e+00,1.7704864e+00,3.2756055e-02
5.2274589e-01,1.7707614e+00,4.7522731e-31
2.9361040e-01,1.7709063e+00,2.8973493e-31
9.3684013e+00,1.7709304e+00,4.4672397e-03
6.3395301e+00,1.7710007e+00,3.3885800e-04
7.9722234e+00,1.7710509e+00,2.6114826e-02
4.0791630e-01,1.7713737e+00,4.2821397e-31
9.4843314e+00,1.7714499e+00,2.3039524e-03
9.5982223e+00,1.7720972e+00,1.2400235e-03
6.5585965e+00,1.7721812e+00,5.4628307e-03
5.8850995e+00,1.7728252e+00,4.9941350e-07
5.2554366e+00,1.7754896e+00,7.1404008e-06
9.7100937e+00,1.7756988e+00,7.0982714e-04
6.6735490e+00,1.7767124e+00,1.3689986e-02
7.8508593e+00,1.7768583e+00,2.6605841e-02
6.7906347e+00,1.7787811e+00,2.1714310e-02
5.8277656e-02,1.7788730e+00,3.8176334e-32
6.0754654e+00,1.7789278e+00,4.5617318e-07
6.9074342e+00,1.7794946e+00,2.5987183e-02
7.0243952e+00,1.7801424e+00,2.8601958e-02
7.1416857e+00,1.7806220e+00,3.0623576e-02
7.7295444e+00,1.7808615e+00,2.8211869e-02
7.2591534e+00,1.7809006e+00,3.1252152e-02
7.3766444e+00,1.7810746e+00,3.0653987e-02
6.2355901e+00,1.7811654e+00,2.0852958e-05
7.4941492e+00,1.7811910e+00,3.0098526e-02
7.6115290e+00,1.7812043e+00,2.8354815e-02
5.7880007e+00,1.7853421e+00,9.1740553e-07
1.9340134e+00,1.7855292e+00,1.9518526e-34
9.8211881e+00,1.7862079e+00,4.8188027e-04
5.3615288e+00,1.7874393e+00,5.7032815e-06
5.4766027e+00,1.7880946e+00,3.9682128e-06
6.1292457e+00,1.7892670e+00,8.4921826e-07
5.5767857e+00,1.7961275e+00,2.7496711e-06
5.6862931e+00,1.7972621e+00,1.7001242e-06
1.1499855e-01,1.7973375e+00,1.0807812e-31
4.8371064e+00,1.7994404e+00,9.2608899e-06
1.3920885e+00,1.7995540e+00,1.9423059e-32
1.2762476e+00,1.7997707e+00,4.3495058e-32
4.9489438e+00,1.7999371e+00,9.2016929e-06
1.1597687e+00,1.8001089e+00,8.5903494e-32
1.5093957e+00,1.8002211e+00,8.4194026e-33
1.0435238e+00,1.8005951e+00,1.5862300e-31
4.7259394e+00,1.8009404e+00,9.0570723e-06
9.2756908e-01,1.8009905e+00,2.6468447e-31
8.1182498e-01,1.8013404e+00,4.0891812e-31
1.6276350e+00,1.8018338e+00,3.3066869e-33
6.9628783e-01,1.8020587e+00,5.4768608e-31
5.0594169e+00,1.8022851e+00,8.7065662e-06
1.7479859e+00,1.8024438e+00,1.1237406e-33
2.3332399e-01,1.8024722e+00,3.5150757e-31
1.8690619e+00,1.8026623e+00,4.5282623e-34
5.8064074e-01,1.8032748e+00,6.8037917e-31
3.5094866e-01,1.8041661e+00,5.7401634e-31
4.6516284e-01,1.8042319e+00,6.9937000e-31
4.6139092e+00,1.8062915e+00,8.8718085e-06
5.1644253e+00,1.8081927e+00,7.8614779e-06
3.4648877e+00,1.8113746e+00,8.9515616e-06
3.5800785e+00,1.8114058e+00,9.1072618e-06
3.2337628e+00,1.8117088e+00,9.9497730e-06
3.6956300e+00,1.8122551e+00,9.1106739e-06
3.8108655e+00,1.8129194e+00,9.1724091e-06
3.3495894e+00,1.8130459e+00,9.3006179e-06
4.4988476e+00,1.8132898e+00,9.0393787e-06
3.9258710e+00,1.8133119e+00,8.3875038e-06
4.0408291e+00,1.8141961e+00,8.9775627e-06
4.1554846e+00,1.8155047e+00,8.6369939e-06
4.2695764e+00,1.8164965e+00,8.9484078e-06
4.3834351e+00,1.8166779e+00,8.9956259e-06
9.9625904e+00,1.8214915e+00,3.8071426e-04
3.0339427e+00,1.8235701e+00,1.1112828e-05
5.2245922e+00,1.8250041e+00,7.6753278e-06
3.1696085e+00,1.8261328e+00,1.0302309e-05
6.3476294e+00,1.8291496e+00,3.0267523e-04
5.9976822e+00,1.8300638e+00,2.9345713e-07
6.4479904e+00,1.8318637e+00,2.6991950e-03
4.8929776e+00,1.8320061e+00,9.2944379e-06
4.7813137e+00,1.8321021e+00,9.1572177e-06
8.5525845e+00,1.8321638e+00,5.3850769e-02
2.4361824e-02,1.8331241e+00,7.0594730e-32
5.0044798e+00,1.8334445e+00,8.9872516e-06
8.4400230e+00,1.8335882e+00,4.1795777e-02
8.0889323e+00,1.8337397e+00,2.3275076e-02
8.3244083e+00,1.8338476e+00,2.8885845e-02
8.2064966e+00,1.8338610e+00,2.4203481e-02
8.6703619e+00,1.8353119e+00,5.0466178e-02
7.9722313e+00,1.8353815e+00,2.3997661e-02
9.1338058e+00,1.8354697e+00,1.4223876e-02
9.2496978e+00,1.8357046e+00,8.0773497e-03
4.6699569e+00,1.8359396e+00,8.9316580e-06
6.5585631e+00,1.8366866e+00,6.5014593e-03
9.3664503e+00,1.8370007e+00,4.3420315e-03
5.1165460e+00,1.8372993e+00,8.7117303e-06
6.0505389e+00,1.8374593e+00,1.7044354e-07
9.0200369e+00,1.8378434e+00,2.3079844e-02
9.4820856e+00,1.8379042e+00,2.2643541e-03
8.7908944e+00,1.8379506e+00,4.2769097e-02
9.5958508e+00,1.8382032e+00,1.2332026e-03
7.8521990e+00,1.8386107e+00,2.5011586e-02
6.7917203e+00,1.8389342e+00,2.0420398e-02
6.6738489e+00,1.8392004e+00,1.3778550e-02
8.9069878e+00,1.8396073e+00,3.2965765e-02
6.9086298e+00,1.8396424e+00,2.3887290e-02
9.7093284e+00,1.8396916e+00,7.0502389e-04
5.8926299e+00,1.8400380e+00,5.0509914e-07
7.0255585e+00,1.8404971e+00,2.5842383e-02
7.7311201e+00,1.8406599e+00,2.6820350e-02
7.2604910e+00,1.8409207e+00,2.6758570e-02
7.4955792e+00,1.8410754e+00,2.6321151e-02
7.1427297e+00,1.8411967e+00,2.6893458e-02
7.3778006e+00,1.8414614e+00,2.6501454e-02
7.6127784e+00,1.8415323e+00,2.5740734e-02
4.5563917e+00,1.8427420e+00,9.0586656e-06
1.9712612e+00,1.8443218e+00,2.3603884e-34
3.5220444e+00,1.8445931e+00,8.9933620e-06
3.6377869e+00,1.8452207e+00,8.9412284e-06
3.4061493e+00,1.8455819e+00,9.0467235e-06
3.7531751e+00,1.8459209e+00,9.0350389e-06
9.8238371e+00,1.8461918e+00,4.5962064e-04
3.8683166e+00,1.8463647e+00,8.5267594e-06
3.9832723e+00,1.8468057e+00,9.0268109e-06
3.2862135e+00,1.8477167e+00,9.5273575e-06
4.0981115e+00,1.8479374e+00,8.6178735e-06
4.4406467e+00,1.8487595e+00,8.7224565e-06
4.2124700e+00,1.8490086e+00,9.0957574e-06
4.3263572e+00,1.8496604e+00,8.9733158e-06
5.7926051e+00,1.8498775e+00,9.2391856e-07
6.2496803e+00,1.8507563e+00,1.2903433e-05
5.3605441e+00,1.8524472e+00,5.8605707e-06
5.4767932e+00,1.8525923e+00,4.0276068e-06
5.5850873e+00,1.8559804e+00,2.7781755e-06
6.1437945e+00,1.8560868e+00,4.2746036e-07
5.6920888e+00,1.8572586e+00,1.7000387e-06
6.3998906e+00,1.8573072e+00,5.9506956e-04
8.4956200e+00,1.8656219e+00,4.7173504e-02
8.1472743e+00,1.8658829e+00,2.3236388e-02
6.5030746e+00,1.8658830e+00,5.9640616e-03
1.5098360e+00,1.8662248e+00,1.7677178e-32
1.3929032e+00,1.8662404e+00,5.2292182e-32
2.2734492e-01,1.8663275e+00,5.5905087e-30
8.2655597e+00,1.8663492e+00,2.5147662e-02
8.0304691e+00,1.8665633e+00,2.4055645e-02
8.3826821e+00,1.8665734e+00,3.1422378e-02
8.6100972e+00,1.8666639e+00,5.3878569e-02
1.2766435e+00,1.8667736e+00,1.3922363e-31
1.1600973e+00,1.8671309e+00,3.2827476e-31
1.1557151e-01,1.8673916e+00,2.1142996e-30
1.0438188e+00,1.8676147e+00,7.2068881e-31
9.2780703e-01,1.8680048e+00,1.4094184e-30
1.6273163e+00,1.8680492e+00,5.5942906e-33
8.1189223e-01,1.8683840e+00,2.5145659e-30
7.9129738e+00,1.8687955e+00,2.3290185e-02
9.1915626e+00,1.8688108e+00,1.0945350e-02
6.9612567e-01,1.8689953e+00,4.0395914e-30
9.3075147e+00,1.8694799e+00,6.1399062e-03
6.8511567e+00,1.8695626e+00,1.9997298e-02
5.8058867e-01,1.8697963e+00,5.8235809e-30
3.5077027e-01,1.8700441e+00,7.2912369e-30
6.6159452e+00,1.8700499e+00,1.0453281e-02
6.7334684e+00,1.8701831e+00,1.5398691e-02
9.0770700e+00,1.8702434e+00,1.9348683e-02
4.6522245e-01,1.8702901e+00,7.2171615e-30
9.6525391e+00,1.8703776e+00,8.0960133e-04
5.9579135e+00,1.8703869e+00,3.5844487e-07
1.7466251e+00,1.8704217e+00,1.4127717e-33
6.3061237e+00,1.8704313e+00,2.6857743e-05
6.9679647e+00,1.8707090e+00,2.3014183e-02
8.7312145e+00,1.8707287e+00,4.8963199e-02
9.4236502e+00,1.8708103e+00,3.0233343e-03
9.5383709e+00,1.8708502e+00,1.5269795e-03
7.7919627e+00,1.8711064e+00,2.5537364e-02
7.0849447e+00,1.8717835e+00,2.5171680e-02
7.2025126e+00,1.8718800e+00,2.6099772e-02
7.3200817e+00,1.8719677e+00,2.5684033e-02
7.4376642e+00,1.8720187e+00,2.5429789e-02
7.6726656e+00,1.8720348e+00,2.6328317e-02
7.5551915e+00,1.8720388e+00,2.5387999e-02
8.8508073e+00,1.8733073e+00,4.0160624e-02
8.9646366e+00,1.8733450e+00,2.9011658e-02
5.2465869e+00,1.8738427e+00,7.5995440e-06
9.7647184e+00,1.8740814e+00,4.7951608e-04
1.8663403e+00,1.8768595e+00,5.2253391e-34
5.8479179e+00,1.8786595e+00,7.3531389e-07
9.9355797e+00,1.8803151e+00,3.9315690e-04
6.0904623e+00,1.8825170e+00,1.5783548e-07
3.0664786e+00,1.8826420e+00,1.0997885e-05
3.1392447e+00,1.8827420e+00,1.0376379e-05
5.4217627e+00,1.8841571e+00,5.4956776e-06
5.5327435e+00,1.8854304e+00,3.7622252e-06
5.8850623e-02,1.8859643e+00,2.1026348e-30
5.7480281e+00,1.8872369e+00,1.3990483e-06
5.3096509e+00,1.8884250e+00,7.0752019e-06
5.6413552e+00,1.8886124e+00,2.4708424e-06
6.2015619e+00,1.8889445e+00,5.1928805e-07
9.8750751e+00,1.8893887e+00,3.7801015e-04
4.8921748e+00,1.8965399e+00,9.1137820e-06
4.7809274e+00,1.8969140e+00,9.1874289e-06
5.1141563e+00,1.8983490e+00,8.7641534e-06
1.4515912e+00,1.8992329e+00,5.2900878e-32
1.9312918e+00,1.8994089e+00,3.8263552e-34
1.6382369e-01,1.8994942e+00,6.6359098e-30
1.5686458e+00,1.8996709e+00,1.7122135e-32
1.3351983e+00,1.8999336e+00,1.4319744e-31
1.2185421e+00,1.9003510e+00,3.3909028e-31
2.8745294e-01,1.9006396e+00,9.6385896e-30
1.1021014e+00,1.9008746e+00,7.7142291e-31
4.6697329e+00,1.9009589e+00,9.1011283e-06
9.8588089e-01,1.9013564e+00,1.5351601e-30
8.6989687e-01,1.9016987e+00,2.7914769e-30
7.5388694e-01,1.9021409e+00,4.6688442e-30
1.6871133e+00,1.9023158e+00,5.3091381e-33
6.3828683e-01,1.9027359e+00,6.9685681e-30
4.0779752e-01,1.9033099e+00,1.0474244e-29
5.2275345e-01,1.9033411e+00,9.2450974e-30
5.0061155e+00,1.9035927e+00,9.0667416e-06
4.5561716e+00,1.9082335e+00,9.2167531e-06
1.8110360e+00,1.9082548e+00,1.1846551e-33
3.5218928e+00,1.9115995e+00,8.9439832e-06
3.6376022e+00,1.9119939e+00,8.8224245e-06
3.4056537e+00,1.9120220e+00,9.0679021e-06
3.7530140e+00,1.9124693e+00,8.9528002e-06
3.8682185e+00,1.9128252e+00,8.6789579e-06
3.9831740e+00,1.9132609e+00,9.1437644e-06
6.3978314e+00,1.9133575e+00,3.9553414e-04
3.2859134e+00,1.9138982e+00,9.4513144e-06
4.0979029e+00,1.9140594e+00,8.9436060e-06
4.4403364e+00,1.9146700e+00,8.3679559e-06
4.2122666e+00,1.9149010e+00,9.8120471e-06
4.3262120e+00,1.9153906e+00,8.8313639e-06
6.3379282e+00,1.9231035e+00,1.5838531e-05
8.6007254e+00,1.9248795e+00,5.3761541e-02
4.8359174e+00,1.9287861e+00,9.0419427e-06
4.7253292e+00,1.9307716e+00,9.1124518e-06
6.5022651e+00,1.9317207e+00,5.2653355e-03
8.1470775e+00,1.9320872e+00,2.2384917e-02
8.2651423e+00,1.9323222e+00,2.4718768e-02
8.4966662e+00,1.9323232e+00,4.7246527e-02
8.0299875e+00,1.9326683e+00,2.2903581e-02
8.3826570e+00,1.9330368e+00,2.4156770e-02
6.8523602e+00,1.9332858e+00,1.5257925e-02
5.0586629e+00,1.9334831e+00,9.1370328e-06
7.9123694e+00,1.9339283e+00,2.0216498e-02
6.7345201e+00,1.9339305e+00,1.4778416e-02
6.9694573e+00,1.9342244e+00,1.8343543e-02
4.9497767e+00,1.9346190e+00,9.3628429e-06
6.6168832e+00,1.9346278e+00,1.0622963e-02
7.7933568e+00,1.9346717e+00,2.2505958e-02
7.0866134e+00,1.9351144e+00,1.9739839e-02
7.2042433e+00,1.9351234e+00,2.0758160e-02
7.3218567e+00,1.9351560e+00,1.9306403e-02
7.6746370e+00,1.9351724e+00,2.4584872e-02
7.4394780e+00,1.9351727e+00,2.2515972e-02
7.5570635e+00,1.9351786e+00,2.2461727e-02
9.6524184e+00,1.9354657e+00,7.2008685e-04
9.1915818e+00,1.9354833e+00,1.1079585e-02
9.3069481e+00,1.9358716e+00,6.2222759e-03
4.6134652e+00,1.9368023e+00,9.1609579e-06
5.2150454e+00,1.9368061e+00,8.1315133e-06
9.5370010e+00,1.9368353e+00,1.4192336e-03
9.4220874e+00,1.9368531e+00,3.0088589e-03
9.7629910e+00,1.9372316e+00,4.1461679e-04
9.0780349e+00,1.9376295e+00,1.9034501e-02
8.7372416e+00,1.9381243e+00,4.9497314e-02
5.9722606e+00,1.9409956e+00,3.5771739e-07
9.9729893e+00,1.9411765e+00,3.5286188e-04
8.8546396e+00,1.9412912e+00,4.0511465e-02
8.9665574e+00,1.9413088e+00,2.8918104e-02
3.0325360e+00,1.9414249e+00,1.1000225e-05
3.4488799e-02,1.9417291e+00,4.7283481e-30
3.1689668e+00,1.9434214e+00,1.0334878e-05
4.4983172e+00,1.9446916e+00,8.6006859e-06
3.4642406e+00,1.9448210e+00,9.0150214e-06
3.5797422e+00,1.9451854e+00,8.7444067e-06
3.6952842e+00,1.9455767e+00,8.7861021e-06
3.3487937e+00,1.9456675e+00,9.1929837e-06
5.1607093e+00,1.9459128e+00,8.6954179e-06
3.8106062e+00,1.9459282e+00,8.9395419e-06
3.9256745e+00,1.9462275e+00,8.9923320e-06
4.0405222e+00,1.9467734e+00,8.7794253e-06
6.0899085e+00,1.9473514e+00,1.5013977e-07
4.1550726e+00,1.9475192e+00,1.0018116e-05
4.2692279e+00,1.9481192e+00,9.2338305e-06
5.8595663e+00,1.9481981e+00,7.4363615e-07
4.3829796e+00,1.9483187e+00,8.4551288e-06
9.8619718e+00,1.9484749e+00,3.0694874e-04
5.4218054e+00,1.9489238e+00,5.5869456e-06
5.5338840e+00,1.9493211e+00,3.7884746e-06
5.6450812e+00,1.9507679e+00,2.4396301e-06
5.7533034e+00,1.9513301e+00,1.4156749e-06
5.3156994e+00,1.9520830e+00,7.1038176e-06
6.4451216e+00,1.9537516e+00,5.0507673e-04
6.2066717e+00,1.9553861e+00,1.2168239e-07
3.2342276e+00,1.9557556e+00,9.6596758e-06
8.5442588e+00,1.9570807e+00,4.6006746e-02
8.6367131e+00,1.9577430e+00,5.3018278e-02
1.9600307e+00,1.9598489e+00,3.7832505e-34
1.6915546e-01,1.9618497e+00,1.1240495e-28
1.5696902e+00,1.9658514e+00,2.2769395e-32
1.4530744e+00,1.9659889e+00,8.9015911e-32
8.2058824e+00,1.9660382e+00,2.3386639e-02
8.0882539e+00,1.9660490e+00,2.1137617e-02
8.3239659e+00,1.9662839e+00,2.4544591e-02
2.8368849e-01,1.9663980e+00,1.0020019e-28
6.7939755e+00,1.9664048e+00,1.1636051e-02
7.9711454e+00,1.9666193e+00,2.2190359e-02
1.3358826e+00,1.9667334e+00,2.9203360e-31
8.4410441e+00,1.9667528e+00,1.3438094e-02
6.9113258e+00,1.9668810e+00,1.6872064e-02
6.5586916e+00,1.9671021e+00,6.8358232e-03
7.8529887e+00,1.9673089e+00,2.0138527e-02
1.6874026e+00,1.9673098e+00,6.2753062e-33
1.2190384e+00,1.9673312e+00,8.4815248e-31
7.0287197e+00,1.9673433e+00,1.8096628e-02
7.2639967e+00,1.9673524e+00,1.7774820e-02
7.7344857e+00,1.9673628e+00,2.2741923e-02
7.4992651e+00,1.9673691e+00,2.1796047e-02
6.6758387e+00,1.9675256e+00,1.5023520e-02
7.1461290e+00,1.9677710e+00,1.9664656e-02
7.3813894e+00,1.9678036e+00,2.2572874e-02
7.6166220e+00,1.9678095e+00,2.4058767e-02
8.6915589e+00,1.9678467e+00,5.3020383e-02
1.1024570e+00,1.9679195e+00,2.2730106e-30
9.7074803e+00,1.9679299e+00,4.6930423e-04
9.8613390e-01,1.9683982e+00,5.2643658e-30
9.8090065e+00,1.9684282e+00,3.2114749e-04
8.6994068e-01,1.9687342e+00,1.1083379e-29
9.2491504e+00,1.9687688e+00,8.1764563e-03
7.5387119e-01,1.9690765e+00,2.1512974e-29
9.5943601e+00,1.9692765e+00,9.0732530e-04
9.3643208e+00,1.9694352e+00,4.2071355e-03
9.1347899e+00,1.9695283e+00,1.5001951e-02
6.3811318e-01,1.9695289e+00,3.6931545e-29
4.0764516e-01,1.9696541e+00,8.3920068e-29
5.2268426e-01,1.9698130e+00,5.9783890e-29
9.4791528e+00,1.9699322e+00,1.9541099e-03
9.0229227e+00,1.9731933e+00,2.4743864e-02
8.8007537e+00,1.9733301e+00,4.6637452e-02
6.3219998e+00,1.9743194e+00,2.0101961e-06
8.9127409e+00,1.9755550e+00,3.6378738e-02
6.0341079e+00,1.9774222e+00,2.4808615e-07
1.8090481e+00,1.9781204e+00,1.4318749e-33
5.9186253e+00,1.9801853e+00,5.5552146e-07
5.3666354e+00,1.9808719e+00,7.0027799e-06
5.4779765e+00,1.9812498e+00,5.2546584e-06
5.5899537e+00,1.9820266e+00,3.4765827e-06
5.2604309e+00,1.9832367e+00,8.2095836e-06
5.7010900e+00,1.9835072e+00,2.1081647e-06
5.8095287e+00,1.9835091e+00,1.1339345e-06
6.1483505e+00,1.9873628e+00,1.0268331e-07
5.0695783e+00,1.9898088e+00,9.1920969e-06
6.2610435e+00,1.9915587e+00,1.1168938e-07
4.8352124e+00,1.9933711e+00,9.3094959e-06
2.2891225e-01,1.9944414e+00,1.3013739e-28
4.7249912e+00,1.9956829e+00,8.9783609e-06
9.8935183e+00,1.9972557e+00,2.8626556e-04
9.9440311e+00,1.9990309e+00,3.0584340e-04
6.7566196e-02,1.9991200e+00,1.1469248e-28
1.5123635e+00,1.9991613e+00,8.6326511e-32
1.6286499e+00,1.9992237e+00,2.0826152e-32
1.3950708e+00,1.9997961e+00,2.8734646e-31
3.0644593e+00,2.0002484e+00,1.0805606e-05
5.1328671e+00,2.0004108e+00,9.0262970e-06
1.2778242e+00,2.0005535e+00,8.4580008e-31
1.1609492e+00,2.0011560e+00,2.3150289e-30
1.0444274e+00,2.0017015e+00,5.4053483e-30
4.6133331e+00,2.0019329e+00,9.0323369e-06
9.2810384e-01,2.0020821e+00,1.1410306e-29
3.1281240e+00,2.0021450e+00,1.0353322e-05
3.4685345e-01,2.0021466e+00,1.2001553e-28
8.1192029e-01,2.0023551e+00,2.2930004e-29
6.9593627e-01,2.0027239e+00,3.9461614e-29
4.9462728e+00,2.0027879e+00,9.4827264e-06
5.8034583e-01,2.0030613e+00,6.3873541e-29
4.6500090e-01,2.0031061e+00,9.3617578e-29
1.7449265e+00,2.0052813e+00,5.5524465e-33
1.2961886e-01,2.0058658e+00,1.4666254e-28
6.4305670e+00,2.0082281e+00,3.8763015e-05
8.6092335e+00,2.0096399e+00,5.2338146e-02
4.4984188e+00,2.0098281e+00,8.5940844e-06
3.3519833e+00,2.0103463e+00,9.2340542e-06
8.5568394e+00,2.0112060e+00,4.3822204e-02
3.4641439e+00,2.0117679e+00,9.0867589e-06
3.5796469e+00,2.0120694e+00,8.8592485e-06
3.6952327e+00,2.0122191e+00,8.9141900e-06
3.8105466e+00,2.0124148e+00,9.2569727e-06
3.9256160e+00,2.0126677e+00,9.0817879e-06
4.0404542e+00,2.0130357e+00,8.8223820e-06
4.1549586e+00,2.0135052e+00,9.6382752e-06
4.3829782e+00,2.0138091e+00,8.7814235e-06
4.2691301e+00,2.0138719e+00,8.7349339e-06
3.2498604e+00,2.0163539e+00,9.8434044e-06
1.9278412e+00,2.0187437e+00,4.5314571e-34
6.3673484e+00,2.0190499e+00,1.7819907e-06
1.8609017e+00,2.0263774e+00,1.3653810e-33
4.7798846e+00,2.0264104e+00,8.8633228e-06
9.8092026e+00,2.0282341e+00,2.9646702e-04
4.8879659e+00,2.0292938e+00,9.6352062e-06
4.6692629e+00,2.0310008e+00,8.9822409e-06
9.2491424e+00,2.0351955e+00,8.0683859e-03
9.5940093e+00,2.0353133e+00,8.8349989e-04
9.3638948e+00,2.0355364e+00,4.1069307e-03
9.4787068e+00,2.0356900e+00,2.0117850e-03
9.7067617e+00,2.0359006e+00,4.3914063e-04
8.6994856e+00,2.0362470e+00,5.4001447e-02
9.1355855e+00,2.0363349e+00,1.5006949e-02
4.5561412e+00,2.0385006e+00,8.5229542e-06
3.3047359e+00,2.0391753e+00,9.5609262e-06
9.0241916e+00,2.0396827e+00,2.5073376e-02
5.0443045e+00,2.0404403e+00,9.2879736e-06
8.8043170e+00,2.0405635e+00,4.7214887e-02
8.9145609e+00,2.0417943e+00,3.6674840e-02
3.4087466e+00,2.0436476e+00,9.1628174e-06
5.2555263e+00,2.0438639e+00,8.3281478e-06
5.3670754e+00,2.0449998e+00,7.0871685e-06
4.4404366e+00,2.0452968e+00,9.0508566e-06
3.5217008e+00,2.0454304e+00,8.9975756e-06
3.6374555e+00,2.0455204e+00,8.9960664e-06
3.7529029e+00,2.0455984e+00,9.1563248e-06
3.8681003e+00,2.0457520e+00,9.3425116e-06
5.4779908e+00,2.0458125e+00,5.3270395e-06
3.9830474e+00,2.0459635e+00,8.7334155e-06
4.0977209e+00,2.0463078e+00,9.5369964e-06
9.8602205e+00,2.0465273e+00,2.6356642e-04
4.3261128e+00,2.0466337e+00,8.4748962e-06
4.2120549e+00,2.0466397e+00,9.0618407e-06
5.5897961e+00,2.0466680e+00,3.5032646e-06
5.7017685e+00,2.0475339e+00,2.1078208e-06
5.9242498e+00,2.0483620e+00,5.6050282e-07
5.8130233e+00,2.0485070e+00,1.1246174e-06
6.0368014e+00,2.0495065e+00,2.4858928e-07
4.9928756e+00,2.0512318e+00,9.2599463e-06
6.1488246e+00,2.0515181e+00,1.0103644e-07
5.1449320e+00,2.0530969e+00,8.9611785e-06
8.6457745e+00,2.0543286e+00,5.4252579e-02
6.2558033e+00,2.0557535e+00,4.2979855e-08
6.4682345e+00,2.0561321e+00,2.7074480e-06
8.5289870e+00,2.0567326e+00,4.1032832e-02
9.9710419e+00,2.0578544e+00,2.6453426e-04
3.0319233e+00,2.0588235e+00,1.0123625e-05
3.3077398e-02,2.0595695e+00,3.0251232e-28
3.1591879e+00,2.0602802e+00,1.0319726e-05
2.2653018e-01,2.0608466e+00,7.5599890e-28
3.2156635e+00,2.0621549e+00,9.8606936e-06
9.7624685e+00,2.0650081e+00,2.9300718e-04
1.6303447e+00,2.0662218e+00,2.4834632e-32
1.5133654e+00,2.0664277e+00,1.0246458e-31
6.3526077e+00,2.0669538e+00,1.1591697e-07
1.3958938e+00,2.0670281e+00,4.1618885e-31
1.2784128e+00,2.0677358e+00,1.4677525e-30
1.1613707e+00,2.0683231e+00,4.5430667e-30
9.3065141e+00,2.0683995e+00,5.2485460e-03
9.5362042e+00,2.0686298e+00,1.1209619e-03
9.4212154e+00,2.0687122e+00,2.5445863e-03
9.1923693e+00,2.0687165e+00,1.0892512e-02
1.0447006e+00,2.0688045e+00,1.2021692e-29
3.4460794e-01,2.0689734e+00,5.4570333e-28
9.2828968e-01,2.0691351e+00,2.8072896e-29
8.1206119e-01,2.0692911e+00,6.1748159e-29
9.6513490e+00,2.0694731e+00,5.2632174e-04
6.9614209e-01,2.0695655e+00,1.1747101e-28
1.6536199e-01,2.0698426e+00,9.4139992e-28
5.8040223e-01,2.0698435e+00,2.0476353e-28
4.6435844e-01,2.0698722e+00,3.5143330e-28
9.0800995e+00,2.0709254e+00,1.9694759e-02
1.7425418e+00,2.0716711e+00,6.4567177e-33
8.7487317e+00,2.0737581e+00,5.3447518e-02
8.9696464e+00,2.0740375e+00,3.1833006e-02
8.8600229e+00,2.0747639e+00,4.3723526e-02
5.3112349e+00,2.0768382e+00,8.2113552e-06
5.1989859e+00,2.0771304e+00,8.8820777e-06
5.4222598e+00,2.0776144e+00,6.7381326e-06
5.5337407e+00,2.0785251e+00,4.9396855e-06
5.6456021e+00,2.0794360e+00,3.0964514e-06
5.7574765e+00,2.0803546e+00,1.8170518e-06
5.9805785e+00,2.0812567e+00,4.0835411e-07
5.8686853e+00,2.0813726e+00,9.0797634e-07
1.9678105e+00,2.0827043e+00,4.7925062e-34
6.0930761e+00,2.0835910e+00,1.7021747e-07
6.2019056e+00,2.0837363e+00,6.4356368e-08
5.0886430e+00,2.0850033e+00,9.2959148e-06
6.3020190e+00,2.0864181e+00,2.9355218e-08
1.8449588e+00,2.0897057e+00,1.6328693e-33
4.7789661e+00,2.0911610e+00,9.0529996e-06
4.6690714e+00,2.0960957e+00,8.7482890e-06
4.8845064e+00,2.0965383e+00,9.3965062e-06
2.7906091e-01,2.0996300e+00,7.6824219e-28
1.5723868e+00,2.1001160e+00,9.2947733e-32
1.4548994e+00,2.1004874e+00,4.0193455e-31
1.6867126e+00,2.1006978e+00,2.1845844e-32
1.3372943e+00,2.1011477e+00,1.4407354e-30
1.2200485e+00,2.1016805e+00,4.4780385e-30
1.1031518e+00,2.1021896e+00,1.2111404e-29
9.8659300e-01,2.1025543e+00,2.7767228e-29
8.7026742e-01,2.1027233e+00,6.2547705e-29
7.5421791e-01,2.1028541e+00,1.1988865e-28
6.3837541e-01,2.1031527e+00,2.0884679e-28
4.0475719e-01,2.1032469e+00,5.4970791e-28
5.2209820e-01,2.1033613e+00,3.4774355e-28
4.5562207e+00,2.1036312e+00,8.5944706e-06
3.3048409e+00,2.1044360e+00,9.4420194e-06
9.8774085e+00,2.1046667e+00,2.0806925e-04
1.7907205e+00,2.1078386e+00,5.8159929e-33
3.4088997e+00,2.1104056e+00,9.2242436e-06
4.4403579e+00,2.1110265e+00,8.9611903e-06
6.4387098e+00,2.1114555e+00,1.9758011e-07
6.3863017e+00,2.1114555e+00,4.0899699e-08
3.7529479e+00,2.1121013e+00,8.9052762e-06
3.8680676e+00,2.1121749e+00,8.9901779e-06
8.6231724e+00,2.1122366e+00,5.3555174e-02
3.6374682e+00,2.1122583e+00,9.0849553e-06
3.9830146e+00,2.1122645e+00,8.5947226e-06
4.0976571e+00,2.1123548e+00,9.5581104e-06
3.5216430e+00,2.1123916e+00,8.9128862e-06
4.3260389e+00,2.1124100e+00,8.7007395e-06
4.2119706e+00,2.1124883e+00,9.4279128e-06
8.5587790e+00,2.1130745e+00,4.7786980e-02
9.9377170e+00,2.1142186e+00,2.1327050e-04
3.1297719e+00,2.1160554e+00,1.0354218e-05
3.0661721e+00,2.1164952e+00,1.0414153e-05
6.7039178e-02,2.1183931e+00,1.5425365e-27
3.2499005e+00,2.1184938e+00,9.5594544e-06
1.3727110e-01,2.1219203e+00,1.9410826e-27
4.9818664e+00,2.1232879e+00,9.3285998e-06
4.8308345e+00,2.1253663e+00,9.2417610e-06
4.7238812e+00,2.1255284e+00,8.9022663e-06
4.6132211e+00,2.1321584e+00,8.6878211e-06
9.3064345e+00,2.1345403e+00,5.0987809e-03
9.4210257e+00,2.1346676e+00,2.3654100e-03
9.1926477e+00,2.1348865e+00,1.0720266e-02
9.5360827e+00,2.1350001e+00,1.0064275e-03
9.7697386e+00,2.1356930e+00,2.6143141e-04
9.6511181e+00,2.1362434e+00,4.9565914e-04
9.0803720e+00,2.1366333e+00,1.9641254e-02
8.9701070e+00,2.1393176e+00,3.1731408e-02
8.8599446e+00,2.1400149e+00,4.4109614e-02
1.8800498e+00,2.1404492e+00,1.6744185e-33
5.0864218e+00,2.1406322e+00,9.3028143e-06
4.4984196e+00,2.1406883e+00,8.8351352e-06
1.9359620e+00,2.1410814e+00,6.9870407e-34
5.3104624e+00,2.1411368e+00,8.1880761e-06
8.7506413e+00,2.1415735e+00,5.4079376e-02
5.1984614e+00,2.1418148e+00,8.9366414e-06
4.9318041e+00,2.1420885e+00,9.2090076e-06
5.4219698e+00,2.1421173e+00,6.7832423e-06
3.3522413e+00,2.1423650e+00,9.3536248e-06
5.5334341e+00,2.1431108e+00,4.9478324e-06
5.6451195e+00,2.1440448e+00,3.1640504e-06
5.7569043e+00,2.1449767e+00,1.8762516e-06
4.3828255e+00,2.1453150e+00,9.1362716e-06
3.8105589e+00,2.1453405e+00,8.7335736e-06
4.0403576e+00,2.1453837e+00,9.0152379e-06
3.9255504e+00,2.1453915e+00,8.5279425e-06
4.1548105e+00,2.1454007e+00,9.6192137e-06
3.6952904e+00,2.1454600e+00,8.9739493e-06
3.4642391e+00,2.1454871e+00,9.0341156e-06
4.2689719e+00,2.1454967e+00,8.7072806e-06
3.5796018e+00,2.1457686e+00,8.9431186e-06
5.8688075e+00,2.1460207e+00,9.1561692e-07
5.9806879e+00,2.1470815e+00,4.0864934e-07
6.0924475e+00,2.1481405e+00,1.6958941e-07
6.3026004e+00,2.1482153e+00,2.5906450e-08
6.2009788e+00,2.1486579e+00,6.4312260e-08
9.8336607e+00,2.1570583e+00,1.9659593e-04
8.6494843e+00,2.1646076e+00,5.7274792e-02
6.3554300e+00,2.1649794e+00,1.2366121e-08
6.4704753e+00,2.1664345e+00,1.8361988e-08
8.5297920e+00,2.1674530e+00,4.5182154e-02
9.2493412e+00,2.1675062e+00,7.0737351e-03
2.7916759e-01,2.1676172e+00,1.4985367e-27
9.3636256e+00,2.1676326e+00,3.1693929e-03
1.5728918e+00,2.1679445e+00,1.0859502e-31
9.4783957e+00,2.1680156e+00,1.2809515e-03
5.0310741e+00,2.1681253e+00,9.4334586e-06
9.1361365e+00,2.1682127e+00,1.4575953e-02
1.4551239e+00,2.1683324e+00,4.6174049e-31
9.5936569e+00,2.1684537e+00,5.7328531e-04
1.6872753e+00,2.1685289e+00,2.5306363e-32
1.3375952e+00,2.1687568e+00,1.8257106e-30
1.2203604e+00,2.1691374e+00,6.4281117e-30
1.1034101e+00,2.1694857e+00,1.9111297e-29
9.8675622e-01,2.1698003e+00,4.6302560e-29
1.7907220e+00,2.1698445e+00,6.7124384e-33
8.7045991e-01,2.1698478e+00,1.0900897e-28
7.5445281e-01,2.1699185e+00,2.1761677e-28
6.3856654e-01,2.1701743e+00,3.8437632e-28
4.0320547e-01,2.1703938e+00,1.0554563e-27
5.2198957e-01,2.1704158e+00,6.5443812e-28
9.0249248e+00,2.1706707e+00,2.5704763e-02
8.9149433e+00,2.1723254e+00,3.9986758e-02
5.2542293e+00,2.1728470e+00,8.8548067e-06
3.1630193e+00,2.1732420e+00,1.0317328e-05
9.7138010e+00,2.1733556e+00,2.8229137e-04
5.1421863e+00,2.1734102e+00,9.1561064e-06
8.8061484e+00,2.1736300e+00,5.0709573e-02
5.3660130e+00,2.1738014e+00,7.9329971e-06
3.2266723e+00,2.1738057e+00,9.6015365e-06
9.9666752e+00,2.1740112e+00,1.8640178e-04
5.4773941e+00,2.1749011e+00,6.4797936e-06
3.0342488e+00,2.1753188e+00,1.1250275e-05
5.5890068e+00,2.1758624e+00,4.4659825e-06
3.3961781e-02,2.1764706e+00,1.4346967e-27
5.7007136e+00,2.1767647e+00,2.7434253e-06
8.7043001e+00,2.1776952e+00,5.5258037e-02
5.8125732e+00,2.1777771e+00,1.5200970e-06
5.9244814e+00,2.1788349e+00,6.6777337e-07
6.0362822e+00,2.1798808e+00,2.8354564e-07
1.6487831e-01,2.1799979e+00,1.5845290e-27
6.1472692e+00,2.1809892e+00,1.0797262e-07
6.2554580e+00,2.1824723e+00,3.6959121e-08
4.7238930e+00,2.1904687e+00,8.9903801e-06
1.8453013e+00,2.1908765e+00,4.0449090e-33
4.8290804e+00,2.1910988e+00,9.1333463e-06
4.6129973e+00,2.1978445e+00,8.9412066e-06
2.2526880e-01,2.2005194e+00,1.6933485e-27
1.9681515e+00,2.2012343e+00,7.6618755e-34
1.7431059e+00,2.2015081e+00,1.9676554e-32
1.6314123e+00,2.2018813e+00,9.2319533e-32
1.5140949e+00,2.2021012e+00,4.1100904e-31
1.3964192e+00,2.2024823e+00,1.7176563e-30
1.2790255e+00,2.2028018e+00,6.2532624e-30
1.1619409e+00,2.2030761e+00,1.8771514e-29
1.0451222e+00,2.2033467e+00,4.5255716e-29
8.1248858e-01,2.2034800e+00,2.1586505e-28
9.2864540e-01,2.2035056e+00,1.0781393e-28
6.9656812e-01,2.2036515e+00,3.8447727e-28
5.8048474e-01,2.2039197e+00,6.2651788e-28
4.6269811e-01,2.2040736e+00,1.0202073e-27
3.4316291e-01,2.2041075e+00,1.4780367e-27
4.4982509e+00,2.2065387e+00,8.9456678e-06
4.9264039e+00,2.2089284e+00,9.2476207e-06
4.1546248e+00,2.2109769e+00,9.2035888e-06
4.2689199e+00,2.2112553e+00,8.5520099e-06
4.3826837e+00,2.2112646e+00,9.3169354e-06
4.0401687e+00,2.2114919e+00,8.9242610e-06
3.3530459e+00,2.2116253e+00,9.3271571e-06
3.9255314e+00,2.2117203e+00,8.5755912e-06
3.8105876e+00,2.2117519e+00,8.9670627e-06
3.6953507e+00,2.2120938e+00,8.9628671e-06
3.4643075e+00,2.2124850e+00,8.9796801e-06
3.5796980e+00,2.2126856e+00,8.9443714e-06
6.3781810e+00,2.2200626e+00,1.1015997e-08
9.8588333e+00,2.2214469e+00,1.6621935e-04
6.4408182e+00,2.2215177e+00,4.5249759e-09
4.7772238e+00,2.2218337e+00,8.9236473e-06
8.6161981e+00,2.2253802e+00,5.6553710e-02
4.6688594e+00,2.2267220e+00,9.1176622e-06
8.5608991e+00,2.2273876e+00,4.8145470e-02
9.9315393e+00,2.2288479e+00,1.6467235e-04
4.8773521e+00,2.2291107e+00,9.1558441e-06
5.0300195e+00,2.2292269e+00,9.3822165e-06
3.2515671e+00,2.2308399e+00,9.6941060e-06
3.1342494e+00,2.2316041e+00,1.0534271e-05
3.0690786e+00,2.2332411e+00,1.1313028e-05
9.2493299e+00,2.2332643e+00,7.2460726e-03
9.3634505e+00,2.2335960e+00,3.1419835e-03
9.1362646e+00,2.2336651e+00,1.4613321e-02
9.4782176e+00,2.2344403e+00,1.2314025e-03
4.5558282e+00,2.2351676e+00,8.8949844e-06
9.5934412e+00,2.2351732e+00,5.2087963e-04
6.7923561e-02,2.2352941e+00,1.5674305e-27
1.2860817e-01,2.2352941e+00,1.4549930e-27
9.0250491e+00,2.2355572e+00,2.5920841e-02
5.1416977e+00,2.2363051e+00,9.1728672e-06
8.9150690e+00,2.2370240e+00,4.0172199e-02
5.2536688e+00,2.2372007e+00,8.8355916e-06
5.3654020e+00,2.2383058e+00,8.0054715e-06
8.8062210e+00,2.2383517e+00,5.1001504e-02
5.4769103e+00,2.2394119e+00,6.5388356e-06
9.7128183e+00,2.2397744e+00,2.4211731e-04
5.5884727e+00,2.2403319e+00,4.5015403e-06
5.7001527e+00,2.2412793e+00,2.7729029e-06
5.8119497e+00,2.2423296e+00,1.5039413e-06
4.4400474e+00,2.2428264e+00,8.9988601e-06
8.7065013e+00,2.2428872e+00,5.7181069e-02
5.9239610e+00,2.2433622e+00,6.7643730e-07
4.2117328e+00,2.2438231e+00,8.2736692e-06
4.0972824e+00,2.2440391e+00,9.2505034e-06
4.3258451e+00,2.2441183e+00,8.9214389e-06
6.0357130e+00,2.2443766e+00,2.8405089e-07
3.9828067e+00,2.2447014e+00,8.6615230e-06
3.8680774e+00,2.2449149e+00,8.7969594e-06
3.7530369e+00,2.2451465e+00,9.0687686e-06
6.1466065e+00,2.2454816e+00,1.0820577e-07
3.6376247e+00,2.2458092e+00,8.8796336e-06
3.5218076e+00,2.2463065e+00,8.9617694e-06
3.4097727e+00,2.2466638e+00,9.0814657e-06
3.3057412e+00,2.2480238e+00,9.4817455e-06
6.2548779e+00,2.2486501e+00,3.6348122e-08
4.9754115e+00,2.2512293e+00,9.3746222e-06
1.8607385e+00,2.2532970e+00,4.4930931e-33
1.9276765e+00,2.2630225e+00,2.1255029e-33
5.0848785e+00,2.2646287e+00,9.3244053e-06
9.1927646e+00,2.2660969e+00,9.5639638e-03
9.3062481e+00,2.2662616e+00,4.1927157e-03
9.0806244e+00,2.2669722e+00,1.9251661e-02
9.4206725e+00,2.2670556e+00,1.5930379e-03
1.7463373e+00,2.2675845e+00,2.2246750e-32
9.5356889e+00,2.2681443e+00,6.6442314e-04
8.9703569e+00,2.2689027e+00,3.3183579e-02
5.1974122e+00,2.2690635e+00,9.0925660e-06
9.6499197e+00,2.2693817e+00,2.8495955e-04
8.8601430e+00,2.2694352e+00,4.6853057e-02
1.6317302e+00,2.2698258e+00,1.0472295e-31
5.3092909e+00,2.2699950e+00,8.6925497e-06
1.5143171e+00,2.2700896e+00,4.6018181e-31
1.3965744e+00,2.2704121e+00,1.9287001e-30
8.6530006e+00,2.2704292e+00,5.7514933e-02
1.2791771e+00,2.2705273e+00,6.9444894e-30
1.1621415e+00,2.2706165e+00,2.2860165e-29
1.0452997e+00,2.2708110e+00,6.0780840e-29
9.2874248e-01,2.2708973e+00,1.5113352e-28
8.1251450e-01,2.2709145e+00,3.0917573e-28
6.9649767e-01,2.2709657e+00,5.4408422e-28
5.4208750e+00,2.2711326e+00,7.6894737e-06
5.8042867e-01,2.2712075e+00,8.2228943e-28
4.6226608e-01,2.2714473e+00,1.1395375e-27
8.7529151e+00,2.2714873e+00,5.5260940e-02
9.8268809e+00,2.2716932e+00,1.7033728e-04
3.4269228e-01,2.2717006e+00,1.2712545e-27
5.5324161e+00,2.2720912e+00,6.1293491e-06
2.2566536e-01,2.2725365e+00,1.3109914e-27
5.6440244e+00,2.2730288e+00,3.9389291e-06
5.7557198e+00,2.2740437e+00,2.2791634e-06
6.3539815e+00,2.2745134e+00,1.1733230e-08
5.8676636e+00,2.2751005e+00,1.1239362e-06
5.9795984e+00,2.2761046e+00,4.5714848e-07
6.0912157e+00,2.2771287e+00,1.7908074e-07
6.4703429e+00,2.2773054e+00,3.0438659e-09
9.7637872e+00,2.2790585e+00,1.6964654e-04
6.1997361e+00,2.2793281e+00,6.2127019e-08
8.5311071e+00,2.2821568e+00,4.0001140e-02
4.7777791e+00,2.2867725e+00,8.9340434e-06
6.3007043e+00,2.2871302e+00,2.1576327e-08
3.2218993e+00,2.2887804e+00,9.6970674e-06
3.1682346e+00,2.2901084e+00,1.0343475e-05
9.9648641e+00,2.2901308e+00,1.6463696e-04
1.6527487e-01,2.2912307e+00,1.4365617e-27
4.6689096e+00,2.2917313e+00,9.1780975e-06
4.8799502e+00,2.2922617e+00,9.1536926e-06
3.0348299e+00,2.2932164e+00,1.0760764e-05
3.3961781e-02,2.2941176e+00,1.5472051e-27
1.8093906e+00,2.2983414e+00,1.3984624e-32
1.6908246e+00,2.3025497e+00,7.8951292e-32
4.5547041e+00,2.3032585e+00,8.9963376e-06
1.5734319e+00,2.3038774e+00,3.7672115e-31
1.4555013e+00,2.3042506e+00,1.6813370e-30
1.2207126e+00,2.3044033e+00,2.2053374e-29
1.3379019e+00,2.3044121e+00,6.3191414e-30
1.1037883e+00,2.3044905e+00,5.8622418e-29
9.8703082e-01,2.3046563e+00,1.5030887e-28
7.5440827e-01,2.3046672e+00,5.4018840e-28
8.7058290e-01,2.3046739e+00,3.0046464e-28
6.3844001e-01,2.3047764e+00,8.1491778e-28
5.2150148e-01,2.3050773e+00,1.1490082e-27
4.0230283e-01,2.3053605e+00,1.3143162e-27
2.7909353e-01,2.3072274e+00,1.3413484e-27
4.9746020e+00,2.3073803e+00,9.3956648e-06
4.4400357e+00,2.3083016e+00,8.5720930e-06
4.0964576e+00,2.3085057e+00,9.5555064e-06
4.3259327e+00,2.3088304e+00,8.5176215e-06
4.2118736e+00,2.3090428e+00,8.1458979e-06
3.9820255e+00,2.3105445e+00,8.5344815e-06
3.8680977e+00,2.3112657e+00,8.6967804e-06
3.7531181e+00,2.3116454e+00,9.1160462e-06
3.6377881e+00,2.3125680e+00,9.0282057e-06
3.5221197e+00,2.3134587e+00,8.9146389e-06
3.4107484e+00,2.3148393e+00,9.2064701e-06
3.3089785e+00,2.3168894e+00,9.4913469e-06
4.8322337e+00,2.3191885e+00,8.9187321e-06
4.7244985e+00,2.3204167e+00,9.0137100e-06
1.9595250e+00,2.3236930e+00,2.2680287e-33
4.9281925e+00,2.3282305e+00,9.4303116e-06
8.6470526e+00,2.3303377e+00,5.6622688e-02
6.3866775e+00,2.3303847e+00,8.9778610e-09
5.0783890e+00,2.3304562e+00,9.3158982e-06
4.6119234e+00,2.3309448e+00,9.2557686e-06
9.1927802e+00,2.3314885e+00,9.4877355e-03
6.4404017e+00,2.3317216e+00,2.9757630e-09
9.3059673e+00,2.3318879e+00,3.9807701e-03
9.0810456e+00,2.3319987e+00,1.9264327e-02
9.4203036e+00,2.3329366e+00,1.5572163e-03
8.9705175e+00,2.3330736e+00,3.2966225e-02
5.1969007e+00,2.3336678e+00,9.0890471e-06
8.8601195e+00,2.3337817e+00,4.6633923e-02
9.5354321e+00,2.3345739e+00,6.2427680e-04
5.3086937e+00,2.3345828e+00,8.6836500e-06
8.7515219e+00,2.3348688e+00,5.6533477e-02
5.4203544e+00,2.3355610e+00,7.7372575e-06
9.6494200e+00,2.3361603e+00,2.7306482e-04
9.8598954e+00,2.3363129e+00,1.6159850e-04
5.5319187e+00,2.3365090e+00,6.1307690e-06
5.6434949e+00,2.3374364e+00,3.9837375e-06
8.5520231e+00,2.3382267e+00,4.2814691e-02
5.7551056e+00,2.3384617e+00,2.2751640e-06
3.2578677e+00,2.3390871e+00,9.5571294e-06
5.8670763e+00,2.3395344e+00,1.1155152e-06
4.4971151e+00,2.3401048e+00,8.7005118e-06
5.9791103e+00,2.3405377e+00,4.5985068e-07
4.1539407e+00,2.3406631e+00,9.2620087e-06
4.2691482e+00,2.3411871e+00,8.3598256e-06
4.3827596e+00,2.3414519e+00,8.5368996e-06
6.0906201e+00,2.3415280e+00,1.7697524e-07
4.0385627e+00,2.3418015e+00,8.7863526e-06
9.7559476e+00,2.3425715e+00,1.4695961e-04
6.1997282e+00,2.3436464e+00,6.1393276e-08
3.9247706e+00,2.3439142e+00,8.5614329e-06
3.8106891e+00,2.3446016e+00,8.9437944e-06
3.6955953e+00,2.3453515e+00,9.1510770e-06
3.5801735e+00,2.3465966e+00,8.9199838e-06
9.9251727e+00,2.3473494e+00,1.6958051e-04
3.4655952e+00,2.3478127e+00,9.1343324e-06
1.3869458e-01,2.3483711e+00,1.4738888e-27
3.3572590e+00,2.3486664e+00,9.3729299e-06
6.2996653e+00,2.3503795e+00,2.1862142e-08
5.0227204e+00,2.3512055e+00,9.2808684e-06
6.8066095e-02,2.3512580e+00,1.5548859e-27
3.1398224e+00,2.3514117e+00,1.0229198e-05
3.0715885e+00,2.3528828e+00,1.0755463e-05
8.6013740e+00,2.3590907e+00,4.5217226e-02
9.1367014e+00,2.3640832e+00,1.2592453e-02
1.8078462e+00,2.3642279e+00,1.5762281e-32
9.2490647e+00,2.3642821e+00,5.3024078e-03
9.0256307e+00,2.3647546e+00,2.4760291e-02
9.3628008e+00,2.3651032e+00,1.9524366e-03
8.9152060e+00,2.3655413e+00,4.0739830e-02
8.8048043e+00,2.3660798e+00,5.3126038e-02
8.6991601e+00,2.3661772e+00,5.9682574e-02
5.2525602e+00,2.3663930e+00,9.0797100e-06
5.1346967e+00,2.3667370e+00,9.2998434e-06
9.4775919e+00,2.3667509e+00,7.3363578e-04
5.3642843e+00,2.3673221e+00,8.6464606e-06
5.4758923e+00,2.3682582e+00,7.5178260e-06
9.5926847e+00,2.3683815e+00,2.9749442e-04
5.5874458e+00,2.3691573e+00,5.4299550e-06
1.6908563e+00,2.3700013e+00,8.7192050e-32
9.7044790e+00,2.3700661e+00,1.4865236e-04
5.6990091e+00,2.3701048e+00,3.4276344e-06
5.8107483e+00,2.3711815e+00,1.7500555e-06
1.5736777e+00,2.3717760e+00,4.1971388e-31
1.2209368e+00,2.3720443e+00,2.3995139e-29
1.1040422e+00,2.3720655e+00,6.4282481e-29
1.4556555e+00,2.3721180e+00,1.8511083e-30
1.3380359e+00,2.3721887e+00,6.9227153e-30
5.9228856e+00,2.3722292e+00,7.7494015e-07
7.5416514e-01,2.3722469e+00,6.0830839e-28
9.8716084e-01,2.3722699e+00,1.7759919e-28
6.3795752e-01,2.3722941e+00,8.8605609e-28
8.7052575e-01,2.3723684e+00,3.4214545e-28
5.2088735e-01,2.3726603e+00,1.2332488e-27
4.0185006e-01,2.3730038e+00,1.2994929e-27
6.0346293e+00,2.3732090e+00,2.8924062e-07
6.3526584e+00,2.3741327e+00,9.4847663e-09
6.1460031e+00,2.3741993e+00,1.0035461e-07
2.8003427e-01,2.3755436e+00,1.2892529e-27
6.2538311e+00,2.3762177e+00,2.9999172e-08
9.8144857e+00,2.3768039e+00,1.3513591e-04
4.8340082e+00,2.3833263e+00,8.9723710e-06
4.7241752e+00,2.3849331e+00,8.9476799e-06
1.9271802e+00,2.3864031e+00,2.7003074e-33
6.4700587e+00,2.3877495e+00,2.4950556e-09
8.5209159e+00,2.3894033e+00,3.3344971e-02
4.9383162e+00,2.3894080e+00,9.4449384e-06
4.6144891e+00,2.3938040e+00,9.1418975e-06
1.7448246e+00,2.4009225e+00,6.8243536e-32
4.2697113e+00,2.4013324e+00,9.1589733e-06
4.1540171e+00,2.4016979e+00,9.6703124e-06
1.6805554e-01,2.4017211e+00,1.4724143e-27
3.2438282e+00,2.4026860e+00,9.5871995e-06
1.8586978e+00,2.4028815e+00,1.3706672e-32
4.4978358e+00,2.4031917e+00,8.8767794e-06
4.3823841e+00,2.4037138e+00,8.9665372e-06
4.0372297e+00,2.4047324e+00,8.7139134e-06
1.6320077e+00,2.4051759e+00,3.2308387e-31
4.9977211e+00,2.4057683e+00,9.2761985e-06
1.1626196e+00,2.4058325e+00,6.0509309e-29
1.5147171e+00,2.4058557e+00,1.4860676e-30
1.2795352e+00,2.4059449e+00,2.1497548e-29
1.0456836e+00,2.4059996e+00,1.7109286e-28
1.3968625e+00,2.4060562e+00,5.9133312e-30
6.9577206e-01,2.4060631e+00,8.5738105e-28
8.1221422e-01,2.4061887e+00,5.8297831e-28
9.2881534e-01,2.4062054e+00,3.3606848e-28
5.7933205e-01,2.4063082e+00,1.1491427e-27
4.6119918e-01,2.4066735e+00,1.3413550e-27
3.4318025e-01,2.4076601e+00,1.3619641e-27
3.9238990e+00,2.4097341e+00,8.7524191e-06
3.4104314e-02,2.4100815e+00,1.5360554e-27
9.9603085e+00,2.4101598e+00,1.6173037e-04
3.8106352e+00,2.4109222e+00,9.0471494e-06
3.6957007e+00,2.4120123e+00,9.0345179e-06
3.0367586e+00,2.4126076e+00,1.0759098e-05
3.5803186e+00,2.4135444e+00,9.0230555e-06
3.1794478e+00,2.4136826e+00,1.0075937e-05
2.2924423e-01,2.4138106e+00,1.3424775e-27
3.4658455e+00,2.4151066e+00,9.2888500e-06
4.7792303e+00,2.4154266e+00,8.8268377e-06
3.3550130e+00,2.4158940e+00,9.4137593e-06
4.8918483e+00,2.4175770e+00,9.3918935e-06
4.6711520e+00,2.4191070e+00,9.0415631e-06
8.6019727e+00,2.4271021e+00,4.7523419e-02
9.1367399e+00,2.4289182e+00,1.2379774e-02
8.6992558e+00,2.4289356e+00,6.2551098e-02
9.0256330e+00,2.4290954e+00,2.4510057e-02
4.5579905e+00,2.4292047e+00,8.7998349e-06
9.2488049e+00,2.4293333e+00,5.1132818e-03
8.9149616e+00,2.4295926e+00,4.1010244e-02
8.8045689e+00,2.4300885e+00,5.3715258e-02
4.2125131e+00,2.4302228e+00,9.8330493e-06
9.3623297e+00,2.4302997e+00,1.8382795e-03
5.2520653e+00,2.4309369e+00,9.2127673e-06
5.1338732e+00,2.4311419e+00,9.3423617e-06
4.3261203e+00,2.4312374e+00,8.7267886e-06
6.3673663e+00,2.4317153e+00,9.0859720e-09
5.3637763e+00,2.4318177e+00,8.8447390e-06
9.4772917e+00,2.4322422e+00,6.5357683e-04
4.0952011e+00,2.4324713e+00,8.8236659e-06
5.4753996e+00,2.4326527e+00,7.5343031e-06
5.5869868e+00,2.4334589e+00,5.4485257e-06
4.4403809e+00,2.4336503e+00,8.9022778e-06
9.8148376e+00,2.4337030e+00,1.1369648e-04
5.6984799e+00,2.4343869e+00,3.4830887e-06
9.5922932e+00,2.4346526e+00,2.4516970e-04
5.8102742e+00,2.4354222e+00,1.7579942e-06
9.7041674e+00,2.4354626e+00,1.1341791e-04
5.9224763e+00,2.4365444e+00,7.7745908e-07
6.0340334e+00,2.4374980e+00,2.9248021e-07
6.1453811e+00,2.4384758e+00,9.9638217e-08
6.2549589e+00,2.4391034e+00,2.9301276e-08
3.9798210e+00,2.4392954e+00,9.0221554e-06
8.5526218e+00,2.4432752e+00,2.4898362e-02
3.8671721e+00,2.4434062e+00,8.9841408e-06
1.9676552e+00,2.4436625e+00,2.7979062e-33
6.4310425e+00,2.4439952e+00,2.4167327e-09
3.7531695e+00,2.4446268e+00,8.9088447e-06
3.6380386e+00,2.4461766e+00,9.0060895e-06
3.5225150e+00,2.4477004e+00,9.3154246e-06
3.2926931e+00,2.4477158e+00,9.4905161e-06
3.4087526e+00,2.4493608e+00,9.3878570e-06
5.0202702e+00,2.4507034e+00,9.2006751e-06
8.6477471e+00,2.4611075e+00,6.1123188e-02
9.0810864e+00,2.4611745e+00,1.6580535e-02
9.1925589e+00,2.4613747e+00,6.7964605e-03
8.9702754e+00,2.4614657e+00,3.1705570e-02
8.7513822e+00,2.4616359e+00,5.7802089e-02
8.8596396e+00,2.4618417e+00,4.8684582e-02
9.3052363e+00,2.4621356e+00,2.4180860e-03
5.1955824e+00,2.4626167e+00,9.2758151e-06
5.3076909e+00,2.4636224e+00,9.3627181e-06
9.4195322e+00,2.4636244e+00,8.3955724e-04
1.8422856e+00,2.4640356e+00,1.5506506e-32
5.0823507e+00,2.4643933e+00,9.3095506e-06
5.4193537e+00,2.4644511e+00,8.6166836e-06
9.7559879e+00,2.4648671e+00,9.1146575e-05
5.5309669e+00,2.4652051e+00,6.9867288e-06
1.3585583e-01,2.4655920e+00,1.4839029e-27
5.6425067e+00,2.4660201e+00,4.7592633e-06
9.5347403e+00,2.4663363e+00,2.8309671e-04
5.7541023e+00,2.4669845e+00,2.6979243e-06
1.7412479e+00,2.4674069e+00,7.5850121e-32
9.6487169e+00,2.4678280e+00,1.1590947e-04
5.8661928e+00,2.4680903e+00,1.2531094e-06
5.9781050e+00,2.4691419e+00,4.8877105e-07
9.9257034e+00,2.4699927e+00,1.3272413e-04
6.0894022e+00,2.4700935e+00,1.6507697e-07
6.2002341e+00,2.4708087e+00,4.9846992e-08
6.3155011e+00,2.4708479e+00,1.2365913e-08
7.2533086e-02,2.4710655e+00,1.5549418e-27
3.0706892e+00,2.4713771e+00,1.0622421e-05
1.6322273e+00,2.4731124e+00,3.5817963e-31
1.1629904e+00,2.4735185e+00,6.5779923e-29
1.3974627e+00,2.4735814e+00,6.4216841e-30
1.5152842e+00,2.4736170e+00,1.6268348e-30
1.2800903e+00,2.4736860e+00,2.2993029e-29
1.0459939e+00,2.4737101e+00,1.7713671e-28
3.1451445e+00,2.4739232e+00,1.0274626e-05
9.2883855e-01,2.4740008e+00,3.5898632e-28
6.9505576e-01,2.4740234e+00,9.1218981e-28
8.1187642e-01,2.4740717e+00,6.5160534e-28
5.7822341e-01,2.4743418e+00,1.0177024e-27
4.6031619e-01,2.4745025e+00,1.1540709e-27
3.4261737e-01,2.4753776e+00,1.4136763e-27
9.8607781e+00,2.4766395e+00,1.0995250e-04
2.3677486e-01,2.4793725e+00,1.3536422e-27
4.7789667e+00,2.4801982e+00,8.9804327e-06
4.6699235e+00,2.4818465e+00,8.9659167e-06
4.8914025e+00,2.4830427e+00,9.2904225e-06
4.2129691e+00,2.4849861e+00,9.1057933e-06
4.5600644e+00,2.4885760e+00,8.5719699e-06
4.3263205e+00,2.4902281e+00,8.6594189e-06
4.0966577e+00,2.4911541e+00,8.8026510e-06
1.7878572e+00,2.4918663e+00,5.9751551e-32
4.4411099e+00,2.4928157e+00,8.4574093e-06
8.5317059e+00,2.4983164e+00,2.3900750e-02
6.4609837e+00,2.5006902e+00,2.3026279e-09
3.9807020e+00,2.5017058e+00,9.3111501e-06
4.9917631e+00,2.5042526e+00,9.1489175e-06
1.6874991e+00,2.5044221e+00,2.6910126e-31
1.9360182e+00,2.5052604e+00,4.2102527e-33
1.4568227e+00,2.5074046e+00,5.0772911e-30
1.3391912e+00,2.5074551e+00,1.9026446e-29
1.1047233e+00,2.5074620e+00,1.6349585e-28
1.2218627e+00,2.5074714e+00,5.7796833e-29
1.5744643e+00,2.5074738e+00,1.2313956e-30
9.8749435e-01,2.5077758e+00,3.3821439e-28
8.7021116e-01,2.5080469e+00,6.3377013e-28
7.5311104e-01,2.5080902e+00,9.2057662e-28
6.3613258e-01,2.5082880e+00,1.0555881e-27
5.1889572e-01,2.5085228e+00,1.0313865e-27
4.0040419e-01,2.5085502e+00,1.2522855e-27
2.8700201e-01,2.5088229e+00,1.4432185e-27
1.8791310e+00,2.5091551e+00,1.5718074e-32
3.8670884e+00,2.5096591e+00,8.8187327e-06
1.7991063e-01,2.5103422e+00,1.3984065e-27
3.7533781e+00,2.5110947e+00,8.9374092e-06
4.7226831e+00,2.5124442e+00,8.8366404e-06
3.6381265e+00,2.5131476e+00,9.0806377e-06
4.8332987e+00,2.5135636e+00,9.0465114e-06
3.5222941e+00,2.5147581e+00,9.2561449e-06
4.2703675e+00,2.5150864e+00,9.1008701e-06
4.1559297e+00,2.5151440e+00,8.6983478e-06
3.2889082e+00,2.5151642e+00,9.6159522e-06
3.4071776e+00,2.5158442e+00,9.2400041e-06
4.6153345e+00,2.5159148e+00,8.8539511e-06
8.6549113e+00,2.5201792e+00,6.6423768e-02
4.9401225e+00,2.5210362e+00,8.8709784e-06
4.5006387e+00,2.5217284e+00,8.5602007e-06
4.3833133e+00,2.5218698e+00,8.5378554e-06
5.0889447e+00,2.5239373e+00,9.2765992e-06
9.0810390e+00,2.5253651e+00,1.6710093e-02
8.9700988e+00,2.5254636e+00,3.1824507e-02
9.1924873e+00,2.5257600e+00,6.7131652e-03
8.7515626e+00,2.5257863e+00,5.8930884e-02
8.8597091e+00,2.5257875e+00,4.8354688e-02
4.0395674e+00,2.5258256e+00,9.2918075e-06
9.3046389e+00,2.5265779e+00,2.2891462e-03
5.1951204e+00,2.5271371e+00,9.3901041e-06
5.3072093e+00,2.5281277e+00,9.4179859e-06
9.4185124e+00,2.5283117e+00,8.1021723e-04
5.4191483e+00,2.5284779e+00,8.5853177e-06
9.7644434e+00,2.5287092e+00,6.3681420e-05
5.5318957e+00,2.5287716e+00,7.0854797e-06
3.0339306e+00,2.5293577e+00,1.1206103e-05
5.6422894e+00,2.5300932e+00,4.7016698e-06
9.9653949e+00,2.5304212e+00,1.2529328e-04
5.7537270e+00,2.5310459e+00,2.6786792e-06
3.1712913e+00,2.5311008e+00,1.0210717e-05
9.5338049e+00,2.5312402e+00,2.5519930e-04
3.8428772e-02,2.5315722e+00,1.5578791e-27
5.8655202e+00,2.5322464e+00,1.2597163e-06
5.9773279e+00,2.5333130e+00,4.8604592e-07
6.3132435e+00,2.5334768e+00,1.2343725e-08
9.6482937e+00,2.5337112e+00,9.6101379e-05
6.0888025e+00,2.5342595e+00,1.6477364e-07
6.1990771e+00,2.5346700e+00,4.8595797e-08
3.9246963e+00,2.5383974e+00,8.9838402e-06
9.8283795e+00,2.5393751e+00,7.0910068e-05
3.8107599e+00,2.5436428e+00,8.7572989e-06
3.6959971e+00,2.5454512e+00,9.1581331e-06
5.0363518e+00,2.5464441e+00,9.2386172e-06
3.5801856e+00,2.5475730e+00,9.1561518e-06
3.4640496e+00,2.5486477e+00,9.0875922e-06
3.2347148e+00,2.5492338e+00,9.9340259e-06
3.3496531e+00,2.5498257e+00,9.3802648e-06
8.7066004e+00,2.5521576e+00,6.0596776e-02
8.5617550e+00,2.5549154e+00,4.1907618e-02
5.1400051e+00,2.5552063e+00,9.2985452e-06
9.0254091e+00,2.5572840e+00,2.1549536e-02
9.1366209e+00,2.5574942e+00,8.9035042e-03
8.9148546e+00,2.5575363e+00,3.9103074e-02
9.2481359e+00,2.5581609e+00,2.9936376e-03
8.8048188e+00,2.5581847e+00,5.4704351e-02
6.4281118e+00,2.5590887e+00,2.4131918e-09
1.7908255e+00,2.5591667e+00,6.4390606e-32
9.3607124e+00,2.5594293e+00,1.0322559e-03
5.2511217e+00,2.5599627e+00,9.6714090e-06
5.4761230e+00,2.5602459e+00,8.1333393e-06
5.3630894e+00,2.5603499e+00,9.2974295e-06
8.6182701e+00,2.5607770e+00,5.6958481e-02
5.5876983e+00,2.5610985e+00,6.4514545e-06
1.9683630e+00,2.5615979e+00,3.8164249e-33
9.4753364e+00,2.5618333e+00,2.9985536e-04
5.6978872e+00,2.5625215e+00,3.8462728e-06
5.8092262e+00,2.5636397e+00,1.9770983e-06
5.9210266e+00,2.5648717e+00,8.0344046e-07
9.7121997e+00,2.5651879e+00,6.0715022e-05
9.5909347e+00,2.5654397e+00,1.0052994e-04
6.2515444e+00,2.5655937e+00,2.2486889e-08
6.0326567e+00,2.5658350e+00,2.7430959e-07
1.8011017e-01,2.5664548e+00,1.4125949e-27
6.1436244e+00,2.5665031e+00,8.1398910e-08
1.8459617e+00,2.5699063e+00,3.3563102e-32
1.6868737e+00,2.5716423e+00,2.9520959e-31
6.3621781e+00,2.5724007e+00,6.2019983e-09
4.1576721e+00,2.5746509e+00,9.3989059e-06
1.5747382e+00,2.5748868e+00,1.3340280e-30
2.8713768e-01,2.5750755e+00,1.4390118e-27
1.4578135e+00,2.5751046e+00,5.4134862e-30
1.3402583e+00,2.5752073e+00,2.0174270e-29
4.2698894e+00,2.5752162e+00,9.7579691e-06
1.2227081e+00,2.5752963e+00,6.0684884e-29
1.1052185e+00,2.5753989e+00,1.7258951e-28
9.8776080e-01,2.5756184e+00,3.5701292e-28
8.7014685e-01,2.5759464e+00,6.3239495e-28
7.5264142e-01,2.5761413e+00,8.9240076e-28
6.3534433e-01,2.5763932e+00,1.1526423e-27
3.9974250e-01,2.5764537e+00,1.2666227e-27
5.1783336e-01,2.5765240e+00,1.1790084e-27
4.7219940e+00,2.5769512e+00,8.7211355e-06
4.8330587e+00,2.5783263e+00,8.6476674e-06
4.6124403e+00,2.5791290e+00,8.8521620e-06
4.3834484e+00,2.5815521e+00,8.9818871e-06
4.5003128e+00,2.5825715e+00,8.8416958e-06
4.9368144e+00,2.5848050e+00,8.7883237e-06
3.1309903e+00,2.5869179e+00,1.0390560e-05
3.0680848e+00,2.5877210e+00,1.1170762e-05
4.0421821e+00,2.5887791e+00,9.0149759e-06
9.9319479e+00,2.5888755e+00,1.0751847e-04
9.8598578e+00,2.5911825e+00,7.6038176e-05
7.2766994e-02,2.5948776e+00,1.6038987e-27
5.0340422e+00,2.6001199e+00,9.2570970e-06
2.3711007e-01,2.6017377e+00,1.4729731e-27
1.7435909e+00,2.6019273e+00,1.9531488e-31
3.9265936e+00,2.6027882e+00,8.9613825e-06
4.2142334e+00,2.6046229e+00,9.7398201e-06
1.3628927e-01,2.6063010e+00,1.4552803e-27
1.6318758e+00,2.6077455e+00,9.8889915e-31
1.5165488e+00,2.6087300e+00,4.0702029e-30
1.3995206e+00,2.6090336e+00,1.5672671e-29
1.2820028e+00,2.6092631e+00,4.9749942e-29
1.1643309e+00,2.6092803e+00,1.4656333e-28
4.7780375e+00,2.6094679e+00,8.5622087e-06
1.0467556e+00,2.6094896e+00,3.2638793e-28
3.4209135e-01,2.6095337e+00,1.3070135e-27
4.6663402e+00,2.6095676e+00,9.1181830e-06
3.8112221e+00,2.6097110e+00,8.6787880e-06
9.2904069e-01,2.6097429e+00,5.9603293e-28
8.1134248e-01,2.6100223e+00,8.3968788e-28
4.3259775e+00,2.6100402e+00,9.2469065e-06
6.9379788e-01,2.6101797e+00,1.0985726e-27
4.5859215e-01,2.6104072e+00,1.2844877e-27
5.7637280e-01,2.6104482e+00,1.2783343e-27
4.8878544e+00,2.6115742e+00,8.7348232e-06
3.6963881e+00,2.6116547e+00,9.0582521e-06
8.5300491e+00,2.6121546e+00,5.8034499e-02
4.5568443e+00,2.6126333e+00,8.7359729e-06
8.7015611e+00,2.6130854e+00,6.0575269e-02
4.4409190e+00,2.6133411e+00,8.7602464e-06
3.5802577e+00,2.6134581e+00,9.0018363e-06
4.1010148e+00,2.6136144e+00,9.2590245e-06
6.4671281e+00,2.6139541e+00,1.2862949e-09
3.4639492e+00,2.6142509e+00,9.0303250e-06
5.1403636e+00,2.6150259e+00,9.3829387e-06
3.3499981e+00,2.6152201e+00,9.4471828e-06
3.2348928e+00,2.6206008e+00,1.0032385e-05
9.0254128e+00,2.6208100e+00,2.1085874e-02
8.6482152e+00,2.6208711e+00,5.9617272e-02
9.1364838e+00,2.6208983e+00,8.6842821e-03
8.9146958e+00,2.6211797e+00,3.8855905e-02
1.9348548e+00,2.6214832e+00,8.0252228e-33
4.9861454e+00,2.6216972e+00,9.3727922e-06
8.8050927e+00,2.6218209e+00,5.4514819e-02
9.2479335e+00,2.6223010e+00,2.8423193e-03
5.4800514e+00,2.6224007e+00,8.2134005e-06
5.3643796e+00,2.6224357e+00,9.3232284e-06
9.3597427e+00,2.6235218e+00,9.8218708e-04
5.5906912e+00,2.6236298e+00,6.4670824e-06
5.2506589e+00,2.6244699e+00,9.6889230e-06
5.6990942e+00,2.6257564e+00,3.9644155e-06
1.8693408e+00,2.6258969e+00,3.2606735e-32
9.4740771e+00,2.6260802e+00,2.5397251e-04
5.8085625e+00,2.6276871e+00,1.9506021e-06
6.2491398e+00,2.6279910e+00,2.2047151e-08
5.9200329e+00,2.6288921e+00,7.9623752e-07
3.9852141e+00,2.6290501e+00,8.6131590e-06
6.3462592e+00,2.6294164e+00,6.0594984e-09
9.5893182e+00,2.6298599e+00,8.1004357e-05
6.0323390e+00,2.6299853e+00,2.7088427e-07
6.1429791e+00,2.6305349e+00,8.0080070e-08
9.7126439e+00,2.6322132e+00,4.3997088e-05
5.0869936e+00,2.6374326e+00,9.2702010e-06
3.8694479e+00,2.6401181e+00,8.8520713e-06
3.1716930e+00,2.6412773e+00,1.0407167e-05
3.7542313e+00,2.6433663e+00,8.8640950e-06
3.6385896e+00,2.6452361e+00,8.8845896e-06
3.5222658e+00,2.6462463e+00,8.9285524e-06
3.0341542e+00,2.6465985e+00,1.0910933e-05
9.9665530e+00,2.6466896e+00,1.0847905e-04
3.4074223e+00,2.6468417e+00,9.3372681e-06
9.8348120e+00,2.6478217e+00,6.2904583e-05
8.7467973e+00,2.6503503e+00,5.9843696e-02
5.1950160e+00,2.6514639e+00,9.5221513e-06
3.4338222e-02,2.6515407e+00,1.6004141e-27
3.2894312e+00,2.6519256e+00,9.7674764e-06
9.0809056e+00,2.6522953e+00,1.1632048e-02
8.9699437e+00,2.6526330e+00,2.6822710e-02
5.4243670e+00,2.6527184e+00,8.8837044e-06
6.2949201e+00,2.6528898e+00,1.0866612e-08
8.8598242e+00,2.6530670e+00,4.6574495e-02
9.1921479e+00,2.6533042e+00,3.6437152e-03
5.5388170e+00,2.6534576e+00,7.6135510e-06
5.3080368e+00,2.6547207e+00,9.5947219e-06
9.3034668e+00,2.6548105e+00,1.3017449e-03
5.6464892e+00,2.6558595e+00,5.2928590e-06
9.4162833e+00,2.6566511e+00,3.1205113e-04
5.7542702e+00,2.6583283e+00,3.0185542e-06
9.5309291e+00,2.6599072e+00,8.6432047e-05
5.8638628e+00,2.6603142e+00,1.3112570e-06
6.1960271e+00,2.6610992e+00,3.5993954e-08
8.5572018e+00,2.6611738e+00,7.3274775e-02
5.9760166e+00,2.6614838e+00,4.4783859e-07
6.0878394e+00,2.6624416e+00,1.3158539e-07
8.6188529e+00,2.6640288e+00,6.4219783e-02
9.6471215e+00,2.6651566e+00,4.2816504e-05
2.3020757e-01,2.6658901e+00,1.4530456e-27
9.7701620e+00,2.6663441e+00,4.7423004e-05
4.2161962e+00,2.6692692e+00,8.8946482e-06
1.7443581e+00,2.6705602e+00,2.1253824e-31
6.4365974e+00,2.6709784e+00,1.1858268e-09
4.3261757e+00,2.6720601e+00,8.3528857e-06
1.6911712e-01,2.6721443e+00,1.4802409e-27
6.3816623e+00,2.6731287e+00,3.5449161e-09
1.6319127e+00,2.6741064e+00,1.0516512e-30
4.7779169e+00,2.6742811e+00,8.6602752e-06
4.6662106e+00,2.6743941e+00,9.4050936e-06
4.8887625e+00,2.6752984e+00,9.0224592e-06
4.5545258e+00,2.6753715e+00,8.7584415e-06
4.4405162e+00,2.6754398e+00,8.4317872e-06
1.5174092e+00,2.6765177e+00,4.3161201e-30
1.4007920e+00,2.6770896e+00,1.6664984e-29
3.4250447e-01,2.6771879e+00,1.3250132e-27
1.2829781e+00,2.6772342e+00,5.2975905e-29
1.1651146e+00,2.6773422e+00,1.5107781e-28
1.0471272e+00,2.6775669e+00,3.2364125e-28
4.1022742e+00,2.6776788e+00,8.9141200e-06
9.2922786e-01,2.6777714e+00,5.8491097e-28
8.1135340e-01,2.6779795e+00,8.4944373e-28
6.9362217e-01,2.6781256e+00,1.1484070e-27
5.7598674e-01,2.6782632e+00,1.3802566e-27
4.5825132e-01,2.6783142e+00,1.3649316e-27
1.9664918e+00,2.6789329e+00,9.4347296e-33
4.9922698e+00,2.6815080e+00,9.4761920e-06
1.8457426e+00,2.6854102e+00,3.8706854e-32
5.0886681e+00,2.6955545e+00,9.2590287e-06
3.9867698e+00,2.6990874e+00,8.6190163e-06
3.1433731e+00,2.7004672e+00,1.0556707e-05
4.2720503e+00,2.7018825e+00,8.6283072e-06
4.1608942e+00,2.7033616e+00,8.6712702e-06
3.0687398e+00,2.7049854e+00,1.0769451e-05
1.7932448e+00,2.7053334e+00,1.6741519e-31
4.3832438e+00,2.7056706e+00,8.5338724e-06
5.1946285e+00,2.7060354e+00,9.4589872e-06
3.8699657e+00,2.7060921e+00,9.0770267e-06
4.7217438e+00,2.7065910e+00,8.7670897e-06
1.6876778e+00,2.7066360e+00,7.2169557e-31
4.6099923e+00,2.7066937e+00,9.3056745e-06
4.8338461e+00,2.7068638e+00,8.9038253e-06
2.8064830e-01,2.7068821e+00,1.3677759e-27
4.4975916e+00,2.7074084e+00,8.6900623e-06
9.8686571e+00,2.7080050e+00,6.5989660e-05
4.9438470e+00,2.7083400e+00,9.4379051e-06
1.5756355e+00,2.7090354e+00,3.0714570e-30
9.9283080e+00,2.7091799e+00,9.0499054e-05
3.7542706e+00,2.7095473e+00,9.0155081e-06
5.3097125e+00,2.7105821e+00,9.4304698e-06
3.6388522e+00,2.7105913e+00,9.0088068e-06
3.5226827e+00,2.7106049e+00,9.1322956e-06
5.4307835e+00,2.7108807e+00,8.8298659e-06
1.4599452e+00,2.7109482e+00,1.2314012e-29
1.3425051e+00,2.7112342e+00,4.1373144e-29
1.2244670e+00,2.7113292e+00,1.2195854e-28
1.1063738e+00,2.7115381e+00,2.7398936e-28
3.4087974e+00,2.7117228e+00,9.3672483e-06
9.8831962e-01,2.7117243e+00,5.0516617e-28
8.7034494e-01,2.7119321e+00,7.7958988e-28
3.9981479e-01,2.7120150e+00,1.3741298e-27
7.5247662e-01,2.7120444e+00,1.1060750e-27
6.3478256e-01,2.7121542e+00,1.3531962e-27
5.1710647e-01,2.7122461e+00,1.4696602e-27
8.7470513e+00,2.7131667e+00,6.1403138e-02
5.5465649e+00,2.7137322e+00,7.5745048e-06
6.8447505e-02,2.7142084e+00,1.4736819e-27
9.0807724e+00,2.7148906e+00,1.1394221e-02
9.1917842e+00,2.7153974e+00,3.5143311e-03
3.2960141e+00,2.7155171e+00,9.7662433e-06
8.5271528e+00,2.7156859e+00,4.3652219e-02
8.9705865e+00,2.7163317e+00,2.6861219e-02
6.2967941e+00,2.7168267e+00,1.0707029e-08
8.8592088e+00,2.7168676e+00,4.6876599e-02
5.6503545e+00,2.7169473e+00,5.2433469e-06
5.0418412e+00,2.7180526e+00,9.1485975e-06
8.6328674e+00,2.7189977e+00,6.0768450e-02
9.3032947e+00,2.7190161e+00,1.2521987e-03
9.4155351e+00,2.7204947e+00,2.7570108e-04
5.7554651e+00,2.7219501e+00,3.0702893e-06
4.0449971e+00,2.7228808e+00,8.5716162e-06
1.3970412e-01,2.7233886e+00,1.4482371e-27
9.5291831e+00,2.7235208e+00,7.1038791e-05
6.4694694e+00,2.7236910e+00,8.1944305e-10
5.8628255e+00,2.7242904e+00,1.3233012e-06
5.9749076e+00,2.7254062e+00,4.4518356e-07
6.1941357e+00,2.7258082e+00,3.5179184e-08
6.0865860e+00,2.7264761e+00,1.2991569e-07
5.1416507e+00,2.7277193e+00,9.3754949e-06
9.6451739e+00,2.7285025e+00,3.4386552e-05
6.3504746e+00,2.7290162e+00,3.4888467e-09
9.7619202e+00,2.7313029e+00,3.8772264e-05
5.2519472e+00,2.7349028e+00,9.7431746e-06
5.3724719e+00,2.7364594e+00,9.3153829e-06
1.9360390e+00,2.7383082e+00,1.0432201e-32
3.9286671e+00,2.7387996e+00,9.1517374e-06
1.8808038e+00,2.7403718e+00,3.7299197e-32
5.4942158e+00,2.7408376e+00,8.4790104e-06
3.8117793e+00,2.7418660e+00,9.0741495e-06
3.5809373e+00,2.7431718e+00,9.2908566e-06
3.6966901e+00,2.7431908e+00,9.1230900e-06
3.4657412e+00,2.7434905e+00,9.2891155e-06
3.3579560e+00,2.7436928e+00,9.5613284e-06
8.6893637e+00,2.7445712e+00,6.3297633e-02
5.6023043e+00,2.7449922e+00,6.3533796e-06
9.1359869e+00,2.7455868e+00,4.4046618e-03
9.0259223e+00,2.7471040e+00,1.4598416e-02
8.8047313e+00,2.7484378e+00,5.3990467e-02
9.2473978e+00,2.7485998e+00,1.6185740e-03
8.9147231e+00,2.7486790e+00,3.2161323e-02
5.7041543e+00,2.7504659e+00,4.1802150e-06
9.3588224e+00,2.7515711e+00,3.4791167e-04
8.5712164e+00,2.7531798e+00,5.0276730e-02
9.4715830e+00,2.7535375e+00,8.0389473e-05
5.8087201e+00,2.7552850e+00,2.0616602e-06
9.8217722e+00,2.7560323e+00,4.7077619e-05
6.2491224e+00,2.7566370e+00,1.4591942e-08
5.9178866e+00,2.7567907e+00,7.5044560e-07
9.5856247e+00,2.7568194e+00,3.4316268e-05
6.0299766e+00,2.7579424e+00,2.2025271e-07
3.1812240e+00,2.7584121e+00,1.0276343e-05
6.1398343e+00,2.7592785e+00,6.0328161e-08
9.7024545e+00,2.7605179e+00,3.3433980e-05
3.2505754e+00,2.7620879e+00,9.8791574e-06
4.1710167e+00,2.7622730e+00,8.9113431e-06
3.0345856e+00,2.7642692e+00,1.0654248e-05
4.2734008e+00,2.7672362e+00,9.3117243e-06
9.9617550e+00,2.7683727e+00,8.6000932e-05
3.4109283e-02,2.7685500e+00,1.4788275e-27
4.3838427e+00,2.7693907e+00,9.6018806e-06
4.4968871e+00,2.7709966e+00,9.1992176e-06
4.6093709e+00,2.7712247e+00,9.2715856e-06
4.7216629e+00,2.7713942e+00,8.7747739e-06
4.8337329e+00,2.7716468e+00,9.0186861e-06
1.7937876e+00,2.7719570e+00,1.7720284e-31
4.9449132e+00,2.7723764e+00,9.2649020e-06
4.0502800e+00,2.7735889e+00,8.6469563e-06
1.6893905e+00,2.7739149e+00,7.6963169e-31
2.8032675e-01,2.7750038e+00,1.3781793e-27
1.5767042e+00,2.7768694e+00,3.2591817e-30
5.0479066e+00,2.7784542e+00,9.1697928e-06
1.4608675e+00,2.7792352e+00,1.2943330e-29
1.3432892e+00,2.7793735e+00,4.3115813e-29
1.2249983e+00,2.7795424e+00,1.2564710e-28
1.1067594e+00,2.7797292e+00,2.8384831e-28
9.8852515e-01,2.7799505e+00,5.2573246e-28
3.9982050e-01,2.7799663e+00,1.4016311e-27
6.4379536e+00,2.7799866e+00,7.9242306e-10
6.3475318e-01,2.7800587e+00,1.3933992e-27
8.7045403e-01,2.7801225e+00,7.9583924e-28
5.1705708e-01,2.7801484e+00,1.5428453e-27
7.5249850e-01,2.7801986e+00,1.1245587e-27
1.6738207e-01,2.7816805e+00,1.4555801e-27
6.3738940e+00,2.7831614e+00,3.2545556e-09
5.1474407e+00,2.7847006e+00,9.4425207e-06
5.2587926e+00,2.7865359e+00,9.8904455e-06
1.8493408e+00,2.7912063e+00,8.4081653e-32
5.3786485e+00,2.7915400e+00,9.4849582e-06
5.4999922e+00,2.7931529e+00,8.3993406e-06
4.2276691e+00,2.7935343e+00,9.2570331e-06
1.9695472e+00,2.7974705e+00,1.1481600e-32
9.1347275e+00,2.8001175e+00,4.1016253e-03
4.3281250e+00,2.8011340e+00,9.3790014e-06
4.0943408e+00,2.8022956e+00,8.6147696e-06
4.4404107e+00,2.8027482e+00,9.2386579e-06
5.6057070e+00,2.8034574e+00,6.3524268e-06
4.5532000e+00,2.8034908e+00,9.0907922e-06
4.6655083e+00,2.8037283e+00,8.8067505e-06
4.7777227e+00,2.8038673e+00,8.9822919e-06
4.8897155e+00,2.8041178e+00,9.1395904e-06
8.5712991e+00,2.8041636e+00,4.5953800e-02
1.7466135e+00,2.8044626e+00,4.8069544e-31
4.1378582e+00,2.8047049e+00,8.6607954e-06
2.2837992e-01,2.8049699e+00,1.4077505e-27
4.9994015e+00,2.8059458e+00,9.3131789e-06
3.9273927e+00,2.8079238e+00,9.0620918e-06
3.8116979e+00,2.8085600e+00,8.8606272e-06
3.5811965e+00,2.8086843e+00,9.2321091e-06
3.3517452e+00,2.8089664e+00,9.7413381e-06
3.4662859e+00,2.8091072e+00,9.1602024e-06
3.6966061e+00,2.8092143e+00,9.1470543e-06
1.6346941e+00,2.8092193e+00,2.2113900e-30
5.7056896e+00,2.8113791e+00,4.1605228e-06
8.9145375e+00,2.8116628e+00,3.1419324e-02
8.8045204e+00,2.8125398e+00,5.3516140e-02
9.0286777e+00,2.8126381e+00,1.3968972e-02
1.5194001e+00,2.8126387e+00,9.1743725e-30
5.1005236e+00,2.8129374e+00,9.3210374e-06
3.4218863e-01,2.8132609e+00,1.4383997e-27
1.4024984e+00,2.8135158e+00,3.2119206e-29
1.2842935e+00,2.8135866e+00,9.7053667e-29
1.1660314e+00,2.8137465e+00,2.3283647e-28
1.0477184e+00,2.8139842e+00,4.5856677e-28
5.7590797e-01,2.8140700e+00,1.5351237e-27
4.5820764e-01,2.8141679e+00,1.4257159e-27
6.9361468e-01,2.8141844e+00,1.3147567e-27
9.2954249e-01,2.8141880e+00,7.3242894e-28
9.2444409e+00,2.8143105e+00,1.5264273e-03
8.1148437e-01,2.8143241e+00,1.0263199e-27
5.2072640e+00,2.8146497e+00,9.8389505e-06
8.6898015e+00,2.8148135e+00,6.6748559e-02
9.3596929e+00,2.8152746e+00,2.9581684e-04
9.4706899e+00,2.8169544e+00,6.6077374e-05
9.8201257e+00,2.8170456e+00,4.6502887e-05
5.3227345e+00,2.8172958e+00,9.6326245e-06
5.4427364e+00,2.8182766e+00,9.0559575e-06
5.8083708e+00,2.8194069e+00,1.9831215e-06
9.5840131e+00,2.8197486e+00,2.9418080e-05
4.0251205e+00,2.8204410e+00,8.7239768e-06
3.1428643e+00,2.8205290e+00,1.0526074e-05
5.9165723e+00,2.8205314e+00,7.3326440e-07
6.0275347e+00,2.8217250e+00,2.1604051e-07
9.6987636e+00,2.8217567e+00,2.8083431e-05
3.0708591e+00,2.8218679e+00,1.0721948e-05
3.2871751e+00,2.8231857e+00,9.9661730e-06
6.1364010e+00,2.8243422e+00,5.9123020e-08
5.5557439e+00,2.8245127e+00,7.5428411e-06
9.9347514e+00,2.8280831e+00,8.0876813e-05
6.8138653e-02,2.8285391e+00,1.5681204e-27
6.2420231e+00,2.8286992e+00,1.4082731e-08
1.3015482e-01,2.8324894e+00,1.4992042e-27
6.4684843e+00,2.8340733e+00,6.6407292e-10
9.0822684e+00,2.8349554e+00,5.2671902e-03
9.1875680e+00,2.8356389e+00,2.1898540e-03
5.6552924e+00,2.8363257e+00,5.4076506e-06
6.3471668e+00,2.8384979e+00,3.4362901e-09
8.6333880e+00,2.8402239e+00,6.6030073e-02
8.5272355e+00,2.8407438e+00,3.1839077e-02
3.5234866e+00,2.8417342e+00,9.0571323e-06
3.8686101e+00,2.8419104e+00,8.7566534e-06
3.6390275e+00,2.8421273e+00,9.2448859e-06
3.7541053e+00,2.8422648e+00,9.0670536e-06
3.4031312e+00,2.8426132e+00,9.6413128e-06
3.9801903e+00,2.8433547e+00,8.9380971e-06
8.8588123e+00,2.8439535e+00,3.8859999e-02
8.9731563e+00,2.8448497e+00,1.6748232e-02
5.7566511e+00,2.8469852e+00,3.0093925e-06
8.7472782e+00,2.8475110e+00,6.0285803e-02
9.4155125e+00,2.8476152e+00,7.7574335e-05
9.3012083e+00,2.8484304e+00,3.7328561e-04
9.8734540e+00,2.8487058e+00,5.6999302e-05
4.0691813e+00,2.8491477e+00,8.5935853e-06
9.5266785e+00,2.8498669e+00,2.9152635e-05
1.8679421e+00,2.8521242e+00,8.8358658e-32
5.8611619e+00,2.8521530e+00,1.2041459e-06
9.6398714e+00,2.8526704e+00,2.5982604e-05
5.9711515e+00,2.8529295e+00,3.6020106e-07
9.7565827e+00,2.8535550e+00,3.2985669e-05
4.2228161e+00,2.8544959e+00,8.8581312e-06
6.0807108e+00,2.8553224e+00,1.0010749e-07
1.9329134e+00,2.8604520e+00,3.2406365e-32
6.2873720e+00,2.8620625e+00,8.3193684e-09
6.1836031e+00,2.8629342e+00,2.8687094e-08
4.1717708e+00,2.8630583e+00,8.5176111e-06
4.4405295e+00,2.8678913e+00,8.2520135e-06
4.5531405e+00,2.8683366e+00,8.5483306e-06
4.6654473e+00,2.8685087e+00,8.5520605e-06
4.7776490e+00,2.8686203e+00,8.9984964e-06
4.8896663e+00,2.8688036e+00,9.2646515e-06
5.0000328e+00,2.8703177e+00,9.4448024e-06
1.7522801e+00,2.8710658e+00,5.0695129e-31
4.3228001e+00,2.8730953e+00,8.5846569e-06
5.1068964e+00,2.8737652e+00,9.4025816e-06
5.2178027e+00,2.8748240e+00,9.7770617e-06
5.4459775e+00,2.8749116e+00,8.8991840e-06
3.2546070e+00,2.8759212e+00,1.0069275e-05
5.3311209e+00,2.8759772e+00,9.4369330e-06
2.2771869e-01,2.8762771e+00,1.4438105e-27
3.1796475e+00,2.8769402e+00,1.0380784e-05
1.6368424e+00,2.8779456e+00,2.3217875e-30
5.5549651e+00,2.8800999e+00,7.5598624e-06
3.0362735e+00,2.8811281e+00,1.0146788e-05
1.5201321e+00,2.8812022e+00,9.6289263e-30
3.4172622e-01,2.8815093e+00,1.4524704e-27
1.2845830e+00,2.8818499e+00,9.8923345e-29
1.4028043e+00,2.8818641e+00,3.3384217e-29
1.1662114e+00,2.8820448e+00,2.3532310e-28
4.5821646e-01,2.8821322e+00,1.3841119e-27
5.7593598e-01,2.8821701e+00,1.4269079e-27
1.0478900e+00,2.8822848e+00,4.6891108e-28
6.9364461e-01,2.8824207e+00,1.2549149e-27
9.2964917e-01,2.8825024e+00,7.4333901e-28
8.1152787e-01,2.8826617e+00,1.0281960e-27
9.9729964e+00,2.8832398e+00,8.0299801e-05
3.4029369e-02,2.8835185e+00,1.5469859e-27
6.4359468e+00,2.8879711e+00,6.8392594e-10
9.1014508e+00,2.8888356e+00,5.0143407e-03
6.3786889e+00,2.8892208e+00,2.1956925e-09
1.6664093e-01,2.8895247e+00,1.4645064e-27
9.1698037e+00,2.8898018e+00,2.1579307e-03
8.6193495e+00,2.8958578e+00,7.3111140e-02
5.6563599e+00,2.8960806e+00,5.3967609e-06
8.5572607e+00,2.8968345e+00,3.3843910e-02
1.8180556e+00,2.8994782e+00,2.5290922e-31
4.2632228e+00,2.9001591e+00,8.8538551e-06
4.6092504e+00,2.9008509e+00,8.4640161e-06
4.7215282e+00,2.9009275e+00,8.9393684e-06
4.4969464e+00,2.9009856e+00,8.4400497e-06
4.8336100e+00,2.9010856e+00,9.1289876e-06
4.9454953e+00,2.9014341e+00,9.3795631e-06
8.9692764e+00,2.9030321e+00,1.6589549e-02
5.0549107e+00,2.9036538e+00,9.2555003e-06
4.0848868e+00,2.9040264e+00,8.6314242e-06
5.5024545e+00,2.9053751e+00,8.3735910e-06
5.2777177e+00,2.9053916e+00,9.5510508e-06
5.1643522e+00,2.9057027e+00,9.7952365e-06
4.3786366e+00,2.9064952e+00,8.3296949e-06
5.3902760e+00,2.9068565e+00,9.2754102e-06
8.7502174e+00,2.9072726e+00,5.9589247e-02
3.5236005e+00,2.9083855e+00,9.0882400e-06
3.6390969e+00,2.9084429e+00,9.3912598e-06
3.7542652e+00,2.9086404e+00,9.0829498e-06
3.8685651e+00,2.9087826e+00,9.0137946e-06
5.7564969e+00,2.9091962e+00,3.0185110e-06
1.6972054e+00,2.9092444e+00,1.4320321e-30
3.4030722e+00,2.9092525e+00,9.6297510e-06
9.3069219e+00,2.9095041e+00,3.2907053e-04
8.8589267e+00,2.9107111e+00,3.8900991e-02
3.9780418e+00,2.9109572e+00,8.9309286e-06
9.4165926e+00,2.9113222e+00,6.5002013e-05
9.5265401e+00,2.9134217e+00,2.5725704e-05
1.5795845e+00,2.9141593e+00,6.4545622e-30
2.7920311e-01,2.9145594e+00,1.4618883e-27
9.6386182e+00,2.9150752e+00,2.3311678e-05
4.1439589e+00,2.9155277e+00,8.4516128e-06
5.8606329e+00,2.9156201e+00,1.2026382e-06
1.3438846e+00,2.9159851e+00,7.3658917e-29
1.2254677e+00,2.9161040e+00,1.8262930e-28
1.4619053e+00,2.9161471e+00,2.3898951e-29
3.9936691e-01,2.9161791e+00,1.3807075e-27
5.1709390e-01,2.9162129e+00,1.3040717e-27
1.1071109e+00,2.9163282e+00,3.8492778e-28
5.9699843e+00,2.9163854e+00,3.5406672e-07
6.3481113e-01,2.9163951e+00,1.3338817e-27
9.8880341e-01,2.9165655e+00,6.4411079e-28
7.5257193e-01,2.9167725e+00,1.1608014e-27
8.7060421e-01,2.9167745e+00,9.4138840e-28
9.7553031e+00,2.9176332e+00,3.2171023e-05
5.6059957e+00,2.9187995e+00,6.6658103e-06
6.0792099e+00,2.9188659e+00,9.7728700e-08
1.9633662e+00,2.9201243e+00,2.6875256e-32
9.8728943e+00,2.9215135e+00,5.7118409e-05
6.1812132e+00,2.9282515e+00,2.8113896e-08
6.2860073e+00,2.9293422e+00,8.1684074e-09
3.2840169e+00,2.9305767e+00,9.9319263e-06
5.7066030e+00,2.9333450e+00,4.2463827e-06
3.1450168e+00,2.9358781e+00,1.0615110e-05
8.9107720e+00,2.9366028e+00,2.1923019e-02
9.0717860e+00,2.9373245e+00,5.0975337e-03
3.0736480e+00,2.9387270e+00,1.0148917e-05
9.2008090e+00,2.9387588e+00,1.1270530e-03
8.8075740e+00,2.9390589e+00,4.4336584e-02
9.3664864e+00,2.9400554e+00,7.3387362e-05
9.9341917e+00,2.9401065e+00,7.3106192e-05
6.3447803e+00,2.9404168e+00,2.3614181e-09
3.5813799e+00,2.9416512e+00,9.2666932e-06
3.8118129e+00,2.9418078e+00,9.1781269e-06
3.6968355e+00,2.9419054e+00,9.3066302e-06
6.7991150e-02,2.9423420e+00,1.5286894e-27
3.4663408e+00,2.9423978e+00,9.5290589e-06
3.9251993e+00,2.9423985e+00,8.9606631e-06
9.0125269e+00,2.9427698e+00,9.6309709e-03
6.4674625e+00,2.9427867e+00,6.3930480e-10
4.0386775e+00,2.9429222e+00,8.9470933e-06
8.6520725e+00,2.9435228e+00,7.6250882e-02
9.4716315e+00,2.9442163e+00,2.6291029e-05
1.3858654e-01,2.9443980e+00,1.4570995e-27
8.5300251e+00,2.9449796e+00,2.7155775e-02
5.8076876e+00,2.9450850e+00,1.9126798e-06
3.3491643e+00,2.9452910e+00,9.7528104e-06
9.5826214e+00,2.9457081e+00,2.2205399e-05
5.9148761e+00,2.9474545e+00,5.7152714e-07
8.7086356e+00,2.9477122e+00,6.2984316e-02
9.2616069e+00,2.9480842e+00,3.7051963e-04
9.6962307e+00,2.9482397e+00,2.6871999e-05
6.0248666e+00,2.9487245e+00,1.5117195e-07
6.1325102e+00,2.9532032e+00,4.2921106e-08
9.8182864e+00,2.9539316e+00,4.1205430e-05
4.2425425e+00,2.9564387e+00,8.4624608e-06
6.2382685e+00,2.9612963e+00,1.0456394e-08
4.1743239e+00,2.9632449e+00,8.3547441e-06
4.6091954e+00,2.9655935e+00,8.5783016e-06
4.7214715e+00,2.9656629e+00,8.8573553e-06
4.4967786e+00,2.9658132e+00,9.0546411e-06
4.8335150e+00,2.9658454e+00,9.0163550e-06
4.9453302e+00,2.9663179e+00,9.3310895e-06
5.0561528e+00,2.9675910e+00,9.1795846e-06
5.2811612e+00,2.9683141e+00,9.5810427e-06
5.1681898e+00,2.9683598e+00,9.7160207e-06
5.3925359e+00,2.9685211e+00,9.3249487e-06
5.5023473e+00,2.9696534e+00,8.3293243e-06
1.8242200e+00,2.9697503e+00,2.6938188e-31
4.3796638e+00,2.9748818e+00,8.8789088e-06
1.7003723e+00,2.9780236e+00,1.5038740e-30
5.6069466e+00,2.9789318e+00,6.7261055e-06
1.9379071e+00,2.9796481e+00,3.2034161e-32
1.5812060e+00,2.9829839e+00,6.7489708e-30
2.7889284e-01,2.9841985e+00,1.4311690e-27
5.1717966e-01,2.9842269e+00,1.2385905e-27
1.3440622e+00,2.9843373e+00,7.5419823e-29
6.3680804e+00,2.9843754e+00,2.1776261e-09
1.2256403e+00,2.9844019e+00,1.8537429e-28
3.9935243e-01,2.9844396e+00,1.3228376e-27
1.4623090e+00,2.9844788e+00,2.4673116e-29
1.1072406e+00,2.9846523e+00,3.8103419e-28
6.3485089e-01,2.9848243e+00,1.3335933e-27
9.8892027e-01,2.9848946e+00,6.3441464e-28
8.7066571e-01,2.9851177e+00,9.2504070e-28
7.5260767e-01,2.9851452e+00,1.1726831e-27
6.4335048e+00,2.9879950e+00,6.5068723e-10
3.2471125e+00,2.9886373e+00,1.0253220e-05
9.1055056e+00,2.9912988e+00,2.7853106e-03
9.1661756e+00,2.9917668e+00,1.0897065e-03
3.1830718e+00,2.9929197e+00,1.0458106e-05
8.9232316e+00,2.9941767e+00,2.1359511e-02
5.7080522e+00,2.9945656e+00,4.3135640e-06
8.7959418e+00,2.9966499e+00,4.3716653e-02
8.6212086e+00,2.9968694e+00,7.5666608e-02
8.5612501e+00,2.9973494e+00,8.9713881e-02
4.5529176e+00,2.9979068e+00,8.7770280e-06
4.6653356e+00,2.9979867e+00,8.7243615e-06
8.9849776e+00,2.9980000e+00,9.4626196e-03
9.9611953e+00,2.9980432e+00,7.2943819e-05
4.7774973e+00,2.9981154e+00,9.0069800e-06
4.8894060e+00,2.9984472e+00,9.4033649e-06
3.0373745e+00,2.9987754e+00,9.0517634e-06
5.0011097e+00,2.9991388e+00,9.0913037e-06
3.3961781e-02,3.0000000e+00,1.5795486e-27
5.1119761e+00,3.0003596e+00,9.4660245e-06
5.2250838e+00,3.0004037e+00,9.6505985e-06
5.3368244e+00,3.0005643e+00,9.5871542e-06
5.4481303e+00,3.0008546e+00,8.9262179e-06
4.4413889e+00,3.0011055e+00,9.1654117e-06
1.8791002e+00,3.0019099e+00,1.9356421e-31
1.6531296e-01,3.0020560e+00,1.4899227e-27
9.3694600e+00,3.0022509e+00,5.7404746e-05
8.7364548e+00,3.0023973e+00,5.6415468e-02
5.5558088e+00,3.0045105e+00,7.7307125e-06
9.2789250e+00,3.0054776e+00,2.0863915e-04
5.8102890e+00,3.0061547e+00,1.9030434e-06
4.0433521e+00,3.0077002e+00,8.8467654e-06
3.8121099e+00,3.0082406e+00,9.1240950e-06
3.6970716e+00,3.0084152e+00,9.2239487e-06
3.5815407e+00,3.0085015e+00,9.4709748e-06
3.9259231e+00,3.0085197e+00,8.7149520e-06
9.4715523e+00,3.0087722e+00,2.2178130e-05
4.2644356e+00,3.0092036e+00,8.8791714e-06
3.4663153e+00,3.0092164e+00,9.5616226e-06
9.5826034e+00,3.0097427e+00,2.1820139e-05
1.7616113e+00,3.0101172e+00,8.9667134e-31
5.9146833e+00,3.0106229e+00,5.5527781e-07
9.6965590e+00,3.0117072e+00,2.4738747e-05
6.0244963e+00,3.0117389e+00,1.4818869e-07
6.1323894e+00,3.0153680e+00,4.1819254e-08
1.6416308e+00,3.0155494e+00,4.3241937e-30
3.3504846e+00,3.0163360e+00,1.0102608e-05
5.6587599e+00,3.0174335e+00,5.4551362e-06
4.1585337e+00,3.0175739e+00,8.9685784e-06
1.5221573e+00,3.0183586e+00,1.6815057e-29
4.5828774e-01,3.0184068e+00,1.2346564e-27
1.2849331e+00,3.0185000e+00,1.4039718e-28
1.4033855e+00,3.0185481e+00,5.4038922e-29
5.7606150e-01,3.0186134e+00,1.1877994e-27
1.1665136e+00,3.0186669e+00,3.0198822e-28
1.0481365e+00,3.0189380e+00,5.1972584e-28
9.2982752e-01,3.0191747e+00,7.9555004e-28
6.9372011e-01,3.0192226e+00,1.3291257e-27
8.1162511e-01,3.0193776e+00,1.0637220e-27
3.4140148e-01,3.0194090e+00,1.3615503e-27
6.2430674e+00,3.0199615e+00,1.0176277e-08
2.2614804e-01,3.0203974e+00,1.4265890e-27
9.8156846e+00,3.0210563e+00,3.8155765e-05
4.3229807e+00,3.0213388e+00,8.8486070e-06
8.4476488e+00,3.0230270e+00,5.7373386e-02
6.9428563e+00,3.0250288e+00,5.6316095e-11
8.0562860e+00,3.0252383e+00,3.4768981e-02
6.8487612e+00,3.0272814e+00,8.1926569e-11
8.2491880e+00,3.0282645e+00,4.3917441e-02
8.1505180e+00,3.0284858e+00,3.9060315e-02
6.7500000e+00,3.0288675e+00,8.5040207e-11
9.3272135e+00,3.0290930e+00,6.7766382e-05
6.5501125e+00,3.0291040e+00,1.4771565e-10
6.6504218e+00,3.0301803e+00,7.0392916e-11
8.3513436e+00,3.0306931e+00,4.8846025e-02
5.7605475e+00,3.0314864e+00,2.6252490e-06
6.3492194e+00,3.0346768e+00,2.4305436e-09
1.9745408e+00,3.0357143e+00,4.0716391e-32
9.4194870e+00,3.0380737e+00,2.2060559e-05
6.4489101e+00,3.0386821e+00,5.9855236e-10
5.8630415e+00,3.0398582e+00,8.6807523e-07
3.2882970e+00,3.0406796e+00,1.0460648e-05
3.8695859e+00,3.0413366e+00,8.8585752e-06
3.7547983e+00,3.0415830e+00,9.3242471e-06
4.1020767e+00,3.0416630e+00,8.9018457e-06
3.6394939e+00,3.0418030e+00,9.4754854e-06
3.9834403e+00,3.0418564e+00,8.6885676e-06
9.5264429e+00,3.0420121e+00,2.1256928e-05
8.8902894e+00,3.0420472e+00,2.1548382e-02
3.5237358e+00,3.0420544e+00,9.6346363e-06
5.9694212e+00,3.0425683e+00,2.3099562e-07
9.6389285e+00,3.0425772e+00,2.3621434e-05
8.8297970e+00,3.0432864e+00,3.4202526e-02
9.0738905e+00,3.0440115e+00,2.7792777e-03
6.0787188e+00,3.0440451e+00,6.5023326e-08
9.0126216e+00,3.0452674e+00,6.5387357e-03
9.1938016e+00,3.0452736e+00,5.4478818e-04
8.6524803e+00,3.0468957e+00,6.5434549e-02
3.4043669e+00,3.0471162e+00,1.0080190e-05
9.7530297e+00,3.0482254e+00,2.7007657e-05
8.7111635e+00,3.0482342e+00,5.6228122e-02
6.1858913e+00,3.0490816e+00,1.6929870e-08
9.2457531e+00,3.0496588e+00,2.1818545e-04
8.5376929e+00,3.0496741e+00,9.9895538e-02
4.2132055e+00,3.0513962e+00,9.1404298e-06
6.8916175e+00,3.0523103e+00,7.6091806e-11
3.1506233e+00,3.0535734e+00,1.0488969e-05
8.3989925e+00,3.0537201e+00,5.5301048e-02
8.1068039e+00,3.0537241e+00,3.4585263e-02
6.2966655e+00,3.0539198e+00,4.2005922e-09
6.7987612e+00,3.0561489e+00,8.6514423e-11
3.0762947e+00,3.0565801e+00,9.4564183e-06
8.1997059e+00,3.0567503e+00,4.0983674e-02
9.9309870e+00,3.0568667e+00,6.7401956e-05
8.4874501e+00,3.0573683e+00,8.5951876e-02
6.7923561e-02,3.0588235e+00,1.6316836e-27
1.2867936e-01,3.0588235e+00,1.5399893e-27
8.3005316e+00,3.0589576e+00,5.5333682e-02
6.7004218e+00,3.0590479e+00,8.0269736e-11
6.6005343e+00,3.0592843e+00,1.2025394e-10
6.4996471e+00,3.0596148e+00,3.0248253e-10
4.5528706e+00,3.0627237e+00,8.9270552e-06
4.6653119e+00,3.0627401e+00,9.0251450e-06
4.7774691e+00,3.0628546e+00,9.1941342e-06
4.8893834e+00,3.0632642e+00,9.4211423e-06
5.0010957e+00,3.0638780e+00,9.1279968e-06
5.1129070e+00,3.0644744e+00,9.3232864e-06
5.2249765e+00,3.0647569e+00,9.6918410e-06
5.3367395e+00,3.0648727e+00,9.5438704e-06
6.9761896e+00,3.0650288e+00,6.8405709e-11
8.0229526e+00,3.0652383e+00,2.0863495e-02
5.4480671e+00,3.0653040e+00,9.0975374e-06
9.8670878e+00,3.0661828e+00,4.2083799e-05
4.4420923e+00,3.0662264e+00,8.8764611e-06
5.5572394e+00,3.0685872e+00,7.8458359e-06
6.3975116e+00,3.0688072e+00,1.0868209e-09
1.8803964e+00,3.0778313e+00,2.0298348e-31
5.6617678e+00,3.0790972e+00,5.4272785e-06
1.7638533e+00,3.0816738e+00,9.4750034e-31
4.3337491e+00,3.0832814e+00,8.6804441e-06
1.6425924e+00,3.0847233e+00,4.5128688e-30
1.5226626e+00,3.0865726e+00,1.7342364e-29
1.4035101e+00,3.0867987e+00,5.5048645e-29
1.2851115e+00,3.0868185e+00,1.4258620e-28
4.5828327e-01,3.0869412e+00,1.2209689e-27
5.7607016e-01,3.0869416e+00,1.1709068e-27
1.1666677e+00,3.0870047e+00,3.0491680e-28
1.0482709e+00,3.0872633e+00,5.1888043e-28
9.2994238e-01,3.0874919e+00,7.9086457e-28
6.9376329e-01,3.0876002e+00,1.2852204e-27
8.1170443e-01,3.0876899e+00,1.1280972e-27
3.4133142e-01,3.0887737e+00,1.3292246e-27
9.3261505e+00,3.0914186e+00,5.8279796e-05
5.7658889e+00,3.0921179e+00,2.5719418e-06
2.2618187e-01,3.0933559e+00,1.4039944e-27
4.7214195e+00,3.0951555e+00,9.2505321e-06
4.6091245e+00,3.0951638e+00,9.0421202e-06
1.9392033e+00,3.0952520e+00,1.0137450e-31
4.8334642e+00,3.0954015e+00,9.2413204e-06
4.4974350e+00,3.0957510e+00,9.0103724e-06
8.6287562e+00,3.0957864e+00,6.5203067e-02
4.9452935e+00,3.0958741e+00,9.2449891e-06
9.1045211e+00,3.0962226e+00,1.4360406e-03
5.0570696e+00,3.0964450e+00,9.2085567e-06
5.1690134e+00,3.0968278e+00,9.6736036e-06
5.2809690e+00,3.0969757e+00,9.5085713e-06
9.1637622e+00,3.0970166e+00,5.3376390e-04
5.3923878e+00,3.0972789e+00,9.3914653e-06
8.9821145e+00,3.0977151e+00,6.5654366e-03
9.4179778e+00,3.0977439e+00,1.9435596e-05
8.7423659e+00,3.0979090e+00,5.1118891e-02
8.5739272e+00,3.0980848e+00,6.8403050e-02
5.5037148e+00,3.0981795e+00,8.4498867e-06
8.9215283e+00,3.0983181e+00,1.3590479e-02
8.8015125e+00,3.0987086e+00,3.4010508e-02
3.2602071e+00,3.1000987e+00,1.0459360e-05
4.3911356e+00,3.1019452e+00,8.6911707e-06
5.8650008e+00,3.1019826e+00,8.3087074e-07
9.2762713e+00,3.1027728e+00,8.3704246e-05
4.2161255e+00,3.1037368e+00,8.8373740e-06
8.4127584e+00,3.1038205e+00,7.3993150e-02
5.6113850e+00,3.1046722e+00,6.5774671e-06
5.9704719e+00,3.1048968e+00,2.2617876e-07
9.7495816e+00,3.1058412e+00,2.3147188e-05
6.0778829e+00,3.1068909e+00,6.3339642e-08
8.4678827e+00,3.1074688e+00,8.1031027e-02
3.9847128e+00,3.1075619e+00,8.9479835e-06
3.8700005e+00,3.1076633e+00,9.0560779e-06
6.7987612e+00,3.1078687e+00,9.0733024e-11
3.7551380e+00,3.1080518e+00,9.4888695e-06
3.6397578e+00,3.1084802e+00,9.6134849e-06
4.0998145e+00,3.1086256e+00,8.7359748e-06
3.1865740e+00,3.1087101e+00,1.0051118e-05
3.5240262e+00,3.1090057e+00,9.7476730e-06
6.1858468e+00,3.1101574e+00,1.6456803e-08
6.8904709e+00,3.1101731e+00,8.5864020e-11
8.2958778e+00,3.1115962e+00,5.8525938e-02
9.6394404e+00,3.1120887e+00,2.3119376e-05
9.5196288e+00,3.1121298e+00,2.0676374e-05
8.1997059e+00,3.1128004e+00,4.4977112e-02
3.4040206e+00,3.1137078e+00,1.0047712e-05
1.6534679e-01,3.1142302e+00,1.5397620e-27
8.1044377e+00,3.1150862e+00,3.4940927e-02
6.2926130e+00,3.1160854e+00,4.1094127e-09
3.0389202e+00,3.1166283e+00,8.2520336e-06
5.7164013e+00,3.1168607e+00,3.2308218e-06
1.8277582e+00,3.1172283e+00,5.5272640e-31
6.6014807e+00,3.1175590e+00,1.2889768e-10
9.9697917e+00,3.1176471e+00,7.0423126e-05
3.3961781e-02,3.1176471e+00,1.6558311e-27
6.4996345e+00,3.1184808e+00,3.3599094e-10
1.7035760e+00,3.1187541e+00,2.8150802e-30
6.3970788e+00,3.1196390e+00,1.0988740e-09
1.5826730e+00,3.1203718e+00,1.1574808e-29
1.3443652e+00,3.1209064e+00,1.0421347e-28
1.4629389e+00,3.1209434e+00,3.8376605e-29
1.2259727e+00,3.1210583e+00,2.3340230e-28
5.1718384e-01,3.1210895e+00,1.1808661e-27
1.1075290e+00,3.1213155e+00,4.2817357e-28
6.3490272e-01,3.1215301e+00,1.1971523e-27
9.8916949e-01,3.1215371e+00,6.6523772e-28
8.7085989e-01,3.1217472e+00,9.7608790e-28
7.5273016e-01,3.1218351e+00,1.2713089e-27
6.7021050e+00,3.1218446e+00,8.9906271e-11
3.9927791e-01,3.1223387e+00,1.2410084e-27
6.9417097e+00,3.1228917e+00,8.6243492e-11
4.2781239e+00,3.1234868e+00,8.8619037e-06
9.3668878e+00,3.1242468e+00,1.9684700e-05
2.7885661e-01,3.1265217e+00,1.3770959e-27
8.0539197e+00,3.1266004e+00,2.9490783e-02
5.8175897e+00,3.1289106e+00,1.2034102e-06
9.8497436e+00,3.1306054e+00,3.7972560e-05
5.9176934e+00,3.1350759e+00,3.2840230e-07
6.8476146e+00,3.1368640e+00,8.9101654e-11
4.1591914e+00,3.1368770e+00,8.5993490e-06
6.0247111e+00,3.1369131e+00,9.5303876e-08
8.2445342e+00,3.1369531e+00,5.9207417e-02
9.4632290e+00,3.1385601e+00,1.8668870e-05
9.6936228e+00,3.1388344e+00,2.3809824e-05
6.1315089e+00,3.1392895e+00,2.5638083e-08
4.0423624e+00,3.1403683e+00,8.8924293e-06
3.9276103e+00,3.1405519e+00,9.1177524e-06
3.8128641e+00,3.1410361e+00,9.5134715e-06
3.6976753e+00,3.1415612e+00,9.6176794e-06
3.5820951e+00,3.1421299e+00,9.7928632e-06
3.4662594e+00,3.1427594e+00,1.0178777e-05
9.7948924e+00,3.1430948e+00,2.5574324e-05
6.2389703e+00,3.1432029e+00,6.5331102e-09
6.7516832e+00,3.1433840e+00,9.5160248e-11
8.6622412e+00,3.1441394e+00,6.4377591e-02
8.7171678e+00,3.1449235e+00,5.1184394e-02
8.1481517e+00,3.1458980e+00,4.8186559e-02
6.5510463e+00,3.1462446e+00,2.0141917e-10
8.3848458e+00,3.1469297e+00,7.6738769e-02
6.3447340e+00,3.1476741e+00,1.6751397e-09
6.4484647e+00,3.1483799e+00,4.9895950e-10
3.2904164e+00,3.1490898e+00,1.0127517e-05
9.5763012e+00,3.1493718e+00,2.3542992e-05
8.8322484e+00,3.1493960e+00,2.4341236e-02
8.3330928e+00,3.1494679e+00,7.4332472e-02
9.0739791e+00,3.1495202e+00,1.4043101e-03
8.5530173e+00,3.1496000e+00,7.2539957e-02
9.0128414e+00,3.1497567e+00,3.5706579e-03
8.8917718e+00,3.1502447e+00,1.3362788e-02
9.1946609e+00,3.1512133e+00,1.9924477e-04
6.6530514e+00,3.1512517e+00,1.1338673e-10
8.4972157e+00,3.1512897e+00,7.4666729e-02
9.2552186e+00,3.1525843e+00,7.9249141e-05
3.3532611e+00,3.1540269e+00,9.9002793e-06
1.9646624e+00,3.1547758e+00,9.9739176e-32
4.7214073e+00,3.1599039e+00,9.4906554e-06
4.6091870e+00,3.1600667e+00,9.1781728e-06
4.8334801e+00,3.1600978e+00,9.1784305e-06
4.9453949e+00,3.1605226e+00,9.2163965e-06
5.0572543e+00,3.1609116e+00,9.2439611e-06
4.4975982e+00,3.1609332e+00,9.2655740e-06
5.1691774e+00,3.1611861e+00,9.6086398e-06
5.2808710e+00,3.1613282e+00,9.4666396e-06
5.3922965e+00,3.1617159e+00,9.4114886e-06
5.5036552e+00,3.1627379e+00,8.3996002e-06
4.3906377e+00,3.1644439e+00,9.1363001e-06
5.6132988e+00,3.1667138e+00,6.4991988e-06
3.1483724e+00,3.1701710e+00,9.8448432e-06
1.3835801e-01,3.1717891e+00,1.5603552e-27
3.0750472e+00,3.1750825e+00,8.7602581e-06
6.7728796e-02,3.1752061e+00,1.6671181e-27
5.7207244e+00,3.1771298e+00,3.1332553e-06
9.9433242e+00,3.1776067e+00,6.3987694e-05
6.9655201e+00,3.1778628e+00,8.3141329e-11
4.2818918e+00,3.1793585e+00,9.1199528e-06
9.8871754e+00,3.1812491e+00,4.1143344e-05
8.0309671e+00,3.1813621e+00,3.2247455e-02
9.3759024e+00,3.1832549e+00,1.6768046e-05
1.7031110e+00,3.1885623e+00,2.9424344e-30
1.4630118e+00,3.1890276e+00,3.9350051e-29
1.3443501e+00,3.1890890e+00,1.0531303e-28
1.5823547e+00,3.1891784e+00,1.1990503e-29
1.2260994e+00,3.1894484e+00,2.3194679e-28
1.1076664e+00,3.1896546e+00,4.3214800e-28
9.8929524e-01,3.1898659e+00,6.8004143e-28
5.8228739e+00,3.1898722e+00,1.1732389e-06
6.3489889e-01,3.1899999e+00,1.3339439e-27
8.7097749e-01,3.1900330e+00,9.5487451e-28
5.1707286e-01,3.1900371e+00,1.1988830e-27
7.5282105e-01,3.1900887e+00,1.2529073e-27
1.8267851e+00,3.1902317e+00,5.9417381e-31
8.2518094e+00,3.1907376e+00,6.8868514e-02
3.9914984e-01,3.1913851e+00,1.2183596e-27
6.8318345e+00,3.1916361e+00,9.9179680e-11
4.7774727e+00,3.1922992e+00,9.2755209e-06
4.6653620e+00,3.1923913e+00,9.4695225e-06
4.8895007e+00,3.1926089e+00,9.2459973e-06
4.5530963e+00,3.1928088e+00,9.1580454e-06
5.0013817e+00,3.1929930e+00,9.3593876e-06
5.1132557e+00,3.1932993e+00,9.6386728e-06
5.2250426e+00,3.1934678e+00,9.4983885e-06
5.3365502e+00,3.1936623e+00,9.5796520e-06
4.4417576e+00,3.1939073e+00,9.1165582e-06
5.4479163e+00,3.1942994e+00,8.7650871e-06
9.4389239e+00,3.1945725e+00,1.7996351e-05
8.6434065e+00,3.1951208e+00,6.5460286e-02
5.5590936e+00,3.1951873e+00,7.4099594e-06
2.7905874e-01,3.1959193e+00,1.3912477e-27
8.7482312e+00,3.1961257e+00,3.9887095e-02
5.9212457e+00,3.1964273e+00,3.1720735e-07
6.7679977e+00,3.1965700e+00,1.0777940e-10
9.7100128e+00,3.1972778e+00,3.1046304e-05
9.7737219e+00,3.1978267e+00,3.0233843e-05
8.5890117e+00,3.1982829e+00,7.2785762e-02
4.1603823e+00,3.1992768e+00,9.0745997e-06
6.0258637e+00,3.1995627e+00,9.3286442e-08
8.4159725e+00,3.1996974e+00,8.3864539e-02
8.8041653e+00,3.1997986e+00,2.4500618e-02
8.4732180e+00,3.2004091e+00,8.0570342e-02
8.3048790e+00,3.2008237e+00,7.5853969e-02
5.6680046e+00,3.2014079e+00,4.0856287e-06
4.3370191e+00,3.2016518e+00,9.2083442e-06
6.1306633e+00,3.2018728e+00,2.4801699e-08
8.9220774e+00,3.2023271e+00,8.1579816e-03
8.9825608e+00,3.2024422e+00,3.4648651e-03
9.1047821e+00,3.2027369e+00,6.2731932e-04
9.1662229e+00,3.2036360e+00,1.9012640e-04
6.2379773e+00,3.2043482e+00,6.4166329e-09
6.6470010e+00,3.2050486e+00,1.1419850e-10
6.5507578e+00,3.2050947e+00,1.9022054e-10
9.2816337e+00,3.2058887e+00,2.9076667e-05
4.0428437e+00,3.2061735e+00,9.0631795e-06
6.3441177e+00,3.2064803e+00,1.6481094e-09
6.4485466e+00,3.2067175e+00,4.8549161e-10
3.9281676e+00,3.2067343e+00,9.3091660e-06
3.8132674e+00,3.2073613e+00,9.6529689e-06
3.6980440e+00,3.2080148e+00,9.5605757e-06
3.5824859e+00,3.2088729e+00,9.7538437e-06
3.4666104e+00,3.2096717e+00,1.0151364e-05
1.9381337e+00,3.2127258e+00,1.0960666e-31
5.7754962e+00,3.2133486e+00,1.4582596e-06
9.5706405e+00,3.2138799e+00,2.4221747e-05
3.2561519e+00,3.2147087e+00,1.0040859e-05
8.1515385e+00,3.2167909e+00,5.4714266e-02
3.3591206e+00,3.2178029e+00,9.8504441e-06
9.3382302e+00,3.2182032e+00,1.6446170e-05
4.2210842e+00,3.2220082e+00,9.1077882e-06
1.4035679e+00,3.2230655e+00,7.5370543e-29
1.6418092e+00,3.2233382e+00,7.8843154e-30
1.2852231e+00,3.2233912e+00,1.7376371e-28
1.5224172e+00,3.2234634e+00,2.6981708e-29
1.1669316e+00,3.2237339e+00,3.3780802e-28
1.0485339e+00,3.2239313e+00,5.7087550e-28
9.3018574e-01,3.2241065e+00,8.3771340e-28
8.1191291e-01,3.2242294e+00,1.0438622e-27
5.8738373e+00,3.2242957e+00,4.1478364e-07
6.9385035e-01,3.2243236e+00,1.3224751e-27
5.7595535e-01,3.2243589e+00,1.2618404e-27
1.7624153e+00,3.2244855e+00,1.9188889e-30
4.5804422e-01,3.2249351e+00,1.1626761e-27
1.6652536e-01,3.2249398e+00,1.5727505e-27
3.1877409e+00,3.2271785e+00,9.4320772e-06
3.4140549e-01,3.2272177e+00,1.2502374e-27
1.8783538e+00,3.2286260e+00,4.6640915e-31
5.9751768e+00,3.2288978e+00,1.2987188e-07
6.5951418e+00,3.2302059e+00,1.2874080e-10
6.0781899e+00,3.2321238e+00,3.6498055e-08
6.1840081e+00,3.2338860e+00,9.3087156e-09
3.3767015e-02,3.2340296e+00,1.6963663e-27
3.0361270e+00,3.2349248e+00,7.3147918e-06
2.2775733e-01,3.2355120e+00,1.4887314e-27
6.4994278e+00,3.2356686e+00,2.4173373e-10
6.2910036e+00,3.2360370e+00,2.3866994e-09
9.9735326e+00,3.2364303e+00,6.5302321e-05
6.3965443e+00,3.2367829e+00,6.5091898e-10
4.1014867e+00,3.2368305e+00,9.2794704e-06
6.9314296e+00,3.2372475e+00,8.7542122e-11
8.2103680e+00,3.2374778e+00,6.9004350e-02
6.8644107e+00,3.2393009e+00,9.4542571e-11
3.9857514e+00,3.2395495e+00,9.2656422e-06
3.8709610e+00,3.2401709e+00,9.5725181e-06
3.7559100e+00,3.2408306e+00,9.6709942e-06
8.0542128e+00,3.2413621e+00,4.7778839e-02
3.6405173e+00,3.2416768e+00,9.7708987e-06
3.5247679e+00,3.2426609e+00,9.9430333e-06
6.7352675e+00,3.2440159e+00,1.1924269e-10
3.4102310e+00,3.2443960e+00,9.8460311e-06
9.4583460e+00,3.2451949e+00,1.8030695e-05
6.6799911e+00,3.2459397e+00,1.0484264e-10
8.6743554e+00,3.2466475e+00,5.1089047e-02
8.7242535e+00,3.2468684e+00,4.0085548e-02
9.8649486e+00,3.2474323e+00,4.2113555e-05
8.3276277e+00,3.2484167e+00,8.1791591e-02
9.6789951e+00,3.2485297e+00,3.1265698e-05
8.3869680e+00,3.2498285e+00,8.5783844e-02
9.8063464e+00,3.2515205e+00,3.3606985e-05
8.5666007e+00,3.2516224e+00,7.2764676e-02
8.5066087e+00,3.2520589e+00,7.7424488e-02
8.8333709e+00,3.2529862e+00,1.5549195e-02
9.5142787e+00,3.2539749e+00,2.4034801e-05
3.3012394e+00,3.2541581e+00,1.0020765e-05
9.6191620e+00,3.2543414e+00,3.1088461e-05
8.8917596e+00,3.2546660e+00,8.0924150e-03
9.0130895e+00,3.2552958e+00,1.8632184e-03
9.0741732e+00,3.2558270e+00,6.0355785e-04
4.7774534e+00,3.2569823e+00,9.3104496e-06
4.8894961e+00,3.2571785e+00,9.3564918e-06
4.6654248e+00,3.2572225e+00,9.3761563e-06
5.0014332e+00,3.2574911e+00,9.6293799e-06
9.1973549e+00,3.2577152e+00,7.0574585e-05
5.1132446e+00,3.2577307e+00,9.8935152e-06
4.5535168e+00,3.2577941e+00,9.0290128e-06
5.2249430e+00,3.2578651e+00,9.6323883e-06
5.3364656e+00,3.2580496e+00,9.5132621e-06
5.4478236e+00,3.2585362e+00,8.6905378e-06
9.2522081e+00,3.2585969e+00,2.6888348e-05
4.4410042e+00,3.2586870e+00,9.2575450e-06
5.5588921e+00,3.2590049e+00,7.2219662e-06
8.1081176e+00,3.2607408e+00,5.1322849e-02
5.6691277e+00,3.2618886e+00,4.0071593e-06
4.3325322e+00,3.2666080e+00,9.3611940e-06
5.7778848e+00,3.2714600e+00,1.4397650e-06
1.9734713e+00,3.2722357e+00,1.2405291e-31
9.3488843e+00,3.2831718e+00,1.5313888e-05
5.8782795e+00,3.2850021e+00,3.9135535e-07
4.2210470e+00,3.2878083e+00,9.1899404e-06
6.6003463e+00,3.2889048e+00,1.1608405e-10
1.3140849e-01,3.2893118e+00,1.5620035e-27
4.8334562e+00,3.2893505e+00,9.2998180e-06
4.7214508e+00,3.2894181e+00,9.4238907e-06
4.9454418e+00,3.2895903e+00,9.6195803e-06
5.0572946e+00,3.2898411e+00,9.8652690e-06
4.6096703e+00,3.2898832e+00,9.2263441e-06
5.1690668e+00,3.2900149e+00,9.6726433e-06
5.2806867e+00,3.2901129e+00,9.5125320e-06
5.3921192e+00,3.2903400e+00,8.9038954e-06
4.4972653e+00,3.2906982e+00,9.1027243e-06
5.5033610e+00,3.2907924e+00,7.9120066e-06
5.6142204e+00,3.2910122e+00,4.9004674e-06
1.4036229e+00,3.2910684e+00,7.5902214e-29
3.1522215e+00,3.2912827e+00,9.5773703e-06
1.5222279e+00,3.2914499e+00,2.7589401e-29
5.9766479e+00,3.2915043e+00,1.2400383e-07
1.2851858e+00,3.2916005e+00,1.7739815e-28
1.6410797e+00,3.2918127e+00,8.0904940e-30
1.1670435e+00,3.2920873e+00,3.4538872e-28
1.0486421e+00,3.2922634e+00,5.7354320e-28
9.3028955e-01,3.2924229e+00,8.3335513e-28
8.1200296e-01,3.2924905e+00,1.0063729e-27
6.9384095e-01,3.2926296e+00,1.1592403e-27
5.7592203e-01,3.2931605e+00,1.1916418e-27
4.5792565e-01,3.2939936e+00,1.1321595e-27
3.0739327e+00,3.2941176e+00,9.5404548e-06
4.3853974e+00,3.2941798e+00,9.4080576e-06
6.9279359e-02,3.2949846e+00,1.6432192e-27
6.0779566e+00,3.2950968e+00,3.5280272e-08
1.7599506e+00,3.2951351e+00,1.9988916e-30
3.4129111e-01,3.2954570e+00,1.2453619e-27
5.7242362e+00,3.2957219e+00,1.8939818e-06
9.9493873e+00,3.2957459e+00,6.0519274e-05
6.1833500e+00,3.2959967e+00,8.9222719e-09
6.5004293e+00,3.2960330e+00,2.2149830e-10
6.2906051e+00,3.2969018e+00,2.2340325e-09
6.3965494e+00,3.2972327e+00,6.0731429e-10
6.7669592e+00,3.2986031e+00,8.7444813e-11
6.8322656e+00,3.2988220e+00,9.8484390e-11
9.4059787e+00,3.2988460e+00,1.6820061e-05
6.9659095e+00,3.2993846e+00,7.2305601e-11
8.2311164e+00,3.2997072e+00,7.3245271e-02
8.0232457e+00,3.3000000e+00,4.4681344e-02
6.6511253e+00,3.3001164e+00,8.9561196e-11
8.2953065e+00,3.3005600e+00,8.1640201e-02
8.6559565e+00,3.3009635e+00,5.1965274e-02
2.3286622e-01,3.3018461e+00,1.4351201e-27
4.1023750e+00,3.3018484e+00,9.5262726e-06
8.4170692e+00,3.3023513e+00,8.6747206e-02
8.7500915e+00,3.3026443e+00,3.0021163e-02
8.6025966e+00,3.3027763e+00,6.1968527e-02
9.8969522e+00,3.3031056e+00,4.5967210e-05
8.4794643e+00,3.3038700e+00,8.0170581e-02
1.8761655e+00,3.3040351e+00,4.7742129e-31
8.8032749e+00,3.3050893e+00,1.5571762e-02
3.9861954e+00,3.3057789e+00,9.6327672e-06
9.2926738e+00,3.3063706e+00,1.3205971e-05
3.8714361e+00,3.3064178e+00,9.6510969e-06
3.7563870e+00,3.3071398e+00,9.9449933e-06
8.9218446e+00,3.3073122e+00,5.1186524e-03
8.9826911e+00,3.3078270e+00,1.8641950e-03
3.6409549e+00,3.3082749e+00,9.8525046e-06
5.8297047e+00,3.3086900e+00,4.9930175e-07
3.5252062e+00,3.3095209e+00,9.6917381e-06
9.7154110e+00,3.3097996e+00,2.8205890e-05
4.2773677e+00,3.3101147e+00,9.2580457e-06
9.1053244e+00,3.3101336e+00,2.6189826e-04
3.3006299e+00,3.3104134e+00,9.9429995e-06
3.4114586e+00,3.3108132e+00,9.8088474e-06
9.1670654e+00,3.3111227e+00,6.6178897e-05
9.7790531e+00,3.3122415e+00,3.0865598e-05
9.5311839e+00,3.3129557e+00,2.5731908e-05
9.5913263e+00,3.3139006e+00,3.0534908e-05
5.9271589e+00,3.3197401e+00,1.6363565e-07
6.5569638e+00,3.3241580e+00,1.1626907e-10
1.4628775e+00,3.3250170e+00,5.3110289e-29
6.0271015e+00,3.3251422e+00,4.9333277e-08
1.3443678e+00,3.3253013e+00,1.2945572e-28
1.5814360e+00,3.3256393e+00,1.8389625e-29
1.2261739e+00,3.3260111e+00,2.7065143e-28
1.1078863e+00,3.3263401e+00,4.6825353e-28
9.8950718e-01,3.3265144e+00,7.0111166e-28
8.7117134e-01,3.3266104e+00,9.1010345e-28
7.5290170e-01,3.3266559e+00,1.0539767e-27
6.1297719e+00,3.3269565e+00,1.2475049e-08
6.3485617e-01,3.3271075e+00,1.0820096e-27
6.2369207e+00,3.3273237e+00,3.1936090e-09
6.4495532e+00,3.3275318e+00,2.7100886e-10
1.6999168e+00,3.3276864e+00,5.2395334e-30
6.3437243e+00,3.3277949e+00,8.0940380e-10
1.9359455e+00,3.3278175e+00,2.7272373e-31
5.1692096e-01,3.3278972e+00,1.1587920e-27
3.9891688e-01,3.3286830e+00,1.1750411e-27
4.1612333e+00,3.3300947e+00,9.3592094e-06
2.8405324e-01,3.3304928e+00,1.3851027e-27
1.7337957e-01,3.3338856e+00,1.5385181e-27
1.8221321e+00,3.3362905e+00,1.2133819e-30
4.0441760e+00,3.3374208e+00,9.6119192e-06
3.9290866e+00,3.3392106e+00,9.8218575e-06
8.1117915e+00,3.3393787e+00,5.2028476e-02
3.8142196e+00,3.3399173e+00,9.8890322e-06
3.3597386e+00,3.3404754e+00,9.9637446e-06
3.6989587e+00,3.3409221e+00,9.9702503e-06
3.5833618e+00,3.3423311e+00,9.8020476e-06
3.4682762e+00,3.3429489e+00,9.6457538e-06
6.6785084e+00,3.3432496e+00,6.7077861e-11
6.7390659e+00,3.3436601e+00,6.6415020e-11
3.1898111e+00,3.3504917e+00,1.0568248e-05
3.0378057e+00,3.3533104e+00,7.6719751e-06
9.9758547e+00,3.3534333e+00,5.7787244e-05
4.8334331e+00,3.3539768e+00,9.5136133e-06
4.7215310e+00,3.3540914e+00,9.6970780e-06
4.9453502e+00,3.3541039e+00,9.6869596e-06
8.6816145e+00,3.3541301e+00,4.0279960e-02
5.0572139e+00,3.3542821e+00,9.7345705e-06
3.2559337e+00,3.3543230e+00,1.0709367e-05
5.1689830e+00,3.3544372e+00,9.5747794e-06
5.2806181e+00,3.3545204e+00,9.5841070e-06
5.3920638e+00,3.3545966e+00,8.9137899e-06
4.6101090e+00,3.3546235e+00,9.5254308e-06
5.5032568e+00,3.3547622e+00,7.7764909e-06
5.6141661e+00,3.3549070e+00,4.8327298e-06
8.2065430e+00,3.3550690e+00,7.2107694e-02
3.5512344e-02,3.3550727e+00,1.6745153e-27
8.3233332e+00,3.3555867e+00,8.4668417e-02
8.7258514e+00,3.3555900e+00,2.9764041e-02
4.4990007e+00,3.3556392e+00,9.3130633e-06
8.3857555e+00,3.3559662e+00,8.7039844e-02
6.8647281e+00,3.3559799e+00,9.1213028e-11
8.5753274e+00,3.3564864e+00,6.1442263e-02
5.7236854e+00,3.3565685e+00,1.7978951e-06
8.5121870e+00,3.3571436e+00,7.5039998e-02
9.4243195e+00,3.3577917e+00,1.6910117e-05
6.9313531e+00,3.3585960e+00,7.9175251e-11
8.8309861e+00,3.3594774e+00,1.1349153e-02
8.0578867e+00,3.3600000e+00,4.8442278e-02
8.8911672e+00,3.3600205e+00,5.0329061e-03
9.2686621e+00,3.3601988e+00,1.2265577e-05
9.0142355e+00,3.3623242e+00,1.0013063e-03
4.3888058e+00,3.3625667e+00,9.1369299e-06
9.4935920e+00,3.3631214e+00,2.4827778e-05
9.8700759e+00,3.3632257e+00,4.2843517e-05
9.0757852e+00,3.3640996e+00,2.5112459e-04
9.6210126e+00,3.3643078e+00,3.0414883e-05
9.1979070e+00,3.3658326e+00,2.8527268e-05
9.6852643e+00,3.3660185e+00,2.9908580e-05
9.8107792e+00,3.3682734e+00,3.1595269e-05
5.8267439e+00,3.3686506e+00,4.6508985e-07
8.1537690e+00,3.3767894e+00,6.7138747e-02
5.9259525e+00,3.3849829e+00,1.5694998e-07
4.2763742e+00,3.3858894e+00,9.1871972e-06
4.7775106e+00,3.3862818e+00,9.5503899e-06
4.8893815e+00,3.3863184e+00,9.6818408e-06
6.5601248e+00,3.3864109e+00,1.0378484e-10
5.0012609e+00,3.3864456e+00,9.6301169e-06
5.1130801e+00,3.3865940e+00,9.6505161e-06
5.6685227e+00,3.3866301e+00,2.3178035e-06
4.6659437e+00,3.3866360e+00,9.5998869e-06
5.2247906e+00,3.3866949e+00,9.6907691e-06
5.3363415e+00,3.3867137e+00,8.9939137e-06
5.4476640e+00,3.3867626e+00,7.9319812e-06
5.5587337e+00,3.3868696e+00,5.4142447e-06
4.5556909e+00,3.3874753e+00,9.4674826e-06
6.0245900e+00,3.3879491e+00,4.7559813e-08
1.9624742e+00,3.3889152e+00,2.6392294e-31
6.4501357e+00,3.3891172e+00,2.5515249e-10
6.2366371e+00,3.3892020e+00,3.0373962e-09
6.3435000e+00,3.3892583e+00,7.8377008e-10
6.1294663e+00,3.3894202e+00,1.1884434e-08
4.4461480e+00,3.3920148e+00,9.3307693e-06
5.7743732e+00,3.3922672e+00,6.0501041e-07
1.4631108e+00,3.3930723e+00,5.3751423e-29
1.5812399e+00,3.3932552e+00,1.8776033e-29
1.3445674e+00,3.3934415e+00,1.3091624e-28
1.2261541e+00,3.3942044e+00,2.7143669e-28
1.1079544e+00,3.3946604e+00,4.6527051e-28
9.8959733e-01,3.3948331e+00,6.8299335e-28
8.7126548e-01,3.3949161e+00,9.0474916e-28
7.5297312e-01,3.3949468e+00,1.1570028e-27
1.6968276e+00,3.3949818e+00,5.4164979e-30
6.3489392e-01,3.3957498e+00,1.1828467e-27
6.6671776e+00,3.3963719e+00,6.4965161e-11
5.1692559e-01,3.3965669e+00,1.1612774e-27
3.9894774e-01,3.3970198e+00,1.2285536e-27
1.6765890e-01,3.3973892e+00,1.5535307e-27
2.8304548e-01,3.3979461e+00,1.4192859e-27
4.1607688e+00,3.3981904e+00,9.2491581e-06
6.7660399e+00,3.4007471e+00,6.3758125e-11
4.0446118e+00,3.4036130e+00,9.4006881e-06
3.3531520e+00,3.4052486e+00,1.0860619e-05
3.9295290e+00,3.4054345e+00,9.8050007e-06
3.8146895e+00,3.4062046e+00,9.7452585e-06
1.8153796e+00,3.4073712e+00,1.2848159e-30
3.6994649e+00,3.4074653e+00,9.9948529e-06
8.6617241e+00,3.4084935e+00,4.0204086e-02
8.6087969e+00,3.4090370e+00,5.4059641e-02
3.5838153e+00,3.4092197e+00,1.0089842e-05
3.4688162e+00,3.4099210e+00,9.9734879e-06
5.8741123e+00,3.4102054e+00,2.0913881e-07
8.7502080e+00,3.4106123e+00,2.1949770e-02
4.3349471e+00,3.4107696e+00,9.0407591e-06
8.2926361e+00,3.4108904e+00,8.4277348e-02
8.4818460e+00,3.4111332e+00,7.7585640e-02
8.2400361e+00,3.4112255e+00,7.8773869e-02
8.4178095e+00,3.4114745e+00,8.5145335e-02
8.8021593e+00,3.4120547e+00,1.1825447e-02
3.0763438e+00,3.4121469e+00,1.1324774e-05
3.1500604e+00,3.4121631e+00,1.0330444e-05
9.9485330e+00,3.4126714e+00,5.4142265e-05
6.8263957e+00,3.4128480e+00,7.8946645e-11
8.9214706e+00,3.4132898e+00,3.3690523e-03
9.3873888e+00,3.4135541e+00,1.5756161e-05
5.9856519e-02,3.4137185e+00,1.6579501e-27
9.3125577e+00,3.4140871e+00,1.1559771e-05
8.9836924e+00,3.4150787e+00,9.7851214e-04
9.8951893e+00,3.4151041e+00,4.3438894e-05
3.2894712e+00,3.4172533e+00,1.0598087e-05
6.9654436e+00,3.4192114e+00,8.9217588e-11
9.5216908e+00,3.4193825e+00,2.5648668e-05
6.6150748e+00,3.4194684e+00,6.6976901e-11
5.9729300e+00,3.4195539e+00,6.7483967e-08
9.5889690e+00,3.4196240e+00,2.9771694e-05
6.5041728e+00,3.4198713e+00,1.2135454e-10
8.0346410e+00,3.4200000e+00,4.8531529e-02
6.2900972e+00,3.4202435e+00,1.0439792e-09
6.3969075e+00,3.4202814e+00,3.1314539e-10
6.1827608e+00,3.4203388e+00,3.9967768e-09
6.0751395e+00,3.4203675e+00,1.5975065e-08
9.7806972e+00,3.4220907e+00,3.0831072e-05
9.1092522e+00,3.4222080e+00,1.2033319e-04
9.7188245e+00,3.4222776e+00,2.9840559e-05
9.1696330e+00,3.4229519e+00,2.7207342e-05
1.6377944e+00,3.4267240e+00,1.2811507e-29
1.5222652e+00,3.4271211e+00,3.6703267e-29
1.4040558e+00,3.4272639e+00,9.3596394e-29
1.2853657e+00,3.4279341e+00,2.0227118e-28
1.1670919e+00,3.4286010e+00,3.6899766e-28
1.0488004e+00,3.4289026e+00,5.6835486e-28
9.3047384e-01,3.4290474e+00,7.7115293e-28
8.1216852e-01,3.4290871e+00,1.0362217e-27
6.9395012e-01,3.4295628e+00,1.2298127e-27
5.7596440e-01,3.4304725e+00,1.0487304e-27
4.5796112e-01,3.4310001e+00,1.1850633e-27
3.4031421e-01,3.4312472e+00,1.3390172e-27
4.2195889e+00,3.4316787e+00,9.1898185e-06
1.1626497e-01,3.4323336e+00,1.5702169e-27
2.2613778e-01,3.4328030e+00,1.4949753e-27
1.7501088e+00,3.4335112e+00,3.8336363e-30
6.7219373e+00,3.4356511e+00,5.6520710e-11
4.1023463e+00,3.4361362e+00,9.4319302e-06
3.9870736e+00,3.4381949e+00,9.5400393e-06
3.8723485e+00,3.4389289e+00,9.7322854e-06
3.7573633e+00,3.4399702e+00,9.9309997e-06
3.6419146e+00,3.4417066e+00,1.0108942e-05
3.4054120e+00,3.4425585e+00,1.0574530e-05
3.5261997e+00,3.4433816e+00,1.0069234e-05
8.1615685e+00,3.4478925e+00,6.6698966e-02
1.9307202e+00,3.4489564e+00,2.8262005e-31
5.6677342e+00,3.4501044e+00,2.1433948e-06
5.7669924e+00,3.4506793e+00,5.5410459e-07
5.5587156e+00,3.4508864e+00,5.1992981e-06
4.7775199e+00,3.4508958e+00,9.4602386e-06
4.8893423e+00,3.4508965e+00,9.6432144e-06
5.4476554e+00,3.4509221e+00,7.5102947e-06
5.0012047e+00,3.4509732e+00,9.7599029e-06
5.1130185e+00,3.4510707e+00,9.7362527e-06
5.3363112e+00,3.4510918e+00,8.8998161e-06
5.2247447e+00,3.4511392e+00,9.6312562e-06
4.6660815e+00,3.4511710e+00,9.5130384e-06
4.5572121e+00,3.4516118e+00,9.5576205e-06
1.8641877e+00,3.4565722e+00,1.0971313e-30
4.4510565e+00,3.4580194e+00,9.6172116e-06
8.6838239e+00,3.4630482e+00,3.1044789e-02
8.2143253e+00,3.4634277e+00,7.9904545e-02
8.7280708e+00,3.4637071e+00,2.2034744e-02
8.5784283e+00,3.4648343e+00,5.5469231e-02
8.8312881e+00,3.4660745e+00,9.1248969e-03
8.5146176e+00,3.4662733e+00,7.2728988e-02
8.8904183e+00,3.4667664e+00,3.4123569e-03
8.3230288e+00,3.4672635e+00,8.7502440e-02
8.3857799e+00,3.4674681e+00,8.3999266e-02
3.1828366e+00,3.4683574e+00,8.3797175e-06
3.2561248e+00,3.4696163e+00,8.6814715e-06
9.0171532e+00,3.4702675e+00,6.3146845e-04
2.4344176e-02,3.4704105e+00,1.5702741e-27
3.0385380e+00,3.4706012e+00,8.1076242e-06
9.9726783e+00,3.4710028e+00,5.3994686e-05
9.8622754e+00,3.4736389e+00,3.9652109e-05
9.4235472e+00,3.4741905e+00,1.6299076e-05
9.2830853e+00,3.4743993e+00,1.1191731e-05
9.6201191e+00,3.4745271e+00,2.9490784e-05
9.4885767e+00,3.4746891e+00,2.4041215e-05
6.8581281e+00,3.4748045e+00,7.2229745e-11
9.6857230e+00,3.4754702e+00,3.1626547e-05
9.8070801e+00,3.4755777e+00,3.1144382e-05
9.0811634e+00,3.4756213e+00,1.1974910e-04
4.3473503e+00,3.4757199e+00,9.4065084e-06
5.8640090e+00,3.4768545e+00,2.0485727e-07
9.2109158e+00,3.4776303e+00,1.6064510e-05
5.7155162e+00,3.4784549e+00,7.4574943e-07
6.9305510e+00,3.4785517e+00,8.0796811e-11
6.2898498e+00,3.4815155e+00,9.8062083e-10
6.5049827e+00,3.4817116e+00,1.1346343e-10
6.3966743e+00,3.4820711e+00,2.9579421e-10
5.6133596e+00,3.4823981e+00,2.5623470e-06
6.0741853e+00,3.4827733e+00,1.5169983e-08
6.1826116e+00,3.4828159e+00,3.7975742e-09
5.5032301e+00,3.4829385e+00,5.5598270e-06
5.3920249e+00,3.4831341e+00,7.7510856e-06
4.8334032e+00,3.4831688e+00,9.5351178e-06
4.9452548e+00,3.4832094e+00,9.8381652e-06
4.7216781e+00,3.4832403e+00,9.5742979e-06
5.0570962e+00,3.4832863e+00,9.7416271e-06
4.6117680e+00,3.4832949e+00,9.5739367e-06
5.2805419e+00,3.4833428e+00,9.1148374e-06
5.1688756e+00,3.4833582e+00,9.5584566e-06
5.9693876e+00,3.4835997e+00,6.5423619e-08
6.6135351e+00,3.4836695e+00,6.2171136e-11
8.0667266e+00,3.4846247e+00,5.0469668e-02
4.5054305e+00,3.4857802e+00,9.5911925e-06
6.7186118e+00,3.4893545e+00,4.7285302e-11
1.7394520e+00,3.4917007e+00,3.9886412e-30
1.6364267e+00,3.4930160e+00,1.3096409e-29
4.4061176e+00,3.4935216e+00,9.5216039e-06
5.8092598e+00,3.4937117e+00,2.9876889e-07
8.1284309e+00,3.4951065e+00,6.6314549e-02
1.4042955e+00,3.4956654e+00,9.5336203e-29
1.5231266e+00,3.4960136e+00,3.7606639e-29
1.2855538e+00,3.4960875e+00,2.0195598e-28
1.1671050e+00,3.4968438e+00,3.7116257e-28
1.0489011e+00,3.4972428e+00,5.7357023e-28
9.3056408e-01,3.4973702e+00,7.7179382e-28
8.1225989e-01,3.4974687e+00,1.0232606e-27
6.9408467e-01,3.4981080e+00,1.0311836e-27
5.7602770e-01,3.4988896e+00,9.1881265e-28
4.5803842e-01,3.4991153e+00,1.1567055e-27
3.4038821e-01,3.4993648e+00,1.3446994e-27
2.2448837e-01,3.5002062e+00,1.4600595e-27
4.2168358e+00,3.5031617e+00,1.0011905e-05
4.1023134e+00,3.5033799e+00,9.9055810e-06
3.9875344e+00,3.5046604e+00,9.7525848e-06
1.1617341e-01,3.5050564e+00,1.5522881e-27
3.8727094e+00,3.5058198e+00,9.8387815e-06
3.7576924e+00,3.5069588e+00,9.9458250e-06
3.6423152e+00,3.5090220e+00,9.9140736e-06
3.4048830e+00,3.5102036e+00,1.0276806e-05
3.5265621e+00,3.5105401e+00,1.0094474e-05
6.3430194e+00,3.5123200e+00,3.6391377e-10
1.9682460e+00,3.5124222e+00,2.8389449e-31
6.5593950e+00,3.5124523e+00,6.2845249e-11
6.4507124e+00,3.5127471e+00,1.2495167e-10
6.2362405e+00,3.5129512e+00,1.2607918e-09
6.6623125e+00,3.5142763e+00,5.2081257e-11
6.1283629e+00,3.5143032e+00,4.7954788e-09
6.0200933e+00,3.5144007e+00,1.9544179e-08
5.9123068e+00,3.5156778e+00,8.4683162e-08
8.6628306e+00,3.5180516e+00,3.1220411e-02
8.7493834e+00,3.5187114e+00,1.9560785e-02
8.6103622e+00,3.5192942e+00,5.0568417e-02
8.2377659e+00,3.5193722e+00,8.2735184e-02
1.6848031e+00,3.5194634e+00,9.6445160e-30
8.8006493e+00,3.5196363e+00,9.3373287e-03
8.9224552e+00,3.5214189e+00,2.8176265e-03
8.4833098e+00,3.5230978e+00,7.3747513e-02
8.9869683e+00,3.5231310e+00,6.2986449e-04
8.2938694e+00,3.5235431e+00,8.8506410e-02
8.4185086e+00,3.5239512e+00,8.2784632e-02
1.8365010e+00,3.5240570e+00,1.1865080e-30
4.3159996e+00,3.5245692e+00,9.9037416e-06
5.9764957e-02,3.5256570e+00,1.5956765e-27
9.7139807e+00,3.5261578e+00,3.8143754e-05
3.1434910e+00,3.5262779e+00,5.6477178e-06
9.7734651e+00,3.5264523e+00,3.4865902e-05
1.5807337e+00,3.5284397e+00,2.5850201e-29
3.0729090e+00,3.5285378e+00,6.6823385e-06
9.3270255e+00,3.5294944e+00,9.9788212e-06
9.9424341e+00,3.5296779e+00,5.1107576e-05
3.2792990e+00,3.5297453e+00,9.3024687e-06
9.3926563e+00,3.5298186e+00,1.5830997e-05
9.8853749e+00,3.5298812e+00,4.0409036e-05
1.3449952e+00,3.5299963e+00,1.4999961e-28
1.4642119e+00,3.5303662e+00,6.7082253e-29
9.5869008e+00,3.5305343e+00,2.9279728e-05
1.2263553e+00,3.5306006e+00,2.8341530e-28
9.5226367e+00,3.5309378e+00,2.5166271e-05
1.1080683e+00,3.5312434e+00,4.7028125e-28
9.1200955e+00,3.5313433e+00,8.3473462e-05
9.8978832e-01,3.5314961e+00,6.7954703e-28
8.7144710e-01,3.5316204e+00,8.8332664e-28
7.5319904e-01,3.5318736e+00,9.7493351e-28
9.1894670e+00,3.5326084e+00,1.5671563e-05
6.3509177e-01,3.5327121e+00,9.0411320e-28
1.7770361e+00,3.5330455e+00,3.8409775e-30
5.1706618e-01,3.5330992e+00,1.0157634e-27
3.9909904e-01,3.5332526e+00,1.2749310e-27
2.8147008e-01,3.5334670e+00,1.4161774e-27
4.1579827e+00,3.5369171e+00,1.0074497e-05
4.0450397e+00,3.5373221e+00,9.8498937e-06
1.6591792e-01,3.5375154e+00,1.5521407e-27
3.9303507e+00,3.5387908e+00,9.8417731e-06
6.8226024e+00,3.5390100e+00,6.0567227e-11
6.9651074e+00,3.5393404e+00,7.8364340e-11
4.2640638e+00,3.5393950e+00,1.0057374e-05
3.8153796e+00,3.5400841e+00,9.9683766e-06
6.7592573e+00,3.5404834e+00,5.0909163e-11
3.7001946e+00,3.5417692e+00,9.7951748e-06
5.7176712e+00,3.5428123e+00,6.8588297e-07
3.5845782e+00,3.5436936e+00,9.9808556e-06
8.0320856e+00,3.5446247e+00,4.8961703e-02
3.4686495e+00,3.5447246e+00,9.8218234e-06
5.6132633e+00,3.5463651e+00,2.4815523e-06
5.5032731e+00,3.5471726e+00,5.0179550e-06
5.3920755e+00,3.5475467e+00,7.2636844e-06
4.6115241e+00,3.5476576e+00,9.8144933e-06
4.7216396e+00,3.5477694e+00,9.8351721e-06
4.9451929e+00,3.5477750e+00,9.9357322e-06
5.0570265e+00,3.5478416e+00,9.8151729e-06
5.2805522e+00,3.5478560e+00,8.8398143e-06
5.1688277e+00,3.5478832e+00,9.3877319e-06
4.8333593e+00,3.5479359e+00,9.8243070e-06
3.3455855e+00,3.5484462e+00,9.4925354e-06
4.5060798e+00,3.5499738e+00,9.8682011e-06
5.7781819e+00,3.5540635e+00,2.9809944e-07
4.4026559e+00,3.5564921e+00,9.8094755e-06
8.1547634e+00,3.5629525e+00,6.8335314e-02
8.2113416e+00,3.5716830e+00,8.2885782e-02
6.3449820e+00,3.5725387e+00,3.4278259e-10
1.9349221e+00,3.5726419e+00,3.8248053e-31
8.6837463e+00,3.5728084e+00,2.6223452e-02
8.7260522e+00,3.5728093e+00,2.0696029e-02
6.4526989e+00,3.5728752e+00,1.1660789e-10
6.6638067e+00,3.5729248e+00,4.8601180e-11
3.1683089e+00,3.5730105e+00,6.7103825e-06
6.2367171e+00,3.5738824e+00,1.1802856e-09
6.5609188e+00,3.5744839e+00,5.5206464e-11
8.8286523e+00,3.5745103e+00,8.7557907e-03
3.2308288e+00,3.5752191e+00,8.4645014e-06
4.3513853e+00,3.5753367e+00,9.7448837e-06
8.8913280e+00,3.5756009e+00,2.9685507e-03
8.5802124e+00,3.5764600e+00,5.1769379e-02
6.1283449e+00,3.5766008e+00,4.5240067e-09
1.8697095e+00,3.5766609e+00,1.1636456e-30
6.0198320e+00,3.5776486e+00,1.8391515e-08
5.6697929e+00,3.5784288e+00,7.1189112e-07
5.9088690e+00,3.5785433e+00,8.0781377e-08
1.6897089e+00,3.5787867e+00,9.7330740e-30
8.5169707e+00,3.5788245e+00,7.1254524e-02
5.5586622e+00,3.5790874e+00,2.5690732e-06
5.4477490e+00,3.5795687e+00,5.2919535e-06
5.3363721e+00,3.5800175e+00,7.4618259e-06
4.6657991e+00,3.5800628e+00,9.8926275e-06
5.0010732e+00,3.5800939e+00,9.8790634e-06
5.1129011e+00,3.5801510e+00,9.5079892e-06
4.5576176e+00,3.5801681e+00,9.8298449e-06
5.2247072e+00,3.5801774e+00,8.8964020e-06
4.7774375e+00,3.5801919e+00,9.8328733e-06
4.8892364e+00,3.5802291e+00,9.8475164e-06
9.0246208e+00,3.5802913e+00,5.2999181e-04
8.3259461e+00,3.5806965e+00,8.9314529e-02
8.3878341e+00,3.5809000e+00,8.5286596e-02
9.6784837e+00,3.5814103e+00,3.4481669e-05
9.7921575e+00,3.5822357e+00,3.9735889e-05
9.0937378e+00,3.5831498e+00,8.4429345e-05
3.5420781e-02,3.5846583e+00,1.7308151e-27
4.4482442e+00,3.5851835e+00,9.9343840e-06
9.2289502e+00,3.5853921e+00,1.1139097e-05
9.2943392e+00,3.5855091e+00,8.0219843e-06
9.4247166e+00,3.5864407e+00,1.6807055e-05
9.6170076e+00,3.5867298e+00,3.1828762e-05
9.4896674e+00,3.5870613e+00,2.3889693e-05
1.7456778e+00,3.5871099e+00,5.2345323e-30
3.0343709e+00,3.5873483e+00,5.8014408e-06
9.8488720e+00,3.5876035e+00,4.3790347e-05
9.9697559e+00,3.5880868e+00,5.4094999e-05
6.7224468e+00,3.5951672e+00,5.6694142e-11
1.3450013e+00,3.5984617e+00,1.5033579e-28
1.2264959e+00,3.5989199e+00,2.8409255e-28
1.4638921e+00,3.5989671e+00,6.7552738e-29
6.9319634e+00,3.5992494e+00,7.3997850e-11
1.1081670e+00,3.5995931e+00,4.6364991e-28
9.8988760e-01,3.5998354e+00,6.9585667e-28
8.7154283e-01,3.5999683e+00,8.8941063e-28
7.5328607e-01,3.6003587e+00,9.7675415e-28
1.7129741e-01,3.6006140e+00,1.6073905e-27
6.3517178e-01,3.6008766e+00,1.0078275e-27
1.5844336e+00,3.6010191e+00,2.6139125e-29
5.1714817e-01,3.6012357e+00,1.0663133e-27
3.9917473e-01,3.6013917e+00,1.2465918e-27
2.8124153e-01,3.6015366e+00,1.4311891e-27
6.4006235e+00,3.6024179e+00,1.2859252e-10
6.2922890e+00,3.6026655e+00,3.9355062e-10
6.8618813e+00,3.6026664e+00,6.2959621e-11
4.1578822e+00,3.6031356e+00,9.9715721e-06
4.0455114e+00,3.6032738e+00,9.9342286e-06
6.5084930e+00,3.6038713e+00,5.8380610e-11
6.6165532e+00,3.6043497e+00,4.3114168e-11
5.7988943e+00,3.6047962e+00,2.3183778e-07
4.2625440e+00,3.6055388e+00,9.9780870e-06
6.1830703e+00,3.6060448e+00,1.3712415e-09
3.9308004e+00,3.6065098e+00,1.0018366e-05
8.0649865e+00,3.6065484e+00,5.0295667e-02
3.8156428e+00,3.6076549e+00,1.0027038e-05
6.0739060e+00,3.6083187e+00,5.5453328e-09
3.7005235e+00,3.6092900e+00,9.9197422e-06
5.9656885e+00,3.6097131e+00,2.2715824e-08
3.5848806e+00,3.6109738e+00,9.8969777e-06
3.4689052e+00,3.6118482e+00,8.6850041e-06
8.1259600e+00,3.6143944e+00,6.7277345e-02
5.8599331e+00,3.6150824e+00,9.7635930e-08
3.3522002e+00,3.6172538e+00,7.8860479e-06
4.3204083e+00,3.6219064e+00,9.8564072e-06
1.6450325e+00,3.6249187e+00,1.6375100e-29
8.7452929e+00,3.6279377e+00,1.9781948e-02
8.7966272e+00,3.6287138e+00,9.6886701e-03
8.6656023e+00,3.6289711e+00,2.6509250e-02
3.2411112e+00,3.6309337e+00,6.5648746e-06
8.9239148e+00,3.6312188e+00,2.6299901e-03
2.2963931e-01,3.6313746e+00,1.4917965e-27
8.6145369e+00,3.6313801e+00,4.8789932e-02
1.9666760e+00,3.6316483e+00,3.7415525e-31
8.2394601e+00,3.6316746e+00,8.4048550e-02
3.1369706e+00,3.6317327e+00,5.5919577e-06
1.4039818e+00,3.6327316e+00,1.0895137e-28
1.2857005e+00,3.6328721e+00,2.1755937e-28
1.1673444e+00,3.6335127e+00,3.6700622e-28
1.0490992e+00,3.6339317e+00,5.6971771e-28
9.3075909e-01,3.6340573e+00,8.0346560e-28
8.9926945e+00,3.6341971e+00,5.8786735e-04
8.1244265e-01,3.6343016e+00,9.0444927e-28
6.9425171e-01,3.6347577e+00,1.0112451e-27
5.7618969e-01,3.6351906e+00,1.0394298e-27
4.5819609e-01,3.6353910e+00,1.1211085e-27
4.2152155e+00,3.6355239e+00,9.9638568e-06
4.1026846e+00,3.6355501e+00,9.9059145e-06
3.4023536e-01,3.6355736e+00,1.3253403e-27
1.8330683e+00,3.6361202e+00,1.6310246e-30
8.2979610e+00,3.6365173e+00,9.0176611e-02
8.4852206e+00,3.6367839e+00,7.2314393e-02
1.5265067e+00,3.6371940e+00,4.5874174e-29
1.7685015e+00,3.6375806e+00,5.1335589e-30
8.4208853e+00,3.6380059e+00,8.5833123e-02
3.9884559e+00,3.6383311e+00,1.0020901e-05
9.1301323e+00,3.6397245e+00,6.3203997e-05
9.7045747e+00,3.6402235e+00,3.6807939e-05
9.1959731e+00,3.6407016e+00,1.2156985e-05
9.7587641e+00,3.6407545e+00,3.9354597e-05
3.8734222e+00,3.6411096e+00,1.0002918e-05
9.3271179e+00,3.6419023e+00,7.9343894e-06
3.7582844e+00,3.6420503e+00,9.8587655e-06
9.3918644e+00,3.6425097e+00,1.2048524e-05
5.5570713e+00,3.6426658e+00,2.0331283e-06
6.9009668e-02,3.6436918e+00,1.7341790e-27
9.5217574e+00,3.6437607e+00,2.3960296e-05
3.0736146e+00,3.6438105e+00,5.6577439e-06
3.6429465e+00,3.6438230e+00,9.7763784e-06
9.5848335e+00,3.6438328e+00,3.3488855e-05
5.4479908e+00,3.6443487e+00,4.3479492e-06
4.6657131e+00,3.6444969e+00,1.0160280e-05
5.3364529e+00,3.6446576e+00,6.5249675e-06
5.1128239e+00,3.6447322e+00,9.1752278e-06
5.2246859e+00,3.6447601e+00,8.3515018e-06
4.5560902e+00,3.6448239e+00,9.9486620e-06
3.5271202e+00,3.6449439e+00,8.7533958e-06
5.0010592e+00,3.6450839e+00,9.6648464e-06
4.8894337e+00,3.6455580e+00,9.8368468e-06
4.7773660e+00,3.6459374e+00,1.0076440e-05
5.6661042e+00,3.6459597e+00,6.0463088e-07
3.4117534e+00,3.6461347e+00,7.6907101e-06
9.8729457e+00,3.6464481e+00,5.1793695e-05
1.3079761e-01,3.6469741e+00,1.6147169e-27
9.9367704e+00,3.6471347e+00,6.1396589e-05
4.4447180e+00,3.6479835e+00,1.0191053e-05
3.2961962e+00,3.6542675e+00,6.0888834e-06
6.9668560e+00,3.6599091e+00,7.7752905e-11
6.7311323e+00,3.6604593e+00,3.4175272e-11
6.4079693e+00,3.6615505e+00,1.1756080e-10
8.0329009e+00,3.6619237e+00,4.9715762e-02
6.2964746e+00,3.6634820e+00,3.5579306e-10
6.8392243e+00,3.6638669e+00,5.9692355e-11
8.7061270e+00,3.6654619e+00,2.3724181e-02
5.7679444e+00,3.6658605e+00,2.3024239e-07
6.5150171e+00,3.6660979e+00,5.4711331e-11
3.1834641e+00,3.6664665e+00,5.2152673e-06
6.1853254e+00,3.6671240e+00,1.2891245e-09
6.6233407e+00,3.6680334e+00,4.1331328e-11
4.3349075e+00,3.6700323e+00,9.8755166e-06
6.0739858e+00,3.6710265e+00,5.1690497e-09
5.9648140e+00,3.6729864e+00,2.1148088e-08
5.5019239e+00,3.6755309e+00,2.0819167e-06
8.1545382e+00,3.6759871e+00,6.9104237e-02
4.6099107e+00,3.6767475e+00,1.0036187e-05
5.3923981e+00,3.6769667e+00,4.4367629e-06
5.1687293e+00,3.6770471e+00,8.6761941e-06
5.2806118e+00,3.6770788e+00,6.6919005e-06
5.0569354e+00,3.6774127e+00,9.2924430e-06
4.5010262e+00,3.6774296e+00,1.0062475e-05
5.6079836e+00,3.6774743e+00,6.6249638e-07
4.7214821e+00,3.6779489e+00,1.0136063e-05
5.8611655e+00,3.6779600e+00,7.5871655e-08
4.9453762e+00,3.6780937e+00,9.6405312e-06
4.8334852e+00,3.6790102e+00,9.9124779e-06
8.8264754e+00,3.6840658e+00,9.2704304e-03
4.3916683e+00,3.6844902e+00,1.0011525e-05
8.2114600e+00,3.6845368e+00,8.3672645e-02
8.8910873e+00,3.6854801e+00,3.2075638e-03
5.7134175e+00,3.6858046e+00,2.8564909e-07
1.6657118e+00,3.6878950e+00,1.6032587e-29
6.7828161e+00,3.6900637e+00,3.7073467e-11
9.0255794e+00,3.6904908e+00,5.0237749e-04
8.5840095e+00,3.6908208e+00,5.0836791e-02
1.9323715e+00,3.6912309e+00,5.1878184e-31
1.8639764e+00,3.6916838e+00,1.6123790e-30
1.7332119e+00,3.6922337e+00,6.4415408e-30
6.3565135e+00,3.6924878e+00,1.2216363e-10
9.0939002e+00,3.6931597e+00,8.5253192e-05
8.5179350e+00,3.6938601e+00,7.0650773e-02
6.4665688e+00,3.6942344e+00,5.6084853e-11
8.3283014e+00,3.6944002e+00,9.0991159e-02
4.2189296e+00,3.6951688e+00,9.9519001e-06
8.3893376e+00,3.6956854e+00,8.7878546e-02
6.2431579e+00,3.6957782e+00,3.8669061e-10
9.2285757e+00,3.6967098e+00,9.4436574e-06
9.2943315e+00,3.6977935e+00,5.7394509e-06
2.2591345e-01,3.6986871e+00,1.4369656e-27
9.4238890e+00,3.6992636e+00,1.2030564e-05
9.4888311e+00,3.6998941e+00,1.6698802e-05
4.1033790e+00,3.7001956e+00,9.8487834e-06
6.1306799e+00,3.7003878e+00,1.4645120e-09
6.5742304e+00,3.7003942e+00,4.6143286e-11
9.6153785e+00,3.7012146e+00,3.4617675e-05
1.4036999e+00,3.7012748e+00,1.0950146e-28
1.2857649e+00,3.7013022e+00,2.2024922e-28
1.1674437e+00,3.7018873e+00,3.7478625e-28
6.6792798e+00,3.7019007e+00,3.6487136e-11
1.0491781e+00,3.7022723e+00,5.6599266e-28
9.3084819e-01,3.7023876e+00,7.6194614e-28
8.1253181e-01,3.7025995e+00,8.7708381e-28
9.6736437e+00,3.7029248e+00,3.8212175e-05
6.9433723e-01,3.7030233e+00,9.9681053e-28
5.7626870e-01,3.7033532e+00,1.0282119e-27
3.0392437e+00,3.7035210e+00,5.4540423e-06
4.5826710e-01,3.7035317e+00,1.1140687e-27
6.0190373e+00,3.7036296e+00,6.0979068e-09
3.4030074e-01,3.7037050e+00,1.2794784e-27
5.9092268e+00,3.7046941e+00,2.4847667e-08
3.9890132e+00,3.7048427e+00,9.9404393e-06
3.3588887e-02,3.7060923e+00,1.6701887e-27
9.9670145e+00,3.7061067e+00,5.5519354e-05
1.5240148e+00,3.7061567e+00,4.6782593e-29
9.7794658e+00,3.7062203e+00,4.9629506e-05
9.8369329e+00,3.7065462e+00,5.0189973e-05
5.8092891e+00,3.7074130e+00,9.3471624e-08
3.7573194e+00,3.7088904e+00,9.8978264e-06
3.8734271e+00,3.7097418e+00,9.9568063e-06
1.6573964e-01,3.7109292e+00,1.5384477e-27
3.6448238e+00,3.7126177e+00,9.5526044e-06
4.2807572e+00,3.7133096e+00,9.9455581e-06
3.5297771e+00,3.7136559e+00,8.9381966e-06
3.4169646e+00,3.7152091e+00,7.6019036e-06
3.3028392e+00,3.7184619e+00,5.6374438e-06
6.9353308e+00,3.7190322e+00,7.4193507e-11
6.8777812e+00,3.7195731e+00,6.3712734e-11
8.7245940e+00,3.7209109e+00,2.3802246e-02
8.0651958e+00,3.7218388e+00,4.2885177e-02
3.1861337e+00,3.7251554e+00,5.2509999e-06
4.1622907e+00,3.7274260e+00,9.8402300e-06
8.1258595e+00,3.7280562e+00,6.6465522e-02
4.0467632e+00,3.7344309e+00,9.8081733e-06
5.6010239e+00,3.7347765e+00,5.7481588e-07
1.3447837e+00,3.7354349e+00,1.6461708e-28
1.2266596e+00,3.7357246e+00,2.9732513e-28
5.5022719e+00,3.7361224e+00,1.3327731e-06
1.1083453e+00,3.7363083e+00,4.7184578e-28
1.4611183e+00,3.7364730e+00,7.9461539e-29
9.9005568e-01,3.7365062e+00,6.4010352e-28
8.7172109e-01,3.7365964e+00,7.7841246e-28
7.5346074e-01,3.7369221e+00,9.1108882e-28
2.7758105e-01,3.7369806e+00,1.4138045e-27
6.3533631e-01,3.7373048e+00,9.9117128e-28
5.1729818e-01,3.7375390e+00,1.0811147e-27
3.9931112e-01,3.7376638e+00,1.1785829e-27
1.6336957e+00,3.7378847e+00,1.6918665e-29
8.7936082e+00,3.7387387e+00,1.1434521e-02
8.9225636e+00,3.7410469e+00,2.9141423e-03
4.6098743e+00,3.7411373e+00,9.7374059e-06
4.4990614e+00,3.7415680e+00,9.7808065e-06
3.9313626e+00,3.7416535e+00,9.7246876e-06
5.1686782e+00,3.7416735e+00,7.7039789e-06
5.2795950e+00,3.7417738e+00,5.5008726e-06
5.0568427e+00,3.7420319e+00,8.5618926e-06
4.7213852e+00,3.7423646e+00,9.7113442e-06
8.9882760e+00,3.7430792e+00,7.4882467e-04
5.3924219e+00,3.7430913e+00,3.0899396e-06
3.8146826e+00,3.7431270e+00,9.8691541e-06
8.2394025e+00,3.7440668e+00,8.4075155e-02
4.9454669e+00,3.7443508e+00,9.1722756e-06
4.8348620e+00,3.7448375e+00,9.5729400e-06
3.7014358e+00,3.7449247e+00,9.4522061e-06
4.3922384e+00,3.7459918e+00,9.8500185e-06
1.5732162e+00,3.7462732e+00,4.0853403e-29
3.5894149e+00,3.7484806e+00,8.9170095e-06
9.1249051e+00,3.7488419e+00,6.9088192e-05
8.2977430e+00,3.7490876e+00,9.1634457e-02
3.4767733e+00,3.7496346e+00,8.2799531e-06
1.7632606e+00,3.7496613e+00,6.2708577e-30
1.9656955e+00,3.7500588e+00,5.8358768e-31
3.3640544e+00,3.7505226e+00,6.7988607e-06
1.8294582e+00,3.7505718e+00,1.7445143e-30
9.1937398e+00,3.7514149e+00,1.1551804e-05
8.6148607e+00,3.7517385e+00,4.9737010e-02
8.4844159e+00,3.7523986e+00,7.5993625e-02
8.4201539e+00,3.7530018e+00,8.7584715e-02
3.2504239e+00,3.7538171e+00,5.0470716e-06
9.3261106e+00,3.7542659e+00,5.5089126e-06
6.3633368e+00,3.7543984e+00,1.1022996e-10
9.3909216e+00,3.7551287e+00,7.0917090e-06
9.5208593e+00,3.7565335e+00,1.7543191e-05
6.2483960e+00,3.7573652e+00,3.5400408e-10
9.5843306e+00,3.7577819e+00,2.2082285e-05
6.4743503e+00,3.7580086e+00,5.3983313e-11
5.6973033e+00,3.7585286e+00,2.6163577e-07
5.5504596e+00,3.7605596e+00,6.6279732e-07
6.7894534e+00,3.7607964e+00,4.1153832e-11
6.1339388e+00,3.7616978e+00,1.3620341e-09
3.0717134e+00,3.7624045e+00,5.7492426e-06
9.7006106e+00,3.7631006e+00,4.0101872e-05
4.2856962e+00,3.7632291e+00,9.8408226e-06
6.7550667e-02,3.7649159e+00,1.6857360e-27
9.9333435e+00,3.7652639e+00,4.7385862e-05
6.5855391e+00,3.7655695e+00,4.5307637e-11
8.6849367e+00,3.7656101e+00,2.8528755e-02
9.7522433e+00,3.7658651e+00,3.9745614e-05
9.8670865e+00,3.7663900e+00,3.5414638e-05
1.3791348e-01,3.7664704e+00,1.5539479e-27
5.8022405e+00,3.7665961e+00,8.8492168e-08
6.0190108e+00,3.7677157e+00,5.6773497e-09
6.6913073e+00,3.7679423e+00,4.9387674e-11
5.9077993e+00,3.7681712e+00,2.3147101e-08
3.1377390e+00,3.7698000e+00,5.9061937e-06
5.4483626e+00,3.7710649e+00,1.3528292e-06
4.6655798e+00,3.7733024e+00,9.7598402e-06
4.5540890e+00,3.7733521e+00,9.8062653e-06
4.4433232e+00,3.7736235e+00,9.8578689e-06
6.8474803e+00,3.7738137e+00,5.3548949e-11
5.1126800e+00,3.7739778e+00,7.8191287e-06
5.2236180e+00,3.7740816e+00,5.8158466e-06
5.3354600e+00,3.7754773e+00,3.0117209e-06
5.0010571e+00,3.7759602e+00,8.6736747e-06
5.6430303e+00,3.7759859e+00,3.3958905e-07
4.7786460e+00,3.7761804e+00,9.5246220e-06
4.8909012e+00,3.7776424e+00,9.4048429e-06
6.9684748e+00,3.7791231e+00,7.2122547e-11
8.0322949e+00,3.7799151e+00,3.9639866e-02
4.1637802e+00,3.7811863e+00,9.9077937e-06
4.3404166e+00,3.7814534e+00,9.7363177e-06
8.1492446e+00,3.7860540e+00,6.8352600e-02
6.3085361e+00,3.7869796e+00,1.1631295e-10
6.4225741e+00,3.7872354e+00,5.4888263e-11
4.0472221e+00,3.7895399e+00,9.9355707e-06
6.1938224e+00,3.7900211e+00,3.8504812e-10
8.2058657e+00,3.7935149e+00,8.1213973e-02
8.8247291e+00,3.7944983e+00,1.1030040e-02
3.9337242e+00,3.7950400e+00,9.6941977e-06
6.5341072e+00,3.7950475e+00,4.1132482e-11
8.8890727e+00,3.7953921e+00,4.0852707e-03
6.0772182e+00,3.7964226e+00,1.4839749e-09
6.7497971e+00,3.7972337e+00,5.0218729e-11
5.7447815e+00,3.7977675e+00,9.9081105e-08
4.2253580e+00,3.7988486e+00,9.7957784e-06
6.6466769e+00,3.7992504e+00,4.7992121e-11
9.0214662e+00,3.7993423e+00,6.5429736e-04
5.9633599e+00,3.8005495e+00,6.2975106e-09
5.8526893e+00,3.8006201e+00,2.6172780e-08
9.0897745e+00,3.8024361e+00,1.1031941e-04
1.6672386e+00,3.8029397e+00,1.6873367e-29
1.3449315e+00,3.8038535e+00,1.6324690e-28
1.2267401e+00,3.8041609e+00,2.9407710e-28
1.1084211e+00,3.8046582e+00,4.6384569e-28
1.4616027e+00,3.8047704e+00,8.0897619e-29
9.9012502e-01,3.8048404e+00,6.4862443e-28
8.7179580e-01,3.8049404e+00,8.1804747e-28
7.5355763e-01,3.8051899e+00,9.2141278e-28
2.7868224e-01,3.8054996e+00,1.4373642e-27
6.3541735e-01,3.8055207e+00,1.0070318e-27
5.1735710e-01,3.8056973e+00,1.1038679e-27
3.9936542e-01,3.8057897e+00,1.2032399e-27
3.8090457e+00,3.8060177e+00,1.0053415e-05
9.2262074e+00,3.8079555e+00,8.9751992e-06
8.3245113e+00,3.8081080e+00,9.1848653e-02
4.1053274e+00,3.8090649e+00,9.8276538e-06
1.9313312e+00,3.8095981e+00,6.4700657e-31
1.8634891e+00,3.8096581e+00,1.6900823e-30
9.2928225e+00,3.8097229e+00,3.7248619e-06
8.5166004e+00,3.8101162e+00,7.6757678e-02
1.7293034e+00,3.8103777e+00,7.2863936e-30
8.3858860e+00,3.8107370e+00,9.3324062e-02
1.5680217e+00,3.8114924e+00,4.1278871e-29
9.4229271e+00,3.8118122e+00,6.9426034e-06
3.7018725e+00,3.8118717e+00,9.3155688e-06
8.5809707e+00,3.8124953e+00,6.0492573e-02
9.4879227e+00,3.8125866e+00,8.4011461e-06
3.9918337e+00,3.8133382e+00,9.8450350e-06
5.5550230e+00,3.8136895e+00,5.8425792e-07
9.6139961e+00,3.8164073e+00,2.0877738e-05
9.6720109e+00,3.8200157e+00,2.2361932e-05
3.4886666e+00,3.8222044e+00,7.6674526e-06
3.3776745e+00,3.8225939e+00,7.7589853e-06
3.2640318e+00,3.8230504e+00,6.2790667e-06
3.3961781e-02,3.8235294e+00,1.7793842e-27
3.0324697e+00,3.8235894e+00,5.6151265e-06
9.9663289e+00,3.8238630e+00,4.2763301e-05
5.4530883e+00,3.8245245e+00,9.2124240e-07
3.5985626e+00,3.8246249e+00,8.7098503e-06
1.6509053e-01,3.8246818e+00,1.5943637e-27
9.7774112e+00,3.8250304e+00,3.0721181e-05
9.8347872e+00,3.8252293e+00,3.1334789e-05
5.6135601e+00,3.8256758e+00,3.3802423e-07
5.3284524e+00,3.8346874e+00,1.7636246e-06
6.8663670e+00,3.8355821e+00,5.5000796e-11
3.8968212e+00,3.8368691e+00,9.3138598e-06
3.1543621e+00,3.8373463e+00,6.3746828e-06
4.4422613e+00,3.8376705e+00,9.7331533e-06
4.5541265e+00,3.8377086e+00,9.7460674e-06
5.1114603e+00,3.8379652e+00,6.0091551e-06
1.4043321e+00,3.8379908e+00,1.2169866e-28
1.2859932e+00,3.8381571e+00,2.2389745e-28
4.8937356e+00,3.8381865e+00,8.3329183e-06
4.6654866e+00,3.8382583e+00,9.5411145e-06
8.7211268e+00,3.8385352e+00,2.8104267e-02
1.1676000e+00,3.8386736e+00,3.6745483e-28
3.7521192e+00,3.8387281e+00,9.5099767e-06
1.0493232e+00,3.8389563e+00,5.4596122e-28
9.3099224e-01,3.8390657e+00,7.4182663e-28
8.1270341e-01,3.8392112e+00,8.7683043e-28
8.1229733e+00,3.8394060e+00,6.3427079e-02
8.0666873e+00,3.8394845e+00,4.6345196e-02
6.9451515e-01,3.8395069e+00,9.3362467e-28
1.5193048e+00,3.8396732e+00,6.0244618e-29
5.7640867e-01,3.8397275e+00,1.0891793e-27
4.5838033e-01,3.8398158e+00,1.1567293e-27
3.4145625e-01,3.8403499e+00,1.3248582e-27
6.9298119e+00,3.8414325e+00,6.7447719e-11
5.2219855e+00,3.8418169e+00,3.6218724e-06
2.2599263e-01,3.8419530e+00,1.4621911e-27
4.3362796e+00,3.8422630e+00,9.5657035e-06
5.5115610e+00,3.8427120e+00,5.9842211e-07
1.6266509e+00,3.8452836e+00,2.4257740e-29
4.9970257e+00,3.8458084e+00,7.7363855e-06
3.8503482e+00,3.8465156e+00,9.8541476e-06
4.7821474e+00,3.8486478e+00,8.9251885e-06
8.7919050e+00,3.8495956e+00,1.5165065e-02
8.9211389e+00,3.8510498e+00,3.8211600e-03
6.3121027e+00,3.8510598e+00,1.0894579e-10
4.2236047e+00,3.8516189e+00,9.5147923e-06
6.4257127e+00,3.8522336e+00,5.2078943e-11
6.1972864e+00,3.8524423e+00,3.5086104e-10
8.9878200e+00,3.8529676e+00,1.0375096e-03
8.2305109e+00,3.8532032e+00,8.2523840e-02
3.6544082e+00,3.8557090e+00,8.4896398e-06
6.7618466e+00,3.8559314e+00,4.7026335e-11
4.1033517e+00,3.8569738e+00,9.5391034e-06
6.5400670e+00,3.8581115e+00,3.7204201e-11
6.0801156e+00,3.8590255e+00,1.3645808e-09
3.9903764e+00,3.8590715e+00,9.2504207e-06
9.1242792e+00,3.8592376e+00,8.9078993e-05
6.6549554e+00,3.8593348e+00,3.4595818e-11
3.3300672e+00,3.8597665e+00,8.2852088e-06
3.4424780e+00,3.8598501e+00,6.1712113e-06
3.2163647e+00,3.8619351e+00,6.9652983e-06
9.1918775e+00,3.8621841e+00,1.4484607e-05
3.5508181e+00,3.8623700e+00,9.3929573e-06
8.2908161e+00,3.8627755e+00,9.1009018e-02
5.7393401e+00,3.8640007e+00,9.6682302e-08
5.9637892e+00,3.8641310e+00,5.7734214e-09
5.8523064e+00,3.8651385e+00,2.4374598e-08
9.3244444e+00,3.8662765e+00,3.3774931e-06
9.3897381e+00,3.8675031e+00,3.6155573e-06
8.4829239e+00,3.8680244e+00,8.5116296e-02
8.4164715e+00,3.8680420e+00,9.3714625e-02
5.2709549e+00,3.8687192e+00,1.7587742e-06
1.9656357e+00,3.8690631e+00,5.2748924e-31
9.5198984e+00,3.8690646e+00,7.9798266e-06
1.8323728e+00,3.8693872e+00,1.8624435e-30
4.4980369e+00,3.8699716e+00,1.0011873e-05
5.4175140e+00,3.8700301e+00,8.9604513e-07
4.6098186e+00,3.8704497e+00,9.5835469e-06
4.3870395e+00,3.8708485e+00,9.7192085e-06
1.7643846e+00,3.8710172e+00,6.7900629e-30
9.5825005e+00,3.8716369e+00,9.1636106e-06
8.6139747e+00,3.8719822e+00,5.8684284e-02
3.0611057e+00,3.8731885e+00,6.0099558e-06
5.1658260e+00,3.8733963e+00,3.0436514e-06
4.9442698e+00,3.8747431e+00,8.5130855e-06
5.3684869e+00,3.8757853e+00,1.1049116e-06
5.0515915e+00,3.8758676e+00,6.1237044e-06
5.6245561e+00,3.8766015e+00,2.8705248e-07
4.2798059e+00,3.8768091e+00,9.4231913e-06
4.8411978e+00,3.8778490e+00,8.5223776e-06
3.1169725e+00,3.8795500e+00,5.2837367e-06
4.7247934e+00,3.8797878e+00,9.7053899e-06
3.9342430e+00,3.8798440e+00,8.6730515e-06
6.8203896e+00,3.8812625e+00,4.9820087e-11
9.7007775e+00,3.8815040e+00,1.9635095e-05
4.1600512e+00,3.8818655e+00,9.1792598e-06
1.2868950e-01,3.8819508e+00,1.6921357e-27
6.7923561e-02,3.8823529e+00,1.7920402e-27
9.9331571e+00,3.8825007e+00,4.8424512e-05
9.8678723e+00,3.8827410e+00,3.9737723e-05
4.0437891e+00,3.8831822e+00,9.2923469e-06
6.3700420e+00,3.8834768e+00,5.2103553e-11
9.7545450e+00,3.8837542e+00,1.9444420e-05
6.2554266e+00,3.8838667e+00,1.1537049e-10
8.6840548e+00,3.8841505e+00,3.6447164e-02
6.4834487e+00,3.8860709e+00,3.8916591e-11
6.1403001e+00,3.8867220e+00,3.6855921e-10
6.7116353e+00,3.8867245e+00,3.9231977e-11
6.5997774e+00,3.8887179e+00,3.1664368e-11
5.5146685e+00,3.8897502e+00,5.6509006e-07
6.0223375e+00,3.8939002e+00,1.4749308e-09
5.9078457e+00,3.8962712e+00,6.2640705e-09
5.7964162e+00,3.8973477e+00,2.6413316e-08
5.6818344e+00,3.8979293e+00,1.0429414e-07
8.0343924e+00,3.8995694e+00,4.6182255e-02
8.1472668e+00,3.8996351e+00,6.5564583e-02
6.9613371e+00,3.9023094e+00,6.6636541e-11
8.8237384e+00,3.9057379e+00,1.4667995e-02
8.1981833e+00,3.9059713e+00,7.7881621e-02
8.8886287e+00,3.9062983e+00,6.1873079e-03
1.4047566e+00,3.9063232e+00,1.2320343e-28
1.2861026e+00,3.9066969e+00,2.2469925e-28
1.5214817e+00,3.9070350e+00,6.0632196e-29
1.1677055e+00,3.9070576e+00,3.6468002e-28
1.0493839e+00,3.9072931e+00,5.4157408e-28
9.3106293e-01,3.9074018e+00,7.1769336e-28
8.1278250e-01,3.9075573e+00,8.2820191e-28
6.9458258e-01,3.9077571e+00,9.9096329e-28
5.7646691e-01,3.9079035e+00,1.2095495e-27
4.5850570e-01,3.9080121e+00,1.1868620e-27
1.6347170e+00,3.9085924e+00,2.4622910e-29
3.4191373e-01,3.9086904e+00,1.3099245e-27
9.0224989e+00,3.9093321e+00,9.3258221e-04
5.4580001e+00,3.9113488e+00,6.2387453e-07
5.5691265e+00,3.9116534e+00,2.9073558e-07
9.0906498e+00,3.9125083e+00,1.7179507e-04
3.7696546e+00,3.9137472e+00,8.0262014e-06
2.2648253e-01,3.9140945e+00,1.4549275e-27
9.2244785e+00,3.9201057e+00,1.1285034e-05
3.8285572e+00,3.9201075e+00,8.2404495e-06
5.2768175e+00,3.9205308e+00,1.1979193e-06
9.2904304e+00,3.9224308e+00,2.7402400e-06
8.3179686e+00,3.9229978e+00,9.1370564e-02
9.4216249e+00,3.9242159e+00,3.3912093e-06
9.4867895e+00,3.9250031e+00,3.9825657e-06
8.3822493e+00,3.9256353e+00,9.7166755e-02
8.5153478e+00,3.9260180e+00,8.4978602e-02
5.3361192e+00,3.9262851e+00,1.0644242e-06
8.5820284e+00,3.9275967e+00,7.1416767e-02
3.6690957e+00,3.9279367e+00,6.7653231e-06
1.7409934e+00,3.9279924e+00,7.1500061e-30
1.9317727e+00,3.9287164e+00,5.7746627e-31
1.8663519e+00,3.9289805e+00,1.8068822e-30
9.6130157e+00,3.9301564e+00,8.9487929e-06
3.4542445e+00,3.9311975e+00,6.4841382e-06
3.3419180e+00,3.9315054e+00,6.8619604e-06
5.1590598e+00,3.9319501e+00,1.7330975e-06
3.0286361e+00,3.9319521e+00,6.3039628e-06
3.2272622e+00,3.9329711e+00,6.7776024e-06
4.6115849e+00,3.9335448e+00,8.2443035e-06
4.9241844e+00,3.9338614e+00,7.2654110e-06
3.5648761e+00,3.9343356e+00,9.5627023e-06
4.4986077e+00,3.9347847e+00,1.2636995e-05
3.9291338e+00,3.9348619e+00,7.7992291e-06
4.3862735e+00,3.9357965e+00,9.3440863e-06
1.6558042e-01,3.9360389e+00,1.6579237e-27
9.6732779e+00,3.9364150e+00,9.6323770e-06
4.8570989e+00,3.9372152e+00,8.8973606e-06
4.2731151e+00,3.9379629e+00,8.3978309e-06
3.1229644e+00,3.9383135e+00,5.2114730e-06
4.0408116e+00,3.9384758e+00,8.7322440e-06
4.1566603e+00,3.9386909e+00,8.1301240e-06
6.8200148e+00,3.9392869e+00,4.7380723e-11
1.4642042e+00,3.9404646e+00,9.1452103e-29
1.3454654e+00,3.9407257e+00,1.7509865e-28
9.9668281e+00,3.9409907e+00,3.1734030e-05
1.2269551e+00,3.9410847e+00,2.8988604e-28
3.3961781e-02,3.9411765e+00,1.7804563e-27
1.1085873e+00,3.9413789e+00,4.4381050e-28
9.8378819e+00,3.9413942e+00,1.6016836e-05
9.9025641e-01,3.9415132e+00,6.1512399e-28
8.7194558e-01,3.9416226e+00,7.2607373e-28
7.5370415e-01,3.9417861e+00,8.6995677e-28
6.3554302e-01,3.9419470e+00,1.1015312e-27
5.1754072e-01,3.9420697e+00,1.1525368e-27
1.5782648e+00,3.9421630e+00,4.1864564e-29
5.0545667e+00,3.9422534e+00,3.2614154e-06
3.9994828e-01,3.9423265e+00,1.2281811e-27
4.7204577e+00,3.9423423e+00,7.7600099e-06
9.7819306e+00,3.9426063e+00,1.6899852e-05
1.6845734e+00,3.9439766e+00,1.8200200e-29
2.7962962e-01,3.9459816e+00,1.3586916e-27
6.7132487e+00,3.9472321e+00,3.4980151e-11
6.3701965e+00,3.9497105e+00,4.9166076e-11
6.2559358e+00,3.9497547e+00,1.0429514e-10
6.6011948e+00,3.9500565e+00,3.2282619e-11
6.4854286e+00,3.9504059e+00,3.6859015e-11
8.7216773e+00,3.9508354e+00,3.6273334e-02
6.1410547e+00,3.9515934e+00,3.3309479e-10
6.0237487e+00,3.9567858e+00,1.3547253e-09
3.7340953e+00,3.9591185e+00,6.2939523e-06
8.0690334e+00,3.9595694e+00,4.4679430e-02
8.1256218e+00,3.9597136e+00,5.9041391e-02
5.9078628e+00,3.9603510e+00,5.7143443e-09
8.7905826e+00,3.9613624e+00,2.3058436e-02
5.7951748e+00,3.9615612e+00,2.3699407e-08
8.9212071e+00,3.9624003e+00,5.8990873e-03
5.4562345e+00,3.9628948e+00,6.1406639e-07
5.1076692e+00,3.9629049e+00,1.8190022e-06
5.6826238e+00,3.9634261e+00,9.2600728e-08
8.9883962e+00,3.9635163e+00,1.7896784e-03
4.6629172e+00,3.9639079e+00,7.0627396e-06
5.5698377e+00,3.9649974e+00,2.7605333e-07
3.8699209e+00,3.9654788e+00,8.2990233e-06
3.5144911e+00,3.9655174e+00,9.4354745e-06
4.5564636e+00,3.9656169e+00,8.9750709e-06
3.4012919e+00,3.9656801e+00,6.6858643e-06
3.2867800e+00,3.9658253e+00,6.9486979e-06
6.9266093e+00,3.9664072e+00,6.2827065e-11
3.1712514e+00,3.9671458e+00,6.1765395e-06
5.2473565e+00,3.9673973e+00,1.0378343e-06
4.4420661e+00,3.9674316e+00,1.3195832e-05
4.3288228e+00,3.9683648e+00,8.5163582e-06
3.6273080e+00,3.9688182e+00,7.1606810e-06
4.0969834e+00,3.9690928e+00,8.4650705e-06
3.9822897e+00,3.9693831e+00,8.2853494e-06
4.2135231e+00,3.9695981e+00,8.3479663e-06
8.2275234e+00,3.9699273e+00,7.9722204e-02
9.1224409e+00,3.9708292e+00,1.4178763e-04
3.0670976e+00,3.9711677e+00,4.5568557e-06
5.1984188e+00,3.9740661e+00,1.3571163e-06
5.3458957e+00,3.9741019e+00,9.8912099e-07
6.7630852e+00,3.9744634e+00,3.7862877e-11
9.1886714e+00,3.9754802e+00,2.8977347e-05
8.2870035e+00,3.9773815e+00,8.8329242e-02
6.8627897e+00,3.9785812e+00,4.7610605e-11
9.3211574e+00,3.9800036e+00,2.2781436e-06
9.3870581e+00,3.9805622e+00,1.2926520e-06
6.6579862e+00,3.9811811e+00,3.1518278e-11
9.5187517e+00,3.9814032e+00,3.7751094e-06
6.4278471e+00,3.9828023e+00,3.8929199e-11
6.3127664e+00,3.9831815e+00,4.7673003e-11
6.1985501e+00,3.9832017e+00,1.0547930e-10
8.4151213e+00,3.9833383e+00,9.7676156e-02
8.4817674e+00,3.9837387e+00,9.6608563e-02
6.5434643e+00,3.9837851e+00,3.5550077e-11
9.5823759e+00,3.9839841e+00,3.9828052e-06
4.9491001e+00,3.9840740e+00,3.1204910e-06
1.7779910e+00,3.9855114e+00,7.1092910e-30
8.6148981e+00,3.9865737e+00,7.0566395e-02
6.0822812e+00,3.9867825e+00,3.5009866e-10
4.8213353e+00,3.9876803e+00,1.0322368e-05
1.8353614e+00,3.9881294e+00,2.0417143e-30
1.9661370e+00,3.9882247e+00,6.9965049e-31
4.7623712e+00,3.9892424e+00,8.5259617e-06
5.0092531e+00,3.9897338e+00,2.4891894e-06
5.9652174e+00,3.9910966e+00,1.4414219e-09
1.3900454e-01,3.9925803e+00,1.6441411e-27
5.8510821e+00,3.9934319e+00,6.0999193e-09
5.7388881e+00,3.9937109e+00,2.5152669e-08
5.5136142e+00,3.9946402e+00,2.9825029e-07
5.3999553e+00,3.9949099e+00,7.1817930e-07
5.6260567e+00,3.9954423e+00,9.9805977e-08
9.7028821e+00,3.9961960e+00,7.6430468e-06
6.8151836e-02,3.9973157e+00,1.8227533e-27
8.6844669e+00,3.9976440e+00,5.2740811e-02
9.9343758e+00,3.9986819e+00,1.2846195e-05
9.8707143e+00,3.9988451e+00,1.1660626e-05
9.7577673e+00,4.0001371e+00,7.8381898e-06
5.2890608e+00,4.0066993e+00,1.0281627e-06
1.4642725e+00,4.0089951e+00,9.2501310e-29
1.3456238e+00,4.0091926e+00,1.7533369e-28
1.2270837e+00,4.0094810e+00,2.9033534e-28
1.1086628e+00,4.0097161e+00,4.4155260e-28
1.5803627e+00,4.0098188e+00,4.1780655e-29
9.9031703e-01,4.0098429e+00,6.0973623e-28
8.7201268e-01,4.0099340e+00,7.4966587e-28
7.5376919e-01,4.0100810e+00,9.2507716e-28
6.3560126e-01,4.0101845e+00,1.0252849e-27
5.1758751e-01,4.0102518e+00,1.0744812e-27
3.9999269e-01,4.0104901e+00,1.1816584e-27
1.6857278e+00,4.0112959e+00,1.8366435e-29
5.1149528e+00,4.0141322e+00,1.5462464e-06
2.8004364e-01,4.0144845e+00,1.3753828e-27
8.8224295e+00,4.0178789e+00,2.2905456e-02
8.8881636e+00,4.0183565e+00,1.1362794e-02
8.0346410e+00,4.0200000e+00,4.0449431e-02
8.1480319e+00,4.0204332e+00,6.0277185e-02
9.0207254e+00,4.0206681e+00,1.6614288e-03
5.1688101e+00,4.0215291e+00,1.4286841e-06
4.5651530e+00,4.0237622e+00,5.5402912e-06
6.9652723e+00,4.0240978e+00,5.7138030e-11
8.1990169e+00,4.0243106e+00,7.2307804e-02
9.0866193e+00,4.0248047e+00,4.1942652e-04
4.6683942e+00,4.0268430e+00,4.8944543e-06
1.7422139e+00,4.0343707e+00,1.0447035e-29
9.2179883e+00,4.0357067e+00,2.4674790e-05
9.4190254e+00,4.0372718e+00,1.1628776e-06
9.4855544e+00,4.0373256e+00,1.2392011e-06
6.7696945e+00,4.0374948e+00,4.0950160e-11
8.3174562e+00,4.0378451e+00,8.9061701e-02
9.2845224e+00,4.0379050e+00,5.8911891e-06
8.3812932e+00,4.0411645e+00,9.9250701e-02
8.5149756e+00,4.0420029e+00,9.7623542e-02
9.6129376e+00,4.0430846e+00,3.3144161e-06
4.9139155e+00,4.0431974e+00,3.1882164e-06
1.5236480e+00,4.0432214e+00,6.6482688e-29
8.5814257e+00,4.0432592e+00,8.9593423e-02
1.4049833e+00,4.0433206e+00,1.3371580e-28
4.7270455e+00,4.0434071e+00,6.1309276e-06
4.8532363e+00,4.0434500e+00,5.3824670e-06
1.2863896e+00,4.0435601e+00,2.3119147e-28
1.6379694e+00,4.0435675e+00,2.9032247e-29
1.1679097e+00,4.0437911e+00,3.6293151e-28
1.6837883e-01,4.0438981e+00,1.6504152e-27
1.0495201e+00,4.0439600e+00,5.1586478e-28
9.3119066e-01,4.0440430e+00,6.6658519e-28
6.8305593e+00,4.0441068e+00,4.5716867e-11
8.1291464e-01,4.0441636e+00,8.5284657e-28
6.9470587e-01,4.0442895e+00,9.6458818e-28
5.7657194e-01,4.0443231e+00,9.8873475e-28
4.5859690e-01,4.0443579e+00,1.0540979e-27
3.4237216e-01,4.0453570e+00,1.2429735e-27
6.6581240e+00,4.0480214e+00,3.8610530e-11
1.8652948e+00,4.0481410e+00,2.0649700e-30
1.9306496e+00,4.0485003e+00,8.4320651e-31
9.6731817e+00,4.0490378e+00,3.4156939e-06
6.4280573e+00,4.0495384e+00,3.6430108e-11
6.5439912e+00,4.0495980e+00,4.0234733e-11
6.3124852e+00,4.0497858e+00,4.2612829e-11
6.1975005e+00,4.0500587e+00,9.5026374e-11
6.0815740e+00,4.0520748e+00,3.1263787e-10
2.2946668e-01,4.0539252e+00,1.4959253e-27
4.6257512e+00,4.0546252e+00,5.0532936e-06
5.0330400e+00,4.0550732e+00,1.8774953e-06
9.8431267e+00,4.0554189e+00,4.4622332e-06
9.7861310e+00,4.0554987e+00,4.4089863e-06
9.9675476e+00,4.0555125e+00,5.3631016e-07
5.9652484e+00,4.0557890e+00,1.3164339e-09
3.4190056e-02,4.0561392e+00,1.8847171e-27
5.5133761e+00,4.0572101e+00,2.9534131e-07
5.6259066e+00,4.0578976e+00,9.2821388e-08
5.8508480e+00,4.0580955e+00,5.5751959e-09
5.7384195e+00,4.0585214e+00,2.3188186e-08
5.4009046e+00,4.0587707e+00,6.9758880e-07
5.0856372e+00,4.0588200e+00,1.6432816e-06
5.2867146e+00,4.0599676e+00,1.0958406e-06
4.5267695e+00,4.0625354e+00,8.0024613e-06
8.7202843e+00,4.0634803e+00,5.3300455e-02
5.1776600e+00,4.0700818e+00,1.4339650e-06
8.7893416e+00,4.0731882e+00,3.8594712e-02
8.9200660e+00,4.0748663e+00,1.0945777e-02
8.9854388e+00,4.0760619e+00,4.3273915e-03
6.7199958e+00,4.0771039e+00,4.0410323e-11
8.0679166e+00,4.0798266e+00,3.5504754e-02
8.1247191e+00,4.0801155e+00,4.7930799e-02
6.6018594e+00,4.0827098e+00,4.0677429e-11
6.4861657e+00,4.0829550e+00,4.0371325e-11
6.3701255e+00,4.0830509e+00,3.4922061e-11
6.2546050e+00,4.0832160e+00,4.4351811e-11
6.1392978e+00,4.0837426e+00,9.5977046e-11
9.1159866e+00,4.0862505e+00,3.7022811e-04
6.0230724e+00,4.0867705e+00,3.2079240e-10
6.9313742e+00,4.0868521e+00,5.2984221e-11
8.2269970e+00,4.0879493e+00,7.0453528e-02
5.4569458e+00,4.0893255e+00,3.0962645e-07
5.9076597e+00,4.0897070e+00,1.3410289e-09
5.5694495e+00,4.0900226e+00,9.6866107e-08
5.6820050e+00,4.0906918e+00,2.4093363e-08
5.7944721e+00,4.0910352e+00,5.7113060e-09
5.3444989e+00,4.0912310e+00,7.5595266e-07
5.2300523e+00,4.0923551e+00,1.3303015e-06
9.1811251e+00,4.0925015e+00,1.1188247e-04
4.9410025e+00,4.0929911e+00,2.3387165e-06
9.5176995e+00,4.0937087e+00,1.1183583e-06
8.2859561e+00,4.0940297e+00,7.9585492e-02
9.3824294e+00,4.0944681e+00,7.4136374e-07
6.8604809e+00,4.0946870e+00,4.4872522e-11
9.3138271e+00,4.0956599e+00,5.1101863e-06
9.5814586e+00,4.0968867e+00,1.1751747e-06
4.7544518e+00,4.0980220e+00,5.0320621e-06
1.7594370e+00,4.0983504e+00,1.0449792e-29
4.9999740e+00,4.0992071e+00,2.0890002e-06
5.1220697e+00,4.0995548e+00,1.5965773e-06
8.4145340e+00,4.0996198e+00,1.0009567e-01
4.8216785e+00,4.0996270e+00,5.1015441e-06
8.4815703e+00,4.1000579e+00,1.0503166e-01
8.6150989e+00,4.1014023e+00,8.9409912e-02
9.7030642e+00,4.1072659e+00,1.5663826e-06
1.9645125e+00,4.1078946e+00,8.5561168e-31
1.3644247e-01,4.1081089e+00,1.7304021e-27
1.8251476e+00,4.1095025e+00,4.1092860e-30
9.8763320e+00,4.1097114e+00,4.1564139e-07
9.7611283e+00,4.1097856e+00,1.5451580e-06
9.9370915e+00,4.1099683e+00,2.5950217e-07
8.6843887e+00,4.1105531e+00,7.8072344e-02
1.6406251e+00,4.1112013e+00,2.9424372e-29
1.5236950e+00,4.1117453e+00,6.6494865e-29
1.4050494e+00,4.1118394e+00,1.3443905e-28
4.6194428e+00,4.1119170e+00,5.1155251e-06
1.2864821e+00,4.1119848e+00,2.3327759e-28
1.1679874e+00,4.1121613e+00,3.7045179e-28
1.0495774e+00,4.1122882e+00,5.2688203e-28
9.3124861e-01,4.1123662e+00,6.6401510e-28
4.5855762e-01,4.1124767e+00,9.5679992e-28
5.7660141e-01,4.1124877e+00,9.6181827e-28
8.1297346e-01,4.1125097e+00,8.6555463e-28
6.9475715e-01,4.1126346e+00,9.7636025e-28
3.4199626e-01,4.1133013e+00,1.2298206e-27
7.3106396e-02,4.1156146e+00,1.8810245e-27
4.5588445e+00,4.1180910e+00,5.9960720e-06
2.3605733e-01,4.1185964e+00,1.5018332e-27
8.8216445e+00,4.1300194e+00,3.8215230e-02
8.8866348e+00,4.1312199e+00,2.4740398e-02
9.0172598e+00,4.1365421e+00,4.1374997e-03
8.0332756e+00,4.1398266e+00,2.9280703e-02
8.1479088e+00,4.1414563e+00,4.8939313e-02
9.0819137e+00,4.1425940e+00,1.7127126e-03
6.9661020e+00,4.1427542e+00,5.8110249e-11
1.7056066e+00,4.1429093e+00,1.8093676e-29
6.7219110e+00,4.1445529e+00,3.7471935e-11
8.1992017e+00,4.1454127e+00,5.5493431e-02
1.5830655e+00,4.1459765e+00,4.8490817e-29
1.4643856e+00,4.1460379e+00,9.9021336e-29
1.3457824e+00,4.1461362e+00,1.8424677e-28
1.2272539e+00,4.1462760e+00,3.0209658e-28
1.1087979e+00,4.1464145e+00,4.5172260e-28
9.9043232e-01,4.1464943e+00,5.9626374e-28
5.1757769e-01,4.1465352e+00,9.0520326e-28
3.9957750e-01,4.1465532e+00,1.1040817e-27
8.7212946e-01,4.1466034e+00,7.3789002e-28
6.3568200e-01,4.1466942e+00,9.3814664e-28
7.5387930e-01,4.1467723e+00,8.9797813e-28
2.8625839e-01,4.1470999e+00,1.3950887e-27
9.4836592e+00,4.1496385e+00,2.6608065e-07
6.6024554e+00,4.1496709e+00,3.7849254e-11
6.3701035e+00,4.1499276e+00,3.5291661e-11
6.2541982e+00,4.1499562e+00,4.0812805e-11
6.4864433e+00,4.1499732e+00,3.8230336e-11
6.1386002e+00,4.1502319e+00,8.5943887e-11
4.9167201e+00,4.1504303e+00,2.5183851e-06
9.4149181e+00,4.1504517e+00,5.2090586e-07
1.7969576e-01,4.1511211e+00,1.6620222e-27
6.8347095e+00,4.1521379e+00,4.5938427e-11
6.0226879e+00,4.1526885e+00,2.8161949e-10
9.2102068e+00,4.1529761e+00,1.0205187e-04
9.6136213e+00,4.1531870e+00,6.0136140e-07
9.2763746e+00,4.1539362e+00,2.7867075e-05
5.3440820e+00,4.1539622e+00,7.5284886e-07
5.1180504e+00,4.1540026e+00,1.6473453e-06
5.4565437e+00,4.1542630e+00,2.8654615e-07
4.7215622e+00,4.1546274e+00,4.8198353e-06
5.9077429e+00,4.1550222e+00,1.2007728e-09
5.5690133e+00,4.1550662e+00,8.7350381e-08
8.3157765e+00,4.1554528e+00,8.0277405e-02
5.6816459e+00,4.1557083e+00,2.1590449e-08
5.7942969e+00,4.1560438e+00,5.1558966e-09
5.2313811e+00,4.1561398e+00,1.3460697e-06
5.0138102e+00,4.1566291e+00,2.3457444e-06
4.8580753e+00,4.1568135e+00,2.8705784e-06
9.6749829e+00,4.1576129e+00,5.9657522e-07
8.3805173e+00,4.1577236e+00,9.2364748e-02
4.6568185e+00,4.1578519e+00,4.8537492e-06
8.5147069e+00,4.1585992e+00,1.0535638e-01
8.5817854e+00,4.1586873e+00,1.0681239e-01
9.7912442e+00,4.1638237e+00,2.2334839e-07
9.8494522e+00,4.1638293e+00,1.7443856e-07
9.9695438e+00,4.1655669e+00,9.9108457e-09
4.5320750e+00,4.1666667e+00,5.5833790e-06
1.9301517e+00,4.1674094e+00,9.4422286e-31
1.8561414e+00,4.1693767e+00,3.9035734e-30
6.7749303e+00,4.1743185e+00,3.8009862e-11
8.7199348e+00,4.1767091e+00,7.8438862e-02
3.8916340e-02,4.1771224e+00,1.9420302e-27
6.6606352e+00,4.1824314e+00,3.5818120e-11
6.1963961e+00,4.1832883e+00,4.1221565e-11
6.3120564e+00,4.1834027e+00,3.5360770e-11
6.4283129e+00,4.1834333e+00,3.6654247e-11
5.0646388e+00,4.1834513e+00,2.1692347e-06
6.5448648e+00,4.1835772e+00,3.9929438e-11
6.0804919e+00,4.1844821e+00,8.6828113e-11
5.4000855e+00,4.1864394e+00,3.1112066e-07
8.7881333e+00,4.1864675e+00,6.9863006e-02
5.2876265e+00,4.1864835e+00,8.2932007e-07
5.9649471e+00,4.1870221e+00,2.8151986e-10
5.5125378e+00,4.1871911e+00,8.9722364e-08
5.6251113e+00,4.1879576e+00,2.1887801e-08
8.9184732e+00,4.1880473e+00,2.4995021e-02
5.1749695e+00,4.1883143e+00,1.5298807e-06
5.8507560e+00,4.1884193e+00,1.2367180e-09
5.7378851e+00,4.1885465e+00,5.2810553e-09
4.9604454e+00,4.1899598e+00,2.4444552e-06
8.9837253e+00,4.1921739e+00,1.4614708e-02
8.0651328e+00,4.2002345e+00,2.9894243e-02
8.1229635e+00,4.2015752e+00,3.8660436e-02
6.9331523e+00,4.2028330e+00,5.7098645e-11
6.8726532e+00,4.2043817e+00,4.8435833e-11
9.5164386e+00,4.2060246e+00,1.5922473e-07
9.5826416e+00,4.2063950e+00,1.5283752e-07
9.1144062e+00,4.2064420e+00,1.6294688e-03
1.7974020e-01,4.2071623e+00,1.6503074e-27
9.3792329e+00,4.2078902e+00,2.2162380e-06
8.2278354e+00,4.2086278e+00,5.5425822e-02
9.3092917e+00,4.2101829e+00,2.4442809e-05
9.1775608e+00,4.2105731e+00,7.0201458e-04
1.7074288e+00,4.2119111e+00,1.8364643e-29
8.2854511e+00,4.2125876e+00,6.2607930e-02
9.7062764e+00,4.2133003e+00,1.0559125e-07
2.8636139e-01,4.2135536e+00,1.4150771e-27
4.7576748e+00,4.2138844e+00,3.7055069e-06
4.8269612e+00,4.2144655e+00,2.9698202e-06
1.5831026e+00,4.2144931e+00,4.8891284e-29
1.4644221e+00,4.2145443e+00,9.9172628e-29
1.3458221e+00,4.2146090e+00,1.8261745e-28
3.9960259e-01,4.2146668e+00,1.1614178e-27
1.2272919e+00,4.2146810e+00,2.9776249e-28
5.1761789e-01,4.2147373e+00,9.1586527e-28
1.1088444e+00,4.2147601e+00,4.4289314e-28
9.9048056e-01,4.2148267e+00,5.8768234e-28
8.7217143e-01,4.2149351e+00,7.4659193e-28
6.3572243e-01,4.2150483e+00,7.6676632e-28
7.5390027e-01,4.2151898e+00,8.5721595e-28
8.4139068e+00,4.2164408e+00,9.3110688e-02
8.4810602e+00,4.2168783e+00,1.0080621e-01
9.7644736e+00,4.2169913e+00,8.6763302e-08
8.6143029e+00,4.2173318e+00,1.0852480e-01
4.6283927e+00,4.2187058e+00,4.5303890e-06
9.8801928e+00,4.2187419e+00,1.1594825e-08
9.9395250e+00,4.2202226e+00,5.2818895e-09
4.5642476e+00,4.2213465e+00,4.9192539e-06
1.9656391e+00,4.2261815e+00,9.6431342e-31
8.6831625e+00,4.2262027e+00,1.0949433e-01
1.8281515e+00,4.2279535e+00,4.1819428e-30
7.3194948e-02,4.2395053e+00,1.9143396e-27
2.3620477e-01,4.2410912e+00,1.5233849e-27
4.9628319e+00,4.2429570e+00,2.3161051e-06
8.8203443e+00,4.2442857e+00,7.0853741e-02
8.8856938e+00,4.2446649e+00,5.8783543e-02
6.7761638e+00,4.2459265e+00,3.8792666e-11
1.7631367e+00,4.2468814e+00,1.4079363e-29
3.4212434e-01,4.2478685e+00,1.3077132e-27
5.0665413e+00,4.2486650e+00,2.1072634e-06
1.6424844e+00,4.2487196e+00,3.3881579e-29
1.5237687e+00,4.2487683e+00,7.4703651e-29
4.5862290e-01,4.2487924e+00,1.0585377e-27
1.4051256e+00,4.2488188e+00,1.3980194e-28
1.3657546e-01,4.2488251e+00,1.7155085e-27
1.2865598e+00,4.2488627e+00,2.3689726e-28
1.1680719e+00,4.2489119e+00,3.6209388e-28
1.0496721e+00,4.2489661e+00,4.9694404e-28
9.3133883e-01,4.2490304e+00,6.5891019e-28
5.7668203e-01,4.2490439e+00,7.6897969e-28
8.1303641e-01,4.2492590e+00,7.6445869e-28
6.9481854e-01,4.2494062e+00,7.7190206e-28
6.6623900e+00,4.2502896e+00,3.9582671e-11
6.1962333e+00,4.2503101e+00,3.5829742e-11
6.3119867e+00,4.2504456e+00,3.4492057e-11
5.1748474e+00,4.2505473e+00,1.5855245e-06
6.4283022e+00,4.2506360e+00,3.7416628e-11
6.5451277e+00,4.2508485e+00,3.8740120e-11
5.2872302e+00,4.2510061e+00,7.8130903e-07
6.0803680e+00,4.2511577e+00,6.7802349e-11
5.3996249e+00,4.2511708e+00,2.8517234e-07
5.5118985e+00,4.2521212e+00,8.2909930e-08
5.9648949e+00,4.2529917e+00,2.3806109e-10
5.6245002e+00,4.2532246e+00,1.9615534e-08
9.0163177e+00,4.2533711e+00,1.4291439e-02
5.7376174e+00,4.2537867e+00,4.5794435e-09
5.8508313e+00,4.2538800e+00,1.0157523e-09
6.9670504e+00,4.2600787e+00,5.7574877e-11
8.0318572e+00,4.2604079e+00,2.6221024e-02
6.8368914e+00,4.2610704e+00,4.4388722e-11
9.0823447e+00,4.2615873e+00,9.0346851e-03
9.4827813e+00,4.2619993e+00,1.3483950e-07
9.4143168e+00,4.2630517e+00,1.0249079e-06
9.6155071e+00,4.2631196e+00,4.3658857e-08
8.1484977e+00,4.2650506e+00,3.8548938e-02
9.6777803e+00,4.2655990e+00,3.9472269e-08
8.2020767e+00,4.2681468e+00,4.0278376e-02
9.2780002e+00,4.2692553e+00,1.4511332e-04
9.2124371e+00,4.2706056e+00,5.9654241e-04
9.7945732e+00,4.2707752e+00,8.6218005e-09
4.7250890e+00,4.2708468e+00,3.6107545e-06
4.6605506e+00,4.2724437e+00,3.9993043e-06
9.8520845e+00,4.2725202e+00,5.5299290e-09
8.3160529e+00,4.2732275e+00,6.2267107e-02
4.8596152e+00,4.2739091e+00,3.3722283e-06
8.3797679e+00,4.2748100e+00,6.7761781e-02
5.0180994e+00,4.2748400e+00,2.0829407e-06
8.5143875e+00,4.2757115e+00,1.0002899e-01
8.5805517e+00,4.2760768e+00,1.0778637e-01
9.9699812e+00,4.2768779e+00,2.0158714e-10
4.5321725e+00,4.2769020e+00,4.6728894e-06
5.1198309e+00,4.2814492e+00,1.7754340e-06
4.9207544e+00,4.2827342e+00,3.2926421e-06
5.2308628e+00,4.2828953e+00,8.6900664e-07
5.3432251e+00,4.2832161e+00,2.9482305e-07
5.4554438e+00,4.2839244e+00,8.4708689e-08
6.1383136e+00,4.2839293e+00,3.5511879e-11
6.7248993e+00,4.2840190e+00,4.1238145e-11
6.2539658e+00,4.2840209e+00,3.4871242e-11
6.3700231e+00,4.2841731e+00,3.4581780e-11
6.4866955e+00,4.2844471e+00,3.9408987e-11
6.6044730e+00,4.2848003e+00,3.9227684e-11
5.5677629e+00,4.2852633e+00,2.0056061e-08
6.0225118e+00,4.2853337e+00,6.8457984e-11
1.8686155e+00,4.2855093e+00,4.1107233e-30
1.9320928e+00,4.2857045e+00,1.0889865e-30
5.6807671e+00,4.2862155e+00,4.6678244e-09
5.9077660e+00,4.2864524e+00,2.4396096e-10
5.7941045e+00,4.2867448e+00,1.0351623e-09
8.7176139e+00,4.2912044e+00,1.1180508e-01
3.4278608e-02,4.2976770e+00,1.9860750e-27
8.7865972e+00,4.2995289e+00,1.1167239e-01
8.9178814e+00,4.3017325e+00,6.0208083e-02
2.2964477e-01,4.3054971e+00,1.5037976e-27
8.9832532e+00,4.3063121e+00,4.8933387e-02
1.6854247e-01,4.3136914e+00,1.7252002e-27
3.4239806e-01,4.3158984e+00,1.3230120e-27
4.5870102e-01,4.3171001e+00,1.0309010e-27
1.6425100e+00,4.3172164e+00,3.4408500e-29
1.1680979e+00,4.3172631e+00,3.6527475e-28
1.5237960e+00,4.3172719e+00,7.4813744e-29
1.0497068e+00,4.3173018e+00,5.0679979e-28
1.2865773e+00,4.3173130e+00,2.3870636e-28
1.4051450e+00,4.3173158e+00,1.4016250e-28
9.3137494e-01,4.3173722e+00,6.4392602e-28
5.7674234e-01,4.3174334e+00,7.7124280e-28
8.1306194e-01,4.3176059e+00,6.8486460e-28
6.9485283e-01,4.3177241e+00,7.3159828e-28
9.5167873e+00,4.3184303e+00,7.4005726e-08
6.8641342e+00,4.3191770e+00,4.5628191e-11
9.5833100e+00,4.3191803e+00,3.1122730e-08
6.9337940e+00,4.3197341e+00,5.6526760e-11
9.3811530e+00,4.3203181e+00,1.1460646e-05
8.0635198e+00,4.3213575e+00,3.0097007e-02
1.7628273e+00,4.3213713e+00,1.4245338e-29
9.1173259e+00,4.3224645e+00,7.8627492e-03
9.7092688e+00,4.3230851e+00,5.1301838e-09
9.3147776e+00,4.3242291e+00,8.8989273e-05
9.7678645e+00,4.3245703e+00,3.5094546e-09
8.1223296e+00,4.3246595e+00,3.4416004e-02
4.7575004e+00,4.3264164e+00,3.3461304e-06
9.1842638e+00,4.3273517e+00,3.2858828e-03
9.8821178e+00,4.3286043e+00,3.1491287e-10
4.8227402e+00,4.3288976e+00,2.9178454e-06
4.6280447e+00,4.3303768e+00,4.0240671e-06
8.2263236e+00,4.3305963e+00,4.0063322e-02
9.9406823e+00,4.3314813e+00,1.1101706e-10
8.2826841e+00,4.3317171e+00,3.9436138e-02
4.5638119e+00,4.3321945e+00,4.5762741e-06
8.4132856e+00,4.3337492e+00,6.4070667e-02
8.4807518e+00,4.3342133e+00,6.6423349e-02
8.6143393e+00,4.3372757e+00,1.0871791e-01
5.0126457e+00,4.3378834e+00,2.3264480e-06
1.8286568e+00,4.3421342e+00,7.0131358e-30
8.6825419e+00,4.3435323e+00,1.1539856e-01
1.9664537e+00,4.3452373e+00,1.0569534e-30
5.1196582e+00,4.3456868e+00,1.6935776e-06
4.9534194e+00,4.3457605e+00,3.1800246e-06
2.8007510e-01,4.3459894e+00,1.4172566e-27
5.2305895e+00,4.3472397e+00,8.0809790e-07
5.3429465e+00,4.3478164e+00,2.7593223e-07
5.4546451e+00,4.3486255e+00,7.5733506e-08
5.5667763e+00,4.3506026e+00,1.7012922e-08
3.9995442e-01,4.3510044e+00,1.2032838e-27
6.2537656e+00,4.3512660e+00,3.4734559e-11
6.1379257e+00,4.3513114e+00,3.1037226e-11
6.4866654e+00,4.3513456e+00,3.6022498e-11
6.3699508e+00,4.3514302e+00,3.4751625e-11
5.1775631e-01,4.3514345e+00,8.9041878e-28
1.1089050e+00,4.3514469e+00,4.3512536e-28
1.2273354e+00,4.3514825e+00,3.0334393e-28
1.5831555e+00,4.3514934e+00,5.5361499e-29
9.9055132e-01,4.3515042e+00,5.7910319e-28
1.4644688e+00,4.3515450e+00,1.0789481e-28
1.3458589e+00,4.3515563e+00,1.9042722e-28
8.7223308e-01,4.3516239e+00,6.2773298e-28
6.3581702e-01,4.3517557e+00,7.4527073e-28
5.6801191e+00,4.3517782e+00,3.7398507e-09
6.0225367e+00,4.3517933e+00,4.9861832e-11
7.5396009e-01,4.3518546e+00,6.4586151e-28
5.7938034e+00,4.3522977e+00,7.8248319e-10
6.6045349e+00,4.3523152e+00,4.0666475e-11
6.7244066e+00,4.3523762e+00,4.0947022e-11
5.9077776e+00,4.3524407e+00,1.7462530e-10
1.7071450e+00,4.3548978e+00,2.3442942e-29
8.8192422e+00,4.3567768e+00,1.1278338e-01
6.7843857e-02,4.3579587e+00,1.9724102e-27
8.8851770e+00,4.3586012e+00,1.0999701e-01
1.3872721e-01,4.3646533e+00,1.7586822e-27
9.0165634e+00,4.3660981e+00,4.5360310e-02
9.0846092e+00,4.3740343e+00,3.0203842e-02
9.4842037e+00,4.3744974e+00,8.0698515e-07
9.4170340e+00,4.3753328e+00,4.4672796e-06
9.6159697e+00,4.3757678e+00,2.4918581e-08
5.0609151e+00,4.3759461e+00,1.8013765e-06
6.8359435e+00,4.3768850e+00,4.4735877e-11
9.6796553e+00,4.3771932e+00,1.1129606e-08
5.1744015e+00,4.3791293e+00,8.1930623e-07
6.9667436e+00,4.3796554e+00,4.8859605e-11
5.2866784e+00,4.3799507e+00,2.8583568e-07
9.7972494e+00,4.3801167e+00,5.1749704e-10
5.3985477e+00,4.3804721e+00,7.8314408e-08
8.0316626e+00,4.3809496e+00,2.5369039e-02
5.5101133e+00,4.3821617e+00,1.7482957e-08
9.8539914e+00,4.3824057e+00,2.2624500e-10
4.7251217e+00,4.3827540e+00,3.5693154e-06
9.2862416e+00,4.3828030e+00,4.5737603e-04
5.6228657e+00,4.3841267e+00,3.8018099e-09
9.2212909e+00,4.3845753e+00,2.0436852e-03
6.4281999e+00,4.3847916e+00,3.2164394e-11
5.7366684e+00,4.3849024e+00,7.8782003e-10
6.1956453e+00,4.3849373e+00,3.2525715e-11
6.3117143e+00,4.3849477e+00,3.8178386e-11
6.0800050e+00,4.3849994e+00,3.0561247e-11
4.6602044e+00,4.3851175e+00,4.0598473e-06
6.5451596e+00,4.3852619e+00,4.0585871e-11
5.8505419e+00,4.3854211e+00,1.7980551e-10
5.9649314e+00,4.3854395e+00,5.0815585e-11
4.8550361e+00,4.3855647e+00,2.8731878e-06
6.6619592e+00,4.3861617e+00,3.9888929e-11
8.1493956e+00,4.3875456e+00,3.3931668e-02
9.9707011e+00,4.3879367e+00,5.1380490e-12
4.5316393e+00,4.3886258e+00,4.5764429e-06
8.1998106e+00,4.3903862e+00,3.5432535e-02
6.7750300e+00,4.3905216e+00,4.1508411e-11
8.3121575e+00,4.3918361e+00,3.7505134e-02
8.3790440e+00,4.3922857e+00,3.9300621e-02
8.5140077e+00,4.3931894e+00,6.2067464e-02
4.9245762e+00,4.3936026e+00,2.8338921e-06
8.5814309e+00,4.3958865e+00,6.3318293e-02
1.8579127e+00,4.4018526e+00,6.8808630e-30
1.9322323e+00,4.4047606e+00,1.5221967e-30
8.7180081e+00,4.4088029e+00,1.1361788e-01
3.3565249e-02,4.4132229e+00,1.9895529e-27
8.7857252e+00,4.4137229e+00,1.1547303e-01
2.7921969e-01,4.4139045e+00,1.4060049e-27
8.9175468e+00,4.4159108e+00,1.0676278e-01
8.9835614e+00,4.4188282e+00,9.1647403e-02
3.9999543e-01,4.4196624e+00,1.1900919e-27
1.5826465e+00,4.4197062e+00,5.5401248e-29
1.1089193e+00,4.4198062e+00,4.2881630e-28
9.9057991e-01,4.4198334e+00,5.8285580e-28
5.1778019e-01,4.4198399e+00,9.7196582e-28
1.2273273e+00,4.4199127e+00,3.0458517e-28
8.7226427e-01,4.4199527e+00,6.5886943e-28
1.3458631e+00,4.4200161e+00,1.9017364e-28
6.3584831e-01,4.4200222e+00,7.5239634e-28
1.4644860e+00,4.4200534e+00,1.0774953e-28
7.5400884e-01,4.4200650e+00,6.6545522e-28
1.6562615e-01,4.4217846e+00,1.7504841e-27
1.7043089e+00,4.4243223e+00,2.3693141e-29
9.5181030e+00,4.4310210e+00,6.6266968e-07
9.5833463e+00,4.4315414e+00,3.3197794e-07
9.3860236e+00,4.4323021e+00,3.2780083e-05
9.1212389e+00,4.4340092e+00,2.0576582e-02
9.7118344e+00,4.4344657e+00,1.3360015e-08
9.3216067e+00,4.4358614e+00,1.8493600e-04
9.7708328e+00,4.4359040e+00,5.0769208e-09
4.7575292e+00,4.4375572e+00,3.7182031e-06
4.8222037e+00,4.4378867e+00,3.6280112e-06
6.8672678e+00,4.4395404e+00,4.4205142e-11
9.1909828e+00,4.4396630e+00,7.4037231e-03
9.8825156e+00,4.4401508e+00,1.2810165e-10
8.0644950e+00,4.4414373e+00,2.7760483e-02
4.6280447e+00,4.4416675e+00,3.9745636e-06
6.9284081e+00,4.4417537e+00,4.7966754e-11
9.9406608e+00,4.4428047e+00,2.7702938e-11
5.1754299e+00,4.4432912e+00,7.6562131e-07
4.5637125e+00,4.4433582e+00,4.4388919e-06
2.2658640e-01,4.4443909e+00,1.5648304e-27
8.1234182e+00,4.4447313e+00,3.0367582e-02
5.2863766e+00,4.4448238e+00,2.5391115e-07
5.3980089e+00,4.4457767e+00,6.6483209e-08
5.0616161e+00,4.4473201e+00,1.8228055e-06
5.5091778e+00,4.4476634e+00,1.4164624e-08
4.9494864e+00,4.4498785e+00,3.2154337e-06
5.6218803e+00,4.4499779e+00,2.8210434e-09
8.2228865e+00,4.4501140e+00,3.2039861e-02
8.2788729e+00,4.4504431e+00,3.1265125e-02
6.5453579e+00,4.4507320e+00,3.5721094e-11
5.7360394e+00,4.4507757e+00,5.3543264e-10
6.4286097e+00,4.4509087e+00,3.6379653e-11
6.6607126e+00,4.4511988e+00,3.7863915e-11
5.8501965e+00,4.4513239e+00,1.1429004e-10
8.4126430e+00,4.4513410e+00,3.7169618e-02
5.9647433e+00,4.4517049e+00,3.6018681e-11
8.4801404e+00,4.4517806e+00,3.7530873e-02
6.0797571e+00,4.4519409e+00,2.8421695e-11
6.3115508e+00,4.4519987e+00,3.6358928e-11
6.1953556e+00,4.4520512e+00,3.2067030e-11
3.4158366e-01,4.4524716e+00,1.3162394e-27
1.0497496e+00,4.4539902e+00,4.9241878e-28
1.5233043e+00,4.4539931e+00,8.3061351e-29
9.3143472e-01,4.4540302e+00,6.2424120e-28
1.1681040e+00,4.4540527e+00,3.6600235e-28
5.7679751e-01,4.4541053e+00,8.5776971e-28
8.1314188e-01,4.4541451e+00,6.8824169e-28
4.5876590e-01,4.4541635e+00,1.0785029e-27
6.9493287e-01,4.4542010e+00,6.9145208e-28
1.2865733e+00,4.4542029e+00,2.4737465e-28
1.4051663e+00,4.4542839e+00,1.4995022e-28
1.6391649e+00,4.4548537e+00,4.1532797e-29
6.7675551e+00,4.4549328e+00,4.2473556e-11
8.6148480e+00,4.4565956e+00,6.1316532e-02
1.8239069e+00,4.4618986e+00,7.2561451e-30
8.6832227e+00,4.4632554e+00,6.4762206e-02
1.9657786e+00,4.4642852e+00,1.5811494e-30
1.7559165e+00,4.4708774e+00,2.0662374e-29
6.7491690e-02,4.4724640e+00,1.9784120e-27
8.8187204e+00,4.4725892e+00,1.1320044e-01
8.8846072e+00,4.4729528e+00,1.0828177e-01
1.2866924e-01,4.4743312e+00,1.8410975e-27
5.2313162e+00,4.4762747e+00,2.5950197e-07
5.3421060e+00,4.4779940e+00,6.8093950e-08
5.0098797e+00,4.4783630e+00,2.0101235e-06
9.0172571e+00,4.4792760e+00,7.1209380e-02
5.4531708e+00,4.4794319e+00,1.4609549e-08
5.1213877e+00,4.4812228e+00,7.7901388e-07
6.7156851e+00,4.4818245e+00,3.9099014e-11
5.5648555e+00,4.4819555e+00,2.8662271e-09
6.6034866e+00,4.4828225e+00,3.4917516e-11
6.4872735e+00,4.4829329e+00,3.3409514e-11
5.6785048e+00,4.4835028e+00,5.4552292e-10
6.8233895e+00,4.4837391e+00,4.4044757e-11
5.7928290e+00,4.4840739e+00,1.1528494e-10
6.3701971e+00,4.4845983e+00,3.9939839e-11
5.9072441e+00,4.4846089e+00,3.5464348e-11
6.0221007e+00,4.4850002e+00,2.8509462e-11
6.1373881e+00,4.4853667e+00,3.2291545e-11
6.2533124e+00,4.4854308e+00,3.5000672e-11
9.0868889e+00,4.4865209e+00,4.1467317e-02
9.4851312e+00,4.4871851e+00,7.3619525e-06
9.4202216e+00,4.4876309e+00,1.5517258e-05
9.6175878e+00,4.4882482e+00,4.2210435e-07
9.6823903e+00,4.4897471e+00,2.0620917e-07
9.2895112e+00,4.4925275e+00,7.4806644e-04
9.7989598e+00,4.4927119e+00,7.4540354e-09
4.8537939e+00,4.4938790e+00,4.1984638e-06
4.7254107e+00,4.4942224e+00,3.7436969e-06
9.2238379e+00,4.4945568e+00,3.1570883e-03
9.8539005e+00,4.4946696e+00,2.5742875e-09
4.6608436e+00,4.4959693e+00,4.0571420e-06
4.9115365e+00,4.4978329e+00,3.6568104e-06
4.5320732e+00,4.4991768e+00,4.4837824e-06
9.9699597e+00,4.4993124e+00,4.1178977e-11
8.0328324e+00,4.5004877e+00,3.0421736e-02
6.9616644e+00,4.5020983e+00,5.7124716e-11
8.1499526e+00,4.5060728e+00,3.1145610e-02
8.1990059e+00,4.5086149e+00,3.2316985e-02
8.3114543e+00,4.5095390e+00,2.9802096e-02
8.3783380e+00,4.5099873e+00,2.9272651e-02
8.5135394e+00,4.5109026e+00,3.5187802e-02
8.5808237e+00,4.5130205e+00,3.6462786e-02
2.2621999e-01,4.5165572e+00,1.5835054e-27
3.4156327e-01,4.5210821e+00,1.3700740e-27
1.0497692e+00,4.5223278e+00,4.9240115e-28
9.3145962e-01,4.5223488e+00,6.0145198e-28
1.5232338e+00,4.5223601e+00,8.3937301e-29
8.1316805e-01,4.5223908e+00,6.7571797e-28
5.7680927e-01,4.5224040e+00,9.1183638e-28
1.1680899e+00,4.5224200e+00,3.6156251e-28
6.9496015e-01,4.5224241e+00,7.6894285e-28
1.2865533e+00,4.5225257e+00,2.4656512e-28
4.5878936e-01,4.5225511e+00,1.0719503e-27
1.6364241e+00,4.5226147e+00,4.2567756e-29
1.4051443e+00,4.5226274e+00,1.5235710e-28
1.9314143e+00,4.5237935e+00,2.0340059e-30
8.7171641e+00,4.5241846e+00,6.1725873e-02
1.8638622e+00,4.5243149e+00,7.0413537e-30
8.7849447e+00,4.5285985e+00,6.2704132e-02
3.3926441e-02,4.5298294e+00,1.9145108e-27
8.9173507e+00,4.5303877e+00,9.3408156e-02
1.6562093e-01,4.5321261e+00,1.7762555e-27
1.7401349e+00,4.5332789e+00,2.1050070e-29
8.9839860e+00,4.5337935e+00,7.5356399e-02
6.8219781e+00,4.5363320e+00,4.3760618e-11
5.2330561e+00,4.5395255e+00,2.0591173e-07
5.3418672e+00,4.5432393e+00,4.9554082e-08
5.1311707e+00,4.5434710e+00,5.4737562e-07
5.0030473e+00,4.5434796e+00,1.9070200e-06
9.5174856e+00,4.5437952e+00,8.5452321e-06
9.3867452e+00,4.5438142e+00,1.0834947e-04
9.5846988e+00,4.5443379e+00,5.5168567e-06
6.7156265e+00,4.5446750e+00,3.8299391e-11
9.3204517e+00,4.5451515e+00,2.9335054e-04
9.1196141e+00,4.5451866e+00,2.0064051e-02
5.4526688e+00,4.5455762e+00,9.2529841e-09
6.6051508e+00,4.5469971e+00,3.4721009e-11
9.7139106e+00,4.5475169e+00,2.9978783e-07
9.1868194e+00,4.5475688e+00,7.2290965e-03
5.5641087e+00,4.5480593e+00,1.7305300e-09
6.4881645e+00,4.5484018e+00,3.8093225e-11
4.8216543e+00,4.5486388e+00,3.9549266e-06
9.7714817e+00,4.5490434e+00,1.3926265e-07
4.7579457e+00,4.5493118e+00,3.9555547e-06
5.6776898e+00,4.5495838e+00,3.1181901e-10
5.7922676e+00,4.5502080e+00,6.4231031e-11
6.3708852e+00,4.5504463e+00,4.2189760e-11
5.9069524e+00,4.5507569e+00,2.4295646e-11
4.9417940e+00,4.5512033e+00,2.5286461e-06
6.0218509e+00,4.5512295e+00,2.6743568e-11
6.1372094e+00,4.5516885e+00,3.3805781e-11
6.2533260e+00,4.5518146e+00,3.7416057e-11
9.8824654e+00,4.5524100e+00,4.3368489e-09
4.6287834e+00,4.5524511e+00,4.0433013e-06
4.5643452e+00,4.5539680e+00,4.4845380e-06
9.9403793e+00,4.5543988e+00,1.0531664e-09
1.6857865e+00,4.5544848e+00,3.5341753e-29
2.7883290e-01,4.5546813e+00,1.5267095e-27
1.5798353e+00,4.5558342e+00,6.6416364e-29
9.9062432e-01,4.5564894e+00,5.3333693e-28
1.1089246e+00,4.5565112e+00,4.2482880e-28
8.7231535e-01,4.5565169e+00,6.0770198e-28
5.1781541e-01,4.5565261e+00,9.5145236e-28
7.5406229e-01,4.5565338e+00,7.1647272e-28
6.3588736e-01,4.5565439e+00,8.5913559e-28
1.2272931e+00,4.5566029e+00,3.0278484e-28
3.9999850e-01,4.5566606e+00,1.1715805e-27
1.3458211e+00,4.5566824e+00,2.0428809e-28
1.4643936e+00,4.5567639e+00,1.2184293e-28
8.0659461e+00,4.5608240e+00,2.9091848e-02
8.1241430e+00,4.5631151e+00,2.9290427e-02
6.9279353e+00,4.5655212e+00,5.2989991e-11
8.2205084e+00,4.5676325e+00,2.7451421e-02
8.2769704e+00,4.5682275e+00,2.7588362e-02
5.1869529e+00,4.5687902e+00,2.1110222e-07
8.4119850e+00,4.5691270e+00,2.5045105e-02
8.4796890e+00,4.5696027e+00,2.5800301e-02
6.7660852e+00,4.5703762e+00,3.9501551e-11
5.2878779e+00,4.5733198e+00,4.9642460e-08
8.6144653e+00,4.5736722e+00,3.3301445e-02
6.8653837e+00,4.5759008e+00,4.4915087e-11
5.3972681e+00,4.5771664e+00,9.2917265e-09
8.6824310e+00,4.5781765e+00,3.3509973e-02
6.6623181e+00,4.5782240e+00,3.6332362e-11
5.5079289e+00,4.5799115e+00,1.7360180e-09
6.5479130e+00,4.5803755e+00,3.4216291e-11
1.7773526e+00,4.5815781e+00,2.0076703e-29
1.8330894e+00,4.5815930e+00,7.5628641e-30
5.6203185e+00,4.5821627e+00,3.1316999e-10
6.4301887e+00,4.5822257e+00,4.3981085e-11
5.7346630e+00,4.5829909e+00,6.3535285e-11
1.9656357e+00,4.5833179e+00,3.5965000e-30
5.8493434e+00,4.5836061e+00,2.3920208e-11
5.9642018e+00,4.5840823e+00,2.6312152e-11
6.3122525e+00,4.5842305e+00,3.9948385e-11
6.0793285e+00,4.5844919e+00,3.3643521e-11
6.1951904e+00,4.5847567e+00,3.7134229e-11
8.8178701e+00,4.5861796e+00,5.5684496e-02
8.8843893e+00,4.5876053e+00,5.2288644e-02
6.7555770e-02,4.5892807e+00,1.8968962e-27
1.3807271e-01,4.5897102e+00,1.8088113e-27
9.0172959e+00,4.5913462e+00,4.2987061e-02
5.0966673e+00,4.5926496e+00,5.7229143e-07
5.0400293e+00,4.5935514e+00,7.2139035e-07
9.0832923e+00,4.5954944e+00,2.3935317e-02
9.4181811e+00,4.5996175e+00,1.0446232e-04
9.4840119e+00,4.6000442e+00,8.0065222e-05
9.2856427e+00,4.6003530e+00,1.0241307e-03
9.2176836e+00,4.6007409e+00,2.8371304e-03
9.6175228e+00,4.6013264e+00,7.3086318e-06
9.6819320e+00,4.6030066e+00,4.4308413e-06
4.9166432e+00,4.6032988e+00,2.3239450e-06
4.8542462e+00,4.6046882e+00,2.7544007e-06
9.7983724e+00,4.6062752e+00,2.1517427e-07
4.7257494e+00,4.6063409e+00,3.5671669e-06
9.8544153e+00,4.6076841e+00,8.8909098e-08
4.6611542e+00,4.6077334e+00,3.9903321e-06
4.5322720e+00,4.6103468e+00,4.3290368e-06
9.9704196e+00,4.6106420e+00,1.7340855e-09
8.0331136e+00,4.6203363e+00,2.7570748e-02
1.6911278e+00,4.6206889e+00,3.5959321e-29
6.9662708e+00,4.6234229e+00,4.4870093e-11
8.1491911e+00,4.6243516e+00,2.5474468e-02
1.5799294e+00,4.6243764e+00,6.7146196e-29
6.3590068e-01,4.6247482e+00,8.2143246e-28
7.5406852e-01,4.6247538e+00,6.9807317e-28
4.0001713e-01,4.6247622e+00,1.1301649e-27
5.1784002e-01,4.6247670e+00,9.3008637e-28
8.7232744e-01,4.6247938e+00,6.0239753e-28
9.9065368e-01,4.6248290e+00,5.3886679e-28
1.1089737e+00,4.6248315e+00,4.3121439e-28
1.2273444e+00,4.6248579e+00,3.0861706e-28
1.3458547e+00,4.6249240e+00,2.0739841e-28
1.4644180e+00,4.6249563e+00,1.2484665e-28
2.7932251e-01,4.6250041e+00,1.5021971e-27
8.1965031e+00,4.6263268e+00,2.5587438e-02
8.3094939e+00,4.6273918e+00,2.4861160e-02
8.3776249e+00,4.6278430e+00,2.3124644e-02
8.5130501e+00,4.6287669e+00,2.4027222e-02
5.2878324e+00,4.6299527e+00,2.4428114e-08
8.5805419e+00,4.6307184e+00,2.4249468e-02
6.7738897e+00,4.6329021e+00,3.9905398e-11
5.1887807e+00,4.6331972e+00,8.9914562e-08
1.7480340e+00,4.6363980e+00,2.5487437e-29
1.8674139e+00,4.6376989e+00,1.0331216e-29
8.7165394e+00,4.6395022e+00,2.7135364e-02
1.9324081e+00,4.6399451e+00,4.5204072e-29
6.8343891e+00,4.6401824e+00,4.3686911e-11
8.7841979e+00,4.6430915e+00,2.7136319e-02
6.6650008e+00,4.6443587e+00,3.6636623e-11
5.3939166e+00,4.6449869e+00,3.4297314e-09
8.9172773e+00,4.6452285e+00,3.5837795e-02
5.5077658e+00,4.6453126e+00,6.0669963e-10
8.9835487e+00,4.6455635e+00,2.8630748e-02
6.5498899e+00,4.6463597e+00,3.3891919e-11
1.6519412e-01,4.6475481e+00,1.8323579e-27
3.3629329e-02,4.6476866e+00,1.9502416e-27
5.6199903e+00,4.6481644e+00,1.2527636e-10
6.4313373e+00,4.6482726e+00,4.2415290e-11
5.7340951e+00,4.6492224e+00,2.9049128e-11
5.8489889e+00,4.6498635e+00,1.7073646e-11
6.3134333e+00,4.6499369e+00,4.0472687e-11
5.9639271e+00,4.6503924e+00,2.6881367e-11
6.1955884e+00,4.6505978e+00,3.7689883e-11
6.0791879e+00,4.6506366e+00,3.5471431e-11
5.1349634e+00,4.6507286e+00,8.9243070e-08
9.1152574e+00,4.6508774e+00,9.7574954e-03
9.1824435e+00,4.6537418e+00,4.6269149e-03
9.3180901e+00,4.6549359e+00,7.4901569e-04
9.3843350e+00,4.6555377e+00,6.1852310e-04
9.5165041e+00,4.6567727e+00,1.0102412e-04
5.0124738e+00,4.6570772e+00,6.8062778e-07
1.6418595e+00,4.6573611e+00,5.1411589e-29
9.5828018e+00,4.6575123e+00,7.7872853e-05
6.9497971e-01,4.6588484e+00,7.0671206e-28
5.7684720e-01,4.6588491e+00,8.5232997e-28
8.1318638e-01,4.6588878e+00,6.3431681e-28
4.5883260e-01,4.6588936e+00,1.0145315e-27
9.3150109e-01,4.6589652e+00,5.7385604e-28
1.0498476e+00,4.6589878e+00,4.8520981e-28
1.1681902e+00,4.6589954e+00,3.7909210e-28
1.2866382e+00,4.6590223e+00,2.6372638e-28
1.4052023e+00,4.6590615e+00,1.7283091e-28
1.5233524e+00,4.6590947e+00,1.0065146e-28
4.9503411e+00,4.6591009e+00,8.9851119e-07
3.4207152e-01,4.6595065e+00,1.3290028e-27
5.2348386e+00,4.6605653e+00,2.4514874e-08
4.8228855e+00,4.6608958e+00,2.4570606e-06
9.7125892e+00,4.6614324e+00,6.7101620e-06
4.7580973e+00,4.6618756e+00,3.1840017e-06
2.2657991e-01,4.6628761e+00,1.6937793e-27
9.7714585e+00,4.6631746e+00,3.7647494e-06
4.6287768e+00,4.6644458e+00,3.9004239e-06
9.8802542e+00,4.6652285e+00,1.5140539e-07
4.5643328e+00,4.6655422e+00,4.1713386e-06
9.9383446e+00,4.6661975e+00,4.5158425e-08
5.3384704e+00,4.6676926e+00,3.3640232e-09
6.7261138e+00,4.6733356e+00,3.8427532e-11
5.4491542e+00,4.6787979e+00,5.8764194e-10
6.6098104e+00,4.6791160e+00,3.4557707e-11
5.5636173e+00,4.6794621e+00,1.2629699e-10
6.4912899e+00,4.6804329e+00,4.0783091e-11
8.0667649e+00,4.6804655e+00,2.7405544e-02
5.6767937e+00,4.6818171e+00,2.8776877e-11
8.1246454e+00,4.6821896e+00,2.5227643e-02
6.3732146e+00,4.6821997e+00,3.9232176e-11
5.7913451e+00,4.6826969e+00,1.6424595e-11
5.9063232e+00,4.6833245e+00,2.5422368e-11
6.2549048e+00,4.6833621e+00,3.9189505e-11
6.1374667e+00,4.6836743e+00,3.7156042e-11
6.0214356e+00,4.6836843e+00,3.5972391e-11
1.7761653e+00,4.6841594e+00,4.3826887e-29
6.9322716e+00,4.6843174e+00,4.5232495e-11
1.8398084e+00,4.6854454e+00,5.6008578e-29
8.2185582e+00,4.6856701e+00,2.4898744e-02
8.2750870e+00,4.6861400e+00,2.5362223e-02
8.4113083e+00,4.6870479e+00,2.1175131e-02
8.4790296e+00,4.6874962e+00,2.1093891e-02
6.8629415e+00,4.6906974e+00,4.3938411e-11
8.6139312e+00,4.6909440e+00,2.0314144e-02
8.6819629e+00,4.6952234e+00,1.9635021e-02
1.9667724e+00,4.6994844e+00,1.2198047e-27
8.8173457e+00,4.7018974e+00,2.0198648e-02
8.8839060e+00,4.7026087e+00,1.9674836e-02
9.0165028e+00,4.7031710e+00,1.4423248e-02
9.0822152e+00,4.7043367e+00,1.0047940e-02
9.2156832e+00,4.7077094e+00,2.8667796e-03
5.1135524e+00,4.7089289e+00,7.5457464e-08
9.2833707e+00,4.7092914e+00,2.3686413e-03
1.3016404e-01,4.7109362e+00,1.9350490e-27
6.9116189e-02,4.7115043e+00,2.0112875e-27
9.4165869e+00,4.7122625e+00,7.4475047e-04
9.4829252e+00,4.7130708e+00,6.6737298e-04
5.0477009e+00,4.7143757e+00,1.0059002e-07
9.6161631e+00,4.7153685e+00,1.0660549e-04
4.9203913e+00,4.7166280e+00,8.0388766e-07
4.8553327e+00,4.7170335e+00,1.0966685e-06
9.6815413e+00,4.7176085e+00,7.9612558e-05
5.2500685e+00,4.7180838e+00,5.0694207e-09
4.7255955e+00,4.7189776e+00,2.9298971e-06
4.6608702e+00,4.7201553e+00,3.7413807e-06
9.7992134e+00,4.7211058e+00,6.0311284e-06
9.8519662e+00,4.7217508e+00,3.1623531e-06
4.5320608e+00,4.7218621e+00,3.7107085e-06
9.9679250e+00,4.7222222e+00,7.5830226e-08
5.3181926e+00,4.7230640e+00,2.8423785e-09
1.6443344e+00,4.7263203e+00,8.1913154e-29
5.7685586e-01,4.7270215e+00,8.5202434e-28
6.9496924e-01,4.7270405e+00,6.8486717e-28
4.5881077e-01,4.7270557e+00,1.0614964e-27
8.1315816e-01,4.7270839e+00,6.3893960e-28
1.5235408e+00,4.7272097e+00,1.0118576e-28
9.3149242e-01,4.7272489e+00,5.8419089e-28
1.4052950e+00,4.7273045e+00,1.7253386e-28
1.1682953e+00,4.7273153e+00,3.7581037e-28
1.2867241e+00,4.7273358e+00,2.6137290e-28
1.0498958e+00,4.7273396e+00,4.9131486e-28
3.4188777e-01,4.7277240e+00,1.3936305e-27
2.3037310e-01,4.7314303e+00,1.7299936e-27
5.4536194e+00,4.7394419e+00,1.8096316e-10
8.0336513e+00,4.7401291e+00,2.9902053e-02
1.7608258e+00,4.7403952e+00,5.6875687e-28
6.9660008e+00,4.7408945e+00,5.4705079e-11
6.7284848e+00,4.7414269e+00,3.7567241e-11
8.1487598e+00,4.7427750e+00,2.4796584e-02
1.8667653e+00,4.7438905e+00,1.6696525e-27
8.1953606e+00,4.7442802e+00,2.4286694e-02
5.5636688e+00,4.7442968e+00,4.7834496e-11
8.3088245e+00,4.7453658e+00,1.9808412e-02
8.3769148e+00,4.7458225e+00,1.9849156e-02
6.6101935e+00,4.7466832e+00,3.5767728e-11
8.5125149e+00,4.7467420e+00,1.8603448e-02
6.4920808e+00,4.7472246e+00,4.4453577e-11
6.8374253e+00,4.7473005e+00,4.4590095e-11
5.6763210e+00,4.7481509e+00,1.2305091e-11
8.5799247e+00,4.7482383e+00,1.8203871e-02
6.3738007e+00,4.7484176e+00,3.5769409e-11
6.2556536e+00,4.7489544e+00,3.9082882e-11
5.7909546e+00,4.7490996e+00,1.4381284e-11
5.9060695e+00,4.7497752e+00,2.6871847e-11
6.1376571e+00,4.7499300e+00,3.8952724e-11
6.0214324e+00,4.7500878e+00,3.5655251e-11
8.7155332e+00,4.7551900e+00,1.6471533e-02
1.9287351e+00,4.7556832e+00,3.0210867e-26
8.7832575e+00,4.7582747e+00,1.6342496e-02
1.7084484e-01,4.7596843e+00,1.9314842e-27
8.9167563e+00,4.7603118e+00,1.4216255e-02
8.9830818e+00,4.7605391e+00,1.2801642e-02
5.1782684e-01,4.7611015e+00,9.5470300e-28
6.3589886e-01,4.7611127e+00,7.2379539e-28
3.9981154e-01,4.7611418e+00,1.2034849e-27
7.5402983e-01,4.7611421e+00,6.4755543e-28
8.7229055e-01,4.7612736e+00,6.2247864e-28
1.4646991e+00,4.7613143e+00,1.4039821e-28
1.5825928e+00,4.7614506e+00,1.1840995e-28
9.9069318e-01,4.7614645e+00,5.3945717e-28
1.3460334e+00,4.7614806e+00,2.2165968e-28
1.2275353e+00,4.7614913e+00,3.2198987e-28
1.1091269e+00,4.7615032e+00,4.3056648e-28
2.8293196e-01,4.7617758e+00,1.5792547e-27
9.1149995e+00,4.7618971e+00,6.6940148e-03
9.1812815e+00,4.7624054e+00,5.7983652e-03
1.7033700e+00,4.7635093e+00,1.0412078e-27
9.3164240e+00,4.7662284e+00,2.6937443e-03
5.1494725e+00,4.7663411e+00,7.0622930e-09
5.2153934e+00,4.7669943e+00,4.6908259e-09
9.3833952e+00,4.7685977e+00,2.5603660e-03
3.5486860e-02,4.7697001e+00,2.1029342e-27
9.5157556e+00,4.7699745e+00,8.5987559e-04
6.7795670e+00,4.7706398e+00,3.9274235e-11
5.5122825e+00,4.7707913e+00,4.6025174e-11
9.5826958e+00,4.7715326e+00,7.7829127e-04
5.0182964e+00,4.7726282e+00,8.1443051e-08
4.9531195e+00,4.7728567e+00,1.1765971e-07
5.3489911e+00,4.7729506e+00,2.8565784e-10
4.8229098e+00,4.7734581e+00,1.0516745e-06
4.7579608e+00,4.7744224e+00,1.4100096e-06
9.7141773e+00,4.7762272e+00,1.2105831e-04
4.6285488e+00,4.7766628e+00,3.3200232e-06
4.5641833e+00,4.7772731e+00,3.6384071e-06
9.7729801e+00,4.7779824e+00,8.6632980e-05
9.9382966e+00,4.7780546e+00,1.8722927e-06
9.8804283e+00,4.7785522e+00,5.3036146e-06
5.6195691e+00,4.7793329e+00,1.1531958e-11
5.4104505e+00,4.7794034e+00,1.7411858e-10
6.6677550e+00,4.7800172e+00,3.6243498e-11
6.5510639e+00,4.7807186e+00,4.3338564e-11
1.8196591e+00,4.7809353e+00,1.9802620e-26
6.4327142e+00,4.7812823e+00,3.6016503e-11
6.3147682e+00,4.7817473e+00,3.6409074e-11
5.7332320e+00,4.7819589e+00,1.3824253e-11
6.1965276e+00,4.7824459e+00,3.8824423e-11
5.8483446e+00,4.7827169e+00,2.6652220e-11
5.9636702e+00,4.7832466e+00,3.5340461e-11
6.0793751e+00,4.7832958e+00,3.8442479e-11
8.0671578e+00,4.8001659e+00,2.6337407e-02
6.9331571e+00,4.8010414e+00,5.4525650e-11
6.8739117e+00,4.8010674e+00,4.7046147e-11
8.1243858e+00,4.8010876e+00,2.4701923e-02
8.2173589e+00,4.8035491e+00,2.1122209e-02
8.2742940e+00,4.8041648e+00,2.0103489e-02
8.4106300e+00,4.8050826e+00,1.8973373e-02
8.4785088e+00,4.8055538e+00,1.7693462e-02
8.6137268e+00,4.8087509e+00,1.5742723e-02
8.6813036e+00,4.8114232e+00,1.6184095e-02
8.8163518e+00,4.8164733e+00,1.5341653e-02
8.8832902e+00,4.8177990e+00,1.5339339e-02
9.0160149e+00,4.8180873e+00,1.0998815e-02
1.9619627e+00,4.8181036e+00,9.4526956e-25
9.0822204e+00,4.8182796e+00,1.0551149e-02
9.2150540e+00,4.8194272e+00,6.1578934e-03
9.2825090e+00,4.8216682e+00,6.0581750e-03
1.6515021e-01,4.8237124e+00,1.9131608e-27
9.4161622e+00,4.8258776e+00,3.0839292e-03
9.4821842e+00,4.8264460e+00,2.9425523e-03
5.2482968e+00,4.8277971e+00,3.4042632e-10
5.1163280e+00,4.8278807e+00,5.0241926e-09
5.9715097e-02,4.8285236e+00,2.1340390e-27
5.0510034e+00,4.8287210e+00,7.2399452e-09
5.3137704e+00,4.8287732e+00,2.2124692e-10
6.3588399e-01,4.8292976e+00,7.7318269e-28
7.5398724e-01,4.8293522e+00,6.4991577e-28
3.9970219e-01,4.8294070e+00,1.1752351e-27
4.9206758e+00,4.8294324e+00,9.0358343e-08
5.1777547e-01,4.8294335e+00,9.5282102e-28
2.8186848e-01,4.8294434e+00,1.5786667e-27
1.4648087e+00,4.8295979e+00,1.6429891e-28
4.8555247e+00,4.8296282e+00,1.2565081e-07
8.7225989e-01,4.8296396e+00,6.4462971e-28
1.5831650e+00,4.8296710e+00,8.8454353e-28
9.6160112e+00,4.8297366e+00,1.0823957e-03
9.9068846e-01,4.8297984e+00,5.3656927e-28
1.3461296e+00,4.8298106e+00,2.2566439e-28
1.2276178e+00,4.8298612e+00,3.2570445e-28
1.1091826e+00,4.8298772e+00,4.2348139e-28
4.7254733e+00,4.8312578e+00,1.2664655e-06
9.6821145e+00,4.8321912e+00,9.9234344e-04
4.6607866e+00,4.8323205e+00,1.6380381e-06
1.7006708e+00,4.8330440e+00,2.7666507e-26
4.5321225e+00,4.8331888e+00,2.1957951e-06
9.9703716e+00,4.8336102e+00,3.1223617e-06
5.5053317e+00,4.8341553e+00,1.3031154e-11
9.8547918e+00,4.8346003e+00,9.5384909e-05
9.8000964e+00,4.8346755e+00,1.4152455e-04
1.8202221e+00,4.8393880e+00,7.5512507e-25
5.4436070e+00,4.8409856e+00,1.2554921e-11
6.7787697e+00,4.8436841e+00,3.9720885e-11
5.6171339e+00,4.8455205e+00,4.6923518e-12
6.6660092e+00,4.8473356e+00,3.8353168e-11
6.3146066e+00,4.8485399e+00,3.6413630e-11
6.4325010e+00,4.8486683e+00,3.4026034e-11
6.5506006e+00,4.8488472e+00,4.1330553e-11
5.7317880e+00,4.8488923e+00,1.3652791e-11
6.1966639e+00,4.8491490e+00,3.7831532e-11
5.8477097e+00,4.8495436e+00,2.9194121e-11
5.9635001e+00,4.8499577e+00,3.7309091e-11
6.0795047e+00,4.8500421e+00,3.9589902e-11
1.1506832e-01,4.8527679e+00,1.9652949e-27
6.8377835e+00,4.8595972e+00,4.4366986e-11
8.0335065e+00,4.8600368e+00,2.1599062e-02
6.9671563e+00,4.8601469e+00,4.6190160e-11
8.1475735e+00,4.8613892e+00,2.3295103e-02
8.1939458e+00,4.8623455e+00,2.1019043e-02
2.2361499e-01,4.8631260e+00,1.7693065e-27
6.9491177e-01,4.8634355e+00,6.9698735e-28
8.3079569e+00,4.8634469e+00,2.0725504e-02
5.7678962e-01,4.8635384e+00,8.0584584e-28
4.5865004e-01,4.8636529e+00,1.0361500e-27
3.4071494e-01,4.8636568e+00,1.3447311e-27
8.1308490e-01,4.8636600e+00,6.6175479e-28
1.5242226e+00,4.8637136e+00,6.7705354e-28
8.3762025e+00,4.8639079e+00,2.0261635e-02
1.4055008e+00,4.8639182e+00,2.0840926e-28
9.3145703e-01,4.8639488e+00,5.8823736e-28
1.2869029e+00,4.8640358e+00,2.8512201e-28
1.0499468e+00,4.8640475e+00,4.7039317e-28
1.1684335e+00,4.8640592e+00,3.8114229e-28
1.6422074e+00,4.8640754e+00,2.2838243e-26
8.5121867e+00,4.8652619e+00,1.5433657e-02
8.5799948e+00,4.8669627e+00,1.5875512e-02
1.7586895e+00,4.8683825e+00,9.1539979e-25
1.9329127e+00,4.8684197e+00,2.7465638e-23
8.7152763e+00,4.8715484e+00,1.6171010e-02
8.7826002e+00,4.8735139e+00,1.5971815e-02
5.5542828e+00,4.8738485e+00,4.2213586e-12
1.8715058e+00,4.8753971e+00,3.0220907e-23
8.9162036e+00,4.8755220e+00,1.4990692e-02
8.9826028e+00,4.8755830e+00,1.4816430e-02
9.1152482e+00,4.8758116e+00,1.1087948e-02
9.1817999e+00,4.8764509e+00,1.0915300e-02
9.3164035e+00,4.8804820e+00,7.1348276e-03
5.6724418e+00,4.8812720e+00,1.2707518e-11
6.7259418e+00,4.8817896e+00,4.0234917e-11
6.6079845e+00,4.8821302e+00,4.0324157e-11
9.3830855e+00,4.8823221e+00,6.8420218e-03
2.4228237e-02,4.8823529e+00,2.0148153e-27
6.2556282e+00,4.8824502e+00,3.5665073e-11
6.3734258e+00,4.8825963e+00,3.5978900e-11
6.4914043e+00,4.8827392e+00,3.4992604e-11
5.7888757e+00,4.8828598e+00,2.9307735e-11
5.2156291e+00,4.8831347e+00,2.3322472e-10
5.9052644e+00,4.8833130e+00,3.7365764e-11
6.1379229e+00,4.8833794e+00,3.7932285e-11
6.0213918e+00,4.8835451e+00,3.9474616e-11
5.3459240e+00,4.8836627e+00,1.5141629e-11
5.1495813e+00,4.8838715e+00,3.3190481e-10
9.5149512e+00,4.8839160e+00,3.6911717e-03
5.0186598e+00,4.8852161e+00,4.9769897e-09
9.5818379e+00,4.8856484e+00,3.5072650e-03
4.9535091e+00,4.8856989e+00,6.7630212e-09
4.8231574e+00,4.8863240e+00,8.6543680e-08
4.7580551e+00,4.8869892e+00,1.0790658e-07
4.6285684e+00,4.8884551e+00,8.9888064e-07
4.5642699e+00,4.8887131e+00,1.0171396e-06
9.9405903e+00,4.8888798e+00,8.0743716e-05
9.8828788e+00,4.8893723e+00,1.5700110e-04
5.4143012e+00,4.8894223e+00,9.6793640e-12
9.7138400e+00,4.8904614e+00,1.5115244e-03
9.7730191e+00,4.8911906e+00,1.4518920e-03
6.8624052e+00,4.9195316e+00,4.3396273e-11
8.0670937e+00,4.9200566e+00,2.1571289e-02
6.9325326e+00,4.9201074e+00,4.6031037e-11
8.1239326e+00,4.9204872e+00,2.3269750e-02
8.2164056e+00,4.9218115e+00,2.1241029e-02
8.2734816e+00,4.9222972e+00,2.0922432e-02
8.4099404e+00,4.9232443e+00,1.6194153e-02
8.4780457e+00,4.9241270e+00,1.5202345e-02
1.1260392e-01,4.9265882e+00,1.9100540e-27
8.6137107e+00,4.9273733e+00,1.7551648e-02
8.6814154e+00,4.9292868e+00,1.7172662e-02
1.9709500e+00,4.9312685e+00,1.1574613e-21
6.9482746e-01,4.9318263e+00,6.5128151e-28
3.4042926e-01,4.9318899e+00,1.3363801e-27
5.7667847e-01,4.9320115e+00,7.2490443e-28
1.5242726e+00,4.9322160e+00,7.0831268e-27
8.1304099e-01,4.9322978e+00,6.6809319e-28
1.4055879e+00,4.9323295e+00,3.4345611e-28
1.6426055e+00,4.9323641e+00,3.8688053e-25
1.2869796e+00,4.9324366e+00,2.8683748e-28
2.2326701e-01,4.9324542e+00,1.7169138e-27
1.1684725e+00,4.9324709e+00,3.7641892e-28
8.8159433e+00,4.9324766e+00,1.6493012e-02
1.0499357e+00,4.9325208e+00,4.8443155e-28
9.3141858e-01,4.9325234e+00,5.9597011e-28
4.5838439e-01,4.9325426e+00,1.0039372e-27
8.8826083e+00,4.9331590e+00,1.6339831e-02
9.0156291e+00,4.9333103e+00,1.5759032e-02
9.0820690e+00,4.9333467e+00,1.5464258e-02
1.7593010e+00,4.9338191e+00,2.1360207e-23
9.2151913e+00,4.9344315e+00,1.2559005e-02
9.2823400e+00,4.9362216e+00,1.2389515e-02
9.4154882e+00,4.9393262e+00,8.1076563e-03
5.3140837e+00,4.9393469e+00,9.8621397e-12
1.8680143e+00,4.9393763e+00,9.6540583e-22
5.2492624e+00,4.9397951e+00,1.3193409e-11
9.4813319e+00,4.9403517e+00,7.8761932e-03
5.1172722e+00,4.9410176e+00,2.0537147e-10
5.0516754e+00,4.9415219e+00,2.7849526e-10
5.7250697e-02,4.9415595e+00,2.0659121e-27
5.5503967e+00,4.9418031e+00,3.8490519e-12
4.9209801e+00,4.9423411e+00,3.9645819e-09
4.8557795e+00,4.9427703e+00,5.1316767e-09
4.7259387e+00,4.9437700e+00,5.0869580e-08
9.9702187e+00,4.9441585e+00,1.4055235e-04
4.6611388e+00,4.9441731e+00,5.8433448e-08
9.6147845e+00,4.9443248e+00,4.7254641e-03
4.5321473e+00,4.9444132e+00,1.5709630e-07
6.7200505e+00,4.9447993e+00,3.9632402e-11
9.8547678e+00,4.9456676e+00,2.1840564e-03
9.6806833e+00,4.9466832e+00,4.6997811e-03
5.4403672e+00,4.9467433e+00,2.3867351e-12
9.7996034e+00,4.9474106e+00,2.3266723e-03
5.6699714e+00,4.9484607e+00,1.4083435e-11
6.6064168e+00,4.9496038e+00,4.0116297e-11
5.7873074e+00,4.9502687e+00,3.1602146e-11
6.2554073e+00,4.9504105e+00,3.6617416e-11
5.9045389e+00,4.9504686e+00,3.9263696e-11
6.3731547e+00,4.9505246e+00,3.8714181e-11
6.1379869e+00,4.9506389e+00,3.7858591e-11
6.0211605e+00,4.9506449e+00,4.0974404e-11
6.4911371e+00,4.9509618e+00,3.6315219e-11
6.3568853e-01,4.9661615e+00,6.3379013e-28
7.5385902e-01,4.9663808e+00,6.7991596e-28
1.5836130e+00,4.9664621e+00,1.7689191e-25
1.4649457e+00,4.9665117e+00,3.3957118e-27
3.9915085e-01,4.9665297e+00,1.1898448e-27
1.3462933e+00,4.9666227e+00,3.2287065e-28
1.2277336e+00,4.9666736e+00,3.3393394e-28
1.1092106e+00,4.9667622e+00,4.3421138e-28
1.7016804e+00,4.9667693e+00,1.1370348e-23
5.1739867e-01,4.9667963e+00,8.4387745e-28
9.9063894e-01,4.9668463e+00,5.5069519e-28
8.7217752e-01,4.9668520e+00,6.1798760e-28
1.6233783e-01,4.9668609e+00,1.9152910e-27
2.8123482e-01,4.9670047e+00,1.5288215e-27
1.8173420e+00,4.9688037e+00,7.2314378e-22
5.4983986e+00,4.9713793e+00,3.6205143e-12
1.9294212e+00,4.9720815e+00,3.7178634e-20
6.6585502e+00,4.9778189e+00,3.8980136e-11
6.9653763e+00,4.9799605e+00,5.2969608e-11
8.0335872e+00,4.9800198e+00,2.1051602e-02
8.1471066e+00,4.9804956e+00,2.2611042e-02
5.6107774e+00,4.9806639e+00,1.3162940e-11
8.1932073e+00,4.9808635e+00,2.1470175e-02
6.8259712e+00,4.9811774e+00,4.4046374e-11
8.3072613e+00,4.9816575e+00,1.8961635e-02
8.3754745e+00,4.9821436e+00,1.6731753e-02
5.7277493e+00,4.9834900e+00,3.1896414e-11
8.5117685e+00,4.9841011e+00,1.7751594e-02
5.8454158e+00,4.9841081e+00,3.8363631e-11
5.9625433e+00,4.9842130e+00,4.4206529e-11
6.1965069e+00,4.9843689e+00,3.6202030e-11
6.0793373e+00,4.9844014e+00,3.7759181e-11
6.3141145e+00,4.9844284e+00,3.6934382e-11
6.5487657e+00,4.9845434e+00,3.8710954e-11
6.4319627e+00,4.9848191e+00,3.7535015e-11
8.5796253e+00,4.9856466e+00,1.8154529e-02
6.7628461e+00,4.9884604e+00,4.1008643e-11
8.7149240e+00,4.9889219e+00,1.7503051e-02
8.7821280e+00,4.9901463e+00,1.7902434e-02
8.9156132e+00,4.9910252e+00,1.6802062e-02
8.9822348e+00,4.9911156e+00,1.7050637e-02
9.1151806e+00,4.9911658e+00,1.6707564e-02
9.1817512e+00,4.9916113e+00,1.7506300e-02
9.3156510e+00,4.9945568e+00,1.3929131e-02
9.3821173e+00,4.9958214e+00,1.3724676e-02
5.3462707e+00,4.9964262e+00,1.5713931e-12
5.2167472e+00,4.9970259e+00,7.4594609e-12
5.1508050e+00,4.9975117e+00,9.8341272e-12
5.4041770e+00,4.9980630e+00,2.1474480e-12
9.5143437e+00,4.9980877e+00,9.3148201e-03
5.0193236e+00,4.9984648e+00,1.4207778e-10
4.9537790e+00,4.9988012e+00,1.8332008e-10
4.8234287e+00,4.9993296e+00,2.0669120e-09
4.7586902e+00,4.9996641e+00,2.4130045e-09
9.9417624e+00,4.9999760e+00,3.4339032e-03
4.5658532e+00,5.0001259e+00,1.0121302e-08
4.6305461e+00,5.0001439e+00,1.1021260e-08
9.5809095e+00,5.0003284e+00,8.9502046e-03
3.3022459e-02,5.0003830e+00,2.3222968e-27
9.8840230e+00,5.0009925e+00,3.6829977e-03
9.7714100e+00,5.0043651e+00,7.5817344e-03
9.7116690e+00,5.0043668e+00,7.1940392e-03
4.3217889e+00,5.0341368e+00,5.6718237e-14
3.7261167e+00,5.0343540e+00,1.1733112e-15
3.6070896e+00,5.0343541e+00,1.0374213e-15
3.2499573e+00,5.0343577e+00,8.8465228e-16
2.8928227e+00,5.0343599e+00,8.1465143e-16
2.5356882e+00,5.0343621e+00,6.2291355e-16
2.0595181e+00,5.0343634e+00,1.8746812e-16
2.1785544e+00,5.0343639e+00,6.4871513e-16
3.1309428e+00,5.0343673e+00,8.2121357e-16
3.4880857e+00,5.0343673e+00,9.3880481e-16
2.7738000e+00,5.0343673e+00,8.3455822e-16
2.4166571e+00,5.0343673e+00,6.3232885e-16
2.2976018e+00,5.0343702e+00,6.2710630e-16
3.8452303e+00,5.0343727e+00,1.2014009e-15
3.9642002e+00,5.0343751e+00,1.7788951e-15
4.2024539e+00,5.0343760e+00,5.2299366e-15
2.6547418e+00,5.0343774e+00,7.4621730e-16
3.3690276e+00,5.0343774e+00,9.4645261e-16
3.0118847e+00,5.0343774e+00,8.0332957e-16
4.0832861e+00,5.0345477e+00,2.9699023e-15
6.3550434e-01,5.0348661e+00,7.3900604e-28
1.5836621e+00,5.0349782e+00,1.4299897e-24
1.4649881e+00,5.0350247e+00,2.1063075e-26
1.7021107e+00,5.0350669e+00,1.3064018e-22
1.3463335e+00,5.0350834e+00,6.6060094e-28
1.2277621e+00,5.0351165e+00,3.5369030e-28
7.5373986e-01,5.0351981e+00,7.0445361e-28
1.1091839e+00,5.0353397e+00,4.3541885e-28
4.4385645e+00,5.0353628e+00,3.8750860e-12
3.9894843e-01,5.0354300e+00,1.1899767e-27
1.9386342e+00,5.0354975e+00,1.6828208e-18
9.9058305e-01,5.0355066e+00,5.3572466e-28
8.7209693e-01,5.0356243e+00,6.2154881e-28
5.1715070e-01,5.0357773e+00,8.8908354e-28
2.8091276e-01,5.0358499e+00,1.5477331e-27
1.8189448e+00,5.0361024e+00,1.4140059e-20
1.6237226e-01,5.0386107e+00,1.9795650e-27
6.9306571e+00,5.0398250e+00,5.2578431e-11
8.0666661e+00,5.0400489e+00,2.1442917e-02
8.1233466e+00,5.0400940e+00,2.2411052e-02
8.2156949e+00,5.0402490e+00,2.0591217e-02
8.2726729e+00,5.0405573e+00,1.9074341e-02
6.8613794e+00,5.0416176e+00,4.5032667e-11
8.4092241e+00,5.0416447e+00,1.7288060e-02
5.4973528e+00,5.0425527e+00,4.3630423e-12
8.4774128e+00,5.0427194e+00,1.7805260e-02
6.6649856e+00,5.0441128e+00,3.9243856e-11
8.6131862e+00,5.0454787e+00,1.7733095e-02
8.6807802e+00,5.0468406e+00,1.8327010e-02
5.6092644e+00,5.0485032e+00,1.5574392e-11
8.8151720e+00,5.0487058e+00,1.8679276e-02
8.8819923e+00,5.0489022e+00,1.8340084e-02
9.0154417e+00,5.0491307e+00,1.7088167e-02
9.0819475e+00,5.0491445e+00,1.7107119e-02
9.2151053e+00,5.0500336e+00,1.8659211e-02
5.7267746e+00,5.0506150e+00,3.4431054e-11
9.2818564e+00,5.0511891e+00,1.8116843e-02
5.8445258e+00,5.0513623e+00,4.1064793e-11
5.9620789e+00,5.0514409e+00,4.5422990e-11
6.0790649e+00,5.0517387e+00,4.0972223e-11
6.1962131e+00,5.0520772e+00,3.6528515e-11
6.3137689e+00,5.0525256e+00,3.3611082e-11
6.5483129e+00,5.0526413e+00,3.8350011e-11
6.4316529e+00,5.0530289e+00,3.7420653e-11
9.4147791e+00,5.0532943e+00,1.5519963e-02
6.7273355e+00,5.0534615e+00,4.0680147e-11
5.3149816e+00,5.0538926e+00,1.3319255e-12
5.2502794e+00,5.0540443e+00,9.7403673e-13
9.4811618e+00,5.0545351e+00,1.5501004e-02
5.1182461e+00,5.0546661e+00,4.6023684e-12
4.5432200e+00,5.0550633e+00,6.3717206e-10
4.9207503e+00,5.0550730e+00,6.8185422e-11
5.0523616e+00,5.0551150e+00,5.7973071e-12
4.8556005e+00,5.0551722e+00,8.2900427e-11
4.7267761e+00,5.0555253e+00,4.8937948e-10
4.6634320e+00,5.0556020e+00,4.9822047e-10
9.9715437e+00,5.0558175e+00,7.5536824e-03
5.4395420e+00,5.0561505e+00,3.9103463e-12
9.8569383e+00,5.0566463e+00,1.1123189e-02
9.7994898e+00,5.0582758e+00,1.1711545e-02
9.6141828e+00,5.0585622e+00,1.1343393e-02
5.6803934e-02,5.0592066e+00,2.3781047e-27
9.6790435e+00,5.0602422e+00,1.0603096e-02
4.2623380e+00,5.0685128e+00,6.3056964e-15
3.6665396e+00,5.0687080e+00,1.0603101e-15
3.5475562e+00,5.0687213e+00,9.3153960e-16
3.1904240e+00,5.0687249e+00,8.7045764e-16
3.7856327e+00,5.0687267e+00,1.1293938e-15
2.8332894e+00,5.0687271e+00,8.2436928e-16
2.1190249e+00,5.0687273e+00,8.1387094e-16
2.4761548e+00,5.0687294e+00,6.6307569e-16
1.9999986e+00,5.0687305e+00,7.7661441e-17
2.2380610e+00,5.0687341e+00,6.2587501e-16
3.3094611e+00,5.0687351e+00,8.6269379e-16
2.9523265e+00,5.0687373e+00,8.0742125e-16
2.3571161e+00,5.0687376e+00,6.3243505e-16
2.5951920e+00,5.0687395e+00,7.3167293e-16
3.4285419e+00,5.0687447e+00,9.4184980e-16
2.7142561e+00,5.0687447e+00,7.8962810e-16
3.0713990e+00,5.0687447e+00,7.7188561e-16
3.9046686e+00,5.0687478e+00,1.3079543e-15
4.0236768e+00,5.0689228e+00,1.7589230e-15
4.1428828e+00,5.0689237e+00,2.8958917e-15
1.6430850e+00,5.0691778e+00,3.6409544e-23
1.5243641e+00,5.0692452e+00,4.3636336e-25
1.4056704e+00,5.0693033e+00,7.6053775e-27
1.2870482e+00,5.0693402e+00,4.7254608e-28
6.9452411e-01,5.0693483e+00,7.4892200e-28
1.7613341e+00,5.0694153e+00,3.9366630e-21
1.1684743e+00,5.0694913e+00,4.2096593e-28
4.3794009e+00,5.0694996e+00,3.6041217e-13
3.3990477e-01,5.0696354e+00,1.3371843e-27
5.7624631e-01,5.0696971e+00,7.9265958e-28
1.0498531e+00,5.0697586e+00,4.7532614e-28
8.1284125e-01,5.0698875e+00,6.6075062e-28
9.3128210e-01,5.0699560e+00,5.6411242e-28
1.8788301e+00,5.0700909e+00,5.1486968e-19
4.5793400e-01,5.0704239e+00,9.8807799e-28
4.4877612e+00,5.0717504e+00,3.9426503e-11
2.2297938e-01,5.0730493e+00,1.7283394e-27
1.1219159e-01,5.0767694e+00,2.1693254e-27
5.5478379e+00,5.0808158e+00,1.5160760e-11
5.6674837e+00,5.0834250e+00,3.2265203e-11
6.6123994e+00,5.0839956e+00,3.8233822e-11
5.7854427e+00,5.0846479e+00,4.0273380e-11
5.9031844e+00,5.0849506e+00,4.3895943e-11
6.0204237e+00,5.0852100e+00,4.4954251e-11
6.1374207e+00,5.0856846e+00,3.8639200e-11
6.2547679e+00,5.0862160e+00,3.4479349e-11
6.3724993e+00,5.0868315e+00,3.4456393e-11
6.4903745e+00,5.0872694e+00,3.7671633e-11
8.1928064e+00,5.0974203e+00,2.0730741e-02
8.1465589e+00,5.0976333e+00,2.1885438e-02
6.8296520e+00,5.0997868e+00,4.4427476e-11
6.9652808e+00,5.0998645e+00,5.3285988e-11
8.3063907e+00,5.0999636e+00,1.8318940e-02
8.0330789e+00,5.1000291e+00,2.5997858e-02
8.3747287e+00,5.1005649e+00,1.7103159e-02
8.5110249e+00,5.1025112e+00,1.7284068e-02
8.5789416e+00,5.1037251e+00,1.7413616e-02
6.7587332e+00,5.1043477e+00,4.0699414e-11
8.7141016e+00,5.1058472e+00,2.0196369e-02
8.7812894e+00,5.1064880e+00,1.9851833e-02
8.9151935e+00,5.1069336e+00,1.8904809e-02
8.9820213e+00,5.1070717e+00,1.7791792e-02
9.1152021e+00,5.1072486e+00,1.8608557e-02
9.1817892e+00,5.1076922e+00,1.8357861e-02
4.5779024e+00,5.1087371e+00,5.2481738e-11
4.6334214e+00,5.1092579e+00,6.3787686e-11
9.3150236e+00,5.1093124e+00,1.9066937e-02
9.3814801e+00,5.1101529e+00,1.9145799e-02
5.3471125e+00,5.1112186e+00,2.2442052e-12
9.8861963e+00,5.1113345e+00,1.8930638e-02
5.2176363e+00,5.1114970e+00,7.9207923e-13
9.9430622e+00,5.1115222e+00,1.3917504e-02
5.1515452e+00,5.1116330e+00,5.4348701e-13
4.9535535e+00,5.1117532e+00,2.4002738e-12
5.4137666e+00,5.1118396e+00,3.9425882e-12
5.0196202e+00,5.1121316e+00,2.0365955e-12
4.8226817e+00,5.1122925e+00,1.7160191e-11
4.7585958e+00,5.1123112e+00,1.7769502e-11
9.5147327e+00,5.1130568e+00,1.8137266e-02
9.7715692e+00,5.1143492e+00,1.3319332e-02
9.5811878e+00,5.1148432e+00,1.7923880e-02
9.7108639e+00,5.1163139e+00,1.4190129e-02
2.3781474e-02,5.1176471e+00,2.3270952e-27
4.2628326e+00,5.1369455e+00,8.1707689e-16
3.6663222e+00,5.1373879e+00,4.2297999e-16
3.3093084e+00,5.1373991e+00,5.0932809e-16
2.9522058e+00,5.1374198e+00,6.3881446e-16
2.5951037e+00,5.1374406e+00,7.1677495e-16
1.9999951e+00,5.1374448e+00,6.6456941e-17
2.1190060e+00,5.1374486e+00,9.6616853e-17
2.2380037e+00,5.1374551e+00,4.3113980e-16
2.4761164e+00,5.1374563e+00,7.5014808e-16
2.8332333e+00,5.1374592e+00,7.0550963e-16
3.1903503e+00,5.1374621e+00,5.3081050e-16
2.3571159e+00,5.1374636e+00,7.1852524e-16
3.5474649e+00,5.1374637e+00,5.0897622e-16
2.7142559e+00,5.1374705e+00,6.8916474e-16
3.4285417e+00,5.1374705e+00,5.3767834e-16
3.0713988e+00,5.1374705e+00,5.5848529e-16
3.7854353e+00,5.1374779e+00,4.0850070e-16
3.9043617e+00,5.1375372e+00,4.0801025e-16
1.8806955e+00,5.1376756e+00,6.1031840e-19
1.6431842e+00,5.1376829e+00,7.1616851e-23
4.0233005e+00,5.1377127e+00,4.8711948e-16
1.7617484e+00,5.1377671e+00,6.4290051e-21
1.5244013e+00,5.1377703e+00,9.6264288e-25
1.4057002e+00,5.1378101e+00,1.9333175e-26
4.1426803e+00,5.1378218e+00,7.1566388e-16
1.2870630e+00,5.1378508e+00,7.8837981e-28
1.1684411e+00,5.1380679e+00,4.4736510e-28
6.9441752e-01,5.1381538e+00,7.0142731e-28
1.0498165e+00,5.1383179e+00,4.8064177e-28
5.7611930e-01,5.1385014e+00,7.2649274e-28
8.1274097e-01,5.1385235e+00,6.3304219e-28
9.3123567e-01,5.1385456e+00,5.6465377e-28
3.3986823e-01,5.1388129e+00,1.2689384e-27
4.5790055e-01,5.1389407e+00,9.2328515e-28
4.3782633e+00,5.1394282e+00,2.2787067e-14
2.2298572e-01,5.1411076e+00,1.7027334e-27
4.4896133e+00,5.1419887e+00,1.3530678e-12
5.5476801e+00,5.1489681e+00,1.7091022e-11
1.1459971e-01,5.1505941e+00,2.1794135e-27
5.6673954e+00,5.1507484e+00,3.6910178e-11
5.7851794e+00,5.1516458e+00,3.9554634e-11
5.9028632e+00,5.1519993e+00,4.3482427e-11
6.0200704e+00,5.1525378e+00,4.4690259e-11
6.6135137e+00,5.1529989e+00,3.8859444e-11
6.1370674e+00,5.1532002e+00,4.1876069e-11
6.2543223e+00,5.1542598e+00,3.8314730e-11
6.8660449e+00,5.1548654e+00,4.5691002e-11
6.3721167e+00,5.1550239e+00,3.4173193e-11
6.4900681e+00,5.1554957e+00,3.6997157e-11
6.9323960e+00,5.1567357e+00,5.0901084e-11
8.2125013e+00,5.1578672e+00,2.0644805e-02
8.1245778e+00,5.1583297e+00,2.2209154e-02
8.2691076e+00,5.1601022e+00,1.8554019e-02
8.4084851e+00,5.1601035e+00,1.6732045e-02
4.5460486e+00,5.1602997e+00,3.2034212e-12
8.0677783e+00,5.1607707e+00,2.5081782e-02
8.4765926e+00,5.1609751e+00,1.6181639e-02
8.6123440e+00,5.1629544e+00,1.8401283e-02
4.6640782e+00,5.1629660e+00,2.3512805e-12
8.6799100e+00,5.1637147e+00,1.9159906e-02
8.8144090e+00,5.1645709e+00,1.9869237e-02
8.8814929e+00,5.1648200e+00,1.8650005e-02
9.0152862e+00,5.1652305e+00,1.8113809e-02
9.0819611e+00,5.1653936e+00,1.8776968e-02
9.2152011e+00,5.1660702e+00,1.8099077e-02
4.7259084e+00,5.1660960e+00,2.3964098e-12
4.9198334e+00,5.1663188e+00,5.4991713e-13
9.2816844e+00,5.1665348e+00,1.8581824e-02
6.7359472e+00,5.1666427e+00,4.0395652e-11
4.8541113e+00,5.1667589e+00,6.1159659e-13
9.9715185e+00,5.1668158e+00,1.3491120e-02
9.8575466e+00,5.1678043e+00,1.5991030e-02
5.4395268e+00,5.1680362e+00,8.2206687e-12
9.4147324e+00,5.1680749e+00,2.0043823e-02
5.3157095e+00,5.1688349e+00,2.2611708e-12
5.2509353e+00,5.1689617e+00,1.4214991e-12
5.1192095e+00,5.1690318e+00,4.2828726e-13
5.0531690e+00,5.1690815e+00,2.8018071e-13
9.8003681e+00,5.1691896e+00,1.7234201e-02
9.4816022e+00,5.1697379e+00,1.8931648e-02
4.2027460e+00,5.1717068e+00,3.3276462e-16
3.2497309e+00,5.1717589e+00,4.7376506e-16
3.3688747e+00,5.1717673e+00,5.2445103e-16
2.8926459e+00,5.1717745e+00,6.3576616e-16
3.6067808e+00,5.1717763e+00,4.9263763e-16
3.7257020e+00,5.1717852e+00,3.5346539e-16
3.0117638e+00,5.1717858e+00,5.8614850e-16
2.5355615e+00,5.1717901e+00,6.9626750e-16
1.9404962e+00,5.1717965e+00,4.4971284e-18
2.0594958e+00,5.1717990e+00,4.9591505e-17
2.6546533e+00,5.1718043e+00,6.7867343e-16
2.1784782e+00,5.1718061e+00,1.9021210e-16
2.2975444e+00,5.1718171e+00,6.8886827e-16
2.4166185e+00,5.1718202e+00,7.9058560e-16
2.7737436e+00,5.1718252e+00,6.4889511e-16
3.1308689e+00,5.1718303e+00,5.5934587e-16
3.4879942e+00,5.1718354e+00,4.7115210e-16
3.8447260e+00,5.1719134e+00,2.8525144e-16
1.7026242e+00,5.1719238e+00,1.1249013e-21
3.9635170e+00,5.1719544e+00,2.7663420e-16
1.5837986e+00,5.1720084e+00,1.4741442e-23
1.8212245e+00,5.1720388e+00,9.1871971e-20
1.4650551e+00,5.1720565e+00,2.5894035e-25
1.3463781e+00,5.1721007e+00,6.5197654e-27
1.2277437e+00,5.1722037e+00,5.6341478e-28
4.0827072e+00,5.1722358e+00,2.7639324e-16
5.9212052e-02,5.1722470e+00,2.2624852e-27
1.1091141e+00,5.1724757e+00,4.7847356e-28
6.3527073e-01,5.1724759e+00,6.8157036e-28
4.3211459e+00,5.1724981e+00,1.4522264e-15
7.5353299e-01,5.1726397e+00,6.4583716e-28
9.9049995e-01,5.1726556e+00,5.2133764e-28
9.6790251e+00,5.1726779e+00,1.7466502e-02
8.7195021e-01,5.1728499e+00,5.8134424e-28
9.6142097e+00,5.1728871e+00,1.9739670e-02
2.8088256e-01,5.1730857e+00,1.4833264e-27
5.1699025e-01,5.1730984e+00,8.0775842e-28
3.9887845e-01,5.1731243e+00,1.0935936e-27
4.4392789e+00,5.1755298e+00,6.5746897e-14
1.6478672e-01,5.1804937e+00,2.0973444e-27
5.6090183e+00,5.1839790e+00,3.7984081e-11
5.4969171e+00,5.1843027e+00,1.5565775e-11
5.7264229e+00,5.1849363e+00,3.8225184e-11
5.8439412e+00,5.1854089e+00,4.2991670e-11
5.9614044e+00,5.1858173e+00,4.1554064e-11
6.0783583e+00,5.1865821e+00,4.4846873e-11
6.1954142e+00,5.1876366e+00,3.8506268e-11
6.3129408e+00,5.1887618e+00,3.6025332e-11
6.4309640e+00,5.1894475e+00,3.5211682e-11
6.5491208e+00,5.1898709e+00,3.8598742e-11
6.6717849e+00,5.1899602e+00,3.9806038e-11
8.1678742e+00,5.1987926e+00,2.1609853e-02
6.8407523e+00,5.2062789e+00,4.4008645e-11
4.5715039e+00,5.2064416e+00,1.3551235e-13
4.6340145e+00,5.2085871e+00,1.7873139e-13
6.7815734e+00,5.2134952e+00,4.0335760e-11
6.9671152e+00,5.2168713e+00,4.2919063e-11
8.3739954e+00,5.2189173e+00,1.7274737e-02
8.3029560e+00,5.2195173e+00,1.8269511e-02
8.5102503e+00,5.2205254e+00,1.5936040e-02
8.0346994e+00,5.2207416e+00,2.1169957e-02
8.5780851e+00,5.2212908e+00,1.8512622e-02
5.4033276e+00,5.2215688e+00,8.0635458e-12
9.9430578e+00,5.2220154e+00,1.6245601e-02
8.7131713e+00,5.2223035e+00,2.0887519e-02
8.7804824e+00,5.2225189e+00,2.0952717e-02
8.9146822e+00,5.2227945e+00,1.7804541e-02
5.3461643e+00,5.2229887e+00,5.0473171e-12
8.9816477e+00,5.2230669e+00,1.7419729e-02
4.9543276e+00,5.2231830e+00,1.5416659e-13
9.8859519e+00,5.2231917e+00,1.5553605e-02
9.1151573e+00,5.2234428e+00,1.8482351e-02
9.1818102e+00,5.2236757e+00,1.7184391e-02
9.3148803e+00,5.2245021e+00,1.9264745e-02
9.3814717e+00,5.2252016e+00,1.9270126e-02
5.0215965e+00,5.2255674e+00,2.3065433e-13
5.1526722e+00,5.2270752e+00,9.3267575e-13
5.2183070e+00,5.2271412e+00,1.4192292e-12
4.7560755e+00,5.2271443e+00,6.7935519e-14
9.7703859e+00,5.2272710e+00,1.7664143e-02
4.8201925e+00,5.2278258e+00,8.2672128e-14
9.5149599e+00,5.2279237e+00,1.9794832e-02
9.7097481e+00,5.2287946e+00,1.9178964e-02
9.5811123e+00,5.2292865e+00,1.9247649e-02
3.5430578e-02,5.2310705e+00,2.3698364e-27
1.9405021e+00,5.2404817e+00,4.0057498e-18
2.0594732e+00,5.2404938e+00,4.4396671e-17
1.8215511e+00,5.2404939e+00,9.3395358e-20
2.1784291e+00,5.2405046e+00,1.2816415e-16
2.2974525e+00,5.2405252e+00,4.4593617e-16
2.5353772e+00,5.2405293e+00,6.7182329e-16
1.7026469e+00,5.2405318e+00,1.2474061e-21
2.6544079e+00,5.2405408e+00,6.6036993e-16
3.0113717e+00,5.2405568e+00,6.8156478e-16
2.4164550e+00,5.2405574e+00,8.3911622e-16
1.5838250e+00,5.2405666e+00,1.9228095e-23
3.3683362e+00,5.2405718e+00,4.4501107e-16
2.8922996e+00,5.2405743e+00,5.8596633e-16
1.4650722e+00,5.2405898e+00,4.0232632e-25
3.2492397e+00,5.2406071e+00,3.9177777e-16
2.7734255e+00,5.2406123e+00,4.6220160e-16
1.3463835e+00,5.2406194e+00,1.1448844e-26
3.7250159e+00,5.2406418e+00,3.1315893e-16
3.1303973e+00,5.2406672e+00,5.2412704e-16
3.6061424e+00,5.2406721e+00,4.8895948e-16
3.4873691e+00,5.2407215e+00,3.3758535e-16
1.2277244e+00,5.2407541e+00,7.6270698e-28
4.2019621e+00,5.2408249e+00,1.8943014e-16
3.8438705e+00,5.2408644e+00,2.0947561e-16
2.8140806e-01,5.2408688e+00,1.5246715e-27
3.9627407e+00,5.2408883e+00,2.1443658e-16
1.1090880e+00,5.2409575e+00,4.7855053e-28
4.0821257e+00,5.2409988e+00,2.0365948e-16
9.9046816e-01,5.2411258e+00,5.0142429e-28
6.3525243e-01,5.2411488e+00,7.0289515e-28
7.5353530e-01,5.2411566e+00,6.2150868e-28
8.7191787e-01,5.2412205e+00,5.6297996e-28
5.1702298e-01,5.2413521e+00,8.4611477e-28
3.9887459e-01,5.2415181e+00,1.1101559e-27
4.3197012e+00,5.2420482e+00,1.8821374e-16
1.7046172e-01,5.2425550e+00,2.1444247e-27
4.4392926e+00,5.2444893e+00,2.3260631e-15
8.1622423e+00,5.2489646e+00,2.1648332e-02
5.6093500e+00,5.2513944e+00,4.2357802e-11
5.7262462e+00,5.2521980e+00,4.0276252e-11
5.8436842e+00,5.2525957e+00,4.3454690e-11
5.9609560e+00,5.2532236e+00,4.1042951e-11
5.4951576e+00,5.2535815e+00,2.1342951e-11
6.0779094e+00,5.2541619e+00,4.3379755e-11
6.1950394e+00,5.2556239e+00,3.7151039e-11
6.3124837e+00,5.2569285e+00,3.6814784e-11
6.4305788e+00,5.2577292e+00,3.6639898e-11
6.5490054e+00,5.2583367e+00,3.9307598e-11
4.5536849e+00,5.2598446e+00,4.6685611e-15
4.6535414e+00,5.2610763e+00,7.7958623e-15
6.6665659e+00,5.2613835e+00,4.0693337e-11
6.8719244e+00,5.2676182e+00,4.4803321e-11
2.2918622e-01,5.2709520e+00,1.8565579e-27
5.4364498e+00,5.2724134e+00,1.7337714e-11
6.7743445e+00,5.2731973e+00,4.2295784e-11
4.9233064e+00,5.2738455e+00,1.4329344e-13
1.8810280e+00,5.2748160e+00,2.0201663e-19
1.9999785e+00,5.2748249e+00,5.0752810e-18
1.7620977e+00,5.2748302e+00,5.0005338e-21
2.1189343e+00,5.2748418e+00,4.2408003e-17
1.6432333e+00,5.2748491e+00,1.3686213e-22
2.2378627e+00,5.2748616e+00,1.5775072e-16
1.5244448e+00,5.2748617e+00,3.6640820e-24
1.4057226e+00,5.2748619e+00,9.7983842e-26
2.3568604e+00,5.2749089e+00,6.1220655e-16
2.5946739e+00,5.2749162e+00,5.9643350e-16
1.2870491e+00,5.2749198e+00,3.8154724e-27
2.4757685e+00,5.2749328e+00,7.5908079e-16
3.4038987e-01,5.2749898e+00,1.2898510e-27
2.9514674e+00,5.2749906e+00,6.1174019e-16
2.7136923e+00,5.2749941e+00,3.7457130e-16
2.8325688e+00,5.2750462e+00,5.0471853e-16
3.3082787e+00,5.2750518e+00,5.1861205e-16
3.0705351e+00,5.2750784e+00,7.2139713e-16
1.1683957e+00,5.2751001e+00,5.7323835e-28
3.6649977e+00,5.2751403e+00,3.4657990e-16
3.1893874e+00,5.2751472e+00,3.6523439e-16
3.4273782e+00,5.2751611e+00,3.4788511e-16
3.5462014e+00,5.2752455e+00,3.2858937e-16
1.0497587e+00,5.2752699e+00,4.8252971e-28
3.7838938e+00,5.2752856e+00,2.0736804e-16
6.9440153e-01,5.2753435e+00,6.2932912e-28
9.3117154e-01,5.2753864e+00,5.1048463e-28
4.0219427e+00,5.2754097e+00,2.0397038e-16
8.1271094e-01,5.2754109e+00,5.7969566e-28
3.9027299e+00,5.2754221e+00,2.0582790e-16
5.7613373e-01,5.2754279e+00,7.6829403e-28
4.5792942e-01,5.2755882e+00,9.8995964e-28
4.2606040e+00,5.2756136e+00,1.5118815e-16
4.1413149e+00,5.2757030e+00,1.8071260e-16
6.9319362e+00,5.2763403e+00,4.4374862e-11
4.7137722e+00,5.2765033e+00,1.0144271e-14
9.9715393e+00,5.2774219e+00,1.5101423e-02
4.3768322e+00,5.2779378e+00,2.0864191e-16
4.8548934e+00,5.2780483e+00,7.3231723e-14
8.4077785e+00,5.2783002e+00,1.7616783e-02
5.3151734e+00,5.2783780e+00,4.9026428e-12
8.4759258e+00,5.2790367e+00,1.6251439e-02
8.2692047e+00,5.2799932e+00,1.8097212e-02
8.6116455e+00,5.2802752e+00,2.0326965e-02
8.6791656e+00,5.2805276e+00,2.2701006e-02
8.8136643e+00,5.2805336e+00,1.9312120e-02
8.8807802e+00,5.2805600e+00,1.7219219e-02
8.0591025e+00,5.2808405e+00,2.0591849e-02
9.0148836e+00,5.2809976e+00,1.7570517e-02
9.8557705e+00,5.2810985e+00,1.6833854e-02
9.0817183e+00,5.2812103e+00,1.9817706e-02
4.4969761e+00,5.2816374e+00,1.1570131e-15
9.2151162e+00,5.2816596e+00,1.8176541e-02
9.2817030e+00,5.2820214e+00,1.7888392e-02
5.2520902e+00,5.2824038e+00,3.2652745e-12
5.0543559e+00,5.2828770e+00,5.3179359e-13
9.4151603e+00,5.2834043e+00,1.9533498e-02
9.7973830e+00,5.2837925e+00,1.7234529e-02
5.1193912e+00,5.2844346e+00,9.5155716e-13
9.4817786e+00,5.2844633e+00,1.9066916e-02
5.6675503e+00,5.2854256e+00,3.9669248e-11
5.5462523e+00,5.2856624e+00,4.1715927e-11
5.7847457e+00,5.2860943e+00,4.1802232e-11
9.6777732e+00,5.2863522e+00,1.8761690e-02
5.9021579e+00,5.2865924e+00,4.2595564e-11
9.6139528e+00,5.2866349e+00,1.9752593e-02
6.0191732e+00,5.2875240e+00,3.9198848e-11
8.2071973e+00,5.2884930e+00,2.0746634e-02
8.1102700e+00,5.2885715e+00,2.1024107e-02
6.1362437e+00,5.2887673e+00,4.2334957e-11
6.9244356e-02,5.2901050e+00,2.4099884e-27
6.2534905e+00,5.2904138e+00,3.6466164e-11
1.3030701e-01,5.2912978e+00,2.3039990e-27
6.3712745e+00,5.2914723e+00,3.8364250e-11
6.4895675e+00,5.2922432e+00,3.8372167e-11
6.6081792e+00,5.2928880e+00,4.1322544e-11
4.6060421e+00,5.2957692e+00,2.4205485e-15
6.7234992e+00,5.2977680e+00,4.2332970e-11
6.8312292e+00,5.3085788e+00,4.5399517e-11
5.4082264e+00,5.3187566e+00,1.8272469e-11
5.3441133e+00,5.3233013e+00,1.1224631e-11
9.9415325e+00,5.3312536e+00,1.5281034e-02
9.8828696e+00,5.3337539e+00,1.6125399e-02
4.9521935e+00,5.3354772e+00,3.4415679e-13
8.3733418e+00,5.3370866e+00,1.7475941e-02
8.5096070e+00,5.3381689e+00,1.6730415e-02
8.3058074e+00,5.3381795e+00,1.7905059e-02
8.9140587e+00,5.3384271e+00,1.6468615e-02
8.9811966e+00,5.3385921e+00,1.6360651e-02
8.5774918e+00,5.3386420e+00,1.9356757e-02
8.7798206e+00,5.3386790e+00,2.1770503e-02
8.7126331e+00,5.3388884e+00,2.2728402e-02
9.1148698e+00,5.3390364e+00,1.9749503e-02
9.1816148e+00,5.3392528e+00,1.9012276e-02
2.2543897e-01,5.3392836e+00,1.8416842e-27
6.9648210e+00,5.3394691e+00,5.2512416e-11
9.3149941e+00,5.3399289e+00,1.7824431e-02
8.0244031e+00,5.3400989e+00,2.2185445e-02
9.3818599e+00,5.3406122e+00,1.9405647e-02
5.0159741e+00,5.3421243e+00,5.3007818e-13
4.7242486e+00,5.3422268e+00,9.6279544e-15
9.7683200e+00,5.3422448e+00,1.7998742e-02
9.5150703e+00,5.3423623e+00,1.9100624e-02
4.8398210e+00,5.3430813e+00,7.0939927e-14
9.5810921e+00,5.3431710e+00,1.9956031e-02
9.7093480e+00,5.3432809e+00,1.8952314e-02
3.4054866e-01,5.3432903e+00,1.2944794e-27
1.4057228e+00,5.3434042e+00,1.2274834e-25
1.5244513e+00,5.3434191e+00,4.0029496e-24
5.2202758e+00,5.3434341e+00,3.1842961e-12
1.2870413e+00,5.3434394e+00,5.4188697e-27
1.6432465e+00,5.3434513e+00,1.3739686e-22
1.8810742e+00,5.3434663e+00,1.7530896e-19
1.7621302e+00,5.3434671e+00,4.7640145e-21
1.9999691e+00,5.3434996e+00,4.0770405e-18
2.1188919e+00,5.3435130e+00,3.1085285e-17
2.2377979e+00,5.3435438e+00,9.8478235e-17
1.1683884e+00,5.3435528e+00,7.1016259e-28
2.3566766e+00,5.3435993e+00,2.4269289e-16
2.4755599e+00,5.3436349e+00,4.1096134e-16
2.5944523e+00,5.3436540e+00,4.7080143e-16
1.0497596e+00,5.3436783e+00,5.2036943e-28
2.7133188e+00,5.3437268e+00,3.4443252e-16
9.3119683e-01,5.3437344e+00,5.4187503e-28
8.1275926e-01,5.3437478e+00,5.9170183e-28
6.9441094e-01,5.3437620e+00,6.3301945e-28
5.7613034e-01,5.3437693e+00,7.5639759e-28
2.8321904e+00,5.3437788e+00,3.9040759e-16
4.5792329e-01,5.3437839e+00,9.6649031e-28
2.9510895e+00,5.3437973e+00,4.3122523e-16
3.0699748e+00,5.3438553e+00,5.0813096e-16
3.1888395e+00,5.3439109e+00,5.0057754e-16
3.3077462e+00,5.3439190e+00,5.0789216e-16
3.4266306e+00,5.3439825e+00,4.0247980e-16
3.6643439e+00,5.3440167e+00,3.1305894e-16
3.5454839e+00,5.3440401e+00,3.1077136e-16
3.7831535e+00,5.3441038e+00,2.3035619e-16
3.9020419e+00,5.3442054e+00,1.8782864e-16
4.0212709e+00,5.3442455e+00,1.7498366e-16
4.1403966e+00,5.3443808e+00,1.5102655e-16
4.2587870e+00,5.3449665e+00,1.2080491e-16
5.1532116e+00,5.3455309e+00,2.4359953e-12
4.3761069e+00,5.3459456e+00,9.8848874e-17
8.1257774e+00,5.3469420e+00,2.1120312e-02
8.1810288e+00,5.3471129e+00,2.0850688e-02
4.4924237e+00,5.3494167e+00,1.3155071e-16
4.6069728e+00,5.3519975e+00,8.0813245e-16
5.6671568e+00,5.3526821e+00,3.9339512e-11
5.5457309e+00,5.3527655e+00,4.2010186e-11
3.3813778e-02,5.3531521e+00,2.4889354e-27
5.7843556e+00,5.3534843e+00,4.2213539e-11
5.9016038e+00,5.3542213e+00,4.1764555e-11
1.6509767e-01,5.3545369e+00,2.3321225e-27
6.0186477e+00,5.3552196e+00,3.7893040e-11
6.1356784e+00,5.3565270e+00,4.2454398e-11
6.2531055e+00,5.3584761e+00,4.3795002e-11
6.3708061e+00,5.3598159e+00,4.1316758e-11
6.4891771e+00,5.3606275e+00,4.0192550e-11
6.6077990e+00,5.3613732e+00,4.3176904e-11
6.7240803e+00,5.3618154e+00,4.1795374e-11
5.4269538e+00,5.3676740e+00,2.8369328e-11
6.8366839e+00,5.3705735e+00,4.4176074e-11
4.7834466e+00,5.3741623e+00,6.6062232e-14
5.3224716e+00,5.3761144e+00,1.1008422e-11
2.7781961e-01,5.3775008e+00,1.6956226e-27
1.3463758e+00,5.3776812e+00,2.9876268e-26
1.4650788e+00,5.3776894e+00,5.8556232e-25
1.5838447e+00,5.3777262e+00,1.0989938e-23
1.2277093e+00,5.3777265e+00,2.1896893e-27
1.7026926e+00,5.3777709e+00,3.2701205e-22
1.8216298e+00,5.3777811e+00,1.0620083e-20
1.9405390e+00,5.3778068e+00,2.8967657e-19
1.1090817e+00,5.3778186e+00,6.1534493e-28
2.0594214e+00,5.3778397e+00,4.7590200e-18
2.1783218e+00,5.3778579e+00,3.0047551e-17
9.9049444e-01,5.3778823e+00,5.5652923e-28
5.1701346e-01,5.3778892e+00,8.4849699e-28
2.2972039e+00,5.3778978e+00,9.4391139e-17
8.7199148e-01,5.3779055e+00,5.9070533e-28
6.3525846e-01,5.3779086e+00,6.7294389e-28
7.5359304e-01,5.3779120e+00,6.1266110e-28
2.4160625e+00,5.3779500e+00,2.5492317e-16
2.5349469e+00,5.3779691e+00,4.7726492e-16
2.6538128e+00,5.3780112e+00,3.9037160e-16
3.9902725e-01,5.3780143e+00,1.0993082e-27
2.7726736e+00,5.3780777e+00,3.4578894e-16
2.8915433e+00,5.3781136e+00,3.7116407e-16
3.0104335e+00,5.3781404e+00,4.0748471e-16
3.1292891e+00,5.3782079e+00,5.4503503e-16
3.2481593e+00,5.3782380e+00,4.7787273e-16
3.3670562e+00,5.3782604e+00,4.3449340e-16
3.7236219e+00,5.3783363e+00,2.6708224e-16
3.4859041e+00,5.3783375e+00,3.0536373e-16
3.6047711e+00,5.3783430e+00,3.2037446e-16
3.8424423e+00,5.3784659e+00,1.8769516e-16
3.9613809e+00,5.3785074e+00,1.7304814e-16
4.0805356e+00,5.3785123e+00,1.4746257e-16
4.1992269e+00,5.3788556e+00,1.2566011e-16
4.3171589e+00,5.3794089e+00,9.6040360e-17
4.9019876e+00,5.3798218e+00,3.4912805e-13
4.4340149e+00,5.3802763e+00,9.4572861e-17
4.6649486e+00,5.3830280e+00,8.1756454e-15
4.5500633e+00,5.3838522e+00,5.6829405e-16
5.6084352e+00,5.3857540e+00,3.9642942e-11
5.4865486e+00,5.3867919e+00,4.0937291e-11
5.7254626e+00,5.3868446e+00,4.0525931e-11
9.9699932e+00,5.3871651e+00,1.6012061e-02
5.8427401e+00,5.3876146e+00,4.4321709e-11
5.9598764e+00,5.3885481e+00,4.0821737e-11
6.0768185e+00,5.3896173e+00,3.7247966e-11
6.1940890e+00,5.3914460e+00,4.3576784e-11
9.8533657e+00,5.3920826e+00,1.7439338e-02
5.2617172e+00,5.3922215e+00,8.1215291e-12
6.3116302e+00,5.3933344e+00,4.3447353e-11
6.6667667e+00,5.3939160e+00,4.1793313e-11
5.0441241e+00,5.3940398e+00,1.4004015e-12
6.4297199e+00,5.3944571e+00,4.0412368e-11
6.5482347e+00,5.3952062e+00,4.4100050e-11
5.1163263e+00,5.3958889e+00,2.3827395e-12
8.2721839e+00,5.3962382e+00,1.9152267e-02
8.4071994e+00,5.3963330e+00,1.7150920e-02
8.8803279e+00,5.3963779e+00,1.8585891e-02
9.0143840e+00,5.3964749e+00,1.8910859e-02
8.8132058e+00,5.3966563e+00,2.0091354e-02
8.2094127e+00,5.3966719e+00,2.0996414e-02
8.4753172e+00,5.3966790e+00,1.6727853e-02
9.0812226e+00,5.3967064e+00,1.8617175e-02
9.2149260e+00,5.3971174e+00,1.8250879e-02
8.6787153e+00,5.3973537e+00,1.9953628e-02
8.6110942e+00,5.3973596e+00,1.8786875e-02
9.2817185e+00,5.3974317e+00,1.8247161e-02
9.7972036e+00,5.3978795e+00,1.7563675e-02
6.9409218e+00,5.3980480e+00,4.8611560e-11
8.0979098e+00,5.3984492e+00,2.0837130e-02
9.4153907e+00,5.3984585e+00,1.9862388e-02
9.4819827e+00,5.3991495e+00,1.8913367e-02
6.7803802e+00,5.3992393e+00,4.2580676e-11
8.0477030e+00,5.3993372e+00,2.1091594e-02
9.6140132e+00,5.4004630e+00,1.9675203e-02
9.6784487e+00,5.4008555e+00,1.9469006e-02
5.3708723e+00,5.4047409e+00,2.9894555e-11
6.8863647e+00,5.4113207e+00,4.7233493e-11
6.7191619e-02,5.4126255e+00,2.5279887e-27
1.3741286e-01,5.4128175e+00,2.3631951e-27
4.9046649e+00,5.4439362e+00,5.3964011e-13
9.9410226e+00,5.4457911e+00,1.6437686e-02
5.1698580e-01,5.4461075e+00,8.0504502e-28
1.5839057e+00,5.4461862e+00,1.0717005e-23
1.7028920e+00,5.4461933e+00,2.9738425e-22
6.3525798e-01,5.4462086e+00,6.9570369e-28
3.9899897e-01,5.4462114e+00,1.0698414e-27
1.3463716e+00,5.4462243e+00,3.2350417e-26
1.2277070e+00,5.4462271e+00,2.7720019e-27
1.4650722e+00,5.4462329e+00,5.8420181e-25
1.1090849e+00,5.4462375e+00,7.0397864e-28
9.9053322e-01,5.4462529e+00,5.6463280e-28
8.7203489e-01,5.4462614e+00,6.1236892e-28
7.5359726e-01,5.4462622e+00,6.4370916e-28
1.8218008e+00,5.4463378e+00,8.7126787e-21
1.9406460e+00,5.4464025e+00,2.1318518e-19
2.0594158e+00,5.4464901e+00,3.2096447e-18
2.1782913e+00,5.4465066e+00,1.8347015e-17
2.2971531e+00,5.4465393e+00,5.1824629e-17
2.4160071e+00,5.4465844e+00,1.1374171e-16
2.5348564e+00,5.4466344e+00,2.0055375e-16
2.6537174e+00,5.4466692e+00,2.0807403e-16
8.1808537e+00,5.4467072e+00,2.0787209e-02
2.7725839e+00,5.4467125e+00,2.4720199e-16
2.8914379e+00,5.4467922e+00,2.3351100e-16
3.0103016e+00,5.4468141e+00,2.3354545e-16
3.1291680e+00,5.4468372e+00,2.5820931e-16
3.2480237e+00,5.4469215e+00,2.5021713e-16
3.6046137e+00,5.4469331e+00,2.1573447e-16
3.4857497e+00,5.4469558e+00,2.1823549e-16
3.3668831e+00,5.4469608e+00,2.5148559e-16
3.7234458e+00,5.4469661e+00,1.8844098e-16
2.7834493e-01,5.4469834e+00,1.7227734e-27
3.8423602e+00,5.4470769e+00,1.5838664e-16
4.0800908e+00,5.4471232e+00,1.0996686e-16
4.1986853e+00,5.4471764e+00,9.0936741e-17
3.9612668e+00,5.4471877e+00,1.3396250e-16
4.3166322e+00,5.4474409e+00,7.0049764e-17
4.4336555e+00,5.4476066e+00,8.4582342e-17
4.7825401e+00,5.4477268e+00,1.2400005e-13
9.8830579e+00,5.4482083e+00,1.6429536e-02
4.5499028e+00,5.4483850e+00,9.3166233e-16
4.6662266e+00,5.4484376e+00,1.4868985e-14
8.1246022e+00,5.4486554e+00,2.0733669e-02
6.6662869e+00,5.4499151e+00,4.2077871e-11
5.4898098e+00,5.4526152e+00,4.2766566e-11
5.2494938e+00,5.4526927e+00,7.5349294e-12
5.0210082e+00,5.4529210e+00,1.4409238e-12
5.6078676e+00,5.4531087e+00,4.2379921e-11
8.3055298e+00,5.4538304e+00,1.9109364e-02
8.9804947e+00,5.4541941e+00,1.9030754e-02
8.9135765e+00,5.4542622e+00,1.8769343e-02
5.7249558e+00,5.4543585e+00,4.1756285e-11
9.7696995e+00,5.4545486e+00,1.8094715e-02
9.1143766e+00,5.4546382e+00,1.7806728e-02
9.1813350e+00,5.4548328e+00,1.7491986e-02
5.1322465e+00,5.4549191e+00,3.8464736e-12
8.3730110e+00,5.4550181e+00,1.7936827e-02
9.3149545e+00,5.4552614e+00,1.8467258e-02
8.7796023e+00,5.4552677e+00,1.8985009e-02
5.8421986e+00,5.4552765e+00,4.5586835e-11
9.3817609e+00,5.4556048e+00,1.9533303e-02
8.7122994e+00,5.4557557e+00,1.9143293e-02
8.5090848e+00,5.4557619e+00,1.6534066e-02
8.5769770e+00,5.4559695e+00,1.7183907e-02
5.9594380e+00,5.4562579e+00,4.2480710e-11
9.7099167e+00,5.4564885e+00,1.8937602e-02
9.5150556e+00,5.4564960e+00,1.8785213e-02
9.5810642e+00,5.4570006e+00,1.9113981e-02
5.3701589e+00,5.4573125e+00,2.9094268e-11
6.0763746e+00,5.4575791e+00,3.8652584e-11
6.9761008e+00,5.4585790e+00,4.5546957e-11
8.0232998e+00,5.4592382e+00,2.1996470e-02
6.1935894e+00,5.4595263e+00,4.1283037e-11
6.3111806e+00,5.4617307e+00,4.1684200e-11
6.4292705e+00,5.4628518e+00,4.1112957e-11
6.7759398e+00,5.4629191e+00,4.2273321e-11
6.5540988e+00,5.4644232e+00,4.3675025e-11
1.6472662e-01,5.4701332e+00,2.3607474e-27
3.3377841e-02,5.4712381e+00,2.5831228e-27
4.9631358e+00,5.4783923e+00,1.4722009e-12
4.5786736e-01,5.4801994e+00,9.4652264e-28
5.7610220e-01,5.4802876e+00,7.3670252e-28
1.6435070e+00,5.4803337e+00,2.5022458e-23
6.9441468e-01,5.4804122e+00,6.8019292e-28
1.5245057e+00,5.4804226e+00,1.2131081e-24
1.7625006e+00,5.4804462e+00,6.3235994e-22
8.1280689e-01,5.4804539e+00,6.3858248e-28
9.3127901e-01,5.4804610e+00,5.8277122e-28
1.0498016e+00,5.4804677e+00,6.4411625e-28
1.1683894e+00,5.4804723e+00,1.4855141e-27
1.2870349e+00,5.4804830e+00,1.0046186e-26
1.4057119e+00,5.4804908e+00,8.8763338e-26
1.8813523e+00,5.4806187e+00,1.5330784e-20
2.0000706e+00,5.4807458e+00,2.9645817e-19
4.8415918e+00,5.4807602e+00,5.2333860e-13
2.1188557e+00,5.4808122e+00,3.6033116e-18
2.2377165e+00,5.4808340e+00,1.8089137e-17
2.3565705e+00,5.4808752e+00,4.9653216e-17
2.4754140e+00,5.4809346e+00,1.1117381e-16
3.4104571e-01,5.4809700e+00,1.4794671e-27
2.5942663e+00,5.4809772e+00,1.8985480e-16
2.7131336e+00,5.4810195e+00,2.2860516e-16
2.8319952e+00,5.4810922e+00,2.2579043e-16
2.9508521e+00,5.4811496e+00,2.3076564e-16
3.0697217e+00,5.4811583e+00,2.3495376e-16
4.7246200e+00,5.4812009e+00,1.1734527e-13
3.1885828e+00,5.4812238e+00,2.3780382e-16
3.6640104e+00,5.4812365e+00,1.8692166e-16
3.5451721e+00,5.4812484e+00,1.9788770e-16
4.4919037e+00,5.4812798e+00,6.6042075e-16
5.1903181e+00,5.4812975e+00,6.8618928e-12
3.4263031e+00,5.4813012e+00,2.3675775e-16
3.3074375e+00,5.4813029e+00,2.4502339e-16
4.3752208e+00,5.4813079e+00,7.0207880e-17
4.1394102e+00,5.4813125e+00,9.0642911e-17
4.2577188e+00,5.4813194e+00,7.1338786e-17
3.7828954e+00,5.4813446e+00,1.6827055e-16
6.7191600e+00,5.4814944e+00,4.1857957e-11
3.9018458e+00,5.4814968e+00,1.3138806e-16
4.0207120e+00,5.4815366e+00,1.1032016e-16
4.6080903e+00,5.4819399e+00,1.2481988e-14
2.2602918e-01,5.4847079e+00,2.1317915e-27
6.8860067e+00,5.4851838e+00,4.8567445e-11
5.5484245e+00,5.4859434e+00,4.3349711e-11
5.4295015e+00,5.4860688e+00,3.5667800e-11
6.6131833e+00,5.4865894e+00,4.2047786e-11
5.6660825e+00,5.4875507e+00,4.1975769e-11
5.7833072e+00,5.4886602e+00,4.1128302e-11
5.3095346e+00,5.4891571e+00,2.5542554e-11
5.9006239e+00,5.4895929e+00,4.4184496e-11
6.0177654e+00,5.4908912e+00,4.1736573e-11
5.0745556e+00,5.4909276e+00,3.6945866e-12
6.1347349e+00,5.4925692e+00,4.0035798e-11
6.2521562e+00,5.4949528e+00,4.0920690e-11
6.3699070e+00,5.4966069e+00,4.0491539e-11
6.4945918e+00,5.4982392e+00,4.3262922e-11
9.9710294e+00,5.5030705e+00,1.4709072e-02
8.2055751e+00,5.5040438e+00,2.0387106e-02
8.1088182e+00,5.5074856e+00,2.1943393e-02
9.8551670e+00,5.5076512e+00,1.5207772e-02
6.8318854e+00,5.5081165e+00,4.7961328e-11
9.7979706e+00,5.5081946e+00,1.6604354e-02
8.2674800e+00,5.5116007e+00,1.9195418e-02
6.9405638e+00,5.5119112e+00,5.1511939e-11
8.8798769e+00,5.5122300e+00,1.8858248e-02
9.0136519e+00,5.5122737e+00,1.7958391e-02
9.0806952e+00,5.5124862e+00,1.7853891e-02
9.2145960e+00,5.5127505e+00,1.7656606e-02
9.2814230e+00,5.5128648e+00,1.7874315e-02
8.8130248e+00,5.5129571e+00,1.8974742e-02
9.6785408e+00,5.5131209e+00,1.8851496e-02
9.4149647e+00,5.5131793e+00,1.9907145e-02
9.4816674e+00,5.5133794e+00,1.8777190e-02
9.6141239e+00,5.5140255e+00,1.9208617e-02
8.4069222e+00,5.5141184e+00,1.7727953e-02
8.4748782e+00,5.5145162e+00,1.6719561e-02
8.6785512e+00,5.5149471e+00,1.7792787e-02
8.6108499e+00,5.5151549e+00,1.7119196e-02
8.0577227e+00,5.5171804e+00,2.5154564e-02
1.2972750e-01,5.5333738e+00,2.5302386e-27
6.8599958e-02,5.5346707e+00,2.6325011e-27
6.7050172e+00,5.5364763e+00,4.2146234e-11
6.6384516e+00,5.5397738e+00,4.2159762e-11
8.1604467e+00,5.5446959e+00,2.1266877e-02
1.2872068e+00,5.5474517e+00,1.0884617e-26
1.0495133e+00,5.5476676e+00,7.4856665e-28
4.8419484e+00,5.5477218e+00,8.9786349e-13
4.7247568e+00,5.5482193e+00,2.1569779e-13
1.6438623e+00,5.5482726e+00,2.1998834e-23
4.6083846e+00,5.5483924e+00,2.4423125e-14
4.5784085e-01,5.5484399e+00,9.9592270e-28
9.3094402e-01,5.5484901e+00,6.1911030e-28
5.7608111e-01,5.5484986e+00,7.3531517e-28
4.4919716e+00,5.5485561e+00,1.3252417e-15
4.9584036e+00,5.5486089e+00,2.3160330e-12
4.3753096e+00,5.5487077e+00,6.9344572e-17
6.9440859e-01,5.5487759e+00,6.9026284e-28
1.7629895e+00,5.5487981e+00,4.8865801e-22
8.1280443e-01,5.5488399e+00,6.4896383e-28
1.1683833e+00,5.5489518e+00,1.7433638e-27
1.5244862e+00,5.5489537e+00,1.1574115e-24
1.4057045e+00,5.5490244e+00,8.9345630e-26
1.8817473e+00,5.5490597e+00,1.0641421e-20
5.1913153e+00,5.5490613e+00,1.1841105e-11
3.4081165e-01,5.5490642e+00,1.5133974e-27
2.2380573e+00,5.5492425e+00,9.2420337e-18
5.3089306e+00,5.5492961e+00,3.5203551e-11
2.5943663e+00,5.5492993e+00,7.7317681e-17
4.2576890e+00,5.5493583e+00,4.2587292e-17
2.0000902e+00,5.5493702e+00,1.8745890e-19
2.4753994e+00,5.5493850e+00,4.9079595e-17
2.1188466e+00,5.5494321e+00,2.0169289e-18
2.3565362e+00,5.5495040e+00,2.4321639e-17
3.6641336e+00,5.5495426e+00,9.5930456e-17
2.8319559e+00,5.5496081e+00,1.0762127e-16
2.7130703e+00,5.5496978e+00,1.0614714e-16
3.3072822e+00,5.5497947e+00,1.1502630e-16
5.0743952e+00,5.5498128e+00,5.6146571e-12
4.1394454e+00,5.5498258e+00,5.2900183e-17
3.5450225e+00,5.5498346e+00,1.0519577e-16
3.0696690e+00,5.5498545e+00,1.1372394e-16
2.9507825e+00,5.5498753e+00,1.1255605e-16
3.9019814e+00,5.5498917e+00,7.4975818e-17
3.1884600e+00,5.5499064e+00,1.1213029e-16
3.4262631e+00,5.5499692e+00,1.1030593e-16
5.4276219e+00,5.5499874e+00,4.0286980e-11
3.7828015e+00,5.5500140e+00,8.7671243e-17
4.0209561e+00,5.5500925e+00,6.3554731e-17
2.2961525e-01,5.5527828e+00,2.2014092e-27
5.5474614e+00,5.5530941e+00,4.3483560e-11
5.6655136e+00,5.5552019e+00,4.0550592e-11
5.7827818e+00,5.5563844e+00,4.1937243e-11
5.9001099e+00,5.5574121e+00,4.3263242e-11
6.0173411e+00,5.5587823e+00,4.3517988e-11
9.9397411e+00,5.5588913e+00,1.3468650e-02
6.1343783e+00,5.5608628e+00,4.1992043e-11
9.8818434e+00,5.5610548e+00,1.3646487e-02
6.2516448e+00,5.5634048e+00,4.2520920e-11
9.7696584e+00,5.5649468e+00,1.6815569e-02
6.3694392e+00,5.5649856e+00,4.2070060e-11
6.4925542e+00,5.5653752e+00,4.3076271e-11
9.7100113e+00,5.5679331e+00,1.8042429e-02
9.1129021e+00,5.5691857e+00,1.7457314e-02
9.1798445e+00,5.5692555e+00,1.7948236e-02
9.3817129e+00,5.5695251e+00,1.9656530e-02
9.3149776e+00,5.5695541e+00,1.9561754e-02
9.5159996e+00,5.5698211e+00,1.8594863e-02
9.5824475e+00,5.5699625e+00,1.9059868e-02
8.9130892e+00,5.5701930e+00,1.8766070e-02
8.9799460e+00,5.5703048e+00,1.8298484e-02
8.7791508e+00,5.5713018e+00,1.8334025e-02
8.3007293e+00,5.5715796e+00,1.9284734e-02
8.7119801e+00,5.5728038e+00,1.7537857e-02
8.3726904e+00,5.5729096e+00,1.9265127e-02
6.9644630e+00,5.5733322e+00,4.2236989e-11
8.5087109e+00,5.5735919e+00,1.6401812e-02
8.5767904e+00,5.5740230e+00,1.6139535e-02
6.8168583e+00,5.5742094e+00,4.5060414e-11
8.0344229e+00,5.5779422e+00,2.4313722e-02
5.2498869e+00,5.5805954e+00,2.4094247e-11
4.9002894e+00,5.5811143e+00,2.2199751e-12
5.3676752e+00,5.5813699e+00,4.2318890e-11
1.7015697e-01,5.5813831e+00,2.5988958e-27
9.8990987e-01,5.5814820e+00,7.5471671e-28
5.1330832e+00,5.5815681e+00,9.7572134e-12
1.2278729e+00,5.5816753e+00,4.6954798e-27
4.7830335e+00,5.5817068e+00,8.6646047e-13
1.3465361e+00,5.5817267e+00,2.5091677e-26
4.6666576e+00,5.5819085e+00,2.0095915e-13
1.1087905e+00,5.5819170e+00,1.2385013e-27
5.0161156e+00,5.5820228e+00,5.5240019e-12
4.5502649e+00,5.5821139e+00,2.0570884e-14
4.4338121e+00,5.5822827e+00,8.6362394e-16
1.7037362e+00,5.5824841e+00,4.4284518e-23
3.9873839e-01,5.5825462e+00,1.4136298e-27
5.1693819e-01,5.5825591e+00,8.9658659e-28
1.5842415e+00,5.5826562e+00,2.3746603e-24
8.7169744e-01,5.5826766e+00,6.4420183e-28
6.3523079e-01,5.5827834e+00,7.2616260e-28
4.3166912e+00,5.5828796e+00,4.9808437e-17
7.5358871e-01,5.5830119e+00,6.8566429e-28
1.8226847e+00,5.5831307e+00,8.8574964e-22
2.8169694e-01,5.5831526e+00,2.0979405e-27
1.4650451e+00,5.5832977e+00,1.7295709e-25
2.5349418e+00,5.5834070e+00,4.7573928e-17
1.9410606e+00,5.5834680e+00,1.6664832e-20
2.1786229e+00,5.5835349e+00,2.1993453e-18
2.2974596e+00,5.5835766e+00,9.4917703e-18
2.4159583e+00,5.5836637e+00,2.4213202e-17
2.6537540e+00,5.5836696e+00,7.6607583e-17
5.4869670e+00,5.5836844e+00,3.9811434e-11
4.1986907e+00,5.5837287e+00,4.2239156e-17
2.0594264e+00,5.5837345e+00,2.3891287e-19
3.6045874e+00,5.5838254e+00,9.5957425e-17
2.7724812e+00,5.5839066e+00,1.0264238e-16
3.7234750e+00,5.5839417e+00,8.4656258e-17
6.7467699e+00,5.5839940e+00,4.4563807e-11
2.8913290e+00,5.5840337e+00,1.0574822e-16
3.2477455e+00,5.5840960e+00,1.0994010e-16
3.3666878e+00,5.5841205e+00,1.0722610e-16
3.9616465e+00,5.5841384e+00,6.3583076e-17
3.8424019e+00,5.5841413e+00,7.5973362e-17
4.0803701e+00,5.5841924e+00,5.2226153e-17
3.4855602e+00,5.5842100e+00,1.0404938e-16
3.1289925e+00,5.5842161e+00,1.1213922e-16
3.0101793e+00,5.5842360e+00,1.0972647e-16
5.6063355e+00,5.5879106e+00,4.3271151e-11
5.7238615e+00,5.5897340e+00,3.8846365e-11
5.8411591e+00,5.5908199e+00,4.3544627e-11
5.9584996e+00,5.5919682e+00,4.3360516e-11
3.5222117e-02,5.5928444e+00,2.8432417e-27
6.6125663e+00,5.5929930e+00,4.2080071e-11
8.1664105e+00,5.5936660e+00,2.0922543e-02
6.0755937e+00,5.5937638e+00,4.2682640e-11
6.1927214e+00,5.5962718e+00,4.2271318e-11
6.4267651e+00,5.5983664e+00,4.3439867e-11
6.3102014e+00,5.5985613e+00,4.1892226e-11
6.5457327e+00,5.6066938e+00,4.1966526e-11
9.9687118e+00,5.6113764e+00,1.4461349e-02
9.8534272e+00,5.6143734e+00,1.3700092e-02
9.7984385e+00,5.6177220e+00,1.6354147e-02
9.6795144e+00,5.6245219e+00,1.8888278e-02
9.0790382e+00,5.6255562e+00,1.7613948e-02
9.6163675e+00,5.6256467e+00,1.8782415e-02
8.8802285e+00,5.6268369e+00,1.8680629e-02
9.0131254e+00,5.6268877e+00,1.7750314e-02
8.8131422e+00,5.6272186e+00,1.7930914e-02
9.2118427e+00,5.6296418e+00,1.9977987e-02
9.2801488e+00,5.6298261e+00,1.9721224e-02
9.4182561e+00,5.6298806e+00,1.8911294e-02
9.4858401e+00,5.6299764e+00,1.8571905e-02
8.2661912e+00,5.6306635e+00,1.9781324e-02
8.4068343e+00,5.6315162e+00,1.9371352e-02
8.4748988e+00,5.6318007e+00,1.9017669e-02
8.2104499e+00,5.6326699e+00,2.0869601e-02
6.8602512e+00,5.6326745e+00,4.5078375e-11
6.9298354e+00,5.6333090e+00,4.2446029e-11
8.6798609e+00,5.6355977e+00,1.6874288e-02
8.1226088e+00,5.6356758e+00,2.3106769e-02
8.0655495e+00,5.6364005e+00,2.4093453e-02
8.6123725e+00,5.6366090e+00,1.6560053e-02
6.7216987e+00,5.6423198e+00,4.3479898e-11
1.2283237e+00,5.6445741e+00,5.1533407e-27
1.1091844e+00,5.6453655e+00,1.4644292e-27
1.6313339e-01,5.6458293e+00,2.6506795e-27
5.1333783e+00,5.6461114e+00,2.1138150e-11
5.2502315e+00,5.6461770e+00,3.3201024e-11
5.3672614e+00,5.6463786e+00,4.3832163e-11
5.0164953e+00,5.6470610e+00,1.0243732e-11
1.3476029e+00,5.6474436e+00,2.5598130e-26
9.8939123e-01,5.6478668e+00,8.9285300e-28
6.6540607e+00,5.6480214e+00,4.3036242e-11
4.6666290e+00,5.6482014e+00,4.0605857e-13
4.8997348e+00,5.6486047e+00,3.7124531e-12
4.7831802e+00,5.6488913e+00,1.5730235e-12
4.4345220e+00,5.6493567e+00,1.9369933e-15
1.7049849e+00,5.6493578e+00,3.2770405e-23
5.4859345e+00,5.6493685e+00,4.0944798e-11
4.5502227e+00,5.6493764e+00,4.3963743e-14
1.5844040e+00,5.6497472e+00,2.0565078e-24
4.3171576e+00,5.6499622e+00,5.9921920e-17
2.5358143e+00,5.6501907e+00,1.8883741e-17
5.1691241e-01,5.6503184e+00,1.0974223e-27
7.5357543e-01,5.6503594e+00,7.8630696e-28
1.8249403e+00,5.6504984e+00,5.7482190e-22
6.3517468e-01,5.6506035e+00,9.0162607e-28
2.8050192e-01,5.6507200e+00,2.1791814e-27
3.9871127e-01,5.6507794e+00,1.5921164e-27
1.4650961e+00,5.6507805e+00,1.6687064e-25
1.9431954e+00,5.6508525e+00,1.0019230e-20
2.1807881e+00,5.6508663e+00,1.0487665e-18
3.9624925e+00,5.6509409e+00,3.1440314e-17
8.7169669e-01,5.6510760e+00,7.6168929e-28
2.4161258e+00,5.6510957e+00,1.0371905e-17
2.0612976e+00,5.6512372e+00,1.2939001e-19
3.8423884e+00,5.6513094e+00,3.5481440e-17
2.7725666e+00,5.6513710e+00,3.7566972e-17
2.6547633e+00,5.6513930e+00,2.7628148e-17
2.2987824e+00,5.6513984e+00,3.9536492e-18
3.2471909e+00,5.6514233e+00,4.6527762e-17
3.6049855e+00,5.6514355e+00,4.2214392e-17
3.3665220e+00,5.6514615e+00,4.5431998e-17
5.8893977e-02,5.6516680e+00,3.0015745e-27
3.7241494e+00,5.6517836e+00,3.8563369e-17
4.1984823e+00,5.6517905e+00,2.1931979e-17
3.0100858e+00,5.6518557e+00,4.4735697e-17
4.0812076e+00,5.6520237e+00,2.5932167e-17
3.4850961e+00,5.6524559e+00,4.3995021e-17
3.1285458e+00,5.6525275e+00,4.5339684e-17
2.8912054e+00,5.6527451e+00,4.2239737e-17
5.6056797e+00,5.6557767e+00,4.2720435e-11
5.7233484e+00,5.6575066e+00,4.0669454e-11
5.8406594e+00,5.6579397e+00,4.3683439e-11
5.9579521e+00,5.6592193e+00,4.3130816e-11
6.0748848e+00,5.6600134e+00,4.3202560e-11
6.4250798e+00,5.6634113e+00,4.2109192e-11
6.1918820e+00,5.6636884e+00,4.1801617e-11
6.3097022e+00,5.6652442e+00,4.2271233e-11
9.9381338e+00,5.6670476e+00,1.2600298e-02
6.5285219e+00,5.6672574e+00,4.1191097e-11
9.8807469e+00,5.6678811e+00,1.3901626e-02
9.7705870e+00,5.6736627e+00,1.8059407e-02
9.5884193e+00,5.6739336e+00,1.8897304e-02
9.1074292e+00,5.6746320e+00,1.9034257e-02
1.1692280e+00,5.6752991e+00,3.2811969e-27
1.1299793e-01,5.6756016e+00,2.9743997e-27
1.2887244e+00,5.6760674e+00,1.1029740e-26
9.7113100e+00,5.6774764e+00,1.7517304e-02
1.0493885e+00,5.6775010e+00,1.3392009e-27
8.7837488e+00,5.6780162e+00,1.7245796e-02
9.5243398e+00,5.6784047e+00,1.8826266e-02
9.1732914e+00,5.6786479e+00,1.9428291e-02
5.1919549e+00,5.6791861e+00,2.7749169e-11
5.0750699e+00,5.6793943e+00,1.5871681e-11
5.3088613e+00,5.6798863e+00,4.1418587e-11
9.3157407e+00,5.6805325e+00,1.8517312e-02
9.3871128e+00,5.6806160e+00,1.8955514e-02
5.4261755e+00,5.6806800e+00,4.1563697e-11
4.9582287e+00,5.6811376e+00,8.1747536e-12
4.7248749e+00,5.6816967e+00,1.6555565e-12
4.6083137e+00,5.6819478e+00,3.9709804e-13
1.4068223e+00,5.6822241e+00,4.1500878e-26
1.6452734e+00,5.6822374e+00,3.8956628e-24
4.8415405e+00,5.6823967e+00,3.4176654e-12
4.3764858e+00,5.6828643e+00,1.1403512e-15
4.4926392e+00,5.6828926e+00,3.5719913e-14
1.7664938e+00,5.6830395e+00,5.7911359e-23
8.9794228e+00,5.6831303e+00,1.8662077e-02
8.9133827e+00,5.6831913e+00,1.9144556e-02
9.3042463e-01,5.6832744e+00,9.7658622e-28
1.5246996e+00,5.6835275e+00,3.1019186e-25
2.4764394e+00,5.6836007e+00,1.0379326e-17
2.5962481e+00,5.6838065e+00,1.8487964e-17
1.8861377e+00,5.6838119e+00,9.6896155e-22
3.9028140e+00,5.6838622e+00,3.0559102e-17
6.9433919e-01,5.6839435e+00,9.0197130e-28
5.7599921e-01,5.6840781e+00,1.0744497e-27
2.0040963e+00,5.6842575e+00,1.4297259e-20
2.1228831e+00,5.6842662e+00,1.5578295e-19
2.2415453e+00,5.6843956e+00,1.0867901e-18
4.5778795e-01,5.6844325e+00,1.5234618e-27
3.3065617e+00,5.6844630e+00,4.4626500e-17
4.2579470e+00,5.6845028e+00,3.3397965e-17
8.1279039e-01,5.6845868e+00,8.4534408e-28
4.0226397e+00,5.6847261e+00,2.5473848e-17
2.3580266e+00,5.6847578e+00,4.1542645e-18
2.2139665e-01,5.6847965e+00,2.6047435e-27
3.3958951e-01,5.6848649e+00,2.1030522e-27
2.7141650e+00,5.6848857e+00,2.7413862e-17
8.7176382e+00,5.6848932e+00,1.7514841e-02
3.6652061e+00,5.6849947e+00,3.8088847e-17
3.7834624e+00,5.6850241e+00,3.4685321e-17
3.1874586e+00,5.6855452e+00,4.4554261e-17
3.4256332e+00,5.6855561e+00,4.2354616e-17
3.5449566e+00,5.6856907e+00,4.1134402e-17
4.1400745e+00,5.6857189e+00,2.1093937e-17
2.8319177e+00,5.6857838e+00,3.6805489e-17
3.0691289e+00,5.6857857e+00,4.3589825e-17
2.9505655e+00,5.6862063e+00,4.1638031e-17
5.5457731e+00,5.6866443e+00,4.1611696e-11
8.3738868e+00,5.6878388e+00,1.9854811e-02
8.3052047e+00,5.6883161e+00,1.9607812e-02
5.6643447e+00,5.6908407e+00,4.0770061e-11
6.4736581e+00,5.6909837e+00,4.0619658e-11
8.1929968e+00,5.6911365e+00,2.3137135e-02
5.7817690e+00,5.6912768e+00,4.2696714e-11
5.8990626e+00,5.6917830e+00,4.2329866e-11
8.5068217e+00,5.6918226e+00,1.9426089e-02
6.0160847e+00,5.6922830e+00,4.2405260e-11
8.1456611e+00,5.6926488e+00,2.3710988e-02
6.1328300e+00,5.6945289e+00,4.2526522e-11
8.5762158e+00,5.6961998e+00,1.8928955e-02
6.3672548e+00,5.6967133e+00,4.3441386e-11
6.2503063e+00,5.6975042e+00,4.1711023e-11
8.0311266e+00,5.6984584e+00,2.1653966e-02
6.7582439e+00,5.6987694e+00,4.8292667e-11
6.8267080e+00,5.6989087e+00,4.8404158e-11
6.9653724e+00,5.6999768e+00,3.6357013e-11
6.6250230e+00,5.7051391e+00,4.2820539e-11
2.3671860e-02,5.7058824e+00,2.8911974e-27
6.5663178e+00,5.7106742e+00,4.1648011e-11
9.9694220e+00,5.7223379e+00,1.3009736e-02
9.8556572e+00,5.7242661e+00,1.7572898e-02
9.8004860e+00,5.7266991e+00,1.7500849e-02
9.6200867e+00,5.7316466e+00,1.8410967e-02
9.0765013e+00,5.7322622e+00,1.9046475e-02
8.8135815e+00,5.7337445e+00,1.8198281e-02
9.6798304e+00,5.7363141e+00,1.6252112e-02
9.5148202e+00,5.7369143e+00,1.9022322e-02
1.1725670e+00,5.7371140e+00,3.9164373e-27
9.1856192e+00,5.7375213e+00,1.8926055e-02
9.4082031e+00,5.7381199e+00,2.0166859e-02
9.2982694e+00,5.7391064e+00,1.8632821e-02
8.8761290e+00,5.7393013e+00,1.8695172e-02
9.0144076e+00,5.7394289e+00,1.8663727e-02
1.2911636e+00,5.7401817e+00,1.1524201e-26
1.0518505e+00,5.7415562e+00,1.7133849e-27
5.1939930e+00,5.7429057e+00,3.1494892e-11
8.7067663e+00,5.7434103e+00,2.0104598e-02
8.4082125e+00,5.7434529e+00,2.0495803e-02
5.0782168e+00,5.7435516e+00,2.6140875e-11
4.7249740e+00,5.7437441e+00,3.6264260e-12
4.8425052e+00,5.7452380e+00,8.9600068e-12
5.3126928e+00,5.7457218e+00,3.6429298e-11
4.9613465e+00,5.7459836e+00,1.8481594e-11
6.9430803e-01,5.7460723e+00,1.3600616e-27
5.4293641e+00,5.7463556e+00,3.9471917e-11
1.4095270e+00,5.7463600e+00,4.1024944e-26
1.1116899e-01,5.7469496e+00,3.0657349e-27
4.6103713e+00,5.7470084e+00,9.5444507e-13
1.6481432e+00,5.7471027e+00,3.0700696e-24
8.4730829e+00,5.7471522e+00,2.0946186e-02
4.5817670e-01,5.7472261e+00,2.0235835e-27
8.2713103e+00,5.7472293e+00,2.2353439e-02
5.7681717e-01,5.7474839e+00,1.5915766e-27
5.5454044e+00,5.7475678e+00,4.1824894e-11
1.5271105e+00,5.7475926e+00,2.7778248e-25
2.2179457e-01,5.7479317e+00,2.7556210e-27
1.7708764e+00,5.7479480e+00,3.5730831e-23
3.4018114e-01,5.7479605e+00,2.3454073e-27
8.2148437e+00,5.7480433e+00,2.3165989e-02
3.9052692e+00,5.7481163e+00,1.1963304e-17
2.8317544e+00,5.7482014e+00,1.0758350e-17
2.9504031e+00,5.7482747e+00,1.4184484e-17
2.4793366e+00,5.7482837e+00,3.5925756e-18
2.5983034e+00,5.7484275e+00,5.9921126e-18
4.3791228e+00,5.7485239e+00,2.8782724e-15
9.3308936e-01,5.7487332e+00,1.4183977e-27
2.7164191e+00,5.7489386e+00,9.0347058e-18
3.7854740e+00,5.7490159e+00,1.3309365e-17
6.4788925e+00,5.7490887e+00,4.1809240e-11
4.4951327e+00,5.7491318e+00,8.8327643e-14
3.3075121e+00,5.7491914e+00,1.4950238e-17
4.0243744e+00,5.7492293e+00,1.0470673e-17
1.8914616e+00,5.7493328e+00,5.1064333e-22
2.1281266e+00,5.7493680e+00,6.7627829e-20
2.3613715e+00,5.7494190e+00,1.4418890e-18
2.0097392e+00,5.7495620e+00,6.7851528e-21
2.2459310e+00,5.7499749e+00,3.8679540e-19
3.6662133e+00,5.7502508e+00,1.3932686e-17
3.1886909e+00,5.7504023e+00,1.4660281e-17
4.2589564e+00,5.7504930e+00,5.3909988e-17
8.1446734e-01,5.7506029e+00,1.3075610e-27
3.4257944e+00,5.7507891e+00,1.4711001e-17
5.7812524e+00,5.7510760e+00,4.1285326e-11
3.0693894e+00,5.7510810e+00,1.3750681e-17
4.1411237e+00,5.7513215e+00,9.0978653e-18
3.5471587e+00,5.7513648e+00,1.4368875e-17
5.6646131e+00,5.7516962e+00,4.0606540e-11
5.8994165e+00,5.7520728e+00,4.0936549e-11
6.0161932e+00,5.7520856e+00,4.0854056e-11
8.1254537e+00,5.7523678e+00,2.5372125e-02
6.2494888e+00,5.7532220e+00,4.3598571e-11
6.1362708e+00,5.7551866e+00,4.1684684e-11
8.6001245e+00,5.7553897e+00,1.9435466e-02
8.0679785e+00,5.7574526e+00,2.5493740e-02
6.8625825e+00,5.7579485e+00,5.3148271e-11
6.7250303e+00,5.7583709e+00,4.5622656e-11
6.9316627e+00,5.7583821e+00,4.9790209e-11
6.6594474e+00,5.7590390e+00,4.4791725e-11
6.5363154e+00,5.7605298e+00,4.1779157e-11
6.3649256e+00,5.7614055e+00,4.4616725e-11
5.7065043e-02,5.7622317e+00,2.9987330e-27
9.4643956e+00,5.7641429e+00,1.9319567e-02
9.2404192e+00,5.7652131e+00,1.8815795e-02
1.2341019e+00,5.7705033e+00,7.8417447e-27
1.1149853e+00,5.7712355e+00,3.6061095e-27
9.5778070e+00,5.7717291e+00,1.9390452e-02
9.1214926e+00,5.7720566e+00,1.9150421e-02
8.6587940e+00,5.7726484e+00,1.9891708e-02
9.3544672e+00,5.7736997e+00,1.9789742e-02
4.7842441e+00,5.7737799e+00,1.0198049e-11
5.1385632e+00,5.7739882e+00,3.0252148e-11
8.7684141e+00,5.7748348e+00,1.9512399e-02
4.6687857e+00,5.7753094e+00,2.7303550e-12
1.3527467e+00,5.7756938e+00,1.6967086e-26
5.2561010e+00,5.7757320e+00,3.5934555e-11
5.4887544e+00,5.7759675e+00,4.0545794e-11
5.0227600e+00,5.7760643e+00,2.4747394e-11
6.3596147e-01,5.7761380e+00,1.6449397e-27
4.9038174e+00,5.7762920e+00,1.3728728e-11
5.1811912e-01,5.7765178e+00,2.0127020e-27
3.9969165e-01,5.7766687e+00,2.3822933e-27
2.8149147e-01,5.7769509e+00,2.7222335e-27
2.8908797e+00,5.7772311e+00,1.0664040e-17
9.9405890e+00,5.7772646e+00,1.3301644e-02
9.9451793e-01,5.7773808e+00,1.7916961e-27
5.6055794e+00,5.7775556e+00,4.0977603e-11
9.7744433e+00,5.7777670e+00,1.2862692e-02
2.7746574e+00,5.7778415e+00,8.8964573e-18
5.3742815e+00,5.7778896e+00,3.5245856e-11
5.8404966e+00,5.7780287e+00,4.1178391e-11
5.7231001e+00,5.7781612e+00,4.1169589e-11
9.8842110e+00,5.7783594e+00,1.5881827e-02
7.5522122e-01,5.7785042e+00,1.4820609e-27
1.5896846e+00,5.7786776e+00,5.3151894e-25
1.4702116e+00,5.7789815e+00,6.7352465e-26
1.7122373e+00,5.7791316e+00,5.0398566e-24
3.0101840e+00,5.7792194e+00,1.3037494e-17
5.9584145e+00,5.7793118e+00,4.1512599e-11
2.5407667e+00,5.7794947e+00,3.6327238e-18
3.8468553e+00,5.7795553e+00,1.1645867e-17
3.9666824e+00,5.7796981e+00,1.0160430e-17
6.1945053e+00,5.7800640e+00,4.2016685e-11
2.6590727e+00,5.7800670e+00,5.9517942e-18
1.6170238e-01,5.7803126e+00,3.2436071e-27
2.4223678e+00,5.7804398e+00,1.4577096e-18
6.0784341e+00,5.7804738e+00,4.1866662e-11
4.5547738e+00,5.7806761e+00,9.0557901e-13
1.8346468e+00,5.7809277e+00,5.7483333e-23
3.2493735e+00,5.7810087e+00,1.4212835e-17
3.7271682e+00,5.7810315e+00,1.2814640e-17
4.4396524e+00,5.7812554e+00,6.4484515e-14
3.3676336e+00,5.7814228e+00,1.4060438e-17
2.1904173e+00,5.7815475e+00,7.5945015e-20
4.3208040e+00,5.7816120e+00,1.3219960e-15
2.3065129e+00,5.7816389e+00,4.0570622e-19
2.0721841e+00,5.7816436e+00,8.9503117e-21
1.9541622e+00,5.7816778e+00,7.7076945e-22
4.0839916e+00,5.7821295e+00,8.4236690e-18
3.6081948e+00,5.7823657e+00,1.3377435e-17
8.7603836e-01,5.7825510e+00,1.6679058e-27
3.1300385e+00,5.7826800e+00,1.3513771e-17
3.4874595e+00,5.7833629e+00,1.3716385e-17
4.2005410e+00,5.7833833e+00,2.2531161e-17
9.7130648e+00,5.7835684e+00,1.4364982e-02
6.3065556e+00,5.7856542e+00,4.4224533e-11
6.4279850e+00,5.7862085e+00,4.2443203e-11
8.9060884e+00,5.7897584e+00,1.9275631e-02
8.9783269e+00,5.7899469e+00,1.8930929e-02
8.1732333e+00,5.7900916e+00,2.4738890e-02
8.3790168e+00,5.7918801e+00,2.1101054e-02
8.3107966e+00,5.7951793e+00,2.1915770e-02
8.5030271e+00,5.8107093e+00,2.1362365e-02
8.5606746e+00,5.8145696e+00,2.0785794e-02
6.5605536e+00,5.8170825e+00,4.5010308e-11
6.9662904e+00,5.8184053e+00,4.4581463e-11
8.0368519e+00,5.8189943e+00,2.0543802e-02
6.8324622e+00,5.8208738e+00,5.5625679e-11
3.3393183e-02,5.8210552e+00,3.5168980e-27
6.6249803e+00,5.8211269e+00,4.7054801e-11
6.7633740e+00,5.8214356e+00,5.0774779e-11
9.3541191e+00,5.8321878e+00,1.9635182e-02
9.4687244e+00,5.8323713e+00,1.7848436e-02
9.9711670e+00,5.8327045e+00,1.3201091e-02
9.5860179e+00,5.8327831e+00,1.7917726e-02
9.1168864e+00,5.8331578e+00,1.9362114e-02
9.2380419e+00,5.8334078e+00,1.8862780e-02
8.7711756e+00,5.8338317e+00,1.8994222e-02
9.8013690e+00,5.8338492e+00,1.1512518e-02
6.2100245e+00,5.8355799e+00,4.1313037e-11
4.7882900e+00,5.8356087e+00,1.7709757e-11
1.1203875e+00,5.8357138e+00,4.6058521e-27
5.7299786e+00,5.8364629e+00,4.0834781e-11
5.6110139e+00,5.8368679e+00,3.9984970e-11
9.8559655e+00,5.8368745e+00,1.1784523e-02
5.8464233e+00,5.8370469e+00,4.1118990e-11
4.0335287e-01,5.8370884e+00,2.8148848e-27
2.8944572e+00,5.8371319e+00,2.9397083e-18
1.2390279e+00,5.8371749e+00,8.2917210e-27
5.9658776e+00,5.8375688e+00,4.3993840e-11
2.8470215e-01,5.8378151e+00,2.9422201e-27
5.2123968e-01,5.8379094e+00,2.7522361e-27
6.3982284e-01,5.8379528e+00,2.6522122e-27
5.1446447e+00,5.8380082e+00,3.7891570e-11
4.9091330e+00,5.8384223e+00,2.4699174e-11
8.6593540e+00,5.8386501e+00,1.9986245e-02
5.2626432e+00,5.8388972e+00,3.8812942e-11
4.6731859e+00,5.8390525e+00,7.3009584e-12
2.7806889e+00,5.8391838e+00,2.4616401e-18
6.0860800e+00,5.8393629e+00,4.3545369e-11
5.4955527e+00,5.8395804e+00,3.4566690e-11
5.0285066e+00,5.8396660e+00,3.2368385e-11
1.3567521e+00,5.8401816e+00,1.8219250e-26
9.9973259e-01,5.8409461e+00,3.0617437e-27
6.2825873e+00,5.8411107e+00,4.2163885e-11
3.8519552e+00,5.8412495e+00,3.9092200e-18
1.6652726e-01,5.8413503e+00,3.4408970e-27
5.3810647e+00,5.8414511e+00,3.7116093e-11
1.7159886e+00,5.8416652e+00,2.6170516e-24
3.0113671e+00,5.8416771e+00,3.0459887e-18
9.7003737e+00,5.8417269e+00,1.4610443e-02
1.9576271e+00,5.8417290e+00,3.5240866e-22
1.5937007e+00,5.8419297e+00,3.7743303e-25
1.8379831e+00,5.8419372e+00,2.7218835e-23
3.9690175e+00,5.8423358e+00,3.5754737e-18
2.5437360e+00,5.8424290e+00,8.9287307e-19
2.0759300e+00,5.8425004e+00,3.4003429e-21
2.6602830e+00,5.8425812e+00,1.5095881e-18
1.4751483e+00,5.8433459e+00,6.2221901e-26
3.7298568e+00,5.8433469e+00,3.7726270e-18
2.4260901e+00,5.8433929e+00,3.7966970e-19
3.2527016e+00,5.8434479e+00,3.5981791e-18
8.4023298e+00,5.8438172e+00,2.1220271e-02
7.6051075e-01,5.8440651e+00,2.5623707e-27
3.3693469e+00,5.8441223e+00,3.6770147e-18
2.3099302e+00,5.8443009e+00,1.1286219e-19
8.1757517e+00,5.8444780e+00,1.9207726e-02
4.0864126e+00,5.8445978e+00,3.3343760e-18
3.1327404e+00,5.8447281e+00,3.3749708e-18
2.1938114e+00,5.8448386e+00,2.2246182e-20
8.8044825e-01,5.8453022e+00,2.8253069e-27
8.9961343e+00,5.8456422e+00,1.8794342e-02
8.8849123e+00,5.8456588e+00,1.9199853e-02
3.4901997e+00,5.8458044e+00,3.6872002e-18
4.5603055e+00,5.8458248e+00,2.7536853e-12
4.3238442e+00,5.8459982e+00,3.9621545e-15
4.2030144e+00,5.8460675e+00,4.8467005e-17
3.6104291e+00,5.8460891e+00,3.7335757e-18
4.4436722e+00,5.8461320e+00,1.7676781e-13
6.4382485e+00,5.8466972e+00,4.2247950e-11
8.2950234e+00,5.8503193e+00,2.0685001e-02
8.4614698e+00,5.8589470e+00,2.1281935e-02
8.5989609e+00,5.8636167e+00,1.9734499e-02
9.4121838e+00,5.8648364e+00,1.8791348e-02
9.2955440e+00,5.8657892e+00,1.9606894e-02
6.5133943e+00,5.8661301e+00,4.2246150e-11
9.5273599e+00,5.8661967e+00,1.8260599e-02
9.1786357e+00,5.8668173e+00,1.9592283e-02
9.6465212e+00,5.8672790e+00,1.4466967e-02
8.8278116e+00,5.8677348e+00,1.8784108e-02
9.0563070e+00,5.8682127e+00,1.9412304e-02
1.1828953e+00,5.8682639e+00,7.2808276e-27
5.7940576e+00,5.8683958e+00,4.1045321e-11
8.7100880e+00,5.8684088e+00,1.9473738e-02
4.6495848e-01,5.8690373e+00,2.9050487e-27
6.9370519e+00,5.8690478e+00,4.7601987e-11
4.8518668e+00,5.8691970e+00,2.1094180e-11
6.0313022e+00,5.8692318e+00,4.4502981e-11
3.4705304e-01,5.8692444e+00,3.0400624e-27
5.6769260e+00,5.8693100e+00,4.5592490e-11
4.7334201e+00,5.8693160e+00,1.2112341e-11
5.9128063e+00,5.8693481e+00,4.2526646e-11
2.8413634e+00,5.8694445e+00,2.4310847e-18
6.1594359e+00,5.8695916e+00,4.2127291e-11
1.0624673e+00,5.8695998e+00,4.7124450e-27
2.2983013e-01,5.8698337e+00,3.2633792e-27
5.2066167e+00,5.8700908e+00,4.1839825e-11
1.8982627e+00,5.8703934e+00,4.2452007e-23
2.0169500e+00,5.8704700e+00,4.7425319e-22
5.5576371e+00,5.8704930e+00,3.3435219e-11
2.9551637e+00,5.8706332e+00,2.8136573e-18
5.8379910e-01,5.8706901e+00,2.8896115e-27
8.0649341e+00,5.8709762e+00,1.7385675e-02
5.0900449e+00,5.8711732e+00,3.3062543e-11
1.3000951e+00,5.8713411e+00,1.1776866e-26
1.7779639e+00,5.8714910e+00,3.9116116e-24
6.1376687e-02,5.8715023e+00,3.5727920e-27
4.9724088e+00,5.8717155e+00,2.7530986e-11
6.8723039e+00,5.8719499e+00,4.8531822e-11
3.9127042e+00,5.8724482e+00,3.4033827e-18
5.3260182e+00,5.8724484e+00,4.1048969e-11
2.7236609e+00,5.8727950e+00,1.4833483e-18
1.6559105e+00,5.8728884e+00,5.1108947e-25
3.7932625e+00,5.8730256e+00,3.7597151e-18
7.0345894e-01,5.8734479e+00,2.7971434e-27
2.1352666e+00,5.8735159e+00,4.0384182e-21
5.4429456e+00,5.8735300e+00,3.5249015e-11
6.6598774e+00,5.8736263e+00,5.4257322e-11
2.6024830e+00,5.8738760e+00,8.8718894e-19
2.4860282e+00,5.8741711e+00,3.8459295e-19
3.3125535e+00,5.8743301e+00,3.4370805e-18
4.0291304e+00,5.8743353e+00,3.2114985e-18
6.7326882e+00,5.8746031e+00,5.3191086e-11
8.2370685e+00,5.8747248e+00,1.8669560e-02
3.1947208e+00,5.8748897e+00,3.3290855e-18
9.7593067e+00,5.8749430e+00,1.2245666e-02
2.3685110e+00,5.8750341e+00,1.2067008e-19
9.4271391e-01,5.8750498e+00,3.2693979e-27
1.5360632e+00,5.8752091e+00,9.9503842e-26
1.4184690e+00,5.8752122e+00,2.8127879e-26
3.0732744e+00,5.8755869e+00,2.9493536e-18
4.6203031e+00,5.8759002e+00,5.9003284e-12
2.2527424e+00,5.8759280e+00,2.3850478e-20
3.4302480e+00,5.8759301e+00,3.4484146e-18
3.6711361e+00,5.8762897e+00,3.5319496e-18
4.1460182e+00,5.8764740e+00,8.4914388e-18
3.5521332e+00,5.8775297e+00,3.5175275e-18
4.2644701e+00,5.8775634e+00,1.3944320e-15
4.3861828e+00,5.8777867e+00,7.8704873e-14
1.2030552e-01,5.8780423e+00,3.4937048e-27
8.2416677e-01,5.8789151e+00,3.0606779e-27
4.5046842e+00,5.8791571e+00,2.2218274e-12
8.3533721e+00,5.8801754e+00,2.0903888e-02
8.1249278e+00,5.8802777e+00,1.4312496e-02
9.9457925e+00,5.8813420e+00,1.2126890e-02
8.9398272e+00,5.8821456e+00,1.9049754e-02
9.8869690e+00,5.8844172e+00,1.2011894e-02
6.3155291e+00,5.8844212e+00,4.1622468e-11
6.3879589e+00,5.8881272e+00,4.1392860e-11
8.4712062e+00,5.9260640e+00,2.0112085e-02
8.5902655e+00,5.9268734e+00,1.7708174e-02
6.9707615e+00,5.9306425e+00,3.8509744e-11
6.5224267e+00,5.9312075e+00,4.6557265e-11
8.0280822e+00,5.9319819e+00,9.9073802e-03
9.2947291e+00,5.9322022e+00,1.9182921e-02
9.4120230e+00,5.9323194e+00,1.6468428e-02
1.8982627e+00,5.9323995e+00,1.4189037e-23
2.0169500e+00,5.9324853e+00,1.0934877e-22
9.5294407e+00,5.9325782e+00,1.6097952e-02
6.1678671e+00,5.9326300e+00,4.4301678e-11
2.7983504e-02,5.9328000e+00,3.7541926e-27
9.1771120e+00,5.9331150e+00,2.0325518e-02
8.7079004e+00,5.9333496e+00,1.7583576e-02
6.8664655e+00,5.9335446e+00,4.4379482e-11
5.8050056e+00,5.9338666e+00,3.8400231e-11
6.0425261e+00,5.9338843e+00,4.4358711e-11
3.5189625e-01,5.9339387e+00,3.3433800e-27
5.9233432e+00,5.9339572e+00,4.1572789e-11
1.1855825e+00,5.9339747e+00,7.9775793e-27
4.7015468e-01,5.9340077e+00,3.5436345e-27
5.6866560e+00,5.9341163e+00,4.3092722e-11
9.7643048e+00,5.9341527e+00,1.3824483e-02
1.7789216e+00,5.9341969e+00,1.7704249e-24
1.0662946e+00,5.9343362e+00,6.3058235e-27
2.8467087e+00,5.9343797e+00,4.0712976e-19
9.6466306e+00,5.9344570e+00,1.5242450e-02
2.3472094e-01,5.9345099e+00,3.5066031e-27
4.8586070e+00,5.9346291e+00,2.5964307e-11
6.6440311e+00,5.9346592e+00,4.6011040e-11
5.8870189e-01,5.9350651e+00,4.0495844e-27
8.3530706e+00,5.9352794e+00,1.9378851e-02
4.9776732e+00,5.9352892e+00,2.7424875e-11
5.2141254e+00,5.9353947e+00,3.8388818e-11
8.8241352e+00,5.9354644e+00,1.7940015e-02
4.7402660e+00,5.9354761e+00,2.1814922e-11
3.9146058e+00,5.9355599e+00,1.0636550e-18
6.7563899e+00,5.9356360e+00,4.4614548e-11
2.9604679e+00,5.9356833e+00,4.9922423e-19
5.3323618e+00,5.9357085e+00,4.5304402e-11
2.1356087e+00,5.9357351e+00,7.0580073e-22
9.0588235e+00,5.9357537e+00,2.0499400e-02
5.0958603e+00,5.9357946e+00,2.9235214e-11
2.7266865e+00,5.9359386e+00,2.9624859e-19
1.6586062e+00,5.9360652e+00,2.8716426e-25
3.7959144e+00,5.9361282e+00,1.0651915e-18
5.5678078e+00,5.9361952e+00,3.6976970e-11
1.3035010e+00,5.9362691e+00,1.0933393e-26
2.6056148e+00,5.9368273e+00,1.3072376e-19
3.3166136e+00,5.9369122e+00,6.8841544e-19
2.4885043e+00,5.9369420e+00,7.2522032e-20
4.0315627e+00,5.9369839e+00,1.2884214e-18
5.4503866e+00,5.9370661e+00,3.8168454e-11
3.1985376e+00,5.9371823e+00,6.4593574e-19
3.0780661e+00,5.9374258e+00,5.5574584e-19
9.9746256e+00,5.9375263e+00,1.1109398e-02
9.4634319e-01,5.9375425e+00,5.1791659e-27
2.3706306e+00,5.9376610e+00,2.0602905e-20
8.9409443e+00,5.9377196e+00,1.9915491e-02
3.4349100e+00,5.9378153e+00,7.4169470e-19
2.2535187e+00,5.9378705e+00,4.7238373e-21
4.1492830e+00,5.9381155e+00,2.0988988e-17
3.6746433e+00,5.9385045e+00,8.9755429e-19
8.2365937e+00,5.9385427e+00,1.6293550e-02
1.4217756e+00,5.9385580e+00,2.2467982e-26
1.5396481e+00,5.9386200e+00,6.7332550e-26
7.0931688e-01,5.9389306e+00,4.2158728e-27
4.6244239e+00,5.9389627e+00,1.5420499e-11
3.5547904e+00,5.9390658e+00,8.6823378e-19
4.2679066e+00,5.9390821e+00,4.4585515e-15
1.2646036e-01,5.9393400e+00,3.0381400e-27
4.3882794e+00,5.9401243e+00,3.2697037e-13
8.2839580e-01,5.9404876e+00,4.5741849e-27
9.8765863e+00,5.9406016e+00,1.2194642e-02
4.5076480e+00,5.9409574e+00,9.1609517e-12
8.1272916e+00,5.9412834e+00,1.1948984e-02
6.2909455e+00,5.9419287e+00,4.5122498e-11
6.4029234e+00,5.9456347e+00,4.3649784e-11
8.5300297e+00,5.9600258e+00,1.7768472e-02
6.5856050e+00,5.9619253e+00,5.1975782e-11
6.8166079e+00,5.9629022e+00,6.1589682e-11
6.2316235e+00,5.9655762e+00,4.4661624e-11
1.9576271e+00,5.9657504e+00,2.0214468e-23
8.4117647e+00,5.9660382e+00,1.8766641e-02
9.8235294e+00,5.9660382e+00,1.2714407e-02
9.3531434e+00,5.9660837e+00,1.6877507e-02
9.2357034e+00,5.9661185e+00,1.9675123e-02
1.1269020e+00,5.9661610e+00,7.5903004e-27
9.4706443e+00,5.9662357e+00,1.2132435e-02
9.5882081e+00,5.9663425e+00,1.2922815e-02
8.7653117e+00,5.9665020e+00,1.7570505e-02
1.8389407e+00,5.9666490e+00,2.7534239e-24
2.0762721e+00,5.9667349e+00,1.3644444e-22
5.7506567e+00,5.9667398e+00,3.4056448e-11
4.1339229e-01,5.9667531e+00,3.1328207e-27
5.9876384e+00,5.9668305e+00,4.3273053e-11
8.6484711e+00,5.9668476e+00,1.7471453e-02
9.1178792e+00,5.9669965e+00,2.0523773e-02
6.1057352e+00,5.9670538e+00,4.4367339e-11
2.9051066e+00,5.9671172e+00,4.4912874e-19
5.8679083e+00,5.9671267e+00,3.9101770e-11
2.9443617e-01,5.9671856e+00,3.7479364e-27
4.8018761e+00,5.9672010e+00,2.4415071e-11
5.3133866e-01,5.9672547e+00,3.7962346e-27
2.7890597e+00,5.9672625e+00,2.8705463e-19
1.7757290e-01,5.9673243e+00,2.7289565e-27
5.6309146e+00,5.9673764e+00,3.5845422e-11
4.9211377e+00,5.9674281e+00,2.5885331e-11
5.2764956e+00,5.9674612e+00,4.4531872e-11
3.8565086e+00,5.9674638e+00,1.0104699e-18
1.7196419e+00,5.9675478e+00,4.4419012e-25
6.5058356e-01,5.9678104e+00,4.4028756e-27
1.2451212e+00,5.9678137e+00,1.0071645e-26
5.0395864e+00,5.9678611e+00,2.6424649e-11
5.1579688e+00,5.9679335e+00,3.2855217e-11
3.9733514e+00,5.9680961e+00,1.1321463e-18
9.7054813e+00,5.9681145e+00,1.4227232e-02
2.5493439e+00,5.9681513e+00,7.4364830e-20
1.0071892e+00,5.9681752e+00,6.1372645e-27
5.3948493e+00,5.9682473e+00,4.1414376e-11
4.6841525e+00,5.9682751e+00,1.9931161e-11
3.2605785e+00,5.9683226e+00,6.1111694e-19
1.3634646e+00,5.9684554e+00,1.2984350e-26
1.5999812e+00,5.9685174e+00,1.0240579e-25
3.0214630e+00,5.9685661e+00,4.9268636e-19
3.3780691e+00,5.9685895e+00,6.6934093e-19
3.7360159e+00,5.9686644e+00,8.9229296e-19
2.6664403e+00,5.9686761e+00,1.3430145e-19
8.9997678e+00,5.9687572e+00,2.0788074e-02
2.4306857e+00,5.9687907e+00,2.3510530e-20
5.5131644e+00,5.9688188e+00,3.3424339e-11
3.1413489e+00,5.9688597e+00,5.5961608e-19
2.3128262e+00,5.9688703e+00,5.2165475e-21
4.0921097e+00,5.9688878e+00,2.2905428e-18
8.8823529e+00,5.9689624e+00,2.0514519e-02
2.1949299e+00,5.9690002e+00,8.7541066e-22
3.4975189e+00,5.9692257e+00,7.6935418e-19
4.2097157e+00,5.9692277e+00,3.6553801e-16
8.2942470e+00,5.9692412e+00,1.7594564e-02
6.4622454e+00,5.9692822e+00,4.7231616e-11
8.1776407e+00,5.9693015e+00,1.3056861e-02
8.8830656e-01,5.9693673e+00,5.1953980e-27
3.6165935e+00,5.9698401e+00,8.2224507e-19
4.3293773e+00,5.9698544e+00,5.1978795e-14
1.4820398e+00,5.9701026e+00,3.0917384e-26
4.4487326e+00,5.9702698e+00,2.0558731e-12
6.9312135e+00,5.9706425e+00,3.7780081e-11
4.5673900e+00,5.9706875e+00,1.1342250e-11
7.7059772e-01,5.9711202e+00,4.4957066e-27
8.0672979e+00,5.9719819e+00,1.1820386e-02
6.7531526e-02,5.9720157e+00,2.8763689e-27
6.7024938e+00,5.9727339e+00,3.8200593e-11
9.9354099e+00,5.9745634e+00,1.1621731e-02
6.3474576e+00,5.9763525e+00,4.2808808e-11
