Points:0,Points:1,C
5.4444444e+00,2.0147073e-02,1.3934112e-05
4.8888869e+00,2.0192152e-02,1.3505277e-02
3.5189001e+00,2.4684589e-02,1.8802882e-02
4.0957020e+00,2.5309275e-02,1.7395702e-02
3.8660129e+00,2.5572404e-02,1.9968269e-02
6.8608904e+00,2.5648432e-02,1.3567288e-07
6.3880994e+00,2.6234011e-02,7.8571083e-07
4.9960585e+00,2.6375683e-02,5.5767099e-03
6.5589029e-02,2.6393726e-02,1.1273856e-06
5.6766446e+00,2.6395232e-02,5.6795975e-06
3.0649052e+00,2.6418940e-02,8.7838446e-03
1.7043534e+00,2.6626721e-02,2.1939038e-06
3.2869845e+00,2.8133131e-02,1.9557983e-02
3.1714733e+00,2.8841884e-02,1.2599857e-02
9.9315862e+00,2.8871688e-02,3.1893080e-14
8.7571951e+00,2.8875155e-02,4.1023441e-13
1.9317797e+00,2.9127535e-02,1.5895949e-06
8.1661110e+00,2.9863068e-02,3.5895738e-11
8.6404844e+00,3.0140986e-02,8.8682213e-13
3.6300992e+00,3.0363542e-02,2.0962498e-02
7.0998811e+00,3.0527043e-02,4.1338251e-08
4.2063799e+00,3.1340289e-02,1.9812789e-02
8.5234232e+00,3.1762159e-02,2.3696915e-12
8.0481344e+00,3.1877273e-02,1.2876839e-10
9.8220612e+00,3.1950597e-02,4.0964505e-14
6.7458939e+00,3.2017022e-02,3.1681562e-07
4.6657012e+00,3.2111831e-02,2.6467192e-02
4.4366407e+00,3.2154823e-02,1.3156761e-02
1.5922740e+00,3.2179611e-02,2.4187437e-06
8.2839511e+00,3.2490318e-02,1.5666374e-11
8.8759943e+00,3.2573788e-02,2.1425485e-13
7.2183033e+00,3.2673002e-02,2.9677874e-08
6.6272112e+00,3.2770933e-02,4.8483660e-07
4.3206110e+00,3.2772312e-02,1.4312135e-02
5.3336124e+00,3.2794213e-02,1.0151797e-04
5.5592105e+00,3.3130114e-02,9.6018251e-06
4.5493561e+00,3.3149972e-02,3.1845047e-02
1.1211422e+00,3.3154922e-02,2.4151238e-06
9.1118516e+00,3.3171342e-02,8.4099750e-14
8.4039655e+00,3.3304307e-02,6.6797299e-12
3.7500000e+00,3.3308669e-02,2.1316051e-02
3.4038462e+00,3.3308669e-02,2.0114040e-02
3.9807692e+00,3.3308669e-02,2.0586671e-02
6.4792887e-01,3.3405619e-02,1.8820786e-06
9.7039565e+00,3.3573302e-02,4.4987688e-14
9.2302744e+00,3.3617876e-02,6.0171554e-14
6.1494215e+00,3.3638716e-02,2.0423115e-06
4.7794490e+00,3.3756333e-02,2.0724495e-02
7.9279870e+00,3.3783134e-02,4.4279607e-10
8.9935528e+00,3.3844376e-02,1.2576618e-13
7.3358229e+00,3.3902307e-02,2.1791539e-08
7.5723936e+00,3.3994156e-02,5.7591760e-09
7.8098054e+00,3.4001474e-02,1.1598611e-09
9.4671237e+00,3.4174556e-02,5.2526433e-14
6.0328160e+00,3.4175144e-02,2.6604309e-06
7.6907996e+00,3.4180143e-02,2.7667177e-09
9.5855263e+00,3.4185213e-02,4.7360177e-14
6.5065789e+00,3.4185213e-02,6.7201420e-07
9.3486842e+00,3.4185213e-02,5.6370910e-14
7.4539633e+00,3.4189114e-02,1.2429625e-08
1.3538249e+00,3.4209114e-02,2.1076666e-06
1.4724916e+00,3.4285675e-02,2.1376404e-06
1.2392385e+00,3.4627698e-02,2.0767245e-06
5.2202941e+00,3.4674307e-02,9.2295591e-04
5.9138198e+00,3.4699485e-02,4.1688371e-06
1.0014269e+00,3.4942585e-02,2.4590589e-06
6.9780793e+00,3.5263781e-02,1.0612143e-07
8.8397457e-01,3.5420548e-02,2.4626322e-06
2.9426631e-01,3.5629307e-02,1.4399940e-06
6.2702892e+00,3.5715509e-02,1.9648128e-06
5.3299308e-01,3.6285099e-02,1.4118155e-06
1.7523461e-01,3.6644327e-02,1.2072403e-06
1.8182296e+00,3.6659456e-02,1.7823858e-06
5.7921428e+00,3.7521596e-02,6.7439207e-06
5.1028420e+00,3.7976532e-02,2.8195616e-03
7.6706284e-01,4.1930504e-02,2.4070350e-06
4.1413208e-01,4.2268805e-02,1.0377702e-06
4.9405009e+00,4.6567835e-02,1.2302114e-02
5.3891680e+00,5.2941287e-02,8.9071885e-05
5.5012183e+00,5.3277187e-02,1.1848068e-05
4.8350026e+00,5.3948485e-02,1.7825835e-02
3.5720762e+00,5.5048131e-02,2.0170495e-02
3.1209938e+00,5.5260824e-02,1.1302790e-02
4.1482357e+00,5.6649564e-02,1.8103566e-02
3.2276885e+00,5.6975014e-02,2.0299584e-02
6.8041527e+00,5.7665454e-02,2.9838315e-07
3.4612078e+00,5.7993259e-02,2.1048905e-02
4.0380096e+00,5.8617944e-02,2.0078252e-02
1.6495685e+00,5.8806332e-02,2.3931251e-06
3.8083206e+00,5.8881074e-02,2.1596715e-02
3.9237052e+00,5.8881074e-02,1.9827945e-02
8.7003110e+00,5.9016141e-02,7.5009094e-13
5.6174341e+00,5.9525346e-02,1.0843509e-05
6.4473100e+00,6.0419224e-02,7.3775424e-07
9.8720684e+00,6.0822285e-02,3.8645226e-14
6.9179170e+00,6.0912213e-02,1.2204032e-07
3.3446768e+00,6.1441800e-02,2.2559829e-02
8.8173998e+00,6.1448943e-02,3.3451923e-13
8.1089823e+00,6.1740342e-02,1.0397407e-10
8.5849602e+00,6.1903145e-02,1.8278911e-12
6.3294413e+00,6.1949519e-02,1.8895503e-06
8.2263779e+00,6.2353387e-02,2.7718842e-11
1.2317658e-01,6.3038052e-02,1.1538170e-06
7.1602897e+00,6.3200045e-02,3.8395023e-08
1.7578771e+00,6.3286177e-02,2.1014461e-06
2.6373343e-02,6.3430763e-02,1.1120809e-06
3.6877915e+00,6.3672211e-02,2.1300993e-02
5.7319453e+00,6.3916828e-02,6.5186912e-06
4.2577601e+00,6.4112601e-02,2.2006204e-02
5.0433449e+00,6.4352215e-02,5.5750675e-03
6.6888945e+00,6.4787955e-02,4.6761229e-07
4.3726363e+00,6.4927135e-02,2.2397157e-02
8.4668624e+00,6.5066465e-02,5.8300146e-12
4.6039462e+00,6.5261803e-02,2.2944107e-02
4.4874213e+00,6.5304795e-02,2.8300999e-02
9.7628598e+00,6.5523899e-02,4.4190123e-14
3.0264437e+00,6.5634626e-02,1.3759896e-02
7.9892793e+00,6.5660408e-02,4.1333293e-10
1.8676563e+00,6.5786991e-02,1.8120037e-06
7.0384867e+00,6.5790824e-02,1.0861373e-07
8.3458114e+00,6.5794625e-02,1.4438630e-11
4.7229280e+00,6.5868164e-02,2.7095076e-02
8.9353366e+00,6.6418165e-02,1.7544258e-13
1.5353538e+00,6.6465286e-02,2.3994200e-06
7.2778104e+00,6.6575308e-02,2.9401628e-08
9.1710733e+00,6.6789217e-02,6.5517392e-14
6.5680007e+00,6.6956146e-02,6.6515972e-07
9.0527728e+00,6.7015718e-02,1.0856558e-13
5.2761287e+00,6.7468521e-02,8.7463273e-04
9.6447460e+00,6.7758515e-02,4.4064119e-14
1.1839102e+00,6.7782620e-02,2.1075896e-06
7.8693713e+00,6.7784608e-02,1.0432031e-09
9.2894849e+00,6.7803089e-02,5.5391224e-14
6.0901322e+00,6.7813861e-02,2.6778960e-06
9.9710599e+00,6.8087374e-02,3.6180015e-14
7.3950493e+00,6.8091421e-02,2.1592786e-08
1.0637456e+00,6.8097507e-02,2.3422177e-06
7.6316142e+00,6.8174300e-02,5.3006676e-09
7.7506050e+00,6.8181617e-02,2.7001201e-09
7.5131990e+00,6.8183270e-02,1.1156134e-08
9.5263342e+00,6.8359769e-02,4.7560472e-14
9.4079132e+00,6.8359769e-02,5.0514094e-14
1.4145518e+00,6.8494789e-02,2.1384323e-06
1.9709953e+00,6.8810075e-02,1.2240578e-06
1.2989458e+00,6.8836813e-02,2.0844498e-06
5.9729516e+00,6.8874629e-02,3.7593092e-06
6.2091844e+00,6.9354225e-02,2.1159672e-06
5.9268665e-01,6.9690718e-02,1.9610168e-06
9.4422503e-01,7.0363133e-02,2.3990117e-06
5.8506995e+00,7.2221081e-02,7.2906634e-06
2.3420680e-01,7.2273634e-02,1.3429358e-06
5.1564694e+00,7.2650840e-02,2.7817457e-03
7.0910935e-01,7.5336123e-02,2.1374180e-06
8.2750800e-01,7.7351051e-02,2.5717154e-06
3.5545721e-01,7.7898112e-02,1.5667605e-06
4.7653693e-01,7.8553904e-02,1.4582932e-06
4.9242249e+00,9.5294876e-02,1.3752906e-02
5.4051586e+00,1.0033629e-01,1.2522403e-04
5.4801719e+00,1.0067219e-01,8.0746082e-05
4.8557636e+00,1.0267553e-01,1.8293082e-02
3.1134751e+00,1.1143904e-01,1.3097548e-02
3.5557085e+00,1.1479887e-01,2.2887951e-02
3.4833016e+00,1.1774399e-01,2.3267170e-02
4.1319040e+00,1.1854698e-01,2.3748199e-02
6.8188421e+00,1.1862681e-01,6.5665052e-07
5.0215375e+00,1.1911062e-01,8.7608940e-03
3.2169711e+00,1.1932952e-01,2.0787444e-02
1.1165356e-01,1.1972728e-01,1.1458688e-06
5.4066009e-02,1.2011999e-01,1.2066989e-06
3.8306930e+00,1.2012576e-01,2.3614977e-02
3.9076161e+00,1.2012576e-01,2.3975212e-02
4.0601395e+00,1.2051536e-01,2.4087580e-02
5.6361461e+00,1.2084980e-01,2.0851201e-05
8.7076127e+00,1.2108566e-01,1.3471183e-12
6.4267285e+00,1.2168855e-01,3.3805506e-06
3.0573865e+00,1.2181284e-01,1.4027337e-02
6.8931327e+00,1.2187357e-01,6.3602290e-07
9.8740003e+00,1.2228628e-01,3.9828744e-14
1.6627926e+00,1.2310087e-01,2.6097280e-06
3.3326791e+00,1.2321837e-01,2.3537358e-02
6.3483335e+00,1.2321885e-01,3.4411389e-06
8.1187430e+00,1.2403960e-01,3.0568796e-10
8.5928989e+00,1.2515629e-01,4.1174132e-12
5.7111836e+00,1.2524128e-01,2.0775487e-05
3.6770618e+00,1.2594481e-01,2.3681592e-02
8.8214097e+00,1.2598908e-01,5.0311753e-13
1.8734314e+00,1.2689412e-01,2.2123036e-06
8.2327336e+00,1.2709138e-01,1.0431390e-10
9.7631173e+00,1.2739628e-01,4.1805496e-14
1.7318855e+00,1.2758071e-01,2.7389772e-06
6.5750728e+00,1.2774063e-01,1.9112332e-06
7.1667144e+00,1.2838228e-01,2.2798080e-07
9.1710859e+00,1.2919021e-01,6.3025975e-14
9.9335181e+00,1.2955137e-01,3.9557758e-14
4.9579751e+00,1.2986113e-01,1.3588114e-02
1.9375547e+00,1.2991721e-01,2.4243257e-06
4.2442071e+00,1.3010279e-01,2.5488318e-02
8.4732916e+00,1.3013458e-01,1.3738875e-11
9.2894861e+00,1.3021579e-01,4.9603345e-14
9.6447722e+00,1.3030546e-01,3.8557702e-14
4.3607851e+00,1.3037904e-01,2.3711339e-02
6.2022092e+00,1.3041099e-01,6.4934417e-06
9.4079301e+00,1.3080637e-01,4.1789355e-14
9.5263358e+00,1.3085855e-01,3.8938488e-14
7.0463946e+00,1.3090554e-01,3.5144734e-07
4.4754206e+00,1.3105433e-01,2.6339448e-02
7.9951976e+00,1.3157292e-01,1.4068751e-09
4.5911810e+00,1.3205619e-01,2.5591895e-02
8.3494656e+00,1.3308119e-01,4.2527608e-11
7.2829752e+00,1.3322871e-01,1.7985562e-07
2.3907686e-01,1.3331523e-01,1.2437667e-06
4.7117686e+00,1.3374579e-01,2.7228606e-02
8.9364485e+00,1.3392978e-01,2.1934254e-13
6.6927165e+00,1.3426681e-01,1.6829553e-06
1.5433947e+00,1.3519428e-01,2.2756594e-06
7.5132363e+00,1.3521551e-01,5.7382599e-08
9.0527728e+00,1.3529783e-01,1.1578220e-13
7.6317393e+00,1.3540106e-01,2.6544048e-08
7.8725751e+00,1.3548472e-01,4.5727746e-09
7.3962434e+00,1.3554712e-01,1.1741663e-07
1.1936652e+00,1.3572307e-01,2.1241424e-06
5.9710917e+00,1.3620529e-01,1.1043195e-05
7.7512585e+00,1.3637599e-01,1.2355549e-08
6.0890678e+00,1.3736317e-01,9.1097822e-06
5.2624940e+00,1.3845000e-01,1.5900762e-03
1.0736795e+00,1.3932634e-01,2.0723084e-06
5.9991781e-01,1.4043564e-01,2.2947128e-06
1.4239720e+00,1.4095675e-01,2.2175257e-06
5.8530749e+00,1.4095792e-01,1.6686244e-05
1.3084782e+00,1.4129851e-01,2.1374959e-06
7.0847818e-01,1.4244147e-01,2.2168794e-06
5.1463488e+00,1.4384428e-01,3.8220367e-03
9.5553466e-01,1.4564174e-01,2.1354161e-06
3.1532372e+00,1.4737460e-01,1.9132912e-02
3.4964169e-01,1.4853585e-01,1.7443885e-06
5.5124599e+00,1.4995440e-01,8.7249568e-05
3.2642694e+00,1.5226420e-01,2.2934150e-02
5.3757947e+00,1.5234521e-01,5.9593623e-04
3.6030018e+00,1.5238687e-01,2.3837179e-02
8.3906690e-01,1.5301376e-01,2.1651158e-06
9.8242506e+00,1.5528698e-01,4.0013816e-14
8.6557247e+00,1.5546365e-01,3.4341690e-12
8.7685066e+00,1.5548481e-01,1.0596584e-12
4.8944107e-01,1.5576770e-01,1.9996901e-06
4.8282560e+00,1.5577574e-01,2.0427224e-02
8.1822274e+00,1.5690032e-01,2.5182569e-10
9.7042402e+00,1.5799263e-01,3.8978157e-14
9.2302882e+00,1.5843156e-01,5.2760925e-14
9.3487023e+00,1.5904451e-01,4.1247774e-14
9.4671422e+00,1.5911993e-01,3.6893567e-14
4.1764952e+00,1.5922790e-01,2.5680048e-02
9.5855541e+00,1.5923094e-01,3.6797465e-14
8.5377911e+00,1.6008342e-01,1.1622482e-11
8.0638134e+00,1.6008904e-01,1.3034623e-09
7.1142136e+00,1.6082399e-01,3.3992292e-07
3.4482682e+00,1.6163898e-01,2.2506230e-02
6.7644052e+00,1.6245724e-01,1.7218111e-06
6.6381053e+00,1.6303427e-01,1.8969902e-06
4.4127889e+00,1.6335627e-01,2.7956667e-02
3.3757152e+00,1.6366481e-01,2.2280320e-02
9.1118642e+00,1.6385444e-01,9.1431600e-14
5.5916920e+00,1.6388385e-01,7.8355813e-05
3.7954151e+00,1.6416680e-01,2.3526927e-02
4.2952068e+00,1.6421441e-01,2.6164595e-02
6.1413819e+00,1.6424479e-01,9.1547647e-06
3.9479484e+00,1.6434998e-01,2.5433393e-02
7.2298928e+00,1.6450864e-01,2.4175913e-07
8.2939611e+00,1.6451488e-01,9.7219716e-11
8.8811161e+00,1.6462554e-01,4.1560976e-13
6.5317603e+00,1.6467365e-01,3.9243223e-06
4.0246289e+00,1.6500272e-01,2.4745007e-02
6.4646330e+00,1.6515850e-01,4.1078772e-06
3.7238516e+00,1.6519471e-01,2.3784532e-02
1.6135390e+00,1.6520314e-01,2.3711389e-06
8.4140490e+00,1.6565899e-01,4.0521281e-11
4.5245902e+00,1.6569390e-01,2.4970944e-02
6.2437985e+00,1.6666429e-01,6.6773923e-06
4.6417765e+00,1.6678385e-01,2.4813208e-02
6.3091396e+00,1.6687685e-01,6.5405905e-06
1.3954923e-01,1.6708947e-01,1.1420312e-06
6.9277467e+00,1.6719893e-01,8.2498254e-07
2.9332084e-01,1.6730864e-01,1.6920199e-06
7.9371090e+00,1.6739576e-01,4.3708586e-09
5.7423443e+00,1.6765166e-01,2.5156292e-05
2.7692667e-02,1.6780034e-01,1.3350038e-06
7.3421818e+00,1.6801141e-01,1.8527254e-07
7.5725560e+00,1.6825316e-01,5.7049414e-08
7.4551947e+00,1.6867705e-01,1.1870755e-07
7.6915781e+00,1.6960128e-01,2.5776106e-08
8.9946648e+00,1.6963811e-01,1.9073447e-13
5.0406914e+00,1.6988299e-01,8.6517537e-03
7.8136627e+00,1.6989597e-01,1.2165111e-08
5.9143353e+00,1.7076698e-01,1.6782387e-05
6.0298917e+00,1.7105511e-01,1.1259832e-05
6.5452884e-01,1.7125589e-01,2.2509349e-06
6.9999125e+00,1.7135229e-01,7.6111216e-07
1.9515800e-01,1.7144185e-01,1.2008657e-06
1.1408311e+00,1.7232421e-01,2.0885575e-06
3.0309428e+00,1.7382527e-01,1.8983154e-02
4.7592985e+00,1.7492633e-01,2.5389478e-02
1.2585260e+00,1.7502985e-01,2.1275914e-06
5.8049550e+00,1.7506405e-01,2.4383022e-05
1.4899527e+00,1.7547663e-01,2.2703327e-06
5.3091323e+00,1.7593169e-01,1.5877708e-03
5.1965388e+00,1.7684923e-01,3.7237503e-03
1.8353700e+00,1.7748689e-01,2.6740517e-06
9.9624582e+00,1.7911106e-01,4.0385648e-14
1.3727775e+00,1.7913278e-01,2.1557258e-06
1.9665594e+00,1.8015475e-01,2.8169285e-06
1.7643876e+00,1.8067430e-01,2.6992778e-06
1.0226704e+00,1.8145002e-01,2.0773626e-06
4.9368476e+00,1.8176754e-01,1.6861549e-02
5.5312838e-01,1.8424382e-01,2.2158386e-06
5.0894152e+00,1.8631803e-01,8.5733803e-03
9.0684310e-01,1.8636186e-01,2.1025387e-06
7.4834845e-01,1.8962358e-01,2.1000334e-06
3.8951587e-01,1.9498639e-01,1.8733196e-06
5.4755565e+00,1.9532608e-01,3.2450121e-04
5.4139046e+00,1.9805280e-01,5.8642430e-04
7.9975421e-01,1.9818094e-01,2.1379866e-06
4.8755898e+00,2.0030150e-01,2.0916322e-02
4.4745123e-01,2.0156245e-01,1.9654386e-06
4.9868544e+00,2.1018855e-01,1.6804589e-02
9.8206666e+00,2.1212548e-01,4.1689554e-14
3.1364428e+00,2.1433071e-01,1.8218421e-02
3.5910549e+00,2.1536164e-01,2.5108851e-02
9.7068914e+00,2.1877187e-01,3.9139124e-14
3.2496235e+00,2.1888151e-01,2.3673011e-02
9.2358930e+00,2.2025972e-01,5.1590708e-14
9.3537027e+00,2.2039602e-01,3.9071561e-14
8.6642755e+00,2.2048991e-01,5.8608794e-12
9.4718525e+00,2.2054737e-01,3.2500542e-14
9.5901421e+00,2.2069837e-01,3.3831699e-14
2.7952412e-01,2.2211540e-01,1.8200221e-06
3.4703406e+00,2.2240084e-01,2.4689827e-02
1.1175375e-01,2.2305860e-01,1.5281878e-06
5.7484737e-02,2.2337676e-01,1.3549908e-06
8.7762411e+00,2.2347274e-01,1.8683143e-12
8.1919867e+00,2.2394947e-01,9.4624720e-10
3.3590339e+00,2.2434751e-01,2.3626052e-02
6.1576577e+00,2.2442320e-01,1.4548054e-05
8.5451851e+00,2.2451269e-01,2.1259436e-11
6.2181541e+00,2.2476590e-01,1.3930180e-05
4.1656958e+00,2.2499491e-01,2.3264699e-02
2.2196159e-01,2.2523359e-01,1.4409874e-06
6.6199316e+00,2.2539056e-01,8.9540446e-06
6.5552715e+00,2.2561566e-01,8.9188973e-06
9.1206065e+00,2.2572183e-01,9.4900698e-14
8.0720816e+00,2.2588599e-01,3.5396215e-09
5.7276600e+00,2.2656901e-01,6.9475673e-05
3.8179712e+00,2.2659221e-01,2.5944981e-02
6.4427709e+00,2.2679872e-01,1.0296342e-05
3.9319614e+00,2.2720190e-01,2.5677141e-02
3.7087129e+00,2.2739325e-01,2.5243216e-02
6.3261167e+00,2.2742711e-01,1.3060383e-05
7.1262023e+00,2.2776199e-01,1.6959887e-06
5.6136640e+00,2.2802355e-01,1.4349357e-04
4.0470707e+00,2.2806584e-01,2.5278774e-02
6.9052978e+00,2.2882395e-01,2.7875068e-06
6.7757615e+00,2.2893452e-01,4.4298799e-06
4.2852742e+00,2.2904125e-01,2.5413606e-02
4.4015433e+00,2.2915858e-01,2.3496936e-02
3.0702371e+00,2.3040758e-01,1.8252511e-02
7.2385896e+00,2.3049583e-01,1.3221186e-06
8.4209656e+00,2.3096579e-01,8.1752624e-11
8.8858066e+00,2.3139942e-01,6.2445986e-13
4.5150304e+00,2.3153294e-01,2.5685189e-02
8.3035332e+00,2.3170219e-01,2.9412323e-10
6.0221870e+00,2.3198768e-01,3.2353608e-05
7.0167321e+00,2.3272884e-01,2.2455442e-06
7.9436938e+00,2.3277669e-01,1.3943484e-08
7.5752846e+00,2.3284010e-01,2.4800085e-07
7.3495207e+00,2.3368721e-01,9.2720336e-07
7.4604607e+00,2.3387332e-01,5.1222356e-07
7.6928560e+00,2.3490117e-01,1.1069990e-07
4.6297257e+00,2.3522377e-01,2.6158115e-02
1.6204015e+00,2.3586410e-01,2.2610357e-06
7.8153389e+00,2.3696739e-01,4.5933882e-08
5.9165387e+00,2.3758127e-01,4.3986432e-05
8.9945318e+00,2.3784742e-01,2.2290879e-13
5.8190690e+00,2.3941597e-01,6.1878181e-05
1.9323804e+00,2.3994125e-01,3.0217108e-06
1.8653144e+00,2.4029647e-01,2.8582455e-06
6.6811219e-01,2.4118391e-01,2.1288870e-06
9.9290547e+00,2.4172039e-01,4.1156338e-14
4.7441192e+00,2.4398852e-01,2.6883852e-02
1.7349680e+00,2.4497400e-01,2.4739661e-06
9.7621845e+00,2.4501402e-01,4.0105205e-14
5.1844828e+00,2.4540939e-01,6.4644273e-03
1.1494052e+00,2.4590458e-01,1.8653258e-06
5.2949759e+00,2.4636597e-01,3.0563690e-03
3.5277031e+00,2.4715957e-01,2.5186353e-02
1.4987106e+00,2.4782642e-01,2.1556371e-06
5.4994529e+00,2.4849589e-01,4.3319213e-04
1.2677025e+00,2.4854541e-01,1.9075830e-06
3.3013519e+00,2.5051837e-01,2.3702175e-02
7.2122919e-01,2.5102671e-01,2.0324887e-06
3.6499763e+00,2.5111811e-01,2.5369294e-02
9.8659530e+00,2.5207811e-01,4.1805185e-14
1.3831865e+00,2.5244048e-01,1.9345823e-06
9.6520114e+00,2.5255213e-01,3.5187324e-14
5.0853967e+00,2.5260525e-01,1.1215014e-02
9.1854330e+00,2.5288575e-01,6.7882749e-14
3.1855308e+00,2.5290293e-01,2.2068424e-02
3.8750953e+00,2.5313935e-01,2.6065499e-02
6.3829805e+00,2.5336053e-01,1.3147502e-05
9.3000913e+00,2.5339545e-01,4.3232921e-14
9.4176408e+00,2.5358532e-01,3.1009144e-14
5.4014280e+00,2.5362169e-01,1.3644901e-03
9.5356341e+00,2.5375342e-01,3.2548255e-14
8.7238980e+00,2.5409984e-01,4.9338202e-12
1.0342340e+00,2.5418203e-01,1.9301579e-06
8.6088436e+00,2.5461182e-01,1.7562471e-11
5.6799847e+00,2.5503322e-01,1.3992652e-04
5.6175626e-01,2.5508475e-01,2.1475670e-06
4.1055368e+00,2.5537651e-01,2.5009903e-02
6.8459911e+00,2.5634446e-01,4.3084000e-06
3.4123348e+00,2.5664147e-01,2.4668751e-02
8.1367705e+00,2.5688570e-01,3.1354910e-09
4.8622031e+00,2.5706851e-01,2.2225000e-02
7.0752028e+00,2.5922009e-01,2.2581991e-06
8.4876022e+00,2.5987066e-01,7.0855660e-11
6.2623955e+00,2.5997490e-01,1.6182934e-05
9.1726861e-01,2.6028676e-01,1.9969742e-06
6.5066004e+00,2.6065661e-01,1.1918396e-05
4.2234752e+00,2.6069665e-01,2.4443799e-02
8.8338348e+00,2.6075088e-01,1.5182467e-12
3.7612294e+00,2.6085473e-01,2.5811384e-02
4.3396069e+00,2.6100820e-01,2.6514919e-02
7.1873998e+00,2.6130747e-01,1.7338763e-06
8.2520651e+00,2.6132784e-01,8.2838092e-10
4.9808929e+00,2.6146690e-01,1.7185842e-02
3.6647849e-01,2.6189835e-01,1.9550322e-06
3.9897231e+00,2.6232902e-01,2.5385426e-02
4.4546152e+00,2.6269569e-01,2.4633719e-02
8.0100505e+00,2.6275079e-01,1.2803406e-08
5.9655904e+00,2.6395214e-01,4.4862989e-05
6.9644547e+00,2.6450292e-01,3.4230125e-06
7.2990109e+00,2.6489171e-01,1.3539756e-06
7.5212309e+00,2.6499871e-01,5.1039733e-07
7.6357458e+00,2.6528789e-01,2.4417714e-07
9.0613822e+00,2.6537453e-01,1.7257339e-13
8.3659543e+00,2.6557530e-01,2.6567219e-10
4.5695703e+00,2.6633516e-01,2.5154930e-02
7.4088483e+00,2.6641919e-01,9.3973083e-07
8.1141653e-01,2.6688152e-01,2.0232525e-06
6.1245520e+00,2.6692528e-01,3.2263005e-05
5.7783626e+00,2.6711809e-01,7.0675592e-05
5.5583282e+00,2.6726391e-01,4.2147579e-04
7.8808361e+00,2.6793708e-01,4.4789600e-08
1.6756804e+00,2.6809427e-01,2.3161220e-06
6.0629133e+00,2.6821587e-01,3.3207786e-05
7.7542126e+00,2.6874731e-01,1.0802159e-07
8.9410061e+00,2.6891297e-01,4.8109217e-13
3.1280758e-01,2.7025457e-01,1.9735127e-06
4.6033365e-01,2.7039176e-01,2.0991318e-06
6.6519287e+00,2.7120141e-01,1.1084194e-05
4.6845384e+00,2.7124791e-01,2.7478500e-02
5.8693922e+00,2.7212413e-01,6.2557674e-05
1.9712615e-01,2.7256556e-01,1.6203360e-06
6.7211940e+00,2.7456850e-01,1.0692109e-05
1.4252707e-01,2.7474295e-01,1.6228565e-06
5.2362816e+00,2.7744445e-01,6.4144002e-03
2.9792070e-02,2.7779864e-01,1.3526233e-06
1.5590152e+00,2.7820503e-01,2.1040977e-06
5.3491617e+00,2.7834839e-01,2.9871016e-03
5.1302743e+00,2.7869167e-01,1.1115968e-02
6.2212903e-01,2.8120459e-01,2.0862345e-06
4.7996900e+00,2.8160495e-01,2.5814237e-02
5.4521603e+00,2.8203050e-01,1.3323553e-03
1.2114157e+00,2.8281900e-01,1.8375733e-06
1.0938171e+00,2.8563871e-01,1.9226772e-06
1.4431389e+00,2.8661425e-01,1.9601766e-06
5.0307113e+00,2.8744856e-01,1.6792570e-02
1.3280636e+00,2.8812177e-01,1.8944670e-06
4.9174994e+00,2.8981289e-01,2.2283631e-02
3.0392943e+00,2.9187642e-01,1.5876995e-02
9.7752376e-01,2.9229864e-01,1.9155713e-06
7.5548749e-01,2.9455245e-01,2.0035439e-06
5.1095138e-01,2.9543794e-01,2.1366251e-06
8.6115473e-01,2.9563924e-01,2.0098576e-06
1.9658210e+00,2.9788174e-01,2.5957642e-06
9.9665965e+00,2.9790345e-01,3.9255782e-14
1.8317814e+00,2.9830589e-01,2.5978319e-06
1.7724175e+00,2.9979601e-01,2.4659539e-06
4.0715166e-01,3.0235872e-01,2.0703249e-06
9.7710249e+00,3.0757317e-01,3.9977001e-14
3.4130444e+00,3.1368867e-01,2.3995102e-02
3.5276431e+00,3.1400405e-01,2.4366416e-02
3.1832566e+00,3.1406377e-01,2.1440498e-02
9.8336453e+00,3.1504565e-01,4.1520829e-14
3.6442433e+00,3.1592397e-01,2.3811612e-02
2.2746243e-01,3.1900289e-01,1.8309312e-06
9.6590054e+00,3.1914633e-01,3.5440720e-14
3.7605395e+00,3.1936852e-01,2.3704812e-02
9.1939114e+00,3.1942933e-01,6.7535310e-14
2.8558134e-01,3.1981008e-01,1.9636614e-06
9.3083343e+00,3.1992970e-01,3.9505109e-14
6.2609302e+00,3.2002496e-01,4.4252462e-05
9.4251719e+00,3.2022454e-01,2.8640088e-14
3.8750208e+00,3.2032431e-01,2.4642135e-02
9.5429322e+00,3.2040421e-01,3.2643789e-14
8.6119049e+00,3.2052371e-01,3.0648623e-11
3.2971034e+00,3.2076662e-01,2.2687920e-02
3.9902109e+00,3.2112014e-01,2.4799012e-02
8.7273489e+00,3.2119971e-01,8.2747850e-12
6.5063915e+00,3.2165968e-01,2.7678482e-05
4.1055765e+00,3.2241969e-01,2.5690355e-02
6.3822711e+00,3.2250089e-01,3.4712433e-05
6.9654901e+00,3.2308598e-01,1.1536663e-05
5.6828498e+00,3.2364811e-01,3.0459347e-04
8.1395475e+00,3.2368984e-01,7.8600618e-09
7.0818263e+00,3.2371823e-01,8.6147197e-06
8.4923770e+00,3.2402209e-01,1.2445853e-10
5.9823978e+00,3.2418457e-01,7.3403884e-05
4.2205517e+00,3.2445441e-01,2.3768975e-02
6.8462750e+00,3.2514613e-01,1.5287274e-05
4.3346410e+00,3.2557674e-01,2.6005903e-02
9.0700673e+00,3.2602053e-01,1.8043570e-13
6.0394515e+00,3.2622964e-01,7.1909950e-05
8.2579549e+00,3.2675302e-01,2.2071158e-09
8.8392201e+00,3.2699545e-01,2.2298201e-12
4.4491576e+00,3.2744532e-01,2.4851507e-02
7.1948653e+00,3.2755168e-01,6.9828028e-06
5.5671909e+00,3.2783243e-01,7.1197199e-04
8.0157469e+00,3.2786451e-01,3.1752651e-08
6.1441575e+00,3.2787821e-01,5.8564404e-05
8.3738567e+00,3.2878394e-01,5.4257420e-10
7.5307130e+00,3.2959855e-01,1.6859538e-06
5.7868913e+00,3.3016976e-01,1.9813900e-04
7.6425907e+00,3.3037474e-01,8.9985624e-07
1.1866713e-01,3.3056279e-01,1.5473570e-06
7.3067459e+00,3.3058126e-01,5.1706233e-06
7.8859157e+00,3.3183535e-01,1.1459675e-07
7.4190316e+00,3.3193454e-01,3.4290279e-06
4.5668697e+00,3.3211005e-01,2.6685681e-02
7.7601129e+00,3.3265103e-01,3.7185644e-07
6.0201143e-02,3.3330033e-01,1.3549522e-06
5.4537206e+00,3.3426373e-01,1.9510503e-03
8.9487923e+00,3.3611100e-01,6.4578143e-13
6.6273265e+00,3.3613495e-01,2.5974886e-05
5.8839754e+00,3.3701232e-01,1.4250033e-04
4.6812930e+00,3.3763587e-01,2.7988440e-02
5.3447954e+00,3.4039994e-01,4.6876449e-03
6.7344416e+00,3.4055350e-01,2.7007807e-05
5.2355769e+00,3.4187692e-01,8.8237237e-03
1.6772052e+00,3.4262356e-01,2.1301794e-06
5.1262231e+00,3.4304283e-01,1.4070782e-02
4.7940001e+00,3.4426313e-01,2.6459242e-02
3.4709901e+00,3.4629252e-01,2.4203939e-02
5.0208933e+00,3.4662302e-01,1.9083644e-02
3.5852619e+00,3.4701198e-01,2.4157608e-02
9.7227259e+00,3.4792523e-01,3.7771943e-14
4.9101658e+00,3.4811476e-01,2.3136842e-02
1.5624933e+00,3.4975823e-01,1.8333480e-06
3.2431008e+00,3.5029060e-01,2.1998265e-02
3.7022900e+00,3.5071290e-01,2.3006327e-02
3.0726603e+00,3.5158581e-01,1.7926313e-02
3.3554950e+00,3.5164296e-01,2.3269501e-02
3.8172068e+00,3.5229096e-01,2.4536544e-02
9.1377700e+00,3.5291141e-01,1.2858823e-13
6.2822447e-01,3.5298804e-01,2.0298810e-06
3.9323747e+00,3.5317799e-01,2.4736647e-02
9.2526143e+00,3.5333754e-01,5.3691931e-14
8.6707877e+00,3.5350167e-01,2.5473312e-11
9.3694767e+00,3.5356949e-01,2.9350488e-14
9.4866816e+00,3.5383740e-01,3.0186121e-14
4.0475983e+00,3.5390015e-01,2.5498683e-02
9.6044342e+00,3.5394337e-01,3.3637415e-14
6.2027314e+00,3.5426144e-01,5.9091153e-05
8.5530212e+00,3.5457602e-01,1.0443530e-10
1.4445753e+00,3.5502271e-01,1.6813151e-06
4.1628121e+00,3.5579585e-01,2.5472892e-02
7.0243910e+00,3.5581004e-01,1.1773642e-05
1.2150650e+00,3.5595175e-01,1.7515702e-06
1.0962132e+00,3.5602825e-01,1.8579255e-06
8.2006536e+00,3.5617878e-01,7.0222673e-09
6.9066172e+00,3.5620867e-01,1.5287862e-05
6.3239419e+00,3.5661753e-01,4.5019528e-05
8.7850774e+00,3.5681718e-01,6.4824320e-12
6.4418526e+00,3.5694215e-01,3.5320971e-05
5.6253918e+00,3.5720696e-01,6.8940446e-04
7.4689458e-01,3.5727238e-01,1.9709215e-06
1.3306934e+00,3.5731645e-01,1.7536818e-06
4.2773848e+00,3.5736755e-01,2.4844537e-02
1.9314693e+00,3.5737560e-01,2.8106353e-06
1.8644958e+00,3.5744453e-01,2.6572346e-06
3.1365918e+00,3.5745409e-01,2.1165885e-02
9.9328904e+00,3.5748249e-01,3.8653609e-14
8.0805550e+00,3.5780385e-01,2.8751091e-08
5.7390538e+00,3.5823558e-01,3.0225235e-04
8.4336428e+00,3.5832586e-01,4.5490919e-10
4.3911197e+00,3.5847675e-01,2.6564201e-02
7.1402913e+00,3.5850434e-01,8.7428179e-06
1.7365853e+00,3.5889953e-01,2.1436896e-06
9.7833096e-01,3.5948436e-01,1.9206610e-06
6.5666839e+00,3.6024664e-01,2.8029235e-05
8.3173255e+00,3.6033600e-01,1.9477593e-09
5.5098758e+00,3.6129763e-01,1.9104134e-03
5.1160436e-01,3.6142621e-01,2.1851042e-06
6.0855129e+00,3.6162417e-01,7.9407038e-05
7.9544698e+00,3.6178869e-01,1.0576833e-07
4.5068722e+00,3.6205746e-01,2.4686324e-02
7.2537901e+00,3.6242959e-01,7.1333731e-06
7.5916116e+00,3.6252679e-01,1.6595574e-06
5.9479293e+00,3.6270188e-01,1.4189535e-04
8.6176431e-01,3.6296214e-01,1.9363250e-06
6.7892931e+00,3.6372120e-01,2.7411875e-05
7.7056013e+00,3.6389175e-01,9.0182704e-07
7.4801261e+00,3.6398851e-01,3.4487075e-06
9.8630409e+00,3.6426697e-01,3.9522829e-14
4.0194421e-01,3.6473624e-01,2.0829791e-06
7.8263188e+00,3.6476939e-01,3.5477776e-07
8.8989782e+00,3.6484202e-01,1.6598723e-12
7.3674390e+00,3.6489211e-01,5.2385398e-06
9.0110031e+00,3.6569145e-01,4.9209450e-13
5.8421809e+00,3.6735584e-01,1.9783535e-04
4.6237797e+00,3.6738663e-01,2.7365202e-02
5.3986221e+00,3.6790647e-01,4.5548593e-03
2.0573763e-01,3.7098886e-01,1.8615058e-06
5.2899050e+00,3.7284999e-01,8.6588800e-03
4.7351838e+00,3.7303467e-01,2.6765656e-02
5.1797269e+00,3.7419303e-01,1.4014133e-02
2.9886562e-01,3.7424888e-01,1.9183085e-06
5.0715276e+00,3.7613087e-01,1.9013188e-02
6.6800954e+00,3.7647159e-01,3.1319782e-05
4.8491796e+00,3.7802856e-01,2.5892909e-02
4.9637414e+00,3.7894323e-01,2.2972723e-02
1.5154141e-01,3.8037138e-01,1.7621294e-06
1.6254044e+00,3.8194659e-01,1.8251136e-06
1.5036252e+00,3.8778808e-01,1.6986315e-06
3.0409073e-02,3.8883502e-01,1.5781426e-06
6.8737837e-01,3.8916966e-01,1.9698208e-06
1.1554505e+00,3.8942687e-01,1.7137457e-06
1.3872527e+00,3.9004362e-01,1.6928212e-06
1.2739815e+00,3.9087284e-01,1.8080514e-06
1.0374372e+00,3.9175728e-01,1.9569197e-06
5.6850468e-01,3.9285647e-01,2.0579846e-06
9.1868539e-01,3.9479538e-01,1.8906255e-06
8.0343321e-01,3.9692435e-01,1.9156828e-06
3.4711494e-01,3.9851299e-01,1.9438827e-06
4.5577919e-01,3.9875754e-01,2.1743150e-06
2.4494708e-01,4.0749015e-01,1.9118152e-06
3.4719350e+00,4.1149517e-01,2.5027165e-02
3.2308981e+00,4.1240288e-01,2.1876044e-02
9.9662939e+00,4.1252022e-01,3.4048134e-14
3.0333660e+00,4.1265056e-01,1.9383508e-02
3.3625191e+00,4.1324227e-01,2.4071903e-02
3.5852561e+00,4.1392457e-01,2.4450325e-02
9.7261105e+00,4.1579819e-01,3.8086559e-14
3.7008664e+00,4.1590436e-01,2.4359796e-02
1.7632101e+00,4.1659337e-01,2.1393439e-06
1.8317567e+00,4.1662848e-01,2.4584000e-06
1.9656483e+00,4.1663672e-01,2.9168194e-06
3.8166931e+00,4.1787228e-01,2.5672620e-02
3.1651257e+00,4.1851881e-01,2.2229510e-02
3.9319367e+00,4.1871234e-01,2.4972468e-02
4.0470982e+00,4.1946943e-01,2.4417756e-02
9.8366577e+00,4.2056118e-01,3.8536414e-14
9.1376026e+00,4.2078135e-01,1.4457796e-13
9.2553191e+00,4.2080876e-01,5.0905126e-14
4.1621443e+00,4.2092726e-01,2.5362999e-02
9.3724879e+00,4.2099847e-01,2.8245159e-14
9.4897302e+00,4.2127212e-01,2.9273855e-14
6.0851149e+00,4.2129713e-01,1.7765326e-04
9.6074465e+00,4.2138526e-01,3.3671979e-14
8.6708031e+00,4.2143268e-01,3.9256970e-11
8.5531600e+00,4.2152139e-01,1.7937426e-10
6.9079092e+00,4.2233721e-01,4.4921390e-05
4.2767076e+00,4.2234990e-01,2.5225856e-02
8.2016894e+00,4.2235413e-01,1.5673235e-08
7.0244843e+00,4.2277271e-01,3.7283742e-05
8.4356708e+00,4.2288701e-01,7.9498055e-10
8.7872330e+00,4.2310976e-01,8.9925713e-12
8.0828889e+00,4.2323947e-01,6.2686087e-08
4.3909083e+00,4.2377763e-01,2.5647271e-02
8.3187316e+00,4.2396983e-01,3.7144296e-09
5.6259458e+00,4.2401485e-01,1.3320072e-03
6.2069231e+00,4.2404564e-01,1.3391198e-04
5.9657613e+00,4.2424685e-01,2.3713524e-04
7.1415605e+00,4.2463245e-01,2.9553600e-05
5.7392583e+00,4.2498087e-01,5.7937449e-04
5.5117028e+00,4.2528317e-01,3.1196446e-03
6.3246661e+00,4.2551166e-01,1.1215933e-04
7.9604604e+00,4.2577050e-01,2.4311575e-07
7.8350122e+00,4.2701388e-01,8.5606349e-07
6.4423944e+00,4.2704459e-01,9.3873243e-05
7.2580935e+00,4.2749800e-01,2.1818844e-05
7.6017973e+00,4.2753825e-01,5.2492436e-06
4.5059250e+00,4.2761645e-01,2.5053877e-02
9.0200735e+00,4.2769599e-01,5.2298021e-13
7.7140230e+00,4.2844242e-01,2.5078920e-06
7.4884863e+00,4.2908929e-01,1.0072780e-05
5.8522064e+00,4.2950590e-01,3.4566018e-04
7.3737518e+00,4.3001730e-01,1.5970814e-05
8.9029301e+00,4.3001789e-01,2.1561118e-12
5.3993782e+00,4.3113950e-01,6.4543467e-03
6.5616624e+00,4.3312982e-01,8.6639663e-05
4.6210666e+00,4.3400556e-01,2.6375041e-02
6.7934774e+00,4.3427769e-01,6.8360471e-05
4.7336121e+00,4.3771646e-01,2.7143174e-02
5.2899883e+00,4.3777930e-01,1.1544713e-02
6.6791998e+00,4.3888298e-01,7.9096005e-05
5.1795716e+00,4.3893812e-01,1.6773227e-02
5.0693729e+00,4.3969391e-01,2.1056581e-02
4.8455428e+00,4.4019733e-01,2.6445930e-02
3.4210134e+00,4.4049063e-01,2.4985381e-02
4.9582829e+00,4.4058570e-01,2.4441019e-02
1.2873704e-01,4.4291655e-01,1.8348789e-06
9.7777246e+00,4.4477627e-01,3.6736725e-14
3.5285822e+00,4.4611930e-01,2.4564441e-02
3.6428139e+00,4.4802802e-01,2.4019449e-02
6.6070691e-02,4.4864266e-01,1.6377319e-06
3.7586021e+00,4.5014130e-01,2.6051982e-02
3.8740690e+00,4.5143998e-01,2.5183740e-02
3.9892728e+00,4.5222378e-01,2.4796543e-02
4.1044087e+00,4.5312039e-01,2.4451987e-02
6.0267448e+00,4.5385364e-01,2.3723627e-04
1.6251365e+00,4.5390636e-01,1.7323562e-06
9.6654023e+00,4.5446118e-01,3.5346321e-14
4.2192067e+00,4.5456817e-01,2.5488625e-02
9.1964488e+00,4.5477050e-01,1.0751899e-13
9.3140503e+00,4.5482990e-01,3.6838679e-14
9.4312317e+00,4.5508825e-01,2.6188953e-14
9.5489931e+00,4.5528083e-01,2.9855985e-14
8.1429172e+00,4.5530081e-01,5.6556678e-08
8.6120591e+00,4.5540009e-01,1.4480925e-10
8.7295200e+00,4.5542330e-01,3.0701866e-11
8.4945438e+00,4.5552860e-01,6.6117899e-10
1.5040806e+00,4.5580664e-01,1.6392667e-06
4.3337523e+00,4.5585996e-01,2.5626455e-02
9.0789703e+00,4.5589501e-01,3.8116894e-13
6.9668754e+00,4.5617718e-01,4.5185736e-05
8.2603969e+00,4.5656219e-01,1.3795478e-08
7.0831888e+00,4.5680900e-01,3.8113766e-05
8.3772908e+00,4.5697892e-01,3.1462473e-09
5.6836083e+00,4.5720129e-01,1.3241654e-03
8.0240714e+00,4.5728194e-01,2.2335000e-07
6.1479512e+00,4.5733538e-01,1.7855342e-04
1.3871356e+00,4.5752725e-01,1.6906484e-06
7.9005997e+00,4.5806165e-01,8.1151890e-07
1.2721593e+00,4.5807140e-01,1.7277294e-06
4.4479989e+00,4.5830518e-01,2.5563430e-02
1.1549219e+00,4.5840008e-01,1.6436511e-06
8.8453277e+00,4.5846390e-01,6.7944097e-12
5.5695719e+00,4.5862584e-01,3.0690537e-03
6.2658461e+00,4.5870331e-01,1.3585210e-04
7.2004379e+00,4.5874820e-01,3.0097033e-05
5.7971213e+00,4.5906512e-01,5.6409254e-04
7.7772280e+00,4.5944619e-01,2.4615648e-06
7.5492589e+00,4.5971080e-01,1.0039130e-05
7.6611981e+00,4.5993688e-01,5.2012828e-06
1.0363046e+00,4.6013697e-01,1.8089744e-06
5.9118329e+00,4.6070735e-01,3.4776669e-04
7.3173621e+00,4.6077485e-01,2.2187566e-05
5.4563038e+00,4.6148229e-01,6.3731189e-03
6.3835371e+00,4.6149747e-01,1.1404862e-04
9.1888917e-01,4.6181681e-01,1.8709214e-06
6.8517513e+00,4.6183116e-01,6.9467861e-05
7.4337046e+00,4.6216051e-01,1.6218511e-05
5.6981920e-01,4.6237627e-01,2.0555380e-06
6.8599172e-01,4.6239487e-01,1.9466592e-06
8.0207354e-01,4.6300071e-01,1.8454259e-06
3.3247437e+00,4.6326203e-01,2.4718436e-02
8.9618146e+00,4.6329141e-01,1.6373494e-12
2.3706004e-01,4.6353313e-01,1.9798427e-06
4.5632095e+00,4.6428797e-01,2.5597864e-02
3.2676136e+00,4.6453407e-01,2.4165620e-02
6.5019119e+00,4.6464530e-01,9.5741510e-05
4.5490071e-01,4.6478260e-01,2.1496746e-06
3.4454841e-01,4.6713487e-01,1.9355447e-06
5.3456349e+00,4.6856227e-01,1.1495490e-02
4.6770082e+00,4.6893660e-01,2.6049892e-02
4.7887915e+00,4.7111369e-01,2.7424432e-02
5.1239132e+00,4.7135095e-01,2.0929883e-02
6.6214094e+00,4.7142951e-01,9.0089393e-05
5.2355049e+00,4.7155131e-01,1.6800408e-02
3.1350185e+00,4.7160431e-01,2.1944329e-02
3.0671903e+00,4.7160434e-01,2.0256846e-02
5.0132802e+00,4.7182853e-01,2.4493207e-02
9.9337022e+00,4.7187948e-01,3.6626153e-14
4.9010706e+00,4.7192601e-01,2.6469895e-02
9.8739155e+00,4.7313596e-01,3.8959615e-14
6.7377304e+00,4.7352138e-01,8.0817289e-05
1.7359207e+00,4.7410733e-01,1.9896398e-06
1.8650252e+00,4.7597385e-01,2.5352575e-06
1.9319433e+00,4.7605101e-01,3.3713119e-06
1.7504622e-01,4.8957701e-01,1.9411127e-06
1.5626808e+00,4.8973656e-01,1.6024016e-06
1.6762172e+00,4.9025469e-01,1.6936487e-06
1.4449136e+00,4.9052490e-01,1.7226530e-06
1.3287541e+00,4.9199864e-01,1.6815314e-06
1.2127142e+00,4.9212353e-01,1.7944094e-06
1.0945519e+00,4.9338115e-01,1.5730199e-06
9.7740206e-01,4.9488549e-01,1.9676511e-06
6.2815234e-01,4.9573303e-01,1.9895580e-06
8.6060842e-01,4.9605994e-01,1.7289762e-06
7.4414827e-01,4.9657395e-01,1.8865623e-06
5.1204040e-01,4.9697106e-01,2.0236912e-06
2.8841205e-01,4.9891373e-01,2.0044464e-06
3.9849920e-01,4.9938317e-01,2.0903246e-06
3.5661617e-02,5.0425208e-01,1.6845021e-06
3.4203422e+00,5.0839595e-01,2.4743086e-02
3.5296863e+00,5.1235014e-01,2.4334227e-02
3.6426331e+00,5.1488449e-01,2.4749880e-02
3.7580351e+00,5.1641405e-01,2.4594173e-02
9.7784692e+00,5.1683246e-01,3.8477177e-14
3.8735891e+00,5.1777606e-01,2.3985800e-02
3.9888239e+00,5.1867457e-01,2.3403730e-02
4.1039385e+00,5.1945581e-01,2.3563460e-02
4.2187166e+00,5.2020647e-01,2.4410139e-02
4.3334029e+00,5.2163966e-01,2.5409726e-02
9.6655012e+00,5.2224040e-01,3.3732881e-14
9.1964280e+00,5.2268661e-01,1.1641199e-13
9.3139655e+00,5.2275147e-01,3.6638398e-14
6.0306862e+00,5.2289098e-01,4.1599221e-04
9.4316038e+00,5.2290995e-01,2.4821174e-14
9.5492899e+00,5.2308941e-01,2.8030695e-14
8.6121441e+00,5.2324329e-01,2.1361730e-10
8.1429416e+00,5.2324917e-01,1.2047616e-07
8.7295194e+00,5.2326291e-01,4.2541624e-11
8.0252867e+00,5.2334618e-01,5.0280510e-07
8.4948074e+00,5.2334854e-01,1.0700105e-09
8.2604007e+00,5.2341116e-01,2.6672325e-08
5.7990106e+00,5.2349060e-01,1.0206363e-03
8.3776069e+00,5.2352427e-01,5.4933085e-09
5.9145958e+00,5.2359719e-01,5.6401568e-04
7.9054029e+00,5.2361370e-01,1.8723419e-06
9.0792302e+00,5.2394491e-01,4.5127725e-13
6.9676752e+00,5.2422688e-01,1.1712007e-04
7.7839968e+00,5.2456582e-01,5.8977051e-06
7.0834764e+00,5.2462590e-01,9.6978781e-05
8.8463083e+00,5.2474261e-01,8.9610794e-12
3.3633565e+00,5.2476931e-01,2.4864946e-02
6.1481168e+00,5.2482687e-01,3.4292843e-04
7.2009169e+00,5.2486502e-01,7.8066502e-05
5.6846755e+00,5.2493076e-01,2.4727604e-03
4.4484720e+00,5.2499437e-01,2.5647316e-02
7.6675333e+00,5.2517830e-01,1.3924874e-05
7.5532900e+00,5.2549082e-01,2.4912830e-05
8.9624921e+00,5.2595124e-01,1.9082128e-12
7.3185813e+00,5.2609843e-01,5.8710077e-05
7.4361698e+00,5.2675761e-01,4.0312142e-05
5.5714140e+00,5.2727445e-01,5.4522441e-03
3.2362212e+00,5.2848172e-01,2.3839922e-02
6.2665711e+00,5.2879848e-01,2.8888828e-04
3.1693984e+00,5.2943603e-01,2.2395719e-02
3.0338243e+00,5.2954202e-01,2.0775228e-02
9.9674083e+00,5.2994749e-01,3.9365990e-14
5.4596385e+00,5.3085764e-01,9.7684868e-03
4.5625700e+00,5.3127085e-01,2.6269823e-02
9.8385167e+00,5.3161328e-01,4.0325382e-14
6.3842626e+00,5.3208451e-01,2.5079011e-04
6.8538600e+00,5.3334290e-01,1.5188446e-04
5.3472944e+00,5.3383026e-01,1.5115095e-02
4.6757613e+00,5.3433983e-01,2.6811317e-02
4.7882135e+00,5.3494752e-01,2.7825973e-02
4.8999707e+00,5.3528810e-01,2.7093187e-02
1.9662950e+00,5.3560477e-01,3.5417046e-06
5.0116986e+00,5.3561051e-01,2.5923005e-02
5.1236718e+00,5.3607622e-01,2.3160956e-02
6.5026081e+00,5.3631070e-01,2.2269550e-04
5.2359102e+00,5.3657609e-01,1.9897577e-02
1.7704247e+00,5.3799790e-01,1.9167989e-06
6.6212548e+00,5.3971086e-01,2.0050194e-04
1.8309826e+00,5.3982929e-01,2.2027212e-06
6.7388286e+00,5.4088390e-01,1.8114744e-04
3.4723679e+00,5.4563134e-01,2.3937999e-02
3.5861793e+00,5.4701188e-01,2.4809872e-02
3.7001186e+00,5.4903357e-01,2.4827287e-02
3.8156462e+00,5.5048110e-01,2.3894735e-02
3.9310078e+00,5.5149921e-01,2.3715276e-02
4.0461790e+00,5.5225564e-01,2.3687105e-02
4.1611840e+00,5.5290098e-01,2.4008120e-02
4.2758681e+00,5.5376791e-01,2.5059868e-02
1.6926159e-01,5.5472553e-01,1.9270315e-06
9.7269541e+00,5.5563360e-01,3.5048706e-14
5.9724657e+00,5.5617403e-01,5.6218286e-04
4.3910320e+00,5.5624653e-01,2.5419157e-02
9.2552135e+00,5.5664646e-01,7.6435284e-14
9.3727753e+00,5.5674174e-01,2.7901720e-14
9.1378418e+00,5.5674736e-01,3.4085480e-13
5.8568585e+00,5.5682122e-01,9.9821770e-04
9.4903992e+00,5.5690240e-01,2.2965048e-14
9.6078422e+00,5.5697305e-01,2.8609373e-14
8.6708876e+00,5.5711549e-01,1.6804226e-10
5.7422147e+00,5.5713583e-01,2.3627261e-03
8.2017176e+00,5.5715146e-01,1.0700969e-07
8.5535087e+00,5.5718454e-01,8.7744655e-10
8.7882131e+00,5.5722807e-01,3.4138121e-11
8.0841285e+00,5.5725207e-01,4.5415762e-07
8.4362505e+00,5.5725230e-01,4.5724148e-09
8.3190515e+00,5.5736415e-01,2.2897769e-08
7.9664788e+00,5.5738678e-01,1.7290663e-06
7.8465842e+00,5.5768556e-01,5.6808073e-06
6.0892220e+00,5.5782596e-01,4.1819323e-04
1.5624220e+00,5.5796577e-01,1.5209821e-06
1.4454498e+00,5.5839154e-01,1.7080750e-06
9.0210110e+00,5.5840571e-01,1.4356231e-12
7.6121637e+00,5.5855970e-01,2.4911669e-05
7.1423271e+00,5.5856615e-01,9.8778259e-05
7.0255717e+00,5.5863929e-01,1.1871829e-04
7.7271270e+00,5.5880347e-01,1.3821625e-05
7.2597917e+00,5.5893839e-01,7.9246752e-05
8.9045883e+00,5.5895643e-01,6.6750905e-12
1.3280895e+00,5.5939064e-01,1.7154555e-06
7.4949826e+00,5.5946642e-01,4.0631628e-05
1.6726331e+00,5.5959190e-01,1.5419805e-06
6.1592784e-02,5.5980764e-01,1.8170583e-06
7.3774361e+00,5.5993798e-01,5.9574524e-05
1.2109925e+00,5.6035565e-01,1.8920766e-06
5.6288551e+00,5.6039293e-01,5.3419560e-03
4.5057586e+00,5.6128852e-01,2.6198292e-02
1.0941864e+00,5.6130886e-01,1.5946929e-06
6.2078137e+00,5.6163231e-01,3.4870867e-04
6.9108177e+00,5.6189864e-01,1.5370609e-04
9.7761995e-01,5.6221542e-01,2.0874956e-06
8.6116204e-01,5.6309506e-01,1.6572509e-06
6.2835369e-01,5.6323636e-01,2.0018312e-06
5.5168796e+00,5.6330712e-01,9.6883057e-03
7.4454506e-01,5.6341145e-01,1.9166507e-06
5.1253223e-01,5.6374341e-01,1.9743684e-06
2.8558367e-01,5.6460531e-01,2.0142734e-06
3.9827137e-01,5.6522758e-01,2.0437842e-06
5.4043724e+00,5.6578284e-01,1.4987030e-02
6.3261166e+00,5.6619388e-01,2.9210403e-04
4.6191803e+00,5.6639168e-01,2.6521029e-02
4.7317872e+00,5.6695352e-01,2.6851622e-02
4.8438650e+00,5.6739326e-01,2.7662673e-02
4.9556014e+00,5.6772978e-01,2.7202230e-02
5.2920531e+00,5.6807207e-01,1.9665980e-02
5.0675499e+00,5.6820116e-01,2.5708438e-02
5.1797355e+00,5.6868817e-01,2.3089671e-02
6.4438162e+00,5.6929703e-01,2.5221402e-04
6.5622041e+00,5.7307656e-01,2.2869059e-04
6.7966844e+00,5.7315195e-01,1.8478925e-04
6.6801435e+00,5.7452685e-01,2.0448449e-04
1.1847450e-01,5.8219301e-01,1.8859957e-06
3.3399771e+00,5.8458206e-01,2.4028407e-02
3.2699719e+00,5.8702243e-01,2.3752191e-02
1.7308604e+00,5.8750594e-01,1.6047002e-06
3.1353286e+00,5.8793642e-01,2.2137846e-02
3.0675826e+00,5.8804238e-01,2.1408291e-02
9.9344555e+00,5.8956409e-01,3.8755798e-14
9.8653507e+00,5.8997339e-01,3.7477910e-14
1.6212935e+00,5.9147278e-01,1.5333030e-06
1.5043580e+00,5.9190249e-01,1.7904696e-06
1.3870072e+00,5.9278589e-01,1.8386571e-06
1.2697730e+00,5.9369553e-01,1.8268681e-06
2.2844702e-01,5.9437322e-01,1.9759805e-06
1.1528347e+00,5.9455991e-01,1.7874145e-06
1.9340656e+00,5.9477999e-01,3.3839149e-06
1.0361569e+00,5.9539461e-01,1.7664764e-06
9.1966067e-01,5.9618187e-01,2.0435917e-06
5.7051237e-01,5.9665194e-01,1.8948656e-06
6.8658985e-01,5.9673570e-01,1.9181059e-06
8.0302395e-01,5.9687335e-01,1.7073006e-06
4.5516472e-01,5.9739936e-01,2.0013099e-06
3.4149220e-01,5.9867085e-01,2.0439523e-06
1.8656713e+00,5.9908168e-01,2.1568148e-06
3.4795166e+00,6.0842907e-01,2.3824113e-02
2.5931166e-02,6.1111111e-01,1.6773527e-06
3.5869731e+00,6.1337837e-01,2.3947350e-02
3.6996786e+00,6.1601278e-01,2.2534776e-02
3.8151686e+00,6.1708793e-01,2.2598549e-02
3.9305597e+00,6.1795021e-01,2.3673004e-02
4.0458749e+00,6.1852500e-01,2.4004806e-02
4.1609879e+00,6.1894000e-01,2.4857796e-02
4.2755215e+00,6.1963654e-01,2.4560761e-02
5.8569718e+00,6.2261003e-01,1.7738412e-03
4.3907426e+00,6.2269050e-01,2.5833650e-02
5.9720571e+00,6.2324000e-01,8.9358252e-04
9.2552156e+00,6.2450130e-01,8.0547559e-14
9.3727598e+00,6.2456290e-01,2.6368053e-14
9.1380494e+00,6.2466379e-01,3.7552633e-13
9.4902270e+00,6.2469813e-01,2.0715406e-14
5.7429272e+00,6.2472581e-01,4.1877415e-03
9.6073924e+00,6.2473704e-01,2.6012674e-14
9.7269865e+00,6.2481151e-01,3.1343273e-14
8.6709127e+00,6.2488764e-01,2.4403112e-10
8.5535885e+00,6.2492676e-01,1.3148768e-09
8.7882263e+00,6.2495317e-01,4.5457126e-11
8.3190784e+00,6.2497103e-01,3.9902017e-08
8.4363458e+00,6.2497270e-01,7.4053015e-09
8.2017194e+00,6.2500641e-01,2.0384526e-07
8.0841649e+00,6.2514009e-01,9.3713349e-07
9.0213198e+00,6.2529556e-01,1.7490257e-12
8.9050266e+00,6.2539449e-01,8.4417947e-12
7.9664401e+00,6.2584402e-01,3.7911148e-06
7.1424392e+00,6.2636807e-01,2.2510876e-04
6.0886163e+00,6.2636897e-01,6.8631233e-04
7.3775047e+00,6.2663898e-01,1.3918552e-04
7.4949113e+00,6.2668976e-01,9.5301186e-05
7.2598543e+00,6.2672445e-01,1.8563622e-04
7.6127606e+00,6.2679388e-01,5.8251675e-05
7.0258271e+00,6.2696401e-01,2.6476428e-04
7.8486169e+00,6.2765870e-01,1.3184512e-05
7.7306099e+00,6.2766435e-01,3.1388195e-05
4.5057015e+00,6.2821336e-01,2.6452469e-02
5.6302361e+00,6.2845318e-01,8.4592388e-03
4.6188670e+00,6.3117091e-01,2.7012769e-02
4.7311705e+00,6.3143873e-01,2.7191773e-02
4.8432415e+00,6.3190301e-01,2.8190319e-02
5.5186181e+00,6.3209004e-01,1.3659298e-02
4.9552994e+00,6.3240240e-01,2.7463330e-02
6.9106128e+00,6.3266674e-01,3.1346426e-04
5.4057516e+00,6.3267121e-01,1.8779331e-02
5.2921109e+00,6.3284968e-01,2.2182446e-02
5.0672790e+00,6.3295527e-01,2.6623205e-02
5.1795548e+00,6.3346884e-01,2.4451810e-02
6.2093189e+00,6.3355513e-01,6.0382267e-04
6.3280698e+00,6.3743129e-01,5.2504746e-04
6.4446841e+00,6.3945477e-01,4.7165165e-04
6.7953650e+00,6.4003698e-01,3.6867851e-04
6.5624873e+00,6.4142100e-01,4.3680455e-04
3.5376288e+00,6.4151436e-01,2.3999095e-02
6.6796765e+00,6.4184905e-01,4.0287706e-04
3.3752452e+00,6.4330363e-01,2.3939169e-02
3.1693072e+00,6.4616546e-01,2.2988174e-02
3.2371277e+00,6.4620578e-01,2.3930353e-02
3.0337583e+00,6.4673565e-01,2.2155848e-02
9.8379553e+00,6.4783173e-01,3.5131813e-14
9.9670472e+00,6.4785189e-01,3.8270924e-14
3.6429869e+00,6.4823019e-01,2.2282501e-02
3.4384478e+00,6.4997111e-01,2.3796372e-02
3.7571175e+00,6.5000008e-01,2.2125166e-02
1.7365753e+00,6.5039982e-01,1.5966264e-06
3.8726634e+00,6.5083388e-01,2.3305958e-02
3.9880716e+00,6.5139492e-01,2.3923625e-02
4.1034383e+00,6.5176418e-01,2.4133942e-02
4.2181738e+00,6.5211413e-01,2.4719145e-02
1.1889829e-01,6.5229500e-01,1.9231938e-06
4.3327670e+00,6.5395227e-01,2.4254516e-02
1.9677706e+00,6.5441331e-01,3.4454891e-06
5.9143005e+00,6.5645197e-01,1.7022926e-03
5.7998363e+00,6.5686939e-01,4.1122624e-03
4.4481256e+00,6.5836318e-01,2.5952133e-02
9.3139520e+00,6.5842747e-01,5.4474293e-14
9.1966377e+00,6.5845788e-01,2.5077887e-13
6.0296720e+00,6.5849994e-01,8.7702712e-04
9.4314161e+00,6.5852683e-01,2.0331357e-14
9.5486679e+00,6.5864913e-01,2.0547962e-14
1.8422805e+00,6.5866987e-01,1.9577872e-06
9.0797466e+00,6.5875117e-01,1.2724773e-12
8.6122490e+00,6.5875767e-01,1.0650153e-09
8.7295576e+00,6.5876015e-01,1.9242992e-10
8.4949825e+00,6.5881116e-01,5.9819928e-09
8.3777291e+00,6.5885154e-01,3.3395412e-08
1.6222814e+00,6.5886389e-01,1.5896665e-06
8.2604294e+00,6.5887299e-01,1.7603065e-07
8.8467598e+00,6.5890576e-01,3.3373042e-11
8.1429797e+00,6.5899213e-01,8.4858104e-07
9.6650838e+00,6.5918229e-01,2.7389417e-14
8.9632392e+00,6.5927914e-01,6.4314039e-12
8.0252843e+00,6.5969144e-01,3.5081054e-06
1.5048744e+00,6.5977288e-01,1.9201293e-06
2.2797997e-01,6.5982689e-01,1.9936396e-06
7.2010917e+00,6.6045299e-01,2.3000776e-04
5.6867690e+00,6.6058100e-01,8.2966343e-03
7.3187125e+00,6.6058549e-01,1.8820270e-04
1.3875022e+00,6.6059295e-01,2.0214916e-06
7.4361670e+00,6.6068195e-01,1.4038796e-04
7.0838440e+00,6.6075253e-01,2.6946715e-04
7.5538156e+00,6.6094834e-01,9.5809557e-05
1.2702791e+00,6.6142017e-01,1.9102780e-06
7.9073968e+00,6.6204409e-01,1.2718424e-05
1.1533131e+00,6.6206752e-01,1.7968711e-06
7.6716131e+00,6.6227336e-01,5.8432358e-05
1.0366463e+00,6.6259960e-01,1.8553464e-06
9.7783012e+00,6.6275579e-01,3.1811737e-14
5.7045825e-01,6.6279714e-01,1.8792022e-06
4.5621996e+00,6.6297492e-01,2.5826990e-02
4.5532815e-01,6.6324233e-01,2.0897379e-06
9.2023244e-01,6.6326358e-01,2.0430233e-06
6.9677257e+00,6.6331970e-01,3.1814474e-04
7.7895124e+00,6.6339985e-01,3.0913169e-05
4.6748313e+00,6.6360428e-01,2.6908768e-02
8.0365593e-01,6.6377954e-01,1.7430938e-06
4.7869733e+00,6.6394247e-01,2.6585927e-02
3.4137645e-01,6.6407289e-01,2.0802306e-06
5.5745336e+00,6.6411762e-01,1.3427268e-02
6.8764539e-01,6.6425173e-01,1.8983071e-06
4.8990452e+00,6.6447047e-01,2.7774868e-02
5.0111257e+00,6.6503725e-01,2.6958473e-02
6.1490163e+00,6.6529270e-01,7.0893307e-04
5.3487315e+00,6.6549623e-01,2.2310457e-02
5.1232202e+00,6.6561100e-01,2.6452281e-02
5.2357874e+00,6.6613437e-01,2.4480534e-02
5.4627561e+00,6.6652892e-01,1.8594092e-02
6.2016574e-02,6.6694667e-01,1.7482937e-06
6.8523358e+00,6.7099603e-01,3.7426621e-04
6.2700295e+00,6.7195872e-01,6.0421062e-04
6.3870837e+00,6.7347966e-01,5.3949123e-04
6.5037593e+00,6.7481288e-01,4.8049624e-04
6.7370423e+00,6.7509114e-01,4.1372362e-04
6.6210711e+00,6.7537750e-01,4.4489145e-04
1.7859619e+00,6.8028888e-01,1.6937626e-06
1.6793358e+00,6.8987689e-01,1.5774812e-06
1.6921833e-01,6.9028120e-01,2.0572091e-06
1.5639262e+00,6.9322727e-01,1.7155994e-06
1.4464611e+00,6.9406899e-01,2.2353374e-06
1.3290906e+00,6.9492234e-01,1.7882161e-06
2.8500086e-01,6.9546102e-01,2.0436188e-06
1.2119770e+00,6.9558790e-01,1.9788068e-06
5.1264154e-01,6.9573159e-01,2.0153834e-06
1.0951541e+00,6.9602146e-01,1.7865082e-06
3.9831905e-01,6.9647260e-01,2.0480287e-06
9.7868105e-01,6.9650213e-01,2.0254021e-06
6.2935510e-01,6.9689759e-01,1.8878104e-06
8.6236578e-01,6.9708297e-01,1.8603628e-06
7.4623257e-01,6.9783368e-01,1.8729198e-06
3.1347380e+00,7.0359588e-01,2.2388031e-02
3.0669351e+00,7.0406011e-01,2.1793586e-02
3.5315485e+00,7.0562979e-01,2.3482700e-02
3.3366904e+00,7.0836427e-01,2.3726602e-02
3.2685782e+00,7.0882605e-01,2.3665378e-02
9.8724005e+00,7.1101600e-01,3.8484564e-14
9.9323876e+00,7.1144547e-01,4.0146234e-14
1.8786252e+00,7.1328334e-01,2.1421172e-06
1.9357210e+00,7.1332848e-01,3.5257020e-06
3.4716002e+00,7.1338051e-01,2.3635103e-02
3.6423763e+00,7.1538871e-01,2.2417005e-02
3.7566896e+00,7.1680406e-01,2.3420117e-02
3.8722608e+00,7.1738335e-01,2.3547851e-02
3.9877478e+00,7.1774976e-01,2.2948339e-02
4.1032094e+00,7.1782040e-01,2.2902664e-02
4.2179272e+00,7.1808051e-01,2.3546435e-02
4.3322477e+00,7.1995807e-01,2.4003234e-02
3.6085407e-02,7.2250223e-01,1.7330612e-06
5.9138925e+00,7.2341569e-01,3.1020014e-03
5.7998034e+00,7.2394841e-01,7.1067561e-03
4.4469177e+00,7.2454589e-01,2.4805051e-02
9.3139131e+00,7.2621272e-01,5.6570366e-14
9.1966801e+00,7.2623072e-01,2.7425525e-13
9.4312630e+00,7.2632251e-01,1.9410630e-14
9.5483241e+00,7.2637725e-01,1.8575526e-14
8.6122664e+00,7.2644010e-01,1.5050943e-09
8.7294846e+00,7.2644634e-01,2.4746390e-10
6.0285354e+00,7.2645974e-01,1.4709704e-03
9.0798318e+00,7.2648108e-01,1.4213681e-12
8.4950198e+00,7.2648639e-01,9.0626246e-09
8.8465286e+00,7.2653966e-01,4.2380939e-11
8.3777512e+00,7.2656871e-01,5.3068576e-08
8.2605326e+00,7.2662244e-01,2.9743680e-07
8.9632885e+00,7.2663538e-01,7.7077306e-12
8.1429372e+00,7.2686197e-01,1.5649601e-06
9.6647054e+00,7.2690392e-01,2.6039579e-14
4.5612446e+00,7.2742163e-01,2.5140661e-02
5.6869006e+00,7.2759078e-01,1.2493581e-02
8.0252135e+00,7.2813259e-01,7.0749455e-06
4.6742290e+00,7.2821268e-01,2.6203547e-02
4.7862634e+00,7.2859921e-01,2.6354238e-02
7.2012248e+00,7.2864229e-01,4.7302072e-04
7.3186715e+00,7.2867963e-01,3.9613741e-04
7.0839074e+00,7.2906863e-01,5.3737707e-04
4.8985491e+00,7.2930429e-01,2.7281027e-02
7.4360031e+00,7.2938404e-01,3.0895610e-04
5.0107430e+00,7.2987500e-01,2.6958600e-02
7.5534324e+00,7.3009135e-01,2.1160936e-04
5.1229038e+00,7.3046535e-01,2.7022110e-02
9.7748465e+00,7.3091523e-01,3.3692320e-14
5.2354954e+00,7.3104930e-01,2.5840472e-02
5.3487655e+00,7.3170328e-01,2.4201172e-02
5.5755596e+00,7.3177358e-01,1.7324788e-02
5.4624338e+00,7.3246026e-01,2.1497919e-02
6.9670696e+00,7.3289003e-01,6.1434745e-04
7.6714141e+00,7.3317473e-01,1.3621152e-04
7.9068607e+00,7.3351687e-01,2.6672084e-05
6.1449690e+00,7.3382249e-01,1.1424059e-03
7.7890772e+00,7.3518517e-01,7.0212709e-05
6.8511965e+00,7.3851212e-01,6.9064853e-04
6.7358407e+00,7.4189723e-01,7.4856781e-04
6.2714991e+00,7.4193261e-01,9.6168880e-04
6.5042859e+00,7.4240081e-01,8.1334345e-04
6.3880689e+00,7.4243553e-01,8.7525969e-04
6.6207993e+00,7.4264698e-01,7.7317328e-04
3.5802822e+00,7.4465232e-01,2.1984520e-02
3.6986400e+00,7.4997528e-01,2.3639234e-02
3.8143380e+00,7.5044138e-01,2.3900249e-02
3.9298333e+00,7.5085452e-01,2.3039610e-02
4.0453222e+00,7.5093605e-01,2.2966831e-02
4.1605123e+00,7.5096261e-01,2.2603629e-02
4.2747556e+00,7.5160873e-01,2.3340014e-02
1.7851559e+00,7.5310757e-01,1.7245624e-06
3.1643490e+00,7.5415153e-01,2.1793099e-02
4.3890155e+00,7.5487901e-01,2.3854074e-02
1.7586218e-01,7.5528054e-01,2.1203316e-06
1.6783881e+00,7.5656611e-01,1.5935513e-06
5.8565309e+00,7.5665277e-01,6.7433134e-03
5.9705126e+00,7.5816352e-01,2.9104023e-03
5.7430259e+00,7.5881460e-01,1.2467349e-02
4.5035387e+00,7.5884277e-01,2.4293438e-02
9.8327937e+00,7.5918383e-01,3.7390779e-14
3.4423636e+00,7.5919689e-01,2.3715843e-02
3.2303687e+00,7.5934137e-01,2.2895646e-02
9.2552192e+00,7.6005938e-01,1.7969855e-13
9.3725678e+00,7.6014381e-01,3.7882643e-14
9.1381771e+00,7.6016653e-01,1.0187115e-12
9.6066701e+00,7.6018679e-01,1.8301303e-14
9.4897301e+00,7.6022192e-01,1.5011958e-14
4.6173097e+00,7.6022603e-01,2.5439338e-02
8.6708571e+00,7.6025626e-01,1.1793152e-09
8.7879221e+00,7.6027326e-01,1.8905468e-10
8.5536431e+00,7.6028443e-01,7.3254285e-09
8.4364051e+00,7.6036510e-01,4.4126253e-08
2.8642904e-01,7.6038167e-01,2.0636318e-06
9.0214543e+00,7.6038170e-01,5.5606841e-12
8.9048447e+00,7.6038463e-01,3.2279332e-11
8.3192036e+00,7.6043765e-01,2.5152617e-07
8.2017801e+00,7.6062570e-01,1.3806570e-06
1.5642181e+00,7.6065327e-01,1.6734762e-06
9.7231532e+00,7.6069257e-01,2.8038037e-14
4.7298583e+00,7.6070387e-01,2.6543970e-02
3.3706564e+00,7.6084813e-01,2.3581711e-02
4.8420355e+00,7.6139355e-01,2.6428052e-02
8.0840515e+00,7.6145108e-01,6.4949906e-06
1.4467002e+00,7.6179451e-01,2.0780593e-06
5.1317044e-01,7.6183336e-01,1.9908628e-06
4.9544206e+00,7.6207397e-01,2.7032015e-02
3.9895242e-01,7.6253832e-01,2.0212223e-06
6.2924544e-01,7.6259019e-01,1.9015249e-06
5.0665798e+00,7.6264737e-01,2.7069264e-02
1.3294841e+00,7.6272570e-01,1.7223586e-06
6.0834324e+00,7.6285855e-01,1.4811381e-03
7.1426358e+00,7.6287347e-01,5.4825691e-04
7.2599464e+00,7.6300789e-01,4.8332491e-04
5.6313938e+00,7.6311892e-01,1.7451246e-02
3.0331768e+00,7.6320681e-01,2.1438347e-02
5.1789464e+00,7.6323811e-01,2.7045870e-02
1.2123047e+00,7.6328219e-01,1.8871356e-06
1.0954382e+00,7.6329101e-01,1.8025201e-06
7.3772998e+00,7.6343521e-01,4.0359929e-04
9.7909877e-01,7.6354707e-01,2.0611136e-06
5.2918530e+00,7.6397165e-01,2.5975356e-02
8.6300400e-01,7.6409561e-01,1.8671830e-06
7.4697848e-01,7.6453338e-01,1.8665054e-06
7.4943642e+00,7.6453486e-01,3.1201922e-04
5.4054633e+00,7.6480960e-01,2.4188078e-02
7.0252345e+00,7.6485044e-01,6.2548106e-04
5.5193218e+00,7.6567735e-01,2.1386693e-02
7.9658331e+00,7.6575795e-01,2.5611937e-05
7.6121784e+00,7.6683827e-01,2.1204656e-04
9.9653404e+00,7.6947593e-01,3.8401148e-14
6.9088174e+00,7.6975316e-01,7.0272612e-04
7.7299758e+00,7.7035105e-01,1.3672560e-04
1.8416543e+00,7.7091104e-01,2.0070323e-06
7.8476456e+00,7.7091681e-01,6.8900697e-05
6.2067411e+00,7.7205881e-01,1.1381848e-03
1.9679504e+00,7.7320088e-01,3.6991609e-06
6.7930240e+00,7.7435917e-01,7.6372343e-04
6.6782031e+00,7.7592463e-01,7.9341864e-04
6.4461960e+00,7.7599858e-01,8.8663990e-04
6.5627422e+00,7.7627842e-01,8.3691291e-04
6.3305246e+00,7.7636105e-01,9.7673098e-04
6.6093596e-02,7.8040968e-01,1.6958874e-06
2.3605201e-01,7.8974688e-01,2.0723987e-06
1.7348216e+00,7.8990773e-01,1.5602631e-06
1.6216256e+00,7.9297911e-01,1.6680095e-06
1.2961917e-01,7.9372032e-01,1.8558188e-06
5.7087750e-01,7.9459151e-01,1.9047842e-06
1.5054053e+00,7.9492440e-01,1.7561521e-06
3.4343800e-01,7.9505925e-01,1.9158144e-06
4.5649042e-01,7.9540982e-01,2.0225789e-06
1.3881348e+00,7.9612183e-01,1.9723996e-06
6.8828163e-01,7.9664403e-01,1.8919790e-06
1.0373481e+00,7.9691410e-01,1.9449991e-06
1.2710003e+00,7.9691781e-01,1.8141839e-06
1.1539248e+00,7.9703135e-01,1.8682598e-06
9.2128838e-01,7.9732117e-01,2.0088587e-06
8.0504005e-01,7.9749188e-01,1.8196592e-06
3.5777925e+00,8.1193802e-01,2.3182736e-02
3.1351114e+00,8.1369714e-01,2.1911227e-02
3.6981776e+00,8.1686209e-01,2.3759512e-02
3.8139617e+00,8.1718558e-01,2.2592487e-02
4.1599809e+00,8.1729498e-01,2.1586557e-02
4.0449145e+00,8.1735758e-01,2.1988217e-02
3.9294825e+00,8.1736414e-01,2.2569758e-02
4.2742686e+00,8.1819916e-01,2.2395405e-02
3.2405771e+00,8.1864011e-01,2.3484650e-02
3.4617323e+00,8.1919666e-01,2.4129389e-02
4.3881630e+00,8.2116479e-01,2.3119571e-02
9.8379017e+00,8.2145348e-01,3.1048378e-14
3.3511668e+00,8.2164629e-01,2.3448076e-02
3.0717420e+00,8.2228819e-01,2.2437451e-02
5.8562980e+00,8.2330170e-01,1.0635705e-02
4.5022708e+00,8.2368831e-01,2.4587988e-02
4.6162753e+00,8.2487990e-01,2.6255054e-02
5.9702904e+00,8.2516493e-01,5.5176721e-03
5.7427153e+00,8.2525687e-01,1.6329215e-02
4.7289279e+00,8.2550438e-01,2.6357921e-02
4.8413196e+00,8.2618397e-01,2.6197377e-02
4.9539127e+00,8.2703250e-01,2.7527089e-02
5.0661638e+00,8.2756935e-01,2.7471551e-02
9.2551805e+00,8.2775374e-01,1.9279195e-13
9.1381140e+00,8.2779498e-01,1.1133431e-12
9.7235660e+00,8.2780727e-01,2.4379760e-14
9.6064176e+00,8.2781076e-01,1.5194065e-14
8.6707846e+00,8.2785314e-01,1.5427582e-09
8.7877118e+00,8.2787228e-01,2.3676436e-10
9.3724550e+00,8.2787891e-01,3.7844824e-14
8.5536747e+00,8.2789397e-01,1.0211175e-08
9.4895145e+00,8.2790308e-01,1.3090556e-14
8.9045478e+00,8.2791826e-01,3.8244581e-11
9.0213273e+00,8.2792759e-01,6.5155002e-12
8.4364893e+00,8.2800265e-01,6.5814713e-08
8.3195494e+00,8.2805474e-01,4.0412996e-07
5.1785452e+00,8.2819022e-01,2.7542219e-02
8.2021841e+00,8.2835775e-01,2.3638709e-06
9.9415855e+00,8.2878686e-01,3.4536252e-14
5.2915174e+00,8.2919741e-01,2.6404389e-02
5.6306298e+00,8.2925965e-01,2.0955086e-02
1.8646299e+00,8.2966041e-01,1.9698778e-06
8.0846166e+00,8.2970769e-01,1.1933442e-05
5.4050483e+00,8.3039028e-01,2.5589129e-02
6.0835423e+00,8.3042632e-01,2.4316908e-03
5.5189834e+00,8.3136645e-01,2.3784326e-02
1.9338302e+00,8.3190511e-01,3.6318425e-06
7.1428742e+00,8.3250390e-01,1.0397874e-03
7.2600442e+00,8.3261855e-01,9.2505785e-04
7.3771280e+00,8.3304391e-01,7.9988316e-04
7.4941875e+00,8.3400422e-01,6.3959186e-04
7.0255946e+00,8.3408452e-01,1.1427505e-03
7.9656389e+00,8.3516552e-01,4.7365980e-05
3.0008189e-02,8.3568523e-01,1.3066275e-06
7.6118032e+00,8.3730578e-01,4.5904840e-04
6.2039883e+00,8.3773060e-01,1.6963704e-03
6.9085110e+00,8.3814663e-01,1.2227445e-03
7.8471050e+00,8.4079006e-01,1.4049258e-04
7.7297066e+00,8.4079772e-01,2.8850406e-04
6.7929126e+00,8.4108187e-01,1.2812194e-03
6.6779506e+00,8.4293035e-01,1.2958526e-03
6.3298662e+00,8.4311765e-01,1.4407772e-03
6.4466933e+00,8.4335463e-01,1.4096096e-03
6.5626472e+00,8.4336375e-01,1.3268071e-03
3.5195611e+00,8.4521245e-01,2.3970759e-02
3.2936332e+00,8.4788762e-01,2.3470249e-02
3.6394242e+00,8.4956122e-01,2.4098978e-02
3.7558509e+00,8.5043508e-01,2.2586869e-02
4.1022701e+00,8.5057430e-01,2.1527595e-02
3.8715337e+00,8.5063718e-01,2.2406808e-02
3.9869893e+00,8.5068091e-01,2.2636993e-02
4.2169088e+00,8.5100332e-01,2.2317753e-02
1.4611442e-01,8.5132915e-01,1.8070515e-06
9.8867064e+00,8.5141135e-01,3.1460957e-14
4.3309082e+00,8.5283429e-01,2.2770398e-02
1.7291379e+00,8.5314781e-01,1.5140161e-06
3.1799459e+00,8.5442287e-01,2.2955474e-02
2.4144093e-01,8.5530732e-01,2.0573777e-06
4.4447973e+00,8.5567722e-01,2.3553445e-02
4.5589424e+00,8.5692104e-01,2.4600799e-02
5.7992600e+00,8.5703961e-01,1.6455341e-02
5.9134375e+00,8.5706603e-01,1.0745779e-02
3.4072541e+00,8.5742144e-01,2.3821373e-02
4.6722643e+00,8.5766706e-01,2.5977463e-02
4.7846171e+00,8.5819013e-01,2.5260607e-02
1.6206008e+00,8.5835694e-01,1.6532796e-06
4.8973254e+00,8.5905323e-01,2.6306807e-02
5.0098191e+00,8.5975551e-01,2.7674811e-02
5.6858260e+00,8.6017378e-01,2.0777929e-02
9.7803672e+00,8.6029957e-01,2.5714854e-14
5.1220866e+00,8.6033944e-01,2.7453633e-02
6.0284232e+00,8.6102892e-01,5.3530846e-03
5.2347586e+00,8.6122717e-01,2.7557141e-02
5.7243551e-01,8.6148717e-01,1.8808692e-06
9.1965784e+00,8.6155352e-01,7.3175476e-13
9.3137616e+00,8.6164216e-01,1.2242147e-13
8.7292019e+00,8.6164223e-01,1.1665308e-09
9.6648656e+00,8.6164259e-01,1.6461716e-14
8.6122255e+00,8.6164652e-01,8.1218293e-09
9.0796418e+00,8.6165541e-01,4.6868250e-12
8.8460214e+00,8.6167231e-01,1.7623947e-10
9.5478560e+00,8.6168238e-01,1.0529242e-14
8.9628647e+00,8.6171490e-01,2.8381656e-11
8.4951355e+00,8.6173349e-01,5.2866227e-08
9.4309346e+00,8.6173876e-01,2.3181704e-14
1.5051844e+00,8.6179854e-01,1.7158935e-06
8.3781811e+00,8.6182336e-01,3.3783120e-07
8.2612824e+00,8.6197159e-01,2.0130699e-06
5.3480150e+00,8.6250972e-01,2.6383515e-02
3.4496666e-01,8.6261619e-01,1.9245051e-06
6.8852341e-01,8.6274397e-01,1.8754979e-06
8.1439063e+00,8.6285063e-01,1.0820446e-05
1.3881390e+00,8.6335672e-01,1.8817247e-06
4.5810927e-01,8.6354947e-01,1.9719615e-06
5.5744573e+00,8.6360342e-01,2.3886952e-02
5.4616805e+00,8.6373005e-01,2.5780027e-02
1.0376337e+00,8.6381888e-01,1.7931364e-06
1.1539699e+00,8.6385845e-01,1.9201257e-06
1.2710522e+00,8.6399495e-01,1.8243289e-06
9.2172756e-01,8.6420893e-01,1.9260201e-06
8.0568953e-01,8.6445468e-01,1.8176440e-06
8.0255843e+00,8.6579677e-01,4.4949989e-05
6.1423261e+00,8.6706205e-01,2.2142677e-03
7.2015610e+00,8.6788338e-01,1.0630841e-03
7.3185975e+00,8.6789899e-01,9.4564332e-04
7.0845059e+00,8.6793314e-01,1.1803474e-03
7.4356547e+00,8.6846210e-01,8.1560339e-04
7.5528805e+00,8.7002823e-01,6.4714697e-04
6.9671233e+00,8.7051757e-01,1.2469922e-03
7.9061259e+00,8.7279768e-01,1.3880597e-04
6.8507786e+00,8.7362829e-01,1.2999243e-03
7.6707697e+00,8.7408891e-01,4.6045676e-04
6.2680879e+00,8.7436100e-01,1.6477096e-03
7.7882675e+00,8.7550509e-01,2.8887118e-04
6.7354767e+00,8.7562565e-01,1.3461675e-03
6.3879078e+00,8.7654819e-01,1.4776992e-03
6.6204518e+00,8.7673803e-01,1.3331320e-03
6.5046881e+00,8.7684219e-01,1.4821922e-03
1.9774635e-01,8.7844982e-01,1.2136822e-06
3.0385652e+00,8.8261079e-01,2.3421366e-02
9.9762451e+00,8.8284034e-01,3.3363204e-14
1.6716797e+00,8.8518403e-01,1.5545035e-06
1.8302554e+00,8.8930765e-01,1.8311045e-06
1.9658798e+00,8.9203756e-01,3.9309749e-06
1.5629724e+00,8.9290524e-01,1.6749885e-06
5.9589557e-02,8.9314107e-01,1.2416086e-06
2.9334663e-01,8.9349905e-01,2.0789581e-06
1.7701439e+00,8.9527266e-01,1.4208842e-06
1.1217021e-01,8.9547435e-01,1.7895127e-06
6.3104523e-01,8.9558579e-01,1.8683208e-06
1.4464835e+00,8.9590354e-01,1.7900106e-06
5.1634730e-01,8.9686867e-01,1.9603212e-06
1.0957689e+00,8.9702289e-01,1.8909324e-06
1.3295402e+00,8.9703772e-01,1.8973907e-06
1.2124017e+00,8.9718642e-01,1.8553422e-06
9.7982359e-01,8.9733961e-01,1.8473968e-06
7.4786973e-01,8.9759611e-01,1.9221321e-06
8.6409266e-01,8.9794616e-01,1.8167033e-06
4.0209993e-01,8.9823491e-01,1.8863795e-06
3.1807779e+00,9.1395555e-01,2.2519186e-02
3.5230597e+00,9.1620793e-01,2.4159999e-02
3.6389858e+00,9.1656125e-01,2.3431154e-02
3.2918480e+00,9.1675071e-01,2.3298174e-02
3.8712173e+00,9.1716951e-01,2.3022959e-02
3.9865594e+00,9.1728201e-01,2.2450438e-02
3.4074026e+00,9.1739586e-01,2.3929672e-02
4.1016131e+00,9.1745067e-01,2.2804218e-02
3.7555167e+00,9.1764275e-01,2.2616032e-02
4.2162072e+00,9.1801323e-01,2.3377774e-02
4.3303188e+00,9.1959721e-01,2.3502286e-02
4.4441514e+00,9.2128395e-01,2.3301265e-02
4.5579776e+00,9.2204950e-01,2.3714012e-02
4.6712545e+00,9.2263235e-01,2.4858101e-02
4.7840049e+00,9.2320888e-01,2.5118485e-02
5.7993189e+00,9.2331352e-01,2.0960856e-02
5.9136938e+00,9.2337445e-01,1.5979135e-02
4.8968017e+00,9.2393672e-01,2.6179383e-02
9.8862412e+00,9.2397311e-01,3.1880855e-14
5.0093976e+00,9.2467466e-01,2.7616397e-02
5.1217367e+00,9.2527324e-01,2.7764027e-02
5.6851401e+00,9.2557585e-01,2.3571101e-02
5.2343164e+00,9.2631601e-01,2.7969461e-02
9.7781751e+00,9.2689987e-01,2.3958876e-14
5.3475208e+00,9.2793706e-01,2.6672291e-02
5.5726658e+00,9.2839853e-01,2.4915802e-02
5.4608738e+00,9.2911025e-01,2.6589007e-02
8.7290857e+00,9.2914522e-01,1.4271527e-09
8.6122247e+00,9.2915976e-01,1.0513888e-08
9.1965429e+00,9.2916154e-01,7.7046937e-13
9.0795802e+00,9.2917591e-01,5.0930648e-12
8.8458898e+00,9.2917624e-01,2.1107715e-10
8.9627222e+00,9.2920150e-01,3.2394095e-11
9.3136488e+00,9.2926383e-01,1.2267906e-13
8.4952471e+00,9.2927827e-01,7.3178264e-08
6.0311372e+00,9.2929564e-01,9.2486208e-03
9.5476784e+00,9.2931308e-01,9.2282245e-15
8.3786915e+00,9.2931516e-01,4.9058906e-07
9.4307025e+00,9.2934761e-01,2.2626363e-14
9.6647496e+00,9.2934812e-01,1.3806466e-14
8.2618551e+00,9.2943939e-01,3.1497665e-06
8.1449267e+00,9.3027398e-01,1.7974700e-05
8.0264276e+00,9.3365064e-01,7.8711072e-05
6.1486510e+00,9.3605966e-01,3.5467784e-03
7.2016731e+00,9.3835473e-01,1.8693333e-03
7.0847534e+00,9.3837081e-01,2.0754501e-03
7.3186821e+00,9.3837211e-01,1.6814364e-03
7.4357415e+00,9.3848062e-01,1.4694388e-03
7.9073276e+00,9.3925960e-01,2.4919034e-04
6.9677275e+00,9.3955335e-01,2.1803430e-03
7.5530949e+00,9.4048582e-01,1.2034917e-03
9.9411203e+00,9.4056430e-01,3.4326865e-14
6.2677508e+00,9.4077911e-01,2.3262245e-03
6.8512593e+00,9.4112725e-01,2.2483058e-03
7.6706572e+00,9.4285662e-01,8.5839125e-04
6.7357958e+00,9.4289609e-01,2.2308435e-03
7.7883737e+00,9.4328996e-01,5.5528465e-04
3.0691678e+00,9.4339004e-01,2.1229949e-02
6.6203751e+00,9.4363577e-01,2.1412208e-03
6.5046780e+00,9.4373944e-01,2.2985961e-03
6.3882168e+00,9.4376824e-01,2.1795031e-03
1.9531158e-01,9.4413711e-01,8.3331380e-07
2.9581368e-02,9.4634473e-01,8.1379424e-07
3.2396239e+00,9.4703588e-01,2.2734474e-02
1.6776644e+00,9.4922839e-01,1.4667477e-06
3.5808526e+00,9.4993352e-01,2.3187292e-02
1.8658856e+00,9.4995443e-01,1.9451492e-06
3.4653794e+00,9.5016656e-01,2.4304028e-02
1.9323097e+00,9.5043964e-01,3.4490237e-06
3.3495300e+00,9.5048381e-01,2.3621553e-02
3.9287362e+00,9.5049757e-01,2.2484087e-02
4.0438275e+00,9.5083505e-01,2.2259637e-02
3.8133111e+00,9.5092558e-01,2.3275658e-02
3.6974050e+00,9.5106980e-01,2.2414235e-02
4.1586222e+00,9.5118126e-01,2.3220761e-02
4.2729777e+00,9.5197199e-01,2.3149470e-02
4.3869277e+00,9.5353445e-01,2.3205408e-02
1.4325282e-01,9.5360186e-01,7.8457552e-07
4.5006601e+00,9.5442351e-01,2.2772134e-02
4.6143008e+00,9.5497365e-01,2.4180579e-02
3.1333691e+00,9.5511599e-01,2.1765982e-02
4.7273059e+00,9.5548841e-01,2.4643393e-02
5.8566132e+00,9.5588404e-01,2.0410453e-02
4.8401837e+00,9.5608620e-01,2.5179483e-02
4.9529676e+00,9.5683513e-01,2.6613630e-02
5.7420882e+00,9.5693286e-01,2.3851119e-02
5.0653925e+00,9.5742229e-01,2.7750472e-02
5.1777532e+00,9.5821286e-01,2.8075806e-02
1.7378987e+00,9.5863420e-01,1.3716527e-06
1.5632412e+00,9.5879626e-01,1.6076070e-06
5.6281524e+00,9.5945684e-01,2.5030061e-02
5.2905811e+00,9.5971360e-01,2.7988382e-02
5.9732607e+00,9.5974006e-01,1.6005206e-02
9.8352444e+00,9.6061553e-01,2.6789672e-14
5.4037475e+00,9.6119782e-01,2.6607809e-02
5.5163853e+00,9.6154177e-01,2.6648812e-02
9.7212579e+00,9.6211310e-01,1.4969085e-14
1.4467166e+00,9.6232918e-01,1.7404046e-06
8.6706677e+00,9.6286937e-01,7.9754880e-09
8.7874640e+00,9.6287921e-01,1.0628470e-09
8.9042737e+00,9.6290880e-01,1.5677484e-10
9.1380168e+00,9.6292350e-01,3.4662414e-12
9.0211232e+00,9.6293470e-01,2.2311910e-11
8.5537855e+00,9.6295200e-01,5.9242475e-08
9.2550322e+00,9.6298342e-01,4.6442367e-13
8.3206325e+00,9.6301436e-01,2.6570585e-06
8.4371113e+00,9.6303925e-01,4.0025399e-07
9.3721100e+00,9.6310942e-01,6.5024465e-14
9.4891049e+00,9.6314264e-01,1.2023918e-14
9.6061240e+00,9.6314700e-01,7.9539158e-15
8.2037772e+00,9.6324891e-01,1.5957061e-05
1.3295039e+00,9.6350147e-01,1.7844054e-06
1.2126169e+00,9.6355580e-01,1.6994832e-06
1.0961810e+00,9.6363384e-01,1.7587663e-06
9.8034025e-01,9.6414276e-01,1.6980472e-06
6.3295280e-01,9.6414882e-01,1.5517731e-06
8.6460074e-01,9.6481588e-01,1.6662181e-06
2.9497249e-01,9.6489355e-01,9.4538747e-07
8.0864802e+00,9.6498490e-01,7.3914157e-05
7.4878095e-01,9.6500133e-01,1.7018546e-06
5.1813136e-01,9.6550299e-01,1.4526923e-06
4.0394523e-01,9.6722646e-01,1.1782630e-06
6.0925812e+00,9.6769065e-01,8.5409327e-03
7.9676838e+00,9.6948130e-01,2.4092525e-04
6.2099762e+00,9.7314632e-01,3.2038485e-03
7.1432338e+00,9.7341293e-01,2.0605006e-03
7.3772993e+00,9.7353555e-01,1.7310896e-03
7.0264463e+00,9.7355797e-01,2.2221261e-03
7.2602408e+00,9.7356303e-01,1.8971590e-03
7.4944886e+00,9.7448034e-01,1.5000725e-03
6.9095959e+00,9.7468137e-01,2.3183472e-03
7.8484129e+00,9.7503684e-01,5.5344102e-04
6.7937124e+00,9.7585126e-01,2.3067137e-03
7.6119051e+00,9.7653109e-01,1.2109220e-03
6.3298381e+00,9.7675581e-01,2.2091476e-03
6.6781931e+00,9.7709852e-01,2.3073023e-03
6.5625604e+00,9.7715872e-01,2.2453864e-03
7.7297003e+00,9.7735029e-01,8.6841994e-04
6.4469921e+00,9.7747192e-01,2.3388475e-03
1.6268542e+00,9.8829233e-01,1.5088990e-06
2.4063203e-01,9.9238911e-01,7.6733600e-07
1.5056863e+00,9.9411520e-01,1.6494018e-06
1.3883357e+00,9.9624611e-01,1.7583334e-06
1.2712311e+00,9.9682807e-01,1.7455673e-06
1.1545972e+00,9.9683878e-01,1.7640463e-06
1.0385625e+00,9.9723298e-01,1.6798337e-06
9.2275230e-01,9.9788180e-01,1.6857565e-06
5.7612713e-01,9.9868452e-01,1.4273093e-06
6.9134220e-01,9.9871222e-01,1.5507479e-06
8.0710882e-01,9.9872961e-01,1.6187305e-06
9.9648752e+00,9.9890043e-01,3.0462230e-14
4.6173863e-01,1.0011753e+00,1.2165430e-06
1.8351703e+00,1.0019288e+00,1.8035789e-06
3.0306026e+00,1.0019557e+00,1.9641449e-02
6.0353828e-02,1.0027778e+00,2.8870353e-07
3.4843782e-01,1.0030022e+00,9.5378533e-07
1.7672948e+00,1.0046436e+00,1.3983994e-06
1.2144463e-01,1.0077017e+00,2.8746746e-07
3.2446916e+00,1.0100096e+00,2.2973712e-02
1.9664299e+00,1.0107830e+00,3.7943007e-06
3.1489125e+00,1.0154519e+00,2.2093779e-02
3.3510392e+00,1.0156065e+00,2.3747591e-02
3.9285216e+00,1.0171005e+00,2.1444501e-02
3.4650607e+00,1.0173262e+00,2.4208623e-02
4.0433641e+00,1.0175297e+00,2.1750808e-02
3.5811997e+00,1.0177157e+00,2.2490906e-02
3.8131562e+00,1.0177751e+00,2.1832144e-02
3.6972787e+00,1.0181968e+00,2.2281688e-02
4.1580151e+00,1.0186195e+00,2.2292456e-02
4.2724138e+00,1.0195543e+00,2.2232642e-02
4.3864279e+00,1.0198250e+00,2.2396387e-02
4.5001048e+00,1.0205251e+00,2.3282416e-02
4.7268841e+00,1.0207047e+00,2.4755091e-02
4.6135941e+00,1.0208116e+00,2.4040174e-02
4.8398846e+00,1.0212353e+00,2.5735539e-02
4.9526003e+00,1.0217583e+00,2.6958260e-02
5.7421053e+00,1.0222852e+00,2.4694396e-02
5.0650772e+00,1.0223174e+00,2.7871877e-02
9.8299081e+00,1.0224001e+00,1.9802297e-14
5.8577969e+00,1.0228507e+00,2.2623887e-02
5.1774146e+00,1.0231048e+00,2.8287664e-02
5.6279145e+00,1.0242335e+00,2.5518291e-02
5.2899456e+00,1.0245468e+00,2.8139541e-02
5.4029125e+00,1.0258834e+00,2.6808759e-02
5.5152544e+00,1.0260394e+00,2.7152895e-02
5.9769965e+00,1.0289818e+00,2.0140078e-02
9.7211581e+00,1.0297868e+00,1.1814851e-14
8.6706722e+00,1.0302895e+00,9.8317030e-09
8.7874432e+00,1.0302961e+00,1.2473034e-09
8.9042362e+00,1.0303378e+00,1.6976874e-10
8.5539063e+00,1.0303697e+00,7.5880168e-08
9.0210894e+00,1.0304059e+00,2.3445217e-11
8.3210379e+00,1.0304061e+00,3.9225911e-06
8.4374514e+00,1.0304176e+00,5.6079315e-07
8.2043651e+00,1.0304562e+00,2.4982916e-05
9.1379990e+00,1.0304666e+00,3.4958263e-12
9.2549499e+00,1.0305357e+00,4.7881951e-13
9.3719287e+00,1.0306416e+00,6.3247220e-14
9.4889580e+00,1.0307259e+00,1.0683563e-14
9.6060268e+00,1.0307941e+00,6.2741184e-15
8.0873130e+00,1.0317866e+00,1.1961572e-04
7.9692071e+00,1.0350322e+00,3.9597535e-04
6.0971471e+00,1.0372646e+00,1.3307520e-02
3.2013890e+00,1.0372651e+00,2.2805703e-02
7.8508645e+00,1.0415793e+00,8.9830944e-04
6.2153332e+00,1.0426479e+00,5.1269953e-03
7.0264172e+00,1.0428972e+00,3.2465258e-03
7.1432179e+00,1.0429477e+00,3.3009774e-03
7.2601921e+00,1.0431051e+00,3.1252427e-03
6.9097151e+00,1.0431634e+00,3.2800224e-03
7.3773447e+00,1.0432775e+00,2.9042602e-03
6.7935943e+00,1.0437240e+00,3.3184499e-03
6.5625544e+00,1.0439332e+00,3.1777621e-03
6.6780812e+00,1.0439510e+00,3.1811779e-03
7.4946034e+00,1.0441279e+00,2.4783487e-03
6.4473411e+00,1.0444104e+00,2.9480468e-03
6.3316492e+00,1.0444362e+00,3.0267011e-03
3.2984250e+00,1.0448470e+00,2.3541641e-02
7.7299393e+00,1.0448815e+00,1.4207844e-03
7.6118769e+00,1.0452897e+00,2.0598532e-03
3.4085931e+00,1.0496782e+00,2.4196797e-02
3.9858813e+00,1.0505795e+00,2.1581846e-02
3.8708477e+00,1.0506219e+00,2.1256050e-02
3.5230881e+00,1.0511498e+00,2.2509018e-02
3.6392066e+00,1.0514704e+00,2.2009034e-02
4.1005425e+00,1.0515835e+00,2.2202022e-02
3.7552355e+00,1.0516192e+00,2.1822402e-02
4.2150363e+00,1.0530338e+00,2.2499025e-02
4.3292553e+00,1.0534701e+00,2.2214001e-02
4.7832839e+00,1.0535743e+00,2.4639850e-02
4.4430964e+00,1.0536761e+00,2.2604019e-02
4.6701260e+00,1.0536866e+00,2.3449511e-02
4.5567157e+00,1.0539891e+00,2.3601118e-02
4.8961353e+00,1.0540090e+00,2.5993769e-02
5.0087150e+00,1.0544929e+00,2.6738979e-02
5.1210829e+00,1.0550602e+00,2.7428524e-02
5.8005196e+00,1.0556325e+00,2.4903942e-02
5.6849192e+00,1.0557048e+00,2.5686542e-02
1.6284064e+00,1.0557434e+00,1.4805725e-06
5.2333423e+00,1.0560411e+00,2.8430945e-02
9.7727391e+00,1.0563581e+00,1.3500756e-14
3.0772460e-02,1.0564331e+00,1.6674457e-08
5.3460503e+00,1.0574559e+00,2.7713664e-02
5.5712971e+00,1.0576728e+00,2.7211934e-02
5.4589079e+00,1.0582934e+00,2.7064324e-02
9.9320328e+00,1.0593693e+00,2.6998024e-14
5.9186134e+00,1.0595829e+00,2.3089761e-02
1.5064236e+00,1.0601983e+00,1.5555957e-06
3.0616248e+00,1.0610585e+00,1.9211648e-02
1.4488784e-01,1.0613570e+00,1.4864938e-07
1.8615755e+00,1.0614389e+00,1.9216059e-06
1.3888443e+00,1.0618551e+00,1.5127865e-06
2.4133441e-01,1.0618952e+00,1.5751348e-07
3.1157334e+00,1.0628287e+00,2.1568644e-02
1.7509999e+00,1.0630031e+00,1.3292816e-06
1.2716844e+00,1.0631526e+00,1.5953541e-06
1.1552419e+00,1.0634981e+00,1.5228157e-06
8.7290694e+00,1.0639822e+00,7.4005703e-09
8.6123500e+00,1.0639976e+00,5.8466162e-08
8.8458314e+00,1.0640222e+00,8.9426148e-10
1.0392298e+00,1.0640314e+00,1.4353883e-06
8.2628483e+00,1.0640385e+00,2.1857770e-05
8.4957079e+00,1.0640744e+00,4.4398434e-07
8.3794369e+00,1.0640853e+00,3.2259628e-06
8.9626509e+00,1.0641017e+00,1.1959662e-10
9.0795287e+00,1.0641902e+00,1.6123741e-11
9.1964429e+00,1.0642570e+00,1.9865793e-12
8.1463473e+00,1.0642830e+00,1.1073059e-04
9.3133853e+00,1.0643483e+00,2.1262876e-13
9.4303743e+00,1.0644630e+00,2.6470175e-14
9.5474343e+00,1.0645434e+00,5.2427908e-15
9.6645526e+00,1.0646690e+00,6.3384559e-15
9.2334189e-01,1.0647844e+00,1.3518025e-06
9.8718174e+00,1.0653470e+00,2.2701493e-14
8.0771512e-01,1.0656985e+00,1.1834279e-06
8.0287836e+00,1.0660032e+00,3.8870287e-04
6.9229574e-01,1.0666219e+00,1.0241062e-06
5.7737470e-01,1.0672622e+00,8.1580713e-07
6.0394390e+00,1.0681113e+00,1.9413489e-02
4.6303520e-01,1.0692913e+00,5.8354281e-07
1.9264110e+00,1.0698079e+00,4.1813941e-06
7.9113025e+00,1.0713530e+00,9.0999132e-04
3.4991051e-01,1.0717648e+00,3.4915147e-07
6.1585739e+00,1.0751352e+00,1.3023300e-02
7.0847085e+00,1.0772448e+00,3.3208307e-03
6.6202572e+00,1.0772627e+00,3.3517342e-03
7.7910642e+00,1.0773637e+00,1.4556237e-03
6.9678176e+00,1.0773745e+00,3.2524216e-03
7.2016085e+00,1.0774316e+00,3.3983255e-03
6.5050209e+00,1.0774524e+00,3.1239208e-03
6.8512604e+00,1.0774820e+00,3.5106991e-03
6.7355659e+00,1.0776213e+00,3.3164413e-03
7.3186787e+00,1.0776560e+00,3.1803842e-03
7.4359015e+00,1.0778700e+00,3.0310236e-03
6.2749189e+00,1.0779611e+00,4.5007408e-03
6.3903768e+00,1.0783871e+00,2.9785102e-03
7.5531814e+00,1.0788920e+00,2.4986314e-03
7.6708680e+00,1.0791465e+00,2.0637360e-03
1.9645788e-01,1.0853840e+00,1.3418265e-07
1.6907291e+00,1.0892496e+00,1.2375520e-06
1.5655307e+00,1.0923304e+00,1.4893141e-06
1.4479625e+00,1.0940213e+00,1.5516962e-06
1.3304658e+00,1.0954351e+00,1.5338588e-06
1.2137149e+00,1.0965397e+00,1.5479726e-06
1.0974930e+00,1.0970916e+00,1.4210487e-06
3.2018520e+00,1.0973736e+00,2.3043348e-02
9.8159712e-01,1.0978438e+00,1.3473952e-06
8.6579663e-01,1.0986874e+00,1.1669285e-06
7.5034080e-01,1.0998799e+00,1.0209632e-06
1.8124264e+00,1.1005937e+00,1.7182363e-06
6.3515390e-01,1.1006362e+00,7.9835643e-07
5.2067550e-01,1.1021966e+00,5.7574534e-07
2.9714756e-01,1.1031622e+00,1.6132977e-07
4.0671449e-01,1.1041049e+00,3.5002112e-07
3.3005729e+00,1.1083351e+00,2.4058171e-02
6.0285523e-02,1.1128021e+00,8.7991597e-09
1.1331009e-01,1.1128021e+00,1.3231222e-08
3.1497951e+00,1.1130996e+00,2.2080066e-02
3.4090432e+00,1.1158091e+00,2.4668305e-02
9.7814267e+00,1.1158373e+00,1.2763160e-14
3.9857068e+00,1.1170778e+00,2.3164760e-02
3.8708157e+00,1.1172502e+00,2.2611822e-02
3.0310222e+00,1.1179263e+00,1.9424257e-02
3.7551724e+00,1.1179425e+00,2.2267892e-02
3.5232314e+00,1.1182089e+00,2.2607570e-02
3.6391344e+00,1.1185070e+00,2.2239768e-02
4.1004106e+00,1.1187692e+00,2.3617918e-02
4.7830573e+00,1.1187946e+00,2.4556091e-02
4.8959749e+00,1.1189409e+00,2.5214684e-02
9.9671576e+00,1.1192924e+00,2.3728122e-14
5.0084351e+00,1.1193842e+00,2.6167998e-02
4.6702489e+00,1.1196526e+00,2.3252325e-02
5.1207701e+00,1.1199214e+00,2.7416363e-02
4.5568819e+00,1.1204267e+00,2.2664320e-02
5.2329887e+00,1.1207023e+00,2.7983319e-02
4.4427514e+00,1.1209635e+00,2.2852220e-02
5.6850033e+00,1.1210044e+00,2.6049800e-02
4.2148334e+00,1.1211908e+00,2.3379840e-02
4.3288462e+00,1.1214657e+00,2.2761982e-02
5.3454588e+00,1.1216837e+00,2.8172019e-02
5.5713079e+00,1.1221039e+00,2.7570101e-02
5.4582889e+00,1.1221245e+00,2.7230806e-02
5.8014985e+00,1.1222337e+00,2.5883039e-02
9.8408781e+00,1.1238399e+00,1.7535998e-14
5.9231089e+00,1.1293858e+00,2.4142917e-02
1.9599811e+00,1.1304534e+00,4.6929962e-06
8.7290634e+00,1.1313299e+00,8.4556100e-09
8.2630967e+00,1.1313374e+00,3.2404403e-05
8.6124442e+00,1.1313414e+00,7.1041096e-08
8.4959525e+00,1.1313623e+00,5.6266180e-07
8.3795678e+00,1.1313972e+00,4.4281584e-06
8.8457856e+00,1.1313973e+00,9.6715565e-10
8.1465309e+00,1.1315043e+00,1.7208154e-04
8.9626011e+00,1.1315570e+00,1.2457151e-10
9.0794954e+00,1.1316670e+00,1.6795366e-11
9.1964072e+00,1.1317688e+00,1.9538284e-12
9.3132879e+00,1.1318575e+00,1.9868040e-13
9.4302625e+00,1.1319942e+00,2.3520846e-14
9.5473324e+00,1.1321319e+00,4.1735338e-15
8.0292451e+00,1.1332821e+00,6.1760508e-04
3.2473025e+00,1.1336061e+00,2.3942189e-02
9.6702636e+00,1.1360012e+00,5.0627875e-15
6.0443079e+00,1.1395135e+00,2.2216047e-02
7.9101400e+00,1.1406137e+00,1.4313440e-03
6.1613544e+00,1.1436395e+00,2.0097679e-02
6.6202043e+00,1.1439234e+00,3.7157736e-03
6.5051649e+00,1.1441043e+00,3.2299667e-03
6.7350288e+00,1.1447870e+00,3.9946149e-03
6.3908176e+00,1.1449053e+00,3.7823894e-03
3.3536373e+00,1.1452254e+00,2.4570437e-02
7.7910415e+00,1.1452633e+00,2.2719432e-03
6.2767418e+00,1.1454579e+00,8.5634447e-03
7.0843610e+00,1.1455940e+00,4.7085879e-03
6.8505528e+00,1.1457106e+00,4.4652996e-03
7.2014352e+00,1.1457947e+00,4.8720751e-03
6.9671479e+00,1.1458848e+00,4.2649371e-03
7.3185269e+00,1.1460483e+00,4.7457103e-03
7.4357674e+00,1.1462916e+00,4.5517335e-03
7.5530679e+00,1.1467350e+00,3.7713829e-03
7.6708174e+00,1.1467949e+00,3.3132317e-03
3.9283151e+00,1.1502270e+00,2.2806256e-02
3.4656541e+00,1.1505163e+00,2.3312005e-02
3.8130612e+00,1.1507266e+00,2.3199906e-02
4.0430577e+00,1.1512136e+00,2.3577314e-02
4.8394976e+00,1.1513875e+00,2.4555617e-02
3.6971435e+00,1.1515567e+00,2.2145538e-02
4.9521599e+00,1.1515814e+00,2.4969892e-02
3.5812708e+00,1.1518114e+00,2.2623461e-02
4.7267803e+00,1.1518910e+00,2.3653875e-02
5.0644845e+00,1.1520698e+00,2.6184065e-02
5.1767482e+00,1.1526271e+00,2.7624834e-02
4.6138832e+00,1.1532153e+00,2.2343130e-02
5.2890006e+00,1.1534358e+00,2.7730910e-02
5.4017020e+00,1.1539423e+00,2.8543875e-02
4.1576803e+00,1.1539621e+00,2.3568914e-02
5.6280094e+00,1.1539641e+00,2.7327802e-02
5.7431682e+00,1.1541859e+00,2.6266938e-02
4.4999260e+00,1.1542502e+00,2.3086135e-02
5.5146463e+00,1.1543015e+00,2.7407466e-02
1.8120920e+00,1.1547138e+00,1.7388339e-06
4.3856738e+00,1.1551080e+00,2.2571781e-02
4.2718019e+00,1.1557070e+00,2.3119484e-02
1.9617637e-01,1.1566243e+00,1.1375690e-08
5.8632713e+00,1.1592548e+00,2.5908009e-02
1.5660169e+00,1.1595376e+00,1.2561019e-06
1.4484903e+00,1.1604135e+00,1.2829785e-06
9.7355567e+00,1.1605983e+00,6.6998203e-15
1.3311719e+00,1.1617419e+00,1.2535653e-06
1.6911999e+00,1.1629584e+00,1.1097417e-06
1.2143445e+00,1.1631725e+00,1.2484089e-06
1.0981306e+00,1.1640061e+00,1.1059713e-06
9.8211220e-01,1.1647731e+00,9.7304078e-07
8.2047970e+00,1.1649764e+00,1.5762013e-04
8.6707605e+00,1.1649809e+00,5.3186994e-08
8.5542451e+00,1.1650014e+00,4.3376207e-07
8.3214171e+00,1.1650169e+00,2.7471112e-05
8.4378268e+00,1.1650174e+00,3.5337924e-06
8.7873914e+00,1.1650190e+00,6.0252004e-09
8.9041406e+00,1.1651683e+00,6.8021705e-10
9.0210065e+00,1.1653380e+00,8.1655789e-11
9.1379302e+00,1.1654552e+00,8.2957511e-12
9.2548169e+00,1.1655567e+00,7.0731302e-13
8.6627325e-01,1.1656023e+00,7.8278312e-07
9.3717195e+00,1.1656819e+00,7.0588665e-14
9.4887442e+00,1.1658456e+00,8.1734863e-15
8.0879580e+00,1.1662867e+00,6.0222292e-04
7.5087055e-01,1.1667420e+00,6.0791536e-07
2.9513062e-02,1.1674801e+00,3.4157531e-10
6.3587237e-01,1.1678416e+00,4.0767696e-07
2.9761726e-01,1.1684996e+00,2.8929028e-08
5.2146467e-01,1.1692756e+00,2.4394710e-07
1.4334693e-01,1.1695702e+00,7.6220704e-09
9.6116357e+00,1.1697149e+00,2.3514532e-15
5.9863610e+00,1.1701868e+00,2.3619532e-02
4.0708365e-01,1.1712155e+00,1.0965486e-07
7.9685061e+00,1.1715717e+00,1.4186982e-03
3.1324440e+00,1.1746995e+00,2.2612228e-02
9.8671317e+00,1.1766858e+00,1.4522573e-14
6.1047965e+00,1.1771711e+00,2.1161726e-02
6.5626455e+00,1.1772457e+00,3.6969704e-03
6.4479259e+00,1.1775805e+00,3.3992645e-03
6.6774913e+00,1.1777773e+00,3.7810424e-03
9.9331958e+00,1.1781160e+00,1.9248058e-14
6.3339129e+00,1.1784513e+00,7.0379884e-03
6.2199366e+00,1.1786490e+00,1.7251035e-02
7.8496794e+00,1.1787397e+00,2.3004959e-03
6.7923497e+00,1.1791184e+00,4.7673828e-03
7.1426971e+00,1.1796600e+00,5.1724546e-03
7.0254000e+00,1.1797566e+00,4.4793158e-03
7.2598670e+00,1.1798604e+00,4.9456830e-03
6.9083378e+00,1.1799022e+00,4.3325603e-03
7.3770588e+00,1.1800913e+00,4.9960540e-03
7.4943558e+00,1.1803925e+00,4.3685279e-03
7.7298661e+00,1.1804296e+00,3.2957201e-03
7.6117129e+00,1.1807813e+00,3.8635892e-03
3.0677798e+00,1.1812965e+00,2.1256478e-02
1.7511362e+00,1.1908320e+00,1.3015700e-06
1.9261852e+00,1.1908889e+00,5.0248695e-06
1.5074376e+00,1.1937976e+00,1.2663439e-06
1.3900782e+00,1.1945541e+00,1.2522694e-06
1.2730200e+00,1.1960924e+00,1.2195544e-06
1.6293634e+00,1.1966593e+00,1.1397297e-06
1.8610153e+00,1.1969575e+00,2.5198935e-06
1.1565091e+00,1.1970455e+00,1.1083636e-06
1.0403825e+00,1.1978752e+00,9.6453123e-07
2.4152260e-01,1.1984730e+00,1.1630091e-08
9.2433359e-01,1.1986286e+00,7.8043725e-07
3.2426236e+00,1.1987977e+00,2.3996648e-02
8.0872150e-01,1.1994756e+00,6.0469617e-07
6.9354396e-01,1.2006895e+00,4.0462647e-07
5.7888234e-01,1.2015466e+00,2.4540610e-07
4.6419354e-01,1.2034809e+00,1.1129620e-07
3.5074937e-01,1.2042129e+00,3.1269285e-08
3.3526028e+00,1.2105758e+00,2.3672695e-02
3.4655571e+00,1.2159629e+00,2.2793160e-02
4.8394535e+00,1.2161564e+00,2.4329898e-02
4.9519414e+00,1.2164216e+00,2.4763536e-02
3.9281108e+00,1.2164828e+00,2.2386772e-02
5.0641687e+00,1.2169156e+00,2.6046264e-02
3.8130802e+00,1.2170069e+00,2.2892896e-02
4.7271591e+00,1.2171104e+00,2.3590386e-02
5.1764309e+00,1.2174320e+00,2.7511552e-02
3.6973159e+00,1.2176649e+00,2.2698158e-02
4.0430253e+00,1.2179299e+00,2.3262454e-02
5.2887787e+00,1.2180058e+00,2.7929207e-02
3.5815581e+00,1.2180531e+00,2.3350058e-02
5.4014103e+00,1.2182800e+00,2.8727190e-02
5.5143994e+00,1.2185956e+00,2.7437968e-02
5.6277644e+00,1.2188457e+00,2.7298017e-02
4.6142119e+00,1.2190198e+00,2.2758001e-02
5.7441758e+00,1.2205769e+00,2.6610697e-02
4.1576284e+00,1.2210217e+00,2.3221360e-02
4.4999412e+00,1.2216665e+00,2.3102487e-02
9.7588715e+00,1.2218765e+00,5.5305149e-15
4.3853579e+00,1.2231698e+00,2.3092113e-02
4.2716437e+00,1.2234730e+00,2.2854581e-02
5.9273858e-02,1.2236076e+00,1.9187000e-10
3.1798220e+00,1.2241651e+00,2.3018124e-02
1.2008316e-01,1.2256976e+00,4.8186045e-10
5.8655531e+00,1.2274427e+00,2.5017629e-02
9.8309951e+00,1.2299614e+00,9.4147483e-15
8.6707792e+00,1.2322263e+00,5.8755435e-08
8.5543564e+00,1.2322380e+00,5.1022142e-07
8.4379798e+00,1.2322857e+00,4.4982751e-06
8.3215136e+00,1.2322877e+00,3.7346675e-05
8.7873461e+00,1.2323058e+00,6.5000471e-09
8.2048662e+00,1.2323399e+00,2.2894608e-04
8.9039418e+00,1.2324847e+00,6.9782723e-10
9.0208633e+00,1.2327268e+00,8.3597030e-11
9.1378986e+00,1.2329051e+00,7.9477880e-12
9.2547463e+00,1.2330228e+00,6.6656381e-13
9.3716365e+00,1.2331897e+00,6.3435310e-14
9.4886474e+00,1.2334069e+00,6.7422249e-15
8.0880953e+00,1.2340332e+00,9.2935909e-04
9.9660382e+00,1.2352941e+00,1.7364091e-14
9.6103526e+00,1.2379766e+00,1.5925765e-15
3.2948596e+00,1.2388771e+00,2.3277301e-02
5.9887080e+00,1.2389684e+00,2.3747528e-02
3.0367576e+00,1.2398407e+00,2.2500690e-02
7.9686922e+00,1.2403573e+00,2.1397012e-03
6.5625554e+00,1.2436701e+00,4.0006072e-03
6.4479259e+00,1.2438482e+00,4.7910945e-03
6.6769804e+00,1.2441250e+00,3.8960276e-03
6.3337808e+00,1.2443345e+00,1.5483232e-02
6.2201199e+00,1.2448383e+00,1.9821163e-02
6.1062871e+00,1.2449950e+00,2.0960406e-02
3.4079119e+00,1.2466061e+00,2.2569659e-02
7.8477976e+00,1.2470247e+00,3.5236650e-03
7.1422697e+00,1.2474571e+00,5.9484493e-03
7.2596448e+00,1.2476288e+00,5.6959375e-03
6.7913565e+00,1.2477057e+00,5.1335128e-03
7.0248320e+00,1.2477432e+00,4.9867748e-03
7.3769113e+00,1.2478600e+00,5.6550787e-03
6.9076293e+00,1.2480578e+00,4.5121511e-03
7.4942305e+00,1.2481929e+00,5.7374650e-03
7.7294192e+00,1.2482849e+00,4.8781868e-03
7.6116208e+00,1.2484253e+00,5.2071097e-03
4.8957123e+00,1.2485500e+00,2.3980591e-02
4.7833920e+00,1.2487829e+00,2.3591998e-02
5.0079008e+00,1.2490701e+00,2.4644726e-02
5.1201370e+00,1.2495721e+00,2.6266293e-02
3.8706305e+00,1.2497862e+00,2.1958980e-02
3.5234217e+00,1.2498972e+00,2.3418230e-02
3.9854701e+00,1.2500499e+00,2.3041448e-02
5.2324494e+00,1.2500772e+00,2.7298530e-02
3.7553639e+00,1.2503310e+00,2.2918914e-02
1.7671113e+00,1.2503476e+00,1.3638573e-06
5.3449451e+00,1.2505914e+00,2.7769657e-02
4.6709564e+00,1.2506766e+00,2.3224836e-02
5.4577503e+00,1.2507563e+00,2.8506897e-02
3.6395942e+00,1.2508569e+00,2.3262238e-02
1.9662041e+00,1.2509117e+00,6.8343774e-06
5.5708161e+00,1.2512795e+00,2.7602909e-02
5.6857660e+00,1.2522769e+00,2.7115933e-02
4.1003263e+00,1.2525451e+00,2.3108351e-02
4.5572258e+00,1.2536477e+00,2.2579035e-02
1.8342902e+00,1.2553226e+00,2.2839630e-06
4.2146233e+00,1.2560164e+00,2.2903440e-02
4.4424507e+00,1.2564416e+00,2.3179328e-02
5.8047879e+00,1.2568126e+00,2.6859300e-02
4.3283721e+00,1.2572935e+00,2.2685306e-02
1.5077792e+00,1.2613259e+00,1.0863626e-06
1.3905676e+00,1.2621472e+00,1.0217951e-06
1.2736318e+00,1.2630979e+00,9.5058713e-07
1.1570803e+00,1.2640549e+00,8.2484945e-07
1.0408053e+00,1.2648525e+00,6.6519995e-07
1.6280207e+00,1.2652445e+00,1.0135611e-06
9.2472928e-01,1.2654726e+00,5.0055696e-07
8.6125743e+00,1.2658234e+00,3.8533961e-07
8.7290368e+00,1.2658621e+00,4.3321574e-08
8.4962168e+00,1.2658672e+00,3.4454845e-06
8.3798173e+00,1.2659363e+00,3.0336272e-05
8.2632624e+00,1.2659716e+00,2.0762746e-04
8.8455415e+00,1.2660007e+00,4.6159592e-09
8.0907489e-01,1.2661690e+00,3.4400229e-07
8.9622591e+00,1.2662623e+00,4.0928410e-10
5.9277376e+00,1.2663552e+00,2.4785511e-02
9.0793207e+00,1.2665058e+00,3.3433072e-11
8.1467374e+00,1.2666142e+00,8.9427175e-04
9.1963050e+00,1.2666847e+00,2.3285865e-12
9.3131342e+00,1.2668312e+00,1.8415730e-13
9.4300827e+00,1.2670632e+00,1.6822724e-14
6.9398461e-01,1.2671218e+00,2.0185742e-07
9.5459525e+00,1.2679550e+00,1.9101978e-15
5.7939341e-01,1.2679718e+00,1.0217891e-07
2.4093925e-01,1.2682085e+00,1.5995843e-09
4.6417328e-01,1.2693954e+00,3.7770265e-08
9.7257198e+00,1.2696703e+00,3.0484601e-15
8.0295685e+00,1.2698142e+00,2.1570265e-03
3.5029591e-01,1.2716825e+00,8.1355413e-09
6.0481455e+00,1.2761190e+00,2.4486801e-02
9.6620585e+00,1.2765916e+00,1.3312881e-15
6.6196033e+00,1.2766953e+00,4.1689872e-03
6.5050749e+00,1.2767962e+00,4.4575764e-03
6.3906854e+00,1.2770562e+00,1.0849494e-02
6.2767930e+00,1.2775303e+00,1.8994337e-02
6.1630283e+00,1.2776528e+00,2.1529827e-02
7.9084442e+00,1.2776843e+00,3.5880085e-03
2.9760796e-02,1.2783497e+00,7.4778321e-12
6.7335247e+00,1.2797220e+00,4.5549554e-03
1.4146429e-01,1.2804397e+00,2.7187788e-10
7.2007855e+00,1.2813601e+00,5.6734881e-03
7.0833656e+00,1.2813778e+00,5.8702448e-03
7.7887127e+00,1.2814036e+00,4.8035408e-03
7.3181572e+00,1.2815853e+00,5.8914973e-03
7.4354947e+00,1.2818607e+00,5.5526219e-03
6.9658715e+00,1.2820270e+00,4.6873645e-03
7.5528506e+00,1.2821795e+00,5.9731899e-03
7.6702784e+00,1.2822942e+00,5.4139061e-03
6.8488512e+00,1.2824535e+00,4.7915483e-03
9.8633028e+00,1.2900993e+00,9.0215803e-15
3.1729069e+00,1.2939461e+00,2.3029131e-02
9.9322818e+00,1.2940018e+00,1.4156978e-14
1.7365348e+00,1.2954334e+00,1.2203461e-06
1.4493213e+00,1.2955348e+00,1.0446828e-06
1.5650157e+00,1.2956510e+00,1.0431750e-06
1.3322730e+00,1.2963406e+00,9.3863714e-07
1.2155274e+00,1.2971875e+00,8.2163702e-07
1.0991246e+00,1.2979928e+00,6.6747063e-07
9.8293074e-01,1.2985944e+00,4.9967466e-07
8.6702234e-01,1.2991397e+00,3.4474101e-07
3.0627366e+00,1.2991524e+00,2.0391750e-02
7.5166460e-01,1.2998678e+00,2.0357361e-07
1.9346265e-01,1.3004339e+00,3.1883762e-10
6.3682409e-01,1.3006991e+00,1.0354218e-07
5.2195548e-01,1.3016152e+00,3.9320848e-08
1.6768298e+00,1.3041886e+00,1.1083083e-06
4.0660993e-01,1.3045997e+00,9.0262719e-09
2.9658045e-01,1.3057048e+00,1.8251413e-09
3.2917073e+00,1.3062568e+00,2.3496783e-02
1.8661299e+00,1.3088369e+00,3.3111253e-06
1.9328739e+00,1.3104946e+00,6.7783967e-06
3.4072681e+00,1.3118577e+00,2.2753573e-02
4.7833628e+00,1.3132747e+00,2.3315176e-02
4.8954295e+00,1.3133345e+00,2.3616634e-02
5.0075994e+00,1.3138886e+00,2.4799126e-02
5.1197333e+00,1.3143439e+00,2.5771833e-02
5.2320854e+00,1.3148710e+00,2.6738621e-02
3.5234153e+00,1.3151662e+00,2.3868646e-02
5.3447289e+00,1.3153965e+00,2.7663613e-02
4.6712133e+00,1.3156389e+00,2.3414817e-02
5.4575223e+00,1.3158459e+00,2.8531640e-02
3.8703853e+00,1.3158831e+00,2.2300819e-02
3.6397252e+00,1.3160167e+00,2.3160268e-02
3.7552781e+00,1.3161285e+00,2.2701776e-02
3.9851298e+00,1.3161341e+00,2.2526458e-02
5.5705149e+00,1.3162778e+00,2.7468488e-02
5.6865623e+00,1.3183515e+00,2.7415472e-02
4.1003088e+00,1.3187645e+00,2.2069886e-02
4.5574804e+00,1.3195581e+00,2.3113602e-02
4.2145673e+00,1.3221851e+00,2.2581544e-02
3.1204857e+00,1.3231208e+00,2.2066507e-02
4.4421134e+00,1.3237201e+00,2.2641127e-02
4.3282280e+00,1.3240460e+00,2.2452157e-02
5.8066046e+00,1.3252206e+00,2.7201998e-02
8.6125910e+00,1.3329515e+00,4.2658412e-07
8.7289328e+00,1.3330048e+00,4.6485670e-08
8.4963084e+00,1.3330333e+00,4.0502103e-06
8.3799307e+00,1.3331661e+00,3.8113668e-05
8.8451926e+00,1.3331675e+00,4.6914225e-09
8.2633526e+00,1.3333461e+00,2.8202863e-04
8.9618348e+00,1.3334213e+00,4.1850291e-10
9.0787765e+00,1.3337809e+00,3.1378263e-11
8.1468301e+00,1.3340178e+00,1.2964897e-03
9.1960322e+00,1.3340602e+00,2.0591590e-12
9.3130181e+00,1.3342480e+00,1.5156381e-13
5.8602616e-02,1.3343286e+00,4.2781805e-12
1.0949681e-01,1.3343286e+00,1.2589970e-11
9.7602022e+00,1.3346118e+00,2.5597074e-15
9.4299677e+00,1.3346187e+00,1.2238447e-14
5.9279081e+00,1.3349408e+00,2.5281195e-02
9.5456379e+00,1.3356233e+00,1.2794979e-15
3.2325562e+00,1.3359585e+00,2.3154687e-02
8.0299030e+00,1.3374162e+00,3.0528133e-03
9.6549284e+00,1.3414095e+00,7.9239353e-16
6.0479078e+00,1.3418271e+00,2.4981157e-02
6.5049843e+00,1.3430213e+00,5.7793860e-03
6.6194325e+00,1.3430594e+00,4.6437354e-03
6.3905727e+00,1.3430638e+00,1.4517121e-02
3.3488068e+00,1.3432071e+00,2.3296080e-02
7.9100576e+00,1.3433344e+00,4.9773993e-03
6.2766833e+00,1.3433440e+00,1.9000814e-02
6.1629363e+00,1.3435365e+00,2.2427063e-02
4.8391415e+00,1.3454326e+00,2.3023577e-02
4.9513572e+00,1.3460247e+00,2.3628292e-02
3.4649070e+00,1.3464835e+00,2.3710986e-02
5.0634636e+00,1.3465059e+00,2.5105238e-02
4.7273869e+00,1.3465645e+00,2.2940262e-02
9.8256615e+00,1.3469558e+00,4.6430605e-15
5.1756631e+00,1.3469975e+00,2.5524668e-02
6.7332443e+00,1.3475676e+00,4.4138497e-03
5.2881984e+00,1.3476046e+00,2.6697756e-02
5.4009660e+00,1.3481747e+00,2.8077856e-02
3.5816828e+00,1.3484818e+00,2.3249016e-02
3.6973612e+00,1.3486222e+00,2.2551641e-02
3.9275254e+00,1.3486639e+00,2.3048502e-02
5.5138702e+00,1.3486834e+00,2.8590799e-02
3.8127493e+00,1.3489013e+00,2.2200374e-02
7.2004832e+00,1.3489936e+00,5.8709322e-03
7.7884193e+00,1.3490580e+00,6.5972200e-03
7.0831209e+00,1.3491373e+00,5.9316298e-03
7.3179776e+00,1.3492985e+00,6.5317790e-03
7.4353613e+00,1.3495817e+00,6.0420357e-03
6.9656706e+00,1.3497279e+00,4.9321672e-03
7.5527367e+00,1.3498406e+00,7.0122035e-03
4.6147235e+00,1.3498925e+00,2.3457960e-02
5.6282596e+00,1.3499185e+00,2.7226568e-02
7.6701303e+00,1.3500000e+00,6.5215217e-03
4.0426675e+00,1.3502335e+00,2.2109655e-02
6.8485403e+00,1.3505332e+00,5.0804696e-03
9.9662436e+00,1.3528253e+00,1.0846468e-14
4.1575549e+00,1.3534098e+00,2.2474475e-02
3.0259790e+00,1.3534293e+00,2.0037310e-02
4.4998584e+00,1.3548554e+00,2.2629789e-02
5.7467888e+00,1.3550595e+00,2.7756438e-02
4.2714436e+00,1.3563942e+00,2.2689812e-02
4.3848765e+00,1.3572008e+00,2.2827170e-02
1.7702691e+00,1.3590618e+00,1.7739453e-06
1.4496497e+00,1.3632112e+00,8.5622819e-07
1.5651585e+00,1.3633737e+00,9.2394197e-07
1.3326537e+00,1.3637443e+00,7.1580346e-07
1.2159007e+00,1.3643271e+00,5.8776511e-07
5.8675402e+00,1.3644363e+00,2.7400704e-02
1.0994734e+00,1.3649894e+00,4.5299152e-07
9.8330896e-01,1.3654811e+00,3.0962299e-07
8.6748993e-01,1.3659144e+00,1.9239097e-07
8.6706918e+00,1.3664971e+00,3.0788781e-07
8.5544647e+00,1.3665323e+00,2.9959861e-06
7.5208479e-01,1.3665541e+00,1.0084369e-07
8.7868931e+00,1.3666153e+00,3.3773544e-08
8.4381847e+00,1.3666817e+00,2.9818898e-05
8.9031686e+00,1.3668106e+00,2.4011287e-09
8.3217172e+00,1.3668920e+00,2.4477962e-04
8.2050491e+00,1.3671179e+00,1.2592414e-03
9.0198948e+00,1.3671610e+00,1.4270702e-10
6.3719477e-01,1.3673187e+00,4.3606146e-08
1.8326852e+00,1.3674904e+00,2.9216589e-06
9.1370815e+00,1.3675557e+00,7.6688843e-12
9.2543573e+00,1.3678150e+00,4.4001487e-13
9.3714054e+00,1.3681620e+00,3.0820524e-14
5.2211973e-01,1.3682956e+00,1.4141736e-08
9.4882179e+00,1.3686307e+00,2.5379848e-15
8.0885225e+00,1.3690388e+00,2.9602630e-03
1.6703662e+00,1.3690982e+00,1.2108593e-06
1.9666698e+00,1.3691068e+00,1.0137477e-05
9.6029080e+00,1.3704629e+00,4.4002014e-16
4.0660254e-01,1.3721537e+00,2.8868362e-09
1.9378835e-01,1.3729472e+00,3.1331165e-11
5.9886408e+00,1.3732620e+00,2.5347781e-02
7.9706401e+00,1.3736094e+00,4.8171333e-03
2.9635433e-01,1.3749650e+00,3.4616847e-10
9.7159657e+00,1.3756394e+00,9.1438436e-16
6.4477226e+00,1.3760808e+00,1.2682548e-02
6.3335584e+00,1.3761558e+00,1.7391332e-02
6.5622940e+00,1.3762592e+00,5.9517385e-03
6.2199182e+00,1.3765357e+00,2.2397511e-02
6.1059575e+00,1.3765868e+00,2.4571546e-02
6.6765291e+00,1.3783347e+00,4.5296485e-03
7.8491175e+00,1.3803292e+00,6.5578120e-03
7.1417226e+00,1.3828502e+00,5.4668079e-03
7.2591628e+00,1.3829755e+00,6.0692305e-03
7.0243864e+00,1.3832036e+00,5.9744818e-03
7.3765983e+00,1.3832942e+00,6.5090013e-03
7.4939833e+00,1.3835750e+00,6.5105785e-03
6.7907652e+00,1.3836310e+00,4.5449595e-03
7.7289776e+00,1.3836450e+00,6.8219445e-03
7.6113588e+00,1.3837922e+00,6.7848851e-03
6.9071176e+00,1.3838384e+00,5.1360135e-03
2.8841820e-02,1.3893123e+00,1.8896270e-13
1.4087101e-01,1.3898416e+00,8.8591210e-12
1.5082503e+00,1.3967249e+00,8.8277374e-07
1.3912767e+00,1.3972273e+00,7.3491846e-07
3.1180136e+00,1.3974748e+00,2.1881072e-02
1.2743857e+00,1.3976413e+00,5.8622613e-07
1.6216997e+00,1.3978767e+00,1.1456580e-06
1.1578023e+00,1.3981911e+00,4.5290566e-07
1.0415323e+00,1.3987358e+00,3.1210972e-07
9.2557509e-01,1.3991339e+00,1.9299447e-07
8.0996267e-01,1.3996298e+00,1.0249465e-07
6.9477548e-01,1.4004276e+00,4.4789152e-08
5.7992832e-01,1.4012717e+00,1.4913701e-08
1.7295747e+00,1.4017245e+00,1.7621385e-06
4.6433014e-01,1.4036298e+00,3.2340106e-09
3.2295611e+00,1.4053876e+00,2.3511538e-02
3.5006240e-01,1.4084968e+00,4.3357186e-10
9.8617795e+00,1.4090155e+00,3.7330803e-15
3.3474898e+00,1.4095847e+00,2.3286723e-02
2.4103884e-01,1.4099820e+00,4.3474686e-11
4.8387966e+00,1.4102586e+00,2.3246363e-02
5.4021069e+00,1.4105173e+00,2.8381035e-02
4.9510346e+00,1.4108739e+00,2.3674740e-02
9.9333825e+00,1.4109825e+00,6.7629730e-15
5.5138148e+00,1.4109952e+00,2.8514037e-02
4.7270975e+00,1.4110204e+00,2.2561629e-02
5.0630994e+00,1.4112971e+00,2.4826304e-02
5.1748425e+00,1.4115435e+00,2.5413069e-02
3.4649577e+00,1.4116527e+00,2.3295668e-02
3.5814142e+00,1.4127136e+00,2.2895892e-02
3.0602645e+00,1.4127221e+00,2.1800254e-02
3.6971211e+00,1.4137472e+00,2.2150775e-02
3.8123139e+00,1.4146712e+00,2.2788865e-02
3.9272087e+00,1.4149334e+00,2.4740207e-02
4.6146694e+00,1.4151420e+00,2.2926450e-02
5.6282014e+00,1.4153646e+00,2.7280932e-02
4.0423246e+00,1.4163774e+00,2.5036373e-02
5.2894564e+00,1.4179728e+00,2.6765495e-02
4.1573713e+00,1.4194802e+00,2.4166296e-02
5.7448678e+00,1.4195463e+00,2.7869447e-02
4.4996100e+00,1.4207139e+00,2.3026487e-02
4.2712804e+00,1.4218720e+00,2.3619555e-02
4.3846204e+00,1.4231200e+00,2.3437693e-02
1.9357934e+00,1.4283520e+00,1.1974721e-05
1.8685528e+00,1.4283933e+00,1.0104167e-05
8.6706019e+00,1.4335152e+00,3.2099731e-07
8.5545309e+00,1.4335655e+00,3.2850985e-06
8.7865122e+00,1.4336213e+00,3.4155485e-08
8.4383335e+00,1.4337540e+00,3.5264336e-05
8.9026714e+00,1.4338222e+00,2.3870499e-09
8.3218710e+00,1.4341369e+00,3.0880557e-04
9.0192017e+00,1.4341964e+00,1.3275202e-10
8.2051747e+00,1.4345437e+00,1.7181499e-03
9.1363494e+00,1.4345834e+00,6.6117382e-12
5.8621031e+00,1.4350085e+00,2.7566636e-02
9.2539829e+00,1.4351063e+00,3.4573028e-13
9.3713227e+00,1.4356247e+00,2.1255043e-14
8.0886355e+00,1.4361232e+00,4.1496971e-03
9.4880941e+00,1.4361793e+00,1.5767482e-15
9.6038864e+00,1.4373339e+00,2.5102520e-16
3.1674397e+00,1.4377293e+00,2.2638225e-02
9.7224959e+00,1.4384436e+00,5.9442523e-16
5.4586078e+00,1.4405003e+00,2.8331134e-02
7.9707031e+00,1.4407456e+00,6.0001270e-03
5.9884046e+00,1.4407513e+00,2.5008296e-02
6.3336221e+00,1.4420508e+00,1.8807261e-02
3.2873952e+00,1.4420635e+00,2.3261289e-02
6.4475915e+00,1.4420756e+00,1.2865857e-02
6.2199576e+00,1.4422860e+00,2.3359756e-02
6.1062226e+00,1.4425500e+00,2.4971901e-02
4.7827285e+00,1.4425566e+00,2.2670936e-02
6.5617222e+00,1.4427072e+00,7.5847527e-03
4.8947620e+00,1.4430097e+00,2.3323391e-02
3.4060018e+00,1.4434045e+00,2.3239111e-02
5.0069126e+00,1.4435291e+00,2.3529546e-02
5.1185484e+00,1.4436810e+00,2.4730361e-02
5.5704014e+00,1.4440357e+00,2.8100352e-02
3.5231975e+00,1.4445673e+00,2.2553172e-02
5.8063557e-02,1.4453413e+00,8.0831799e-13
4.6708699e+00,1.4453443e+00,2.2672724e-02
3.6392165e+00,1.4453735e+00,2.2097249e-02
1.1919855e-01,1.4458706e+00,2.0655605e-12
6.6761693e+00,1.4463292e+00,5.0105085e-03
3.7546026e+00,1.4470234e+00,2.2755522e-02
3.8696332e+00,1.4479226e+00,2.4418174e-02
7.8490709e+00,1.4479516e+00,7.5579850e-03
5.3471279e+00,1.4481073e+00,2.6929749e-02
5.6845831e+00,1.4482845e+00,2.7596429e-02
3.9844702e+00,1.4485476e+00,2.5855913e-02
5.2325228e+00,1.4497850e+00,2.5494418e-02
7.1416450e+00,1.4505887e+00,5.0898816e-03
6.7911485e+00,1.4506311e+00,4.6398706e-03
4.5571779e+00,1.4506661e+00,2.2780238e-02
7.2590195e+00,1.4507271e+00,5.5278149e-03
7.0242894e+00,1.4508026e+00,5.8066485e-03
4.0997822e+00,1.4509788e+00,2.4679046e-02
7.3764496e+00,1.4510300e+00,6.4319524e-03
6.9072022e+00,1.4511421e+00,5.3747562e-03
7.4938696e+00,1.4512921e+00,6.3906667e-03
7.7288052e+00,1.4513794e+00,7.2952070e-03
7.6112308e+00,1.4515037e+00,6.8583046e-03
4.2142204e+00,1.4537333e+00,2.3590652e-02
4.3278088e+00,1.4554431e+00,2.3597342e-02
4.4416089e+00,1.4554978e+00,2.3198658e-02
5.7992465e+00,1.4602796e+00,2.8034755e-02
9.8344284e+00,1.4637398e+00,2.1721226e-15
1.7385294e+00,1.4642326e+00,5.7061415e-06
1.5086207e+00,1.4642556e+00,1.3601394e-06
1.6236281e+00,1.4646054e+00,2.9862089e-06
1.3915222e+00,1.4646128e+00,7.0635911e-07
1.2746493e+00,1.4646793e+00,4.4962712e-07
1.1581311e+00,1.4651926e+00,3.1341295e-07
1.0418867e+00,1.4657110e+00,1.9734687e-07
9.2599166e-01,1.4659972e+00,1.1112015e-07
8.1042015e-01,1.4664221e+00,5.2496394e-08
8.6125673e+00,1.4670028e+00,2.3294180e-06
8.7284619e+00,1.4670289e+00,2.2706055e-07
8.4965234e+00,1.4671388e+00,2.5894851e-05
8.8443145e+00,1.4671851e+00,1.3559238e-08
8.9606445e+00,1.4674683e+00,5.8458322e-10
8.3802332e+00,1.4674833e+00,2.5189752e-04
6.9515251e-01,1.4675214e+00,2.0139627e-08
9.0773513e+00,1.4678440e+00,2.4716515e-11
8.2636320e+00,1.4680168e+00,1.6840315e-03
5.8009348e-01,1.4681710e+00,5.9453867e-09
9.1949257e+00,1.4683793e+00,1.0679925e-12
8.1470687e+00,1.4685280e+00,4.2385621e-03
9.3125609e+00,1.4690021e+00,5.5613188e-14
9.4297612e+00,1.4696300e+00,3.4980144e-15
9.9671390e+00,1.4699219e+00,5.0447355e-15
9.5464926e+00,1.4700429e+00,3.0567770e-16
3.0342855e+00,1.4710575e+00,2.2376347e-02
9.6624370e+00,1.4710847e+00,1.7460158e-16
4.6460551e-01,1.4713036e+00,1.2244993e-09
8.0300790e+00,1.4716366e+00,5.6716764e-03
5.9222349e+00,1.4730022e+00,2.7517203e-02
6.3905053e+00,1.4749536e+00,1.8053480e-02
6.2767863e+00,1.4749895e+00,2.2428140e-02
6.1632407e+00,1.4752501e+00,2.5504310e-02
6.0479368e+00,1.4752796e+00,2.4870701e-02
3.5057885e-01,1.4753097e+00,1.8054616e-10
6.5042814e+00,1.4754641e+00,1.2666293e-02
9.7746039e+00,1.4755347e+00,8.1422030e-16
6.6185009e+00,1.4775020e+00,7.4875059e-03
7.9100740e+00,1.4780930e+00,7.4704604e-03
2.4076241e-01,1.4787223e+00,4.4399767e-11
6.7332677e+00,1.4825622e+00,5.0411942e-03
7.7882003e+00,1.4844147e+00,7.4056867e-03
7.0829463e+00,1.4844748e+00,5.6502898e-03
7.2002623e+00,1.4844837e+00,5.3059201e-03
6.9656581e+00,1.4846306e+00,5.2758439e-03
7.3176856e+00,1.4847860e+00,5.7673476e-03
6.8490082e+00,1.4848370e+00,5.0004074e-03
7.4350990e+00,1.4850346e+00,6.5937832e-03
7.5524950e+00,1.4852692e+00,6.3222483e-03
7.6698300e+00,1.4854458e+00,7.2124527e-03
1.8456480e+00,1.4865159e+00,1.1024791e-05
1.9691236e+00,1.4878167e+00,1.8138234e-05
1.5674571e+00,1.4976331e+00,3.3757342e-06
1.4502655e+00,1.4981274e+00,1.4591931e-06
1.3331629e+00,1.4981679e+00,5.8478891e-07
1.6812492e+00,1.4983350e+00,6.4233116e-06
1.2164932e+00,1.4983667e+00,3.2583742e-07
1.4286080e-01,1.4985011e+00,2.4484932e-11
1.1001566e+00,1.4989661e+00,2.0023667e-07
5.4608801e+00,1.4991656e+00,2.8093048e-02
9.8407994e-01,1.4993195e+00,1.1298185e-07
8.6836398e-01,1.4995699e+00,5.4086471e-08
7.5291930e-01,1.5004401e+00,2.1011920e-08
2.9221737e-02,1.5004735e+00,1.3412705e-12
1.7897328e+00,1.5012506e+00,9.4536249e-06
6.3773696e-01,1.5013118e+00,6.4820866e-09
5.2256026e-01,1.5028687e+00,1.4788281e-09
5.5696956e+00,1.5053814e+00,2.8359597e-02
4.0739436e-01,1.5066404e+00,2.8775038e-10
5.3568109e+00,1.5067892e+00,2.6648186e-02
4.7824163e+00,1.5074238e+00,2.2700437e-02
4.8944412e+00,1.5078540e+00,2.3095187e-02
5.1178697e+00,1.5083049e+00,2.4836062e-02
5.0066017e+00,1.5083641e+00,2.3447132e-02
3.1653098e+00,1.5093434e+00,2.2523757e-02
3.2852892e+00,1.5096386e+00,2.2922907e-02
3.5228913e+00,1.5097096e+00,2.2791110e-02
3.4055224e+00,1.5097313e+00,2.3554677e-02
4.6706995e+00,1.5103273e+00,2.3058159e-02
2.9659435e-01,1.5105182e+00,8.5136343e-11
3.6390647e+00,1.5106384e+00,2.2443142e-02
5.6812128e+00,1.5117986e+00,2.7744984e-02
5.2261254e+00,1.5123854e+00,2.5495169e-02
3.7542774e+00,1.5131841e+00,2.3572930e-02
1.9512179e-01,1.5132598e+00,4.2680826e-11
3.8692393e+00,1.5142443e+00,2.3375034e-02
3.9842714e+00,1.5150659e+00,2.3411203e-02
4.5570501e+00,1.5159927e+00,2.2638326e-02
5.7847618e+00,1.5163913e+00,2.7909375e-02
4.0993231e+00,1.5170538e+00,2.2289753e-02
4.2137635e+00,1.5196287e+00,2.3361528e-02
9.8724436e+00,1.5206361e+00,2.0649441e-15
4.4413853e+00,1.5210638e+00,2.2785408e-02
4.3274743e+00,1.5211215e+00,2.3384872e-02
9.9335511e+00,1.5248512e+00,3.7808626e-15
5.4140622e+00,1.5278646e+00,2.7153827e-02
3.0582910e+00,1.5298810e+00,2.0637885e-02
5.5153814e+00,1.5310062e+00,2.8407413e-02
8.6125704e+00,1.5338757e+00,2.4172660e-06
8.7282910e+00,1.5338973e+00,2.3364801e-07
8.4966740e+00,1.5340226e+00,2.8201640e-05
8.8440859e+00,1.5340429e+00,1.3151421e-08
8.9601796e+00,1.5342695e+00,5.1988405e-10
8.3804495e+00,1.5345580e+00,2.9265039e-04
9.0767069e+00,1.5345896e+00,1.9915398e-11
9.1939980e+00,1.5350959e+00,7.9076692e-13
8.2638432e+00,1.5353543e+00,2.2030436e-03
8.1472498e+00,1.5360713e+00,6.2340750e-03
9.3125020e+00,1.5364724e+00,3.7446808e-14
9.4297594e+00,1.5370944e+00,2.0702049e-15
9.5465557e+00,1.5374033e+00,1.6163492e-16
9.6634050e+00,1.5375966e+00,9.2303394e-17
8.0302227e+00,1.5380116e+00,7.0754495e-03
5.1677664e+00,1.5387677e+00,2.4827299e-02
5.7270128e+00,1.5391721e+00,2.7928440e-02
4.8381637e+00,1.5399702e+00,2.2616507e-02
5.6241253e+00,1.5402245e+00,2.8445149e-02
5.9236236e+00,1.5404185e+00,2.7398388e-02
4.9504031e+00,1.5405532e+00,2.2835334e-02
6.2768233e+00,1.5406684e+00,2.4049705e-02
6.3904263e+00,1.5407199e+00,2.1858136e-02
5.0621098e+00,1.5407559e+00,2.3388778e-02
6.1632977e+00,1.5407627e+00,2.5381327e-02
6.0482609e+00,1.5407973e+00,2.5321285e-02
4.7266150e+00,1.5408706e+00,2.2731487e-02
6.5036033e+00,1.5415128e+00,1.8872899e-02
3.5809561e+00,1.5431207e+00,2.2607185e-02
3.4641720e+00,1.5431218e+00,2.3489489e-02
3.3449043e+00,1.5434866e+00,2.3278413e-02
3.2253253e+00,1.5445767e+00,2.2123077e-02
1.8830501e+00,1.5448422e+00,2.0465388e-05
6.6176602e+00,1.5448545e+00,1.0037063e-02
3.6966440e+00,1.5451727e+00,2.3657176e-02
7.9097372e+00,1.5453413e+00,7.9685640e-03
4.6143712e+00,1.5454516e+00,2.2777211e-02
1.9392852e+00,1.5461843e+00,1.8552170e-05
9.7757772e+00,1.5464171e+00,4.7508980e-16
3.1139103e+00,1.5470321e+00,2.2197192e-02
3.8115948e+00,1.5471536e+00,2.3148763e-02
3.9266160e+00,1.5477735e+00,2.3103837e-02
4.0416667e+00,1.5489707e+00,2.1675171e-02
6.7327815e+00,1.5497101e+00,6.2880193e-03
4.1564553e+00,1.5514506e+00,2.2799387e-02
4.4992585e+00,1.5516065e+00,2.2595875e-02
7.7885753e+00,1.5516216e+00,7.3476491e-03
6.8490378e+00,1.5519850e+00,5.6836004e-03
6.9656864e+00,1.5520064e+00,5.4922752e-03
7.0828334e+00,1.5521091e+00,6.0185295e-03
7.2001788e+00,1.5523254e+00,5.9540811e-03
7.3175673e+00,1.5525761e+00,5.8423388e-03
7.4349825e+00,1.5528062e+00,6.2948846e-03
7.5523822e+00,1.5530127e+00,6.4661234e-03
7.6697149e+00,1.5531759e+00,7.2563223e-03
1.1026442e-01,1.5532321e+00,5.5711870e-11
4.2704891e+00,1.5534458e+00,2.3350372e-02
4.3840624e+00,1.5543643e+00,2.2969920e-02
5.7760360e-02,1.5557338e+00,3.5144087e-11
5.3221455e+00,1.5576788e+00,2.5739741e-02
5.2684621e+00,1.5613517e+00,2.5622304e-02
5.8144018e+00,1.5633601e+00,2.7806114e-02
1.6848792e+00,1.5645886e+00,4.1186073e-05
1.3333580e+00,1.5652548e+00,2.4785365e-06
1.5679886e+00,1.5653023e+00,3.0971479e-05
1.2167602e+00,1.5653337e+00,3.6667534e-07
1.4504502e+00,1.5654755e+00,1.2602435e-05
1.1005232e+00,1.5659421e+00,1.3657071e-07
9.8445146e-01,1.5663609e+00,6.9994194e-08
8.6872032e-01,1.5665359e+00,3.2483333e-08
8.6704341e+00,1.5672566e+00,1.4603013e-06
8.5546847e+00,1.5673222e+00,1.9890315e-05
8.7861127e+00,1.5673476e+00,6.5570651e-08
7.5330192e-01,1.5673837e+00,1.3893590e-08
8.9019778e+00,1.5674812e+00,2.3245225e-09
8.4387004e+00,1.5677125e+00,2.1494816e-04
9.0180924e+00,1.5677431e+00,7.0112072e-11
1.7915798e+00,1.5678672e+00,4.1800740e-05
9.1347775e+00,1.5680456e+00,2.3769879e-12
6.3788457e-01,1.5685482e+00,6.2012186e-09
8.3222984e+00,1.5685492e+00,1.7976343e-03
9.2529963e+00,1.5692933e+00,9.1239359e-14
8.2055669e+00,1.5694246e+00,6.3761109e-03
8.0889603e+00,1.5700415e+00,7.2223515e-03
5.2262346e-01,1.5702046e+00,3.3204662e-09
9.3712619e+00,1.5705594e+00,4.4691690e-15
9.8348749e+00,1.5706100e+00,8.2861071e-16
9.4881555e+00,1.5710042e+00,2.9030936e-16
9.6049175e+00,1.5712062e+00,4.2352558e-17
4.0785965e-01,1.5732916e+00,1.9385235e-09
6.2200516e+00,1.5734776e+00,2.4962188e-02
6.3335801e+00,1.5734960e+00,2.5274302e-02
6.1066037e+00,1.5735804e+00,2.5308076e-02
5.9901175e+00,1.5736852e+00,2.6872073e-02
6.4468344e+00,1.5738905e+00,2.9805108e-02
7.9705099e+00,1.5743689e+00,7.5414542e-03
2.9662071e-01,1.5757511e+00,9.7955568e-10
9.7246372e+00,1.5758379e+00,1.1763320e-16
6.5602034e+00,1.5761084e+00,1.8208318e-02
1.9612902e-01,1.5768748e+00,5.5429852e-10
5.8703084e+00,1.5781952e+00,2.7949500e-02
6.6748424e+00,1.5808297e+00,9.7769179e-03
7.8491091e+00,1.5824069e+00,8.0872768e-03
5.4176265e+00,1.5828435e+00,2.7292455e-02
9.9664121e+00,1.5843411e+00,2.4599985e-15
6.7906919e+00,1.5849269e+00,6.3007254e-03
6.9072601e+00,1.5856658e+00,5.7546444e-03
7.0242048e+00,1.5858127e+00,5.7384422e-03
7.1414487e+00,1.5860646e+00,6.2000253e-03
7.7290652e+00,1.5863164e+00,6.9441493e-03
7.2588178e+00,1.5863589e+00,5.9436664e-03
7.3762149e+00,1.5865918e+00,5.8839412e-03
7.4936403e+00,1.5868073e+00,6.5986833e-03
7.6110030e+00,1.5869774e+00,7.2424982e-03
3.0240055e+00,1.5882353e+00,2.0193148e-02
5.5153160e+00,1.5884523e+00,2.8484958e-02
1.8485330e+00,1.5919374e+00,4.6612999e-05
5.7238674e+00,1.5944543e+00,2.7895269e-02
1.7440064e+00,1.5971027e+00,6.2893327e-05
1.4318492e-01,1.5983844e+00,6.1318781e-10
1.6277895e+00,1.5985281e+00,6.6246155e-05
1.2751115e+00,1.5987333e+00,1.8950678e-06
1.3919021e+00,1.5990478e+00,1.5255278e-05
1.1587646e+00,1.5991357e+00,1.9763613e-07
1.5093369e+00,1.5992729e+00,4.8049965e-05
1.0426248e+00,1.5997284e+00,7.3284113e-08
9.2671952e-01,1.6000046e+00,3.4919004e-08
8.1115910e-01,1.6003318e+00,1.6477572e-08
6.9568274e-01,1.6017014e+00,8.8512879e-09
5.6232136e+00,1.6019936e+00,2.8438214e-02
5.8030430e-01,1.6027433e+00,5.8620124e-09
5.1693270e+00,1.6041769e+00,2.4746567e-02
5.3631479e+00,1.6047571e+00,2.5737765e-02
4.8378753e+00,1.6048115e+00,2.2479566e-02
4.6513400e-01,1.6052907e+00,4.0977121e-09
4.9500882e+00,1.6053529e+00,2.2637623e-02
5.0618677e+00,1.6056323e+00,2.3296670e-02
1.9701616e+00,1.6059867e+00,2.4821316e-05
4.7266250e+00,1.6062346e+00,2.2593871e-02
3.5107049e-01,1.6071939e+00,2.4510127e-09
2.4179600e-01,1.6075702e+00,1.1741995e-09
5.7742340e+00,1.6099008e+00,2.7568695e-02
3.4642050e+00,1.6099285e+00,2.3464680e-02
3.5807447e+00,1.6101389e+00,2.3094832e-02
3.3453618e+00,1.6102882e+00,2.3127465e-02
4.6142688e+00,1.6107106e+00,2.2412575e-02
2.8538623e-02,1.6108159e+00,7.0244576e-11
5.4643791e+00,1.6115906e+00,2.7201973e-02
3.6963161e+00,1.6118168e+00,2.3377181e-02
3.2275442e+00,1.6130582e+00,2.2539218e-02
3.8113957e+00,1.6136352e+00,2.3013369e-02
3.9263747e+00,1.6141804e+00,2.3951946e-02
4.0414483e+00,1.6153557e+00,2.2180498e-02
4.4991051e+00,1.6170934e+00,2.2738213e-02
4.1560743e+00,1.6174306e+00,2.2506355e-02
4.2701242e+00,1.6193432e+00,2.2298450e-02
4.3838527e+00,1.6199635e+00,2.2906389e-02
3.1151793e+00,1.6201380e+00,2.1898079e-02
5.2304587e+00,1.6207835e+00,2.4678565e-02
5.5687185e+00,1.6245967e+00,2.8799508e-02
5.6771557e+00,1.6288500e+00,2.8260215e-02
9.8620657e+00,1.6288518e+00,5.3726667e-16
8.6703638e+00,1.6339721e+00,1.4752254e-06
8.5547211e+00,1.6339861e+00,2.0140911e-05
8.7860758e+00,1.6341097e+00,6.0803811e-08
8.9019014e+00,1.6343498e+00,1.9144680e-09
8.4390066e+00,1.6344842e+00,2.2968162e-04
9.0178567e+00,1.6345538e+00,5.1907828e-11
9.1341447e+00,1.6347413e+00,1.5405745e-12
9.2517549e+00,1.6357170e+00,5.1128125e-14
8.3226509e+00,1.6357520e+00,1.9960233e-03
8.2058176e+00,1.6366376e+00,6.9932428e-03
4.8938380e+00,1.6374950e+00,2.2485645e-02
8.0888429e+00,1.6374979e+00,8.0861737e-03
4.7821380e+00,1.6376291e+00,2.2612901e-02
9.3711300e+00,1.6378912e+00,2.1340706e-15
5.0060447e+00,1.6380402e+00,2.2896292e-02
9.4876362e+00,1.6381248e+00,1.2639239e-16
5.9899084e+00,1.6382550e+00,2.6964568e-02
9.9324954e+00,1.6383677e+00,1.2496074e-15
9.6039129e+00,1.6383857e+00,1.9505019e-17
5.1191881e+00,1.6385906e+00,2.3445056e-02
6.3336540e+00,1.6390070e+00,2.6900773e-02
6.4467692e+00,1.6392173e+00,3.3745328e-02
7.9709079e+00,1.6408410e+00,7.9360996e-03
4.6706072e+00,1.6409502e+00,2.2311517e-02
3.0595601e+00,1.6422026e+00,2.2431356e-02
6.2221700e+00,1.6422808e+00,2.5827305e-02
6.5595098e+00,1.6422848e+00,1.7566521e-02
3.4060129e+00,1.6433397e+00,2.3118531e-02
3.5227129e+00,1.6435344e+00,2.3529352e-02
9.7215597e+00,1.6442154e+00,5.4491503e-17
3.6385254e+00,1.6443006e+00,2.3251945e-02
3.2879657e+00,1.6449216e+00,2.2870172e-02
6.1056087e+00,1.6453727e+00,2.5251568e-02
5.8820062e+00,1.6453755e+00,2.7925359e-02
3.7537503e+00,1.6463099e+00,2.2756595e-02
4.5567943e+00,1.6467386e+00,2.2350054e-02
3.8687989e+00,1.6471329e+00,2.4343745e-02
3.9838117e+00,1.6478579e+00,2.2213168e-02
6.6743327e+00,1.6480047e+00,1.1533992e-02
7.8494141e+00,1.6490163e+00,8.1426859e-03
4.0987237e+00,1.6494188e+00,2.2823179e-02
3.1687979e+00,1.6509307e+00,2.2251929e-02
4.2130176e+00,1.6515061e+00,2.1643067e-02
6.7905085e+00,1.6517266e+00,7.7479863e-03
4.4410223e+00,1.6521498e+00,2.2494946e-02
4.3268998e+00,1.6526180e+00,2.2807061e-02
6.9071495e+00,1.6529455e+00,6.6192598e-03
7.0240819e+00,1.6533814e+00,6.3234892e-03
1.8675203e+00,1.6535345e+00,9.2664381e-05
7.1413154e+00,1.6538316e+00,6.4858181e-03
7.7289730e+00,1.6540885e+00,7.0905200e-03
7.2586934e+00,1.6541705e+00,6.4541387e-03
7.3761099e+00,1.6544158e+00,6.3646913e-03
7.4935563e+00,1.6546148e+00,6.9562181e-03
7.6109085e+00,1.6547173e+00,7.3410056e-03
1.2459669e-01,1.6577462e+00,2.3747918e-09
5.3614151e+00,1.6598953e+00,2.5608821e-02
5.7823739e+00,1.6640084e+00,2.7742070e-02
1.7481157e+00,1.6641954e+00,2.9360436e-04
1.2754539e+00,1.6657311e+00,1.8393498e-05
1.3917705e+00,1.6660312e+00,1.5230969e-04
1.1591048e+00,1.6660988e+00,8.6502640e-07
1.9329138e+00,1.6662416e+00,6.7656691e-05
1.6281656e+00,1.6662439e+00,4.9209840e-04
1.0429503e+00,1.6666773e+00,8.3862285e-08
1.5094554e+00,1.6668422e+00,4.5309097e-04
5.4687640e+00,1.6669560e+00,2.7388957e-02
9.2700601e-01,1.6670781e+00,6.0468125e-08
8.6125365e+00,1.6672552e+00,9.1131194e-06
8.7281838e+00,1.6673750e+00,2.9822553e-07
8.1146544e-01,1.6673899e+00,6.2812909e-08
8.4970166e+00,1.6674582e+00,1.5422338e-04
8.8439725e+00,1.6676736e+00,7.3718836e-09
6.2454455e-02,1.6676759e+00,1.9311452e-09
8.9598675e+00,1.6679488e+00,1.7965422e-10
9.0758385e+00,1.6680959e+00,4.4800711e-12
9.1921239e+00,1.6682153e+00,1.3426971e-13
6.9597533e-01,1.6684431e+00,6.8631542e-08
8.3811081e+00,1.6685325e+00,1.6392359e-03
8.2644463e+00,1.6697701e+00,6.3140774e-03
5.8039670e-01,1.6700929e+00,6.8906859e-08
9.3111288e+00,1.6702279e+00,4.7150093e-15
8.1473831e+00,1.6707407e+00,7.8299459e-03
2.3890634e-01,1.6714871e+00,1.4473949e-08
9.4291082e+00,1.6715468e+00,2.3902345e-16
6.3904350e+00,1.6715577e+00,2.4430074e-02
9.5450318e+00,1.6717034e+00,1.9301424e-17
8.0305033e+00,1.6719400e+00,8.3349342e-03
4.6515147e-01,1.6719544e+00,5.7251471e-08
5.9351123e+00,1.6721686e+00,2.7719448e-02
3.5111086e-01,1.6728783e+00,3.6520433e-08
6.5028445e+00,1.6730159e+00,1.8788033e-02
9.6593229e+00,1.6731536e+00,1.4420089e-17
5.2492050e+00,1.6731600e+00,2.4219258e-02
6.2790156e+00,1.6749826e+00,2.6776646e-02
6.0470569e+00,1.6771594e+00,2.6730912e-02
6.6164568e+00,1.6782059e+00,1.6855088e-02
7.9104402e+00,1.6784227e+00,8.0965183e-03
9.8325000e+00,1.6798749e+00,2.1096245e-16
6.1644213e+00,1.6813582e+00,2.4989233e-02
5.5677087e+00,1.6820244e+00,2.8708371e-02
6.7320884e+00,1.6836848e+00,1.1213082e-02
5.6786933e+00,1.6839229e+00,2.7937131e-02
5.8342395e+00,1.6846479e+00,2.7812437e-02
9.7706537e+00,1.6857466e+00,6.4429836e-17
7.7887880e+00,1.6860031e+00,7.9447754e-03
6.8487438e+00,1.6860643e+00,7.5465727e-03
6.9654529e+00,1.6868547e+00,6.6270566e-03
7.0825771e+00,1.6874448e+00,6.3804980e-03
7.1999211e+00,1.6879041e+00,6.5899750e-03
7.3173379e+00,1.6882118e+00,6.5415733e-03
7.4347935e+00,1.6884377e+00,6.8416328e-03
7.5522036e+00,1.6885601e+00,7.1778595e-03
7.6695282e+00,1.6886878e+00,7.2867903e-03
5.3125282e+00,1.6897586e+00,2.4492971e-02
5.4202786e+00,1.6933471e+00,2.5816601e-02
1.8146764e+00,1.6965568e+00,3.2972336e-04
1.3335689e+00,1.6992361e+00,1.2922939e-04
1.2174428e+00,1.6992947e+00,8.9687469e-06
1.6893645e+00,1.6993970e+00,6.9662841e-04
1.1011889e+00,1.6998542e+00,2.6629904e-07
1.4504371e+00,1.7000282e+00,6.2850552e-04
1.7465113e-01,1.7001535e+00,1.5308968e-08
9.8506344e-01,1.7003833e+00,7.4096643e-08
1.5684831e+00,1.7005875e+00,1.0215282e-03
8.6931314e-01,1.7006675e+00,8.1945006e-08
3.0355545e+00,1.7010262e+00,2.2353208e-02
9.9660833e+00,1.7010854e+00,7.2135757e-16
7.5390085e-01,1.7011834e+00,9.7686859e-08
5.5186910e+00,1.7012455e+00,2.7746419e-02
4.8935417e+00,1.7023244e+00,2.2886825e-02
4.7819156e+00,1.7025334e+00,2.2610326e-02
6.3826957e-01,1.7026394e+00,1.0683675e-07
5.0055105e+00,1.7030084e+00,2.3055280e-02
5.7335450e+00,1.7036348e+00,2.8001875e-02
5.2273334e-01,1.7042179e+00,1.0145355e-07
5.1179884e+00,1.7046255e+00,2.3373872e-02
2.9377141e-01,1.7053524e+00,4.4935683e-08
4.0791748e-01,1.7056397e+00,7.9148934e-08
4.6704957e+00,1.7060782e+00,2.2468981e-02
3.5225690e+00,1.7106256e+00,2.3524681e-02
3.4071346e+00,1.7106488e+00,2.3397851e-02
3.6382324e+00,1.7115546e+00,2.3611071e-02
4.5567334e+00,1.7120037e+00,2.2108318e-02
3.2917617e+00,1.7124828e+00,2.3066187e-02
3.7535732e+00,1.7127498e+00,2.3100951e-02
3.8686280e+00,1.7135503e+00,2.3954248e-02
3.9836082e+00,1.7141842e+00,2.1256315e-02
5.6237413e+00,1.7144943e+00,2.8738392e-02
3.1760784e+00,1.7146737e+00,2.2489537e-02
4.0985145e+00,1.7156991e+00,2.1600246e-02
4.2128335e+00,1.7172954e+00,2.1517042e-02
4.4409803e+00,1.7175306e+00,2.1720921e-02
4.3267032e+00,1.7182732e+00,2.2562413e-02
3.3915832e-02,1.7235268e+00,3.8742695e-09
5.2168251e+00,1.7256929e+00,2.3868749e-02
1.9627522e+00,1.7269216e+00,9.7798798e-05
8.6122292e+00,1.7336680e+00,9.0573746e-06
8.4970250e+00,1.7338262e+00,1.5837482e-04
4.8373566e+00,1.7345452e+00,2.2409481e-02
8.7287835e+00,1.7347032e+00,2.6021699e-07
8.3816834e+00,1.7348698e+00,1.6564245e-03
9.1917297e+00,1.7350212e+00,6.4371952e-14
9.0758655e+00,1.7351102e+00,2.4019060e-12
4.9492577e+00,1.7351506e+00,2.3108738e-02
8.8454661e+00,1.7357598e+00,5.4242035e-09
6.3913927e+00,1.7358424e+00,1.8844561e-02
8.9608444e+00,1.7359991e+00,1.0972427e-10
8.2650625e+00,1.7362236e+00,7.0012302e-03
4.7262911e+00,1.7362669e+00,2.2604820e-02
9.3096612e+00,1.7365282e+00,2.1605493e-15
5.0601338e+00,1.7366356e+00,2.2871517e-02
8.1475146e+00,1.7366899e+00,8.1967851e-03
5.9366619e+00,1.7373549e+00,2.7724640e-02
8.0306328e+00,1.7378603e+00,8.6291352e-03
6.0395599e+00,1.7379627e+00,2.6554226e-02
6.5027094e+00,1.7380617e+00,1.0574391e-02
9.4278470e+00,1.7382857e+00,9.7005879e-17
9.5429882e+00,1.7382897e+00,7.3386943e-18
9.6556759e+00,1.7402788e+00,7.0792114e-18
4.6140963e+00,1.7411036e+00,2.2134607e-02
5.1651508e+00,1.7411685e+00,2.3293751e-02
6.2839341e+00,1.7426915e+00,2.6351055e-02
7.9116262e+00,1.7427123e+00,8.2995839e-03
6.6156786e+00,1.7430565e+00,1.6393471e-02
3.4651829e+00,1.7443289e+00,2.3478876e-02
3.2386208e+00,1.7443623e+00,2.2711922e-02
3.5803079e+00,1.7444841e+00,2.3646755e-02
3.3502796e+00,1.7451585e+00,2.3420424e-02
3.6958461e+00,1.7455107e+00,2.3520232e-02
9.8655201e+00,1.7461765e+00,1.5950520e-16
3.8110476e+00,1.7464926e+00,2.3717389e-02
5.8357832e+00,1.7469113e+00,2.7725911e-02
3.9260003e+00,1.7469242e+00,2.1012036e-02
6.7320828e+00,1.7475419e+00,1.2532745e-02
4.4990021e+00,1.7477393e+00,2.2054082e-02
4.0410357e+00,1.7479623e+00,2.1673540e-02
6.8488756e+00,1.7492616e+00,8.9411216e-03
4.1556810e+00,1.7495002e+00,2.0840809e-02
7.7890472e+00,1.7495555e+00,8.5020990e-03
9.7628347e+00,1.7501048e+00,3.4203519e-17
6.9656058e+00,1.7502065e+00,7.7697179e-03
4.2697434e+00,1.7507878e+00,2.2571686e-02
7.0827375e+00,1.7508541e+00,7.3684042e-03
4.3836141e+00,1.7509995e+00,2.1999165e-02
7.2001311e+00,1.7512851e+00,7.5113059e-03
7.3175879e+00,1.7515608e+00,7.4935168e-03
7.4350780e+00,1.7517475e+00,7.6287275e-03
7.5525120e+00,1.7518265e+00,7.7441344e-03
7.6698404e+00,1.7519085e+00,7.8001132e-03
6.1729229e+00,1.7525339e+00,2.5518311e-02
5.4225569e+00,1.7546514e+00,2.5623579e-02
5.3103636e+00,1.7559983e+00,2.4379078e-02
9.9286737e+00,1.7578710e+00,3.4079659e-16
3.0694972e+00,1.7598904e+00,2.1849448e-02
5.5242514e+00,1.7610797e+00,2.7866369e-02
3.1323970e+00,1.7623531e+00,2.2476600e-02
5.7376281e+00,1.7627051e+00,2.8323431e-02
5.9839609e+00,1.7642446e+00,2.7572581e-02
1.6922979e-01,1.7655847e+00,2.8136804e-07
1.8151183e+00,1.7660797e+00,8.5161249e-04
1.3339877e+00,1.7662443e+00,8.2189856e-04
1.2178177e+00,1.7663261e+00,6.0650123e-05
1.4503362e+00,1.7665428e+00,3.6592963e-03
8.5544222e+00,1.7667669e+00,5.7748487e-05
1.1014779e+00,1.7668329e+00,1.6137461e-06
8.4395902e+00,1.7671895e+00,1.0289659e-03
9.8534797e-01,1.7673224e+00,3.7380028e-07
1.5685243e+00,1.7674518e+00,5.3537490e-03
8.6959168e-01,1.7676408e+00,5.7216668e-07
8.6706562e+00,1.7677130e+00,1.1734532e-06
1.6887928e+00,1.7681225e+00,2.7997233e-03
7.5398186e-01,1.7681607e+00,8.3436729e-07
8.3238423e+00,1.7685427e+00,6.2660822e-03
6.4475918e+00,1.7685478e+00,1.6315075e-02
9.1337776e+00,1.7685615e+00,1.5589420e-13
5.6272580e+00,1.7687631e+00,2.8851796e-02
9.2498933e+00,1.7688233e+00,4.6397049e-15
8.2065653e+00,1.7690403e+00,7.8645677e-03
6.3850106e-01,1.7692778e+00,1.0701109e-06
8.0891039e+00,1.7693674e+00,8.2449898e-03
8.7881691e+00,1.7695240e+00,1.8432921e-08
9.0188606e+00,1.7696185e+00,6.7550059e-12
8.9043718e+00,1.7704864e+00,3.3293570e-10
5.2274589e-01,1.7707614e+00,1.2083098e-06
2.9361040e-01,1.7709063e+00,7.3645619e-07
9.3684013e+00,1.7709304e+00,1.7944975e-16
6.3395301e+00,1.7710007e+00,2.5240841e-02
7.9722234e+00,1.7710509e+00,8.5938515e-03
4.0791630e-01,1.7713737e+00,1.0886174e-06
9.4843314e+00,1.7714499e+00,1.0641744e-17
9.5982223e+00,1.7720972e+00,2.4607346e-18
6.5585965e+00,1.7721812e+00,1.4002957e-02
5.8850995e+00,1.7728252e+00,2.7720091e-02
5.2554366e+00,1.7754896e+00,2.3975036e-02
9.7100937e+00,1.7756988e+00,9.9181620e-18
6.6735490e+00,1.7767124e+00,1.6266992e-02
7.8508593e+00,1.7768583e+00,8.3712285e-03
6.7906347e+00,1.7787811e+00,1.1910026e-02
5.8277656e-02,1.7788730e+00,9.7012201e-08
6.0754654e+00,1.7789278e+00,2.6371637e-02
6.9074342e+00,1.7794946e+00,8.9667811e-03
7.0243952e+00,1.7801424e+00,7.8104065e-03
7.1416857e+00,1.7806220e+00,7.6233687e-03
7.7295444e+00,1.7808615e+00,8.4238526e-03
7.2591534e+00,1.7809006e+00,7.6190379e-03
7.3766444e+00,1.7810746e+00,7.6635441e-03
6.2355901e+00,1.7811654e+00,2.5238957e-02
7.4941492e+00,1.7811910e+00,7.9233696e-03
7.6115290e+00,1.7812043e+00,7.9425988e-03
5.7880007e+00,1.7853421e+00,2.7971820e-02
1.9340134e+00,1.7855292e+00,2.7499353e-04
9.8211881e+00,1.7862079e+00,5.8271935e-17
5.3615288e+00,1.7874393e+00,2.4418754e-02
5.4766027e+00,1.7880946e+00,2.6018243e-02
6.1292457e+00,1.7892670e+00,2.5869242e-02
5.5767857e+00,1.7961275e+00,2.8382559e-02
5.6862931e+00,1.7972621e+00,2.8817682e-02
1.1499855e-01,1.7973375e+00,2.7465111e-07
4.8371064e+00,1.7994404e+00,2.2732730e-02
1.3920885e+00,1.7995540e+00,3.4208900e-03
1.2762476e+00,1.7997707e+00,4.3822816e-04
4.9489438e+00,1.7999371e+00,2.2889234e-02
1.1597687e+00,1.8001089e+00,1.6367674e-05
1.5093957e+00,1.8002211e+00,9.0488993e-03
1.0435238e+00,1.8005951e+00,6.0527835e-07
4.7259394e+00,1.8009404e+00,2.2364139e-02
9.2756908e-01,1.8009905e+00,6.7755712e-07
8.1182498e-01,1.8013404e+00,1.0407977e-06
1.6276350e+00,1.8018338e+00,8.3265046e-03
6.9628783e-01,1.8020587e+00,1.3929440e-06
5.0594169e+00,1.8022851e+00,2.2741878e-02
1.7479859e+00,1.8024438e+00,3.0827560e-03
2.3332399e-01,1.8024722e+00,8.9346058e-07
1.8690619e+00,1.8026623e+00,8.5368320e-04
5.8064074e-01,1.8032748e+00,1.7301204e-06
3.5094866e-01,1.8041661e+00,1.4592687e-06
4.6516284e-01,1.8042319e+00,1.7781931e-06
4.6139092e+00,1.8062915e+00,2.2087533e-02
5.1644253e+00,1.8081927e+00,2.3516896e-02
3.4648877e+00,1.8113746e+00,2.3202681e-02
3.5800785e+00,1.8114058e+00,2.3619772e-02
3.2337628e+00,1.8117088e+00,2.2738626e-02
3.6956300e+00,1.8122551e+00,2.3180697e-02
3.8108655e+00,1.8129194e+00,2.3022849e-02
3.3495894e+00,1.8130459e+00,2.3060172e-02
4.4988476e+00,1.8132898e+00,2.2630694e-02
3.9258710e+00,1.8133119e+00,2.0989511e-02
4.0408291e+00,1.8141961e+00,2.2500911e-02
4.1554846e+00,1.8155047e+00,2.1682814e-02
4.2695764e+00,1.8164965e+00,2.2477224e-02
4.3834351e+00,1.8166779e+00,2.2580043e-02
9.9625904e+00,1.8214915e+00,2.1837254e-16
3.0339427e+00,1.8235701e+00,2.2064921e-02
5.2245922e+00,1.8250041e+00,2.3751157e-02
3.1696085e+00,1.8261328e+00,2.2404977e-02
6.3476294e+00,1.8291496e+00,2.6290117e-02
5.9976822e+00,1.8300638e+00,2.7552228e-02
6.4479904e+00,1.8318637e+00,2.0942865e-02
4.8929776e+00,1.8320061e+00,2.2798322e-02
4.7813137e+00,1.8321021e+00,2.2594765e-02
8.5525845e+00,1.8321638e+00,5.4453785e-05
2.4361824e-02,1.8331241e+00,1.7939198e-07
5.0044798e+00,1.8334445e+00,2.2390433e-02
8.4400230e+00,1.8335882e+00,1.1089052e-03
8.0889323e+00,1.8337397e+00,8.2712007e-03
8.3244083e+00,1.8338476e+00,7.2950674e-03
8.2064966e+00,1.8338610e+00,8.3531957e-03
8.6703619e+00,1.8353119e+00,9.1011912e-07
7.9722313e+00,1.8353815e+00,8.4416616e-03
9.1338058e+00,1.8354697e+00,5.5028499e-14
9.2496978e+00,1.8357046e+00,1.4721335e-15
4.6699569e+00,1.8359396e+00,2.2225532e-02
6.5585631e+00,1.8366866e+00,1.7049886e-02
9.3664503e+00,1.8370007e+00,5.3381277e-17
5.1165460e+00,1.8372993e+00,2.2876790e-02
6.0505389e+00,1.8374593e+00,2.6511901e-02
9.0200369e+00,1.8378434e+00,2.5838964e-12
9.4820856e+00,1.8379042e+00,3.1567143e-18
8.7908944e+00,1.8379506e+00,1.0331037e-08
9.5958508e+00,1.8382032e+00,1.2515779e-18
7.8521990e+00,1.8386107e+00,8.6920187e-03
6.7917203e+00,1.8389342e+00,1.3581354e-02
6.6738489e+00,1.8392004e+00,1.7267527e-02
8.9069878e+00,1.8396073e+00,1.4640929e-10
6.9086298e+00,1.8396424e+00,1.1007919e-02
9.7093284e+00,1.8396916e+00,6.1166294e-18
5.8926299e+00,1.8400380e+00,2.7823157e-02
7.0255585e+00,1.8404971e+00,9.8446945e-03
7.7311201e+00,1.8406599e+00,9.1722585e-03
7.2604910e+00,1.8409207e+00,8.9376590e-03
7.4955792e+00,1.8410754e+00,8.7078440e-03
7.1427297e+00,1.8411967e+00,9.3600340e-03
7.3778006e+00,1.8414614e+00,8.7488523e-03
7.6127784e+00,1.8415323e+00,8.6530922e-03
4.5563917e+00,1.8427420e+00,2.2674795e-02
1.9712612e+00,1.8443218e+00,3.6947580e-04
3.5220444e+00,1.8445931e+00,2.3315676e-02
3.6377869e+00,1.8452207e+00,2.2947163e-02
3.4061493e+00,1.8455819e+00,2.2903109e-02
3.7531751e+00,1.8459209e+00,2.2808466e-02
9.8238371e+00,1.8461918e+00,3.4350091e-17
3.8683166e+00,1.8463647e+00,2.1364422e-02
3.9832723e+00,1.8468057e+00,2.2616695e-02
3.2862135e+00,1.8477167e+00,2.2491265e-02
4.0981115e+00,1.8479374e+00,2.1629106e-02
4.4406467e+00,1.8487595e+00,2.1895776e-02
4.2124700e+00,1.8490086e+00,2.2849384e-02
4.3263572e+00,1.8496604e+00,2.2546402e-02
5.7926051e+00,1.8498775e+00,2.8000704e-02
6.2496803e+00,1.8507563e+00,2.4862534e-02
5.3605441e+00,1.8524472e+00,2.4712296e-02
5.4767932e+00,1.8525923e+00,2.5968703e-02
5.5850873e+00,1.8559804e+00,2.8316374e-02
6.1437945e+00,1.8560868e+00,2.5831542e-02
5.6920888e+00,1.8572586e+00,2.8608147e-02
6.3998906e+00,1.8573072e+00,2.4222217e-02
8.4956200e+00,1.8656219e+00,3.4544447e-04
8.1472743e+00,1.8658829e+00,8.3133692e-03
6.5030746e+00,1.8658830e+00,2.4382821e-02
1.5098360e+00,1.8662248e+00,2.7764562e-02
1.3929032e+00,1.8662404e+00,1.1828561e-02
2.2734492e-01,1.8663275e+00,1.4211128e-05
8.2655597e+00,1.8663492e+00,8.1624900e-03
8.0304691e+00,1.8665633e+00,8.6256607e-03
8.3826821e+00,1.8665734e+00,5.3288841e-03
8.6100972e+00,1.8666639e+00,4.3280141e-06
1.2766435e+00,1.8667736e+00,1.5895666e-03
1.1600973e+00,1.8671309e+00,6.3753768e-05
1.1557151e-01,1.8673916e+00,5.3729820e-06
1.0438188e+00,1.8676147e+00,2.6497366e-06
9.2780703e-01,1.8680048e+00,3.5917014e-06
1.6273163e+00,1.8680492e+00,2.1292281e-02
8.1189223e-01,1.8683840e+00,6.3972641e-06
7.9129738e+00,1.8687955e+00,8.2770094e-03
9.1915626e+00,1.8688108e+00,3.0135992e-15
6.9612567e-01,1.8689953e+00,1.0275550e-05
9.3075147e+00,1.8694799e+00,9.7981091e-17
6.8511567e+00,1.8695626e+00,1.2825012e-02
5.8058867e-01,1.8697963e+00,1.4811771e-05
3.5077027e-01,1.8700441e+00,1.8538347e-05
6.6159452e+00,1.8700499e+00,1.9128545e-02
6.7334684e+00,1.8701831e+00,1.6833788e-02
9.0770700e+00,1.8702434e+00,1.2752976e-13
4.6522245e-01,1.8702901e+00,1.8353452e-05
9.6525391e+00,1.8703776e+00,1.5700934e-18
5.9579135e+00,1.8703869e+00,2.7890897e-02
1.7466251e+00,1.8704217e+00,5.4839961e-03
6.3061237e+00,1.8704313e+00,2.3929826e-02
6.9679647e+00,1.8707090e+00,1.0701216e-02
8.7312145e+00,1.8707287e+00,3.1889595e-08
9.4236502e+00,1.8708103e+00,4.5659995e-18
9.5383709e+00,1.8708502e+00,6.2816276e-19
7.7919627e+00,1.8711064e+00,9.0094040e-03
7.0849447e+00,1.8717835e+00,9.8460754e-03
7.2025126e+00,1.8718800e+00,9.3612160e-03
7.3200817e+00,1.8719677e+00,8.8376226e-03
7.4376642e+00,1.8720187e+00,8.6921740e-03
7.6726656e+00,1.8720348e+00,9.1790374e-03
7.5551915e+00,1.8720388e+00,8.7474369e-03
8.8508073e+00,1.8733073e+00,3.9465362e-10
8.9646366e+00,1.8733450e+00,6.3833558e-12
5.2465869e+00,1.8738427e+00,2.3463519e-02
9.7647184e+00,1.8740814e+00,1.0115968e-17
1.8663403e+00,1.8768595e+00,1.2439512e-03
5.8479179e+00,1.8786595e+00,2.7835064e-02
9.9355797e+00,1.8803151e+00,1.1993115e-16
6.0904623e+00,1.8825170e+00,2.6615849e-02
3.0664786e+00,1.8826420e+00,2.1935005e-02
3.1392447e+00,1.8827420e+00,2.2421157e-02
5.4217627e+00,1.8841571e+00,2.4995608e-02
5.5327435e+00,1.8854304e+00,2.6239311e-02
5.8850623e-02,1.8859643e+00,5.3431155e-06
5.7480281e+00,1.8872369e+00,2.8299765e-02
5.3096509e+00,1.8884250e+00,2.3974321e-02
5.6413552e+00,1.8886124e+00,2.8732876e-02
6.2015619e+00,1.8889445e+00,2.5300639e-02
9.8750751e+00,1.8893887e+00,5.1110439e-17
4.8921748e+00,1.8965399e+00,2.2325438e-02
4.7809274e+00,1.8969140e+00,2.2680036e-02
5.1141563e+00,1.8983490e+00,2.2815308e-02
1.4515912e+00,1.8992329e+00,3.0038603e-02
1.9312918e+00,1.8994089e+00,8.2473577e-04
1.6382369e-01,1.8994942e+00,1.6868305e-05
1.5686458e+00,1.8996709e+00,4.3958931e-02
1.3351983e+00,1.8999336e+00,6.6318021e-03
1.2185421e+00,1.9003510e+00,4.4531359e-04
2.8745294e-01,1.9006396e+00,2.4506401e-05
1.1021014e+00,1.9008746e+00,1.1392248e-05
4.6697329e+00,1.9009589e+00,2.2667332e-02
9.8588089e-01,1.9013564e+00,3.9755485e-06
8.6989687e-01,1.9016987e+00,7.1025143e-06
7.5388694e-01,1.9021409e+00,1.1877374e-05
1.6871133e+00,1.9023158e+00,2.4542636e-02
6.3828683e-01,1.9027359e+00,1.7726109e-05
4.0779752e-01,1.9033099e+00,2.6636245e-05
5.2275345e-01,1.9033411e+00,2.3514202e-05
5.0061155e+00,1.9035927e+00,2.2504205e-02
4.5561716e+00,1.9082335e+00,2.3093176e-02
1.8110360e+00,1.9082548e+00,4.6751994e-03
3.5218928e+00,1.9115995e+00,2.3157073e-02
3.6376022e+00,1.9119939e+00,2.2633993e-02
3.4056537e+00,1.9120220e+00,2.2925126e-02
3.7530140e+00,1.9124693e+00,2.2609829e-02
3.8682185e+00,1.9128252e+00,2.1757581e-02
3.9831740e+00,1.9132609e+00,2.2917739e-02
6.3978314e+00,1.9133575e+00,2.3098682e-02
3.2859134e+00,1.9138982e+00,2.2318389e-02
4.0979029e+00,1.9140594e+00,2.2457830e-02
4.4403364e+00,1.9146700e+00,2.1027913e-02
4.2122666e+00,1.9149010e+00,2.4668705e-02
4.3262120e+00,1.9153906e+00,2.2209293e-02
6.3379282e+00,1.9231035e+00,2.3539900e-02
8.6007254e+00,1.9248795e+00,2.3133573e-06
4.8359174e+00,1.9287861e+00,2.2294338e-02
4.7253292e+00,1.9307716e+00,2.2678504e-02
6.5022651e+00,1.9317207e+00,2.2208581e-02
8.1470775e+00,1.9320872e+00,8.2872518e-03
8.2651423e+00,1.9323222e+00,8.5102820e-03
8.4966662e+00,1.9323232e+00,3.0381766e-04
8.0299875e+00,1.9326683e+00,8.6365051e-03
8.3826570e+00,1.9330368e+00,5.3275537e-03
6.8523602e+00,1.9332858e+00,1.1669365e-02
5.0586629e+00,1.9334831e+00,2.2727607e-02
7.9123694e+00,1.9339283e+00,7.7439624e-03
6.7345201e+00,1.9339305e+00,1.6566290e-02
6.9694573e+00,1.9342244e+00,1.1129861e-02
4.9497767e+00,1.9346190e+00,2.2907944e-02
6.6168832e+00,1.9346278e+00,1.7974339e-02
7.7933568e+00,1.9346717e+00,8.7907093e-03
7.0866134e+00,1.9351144e+00,1.0402086e-02
7.2042433e+00,1.9351234e+00,9.8445037e-03
7.3218567e+00,1.9351560e+00,8.6360741e-03
7.6746370e+00,1.9351724e+00,9.8426127e-03
7.4394780e+00,1.9351727e+00,9.6383376e-03
7.5570635e+00,1.9351786e+00,9.2744118e-03
9.6524184e+00,1.9354657e+00,9.2480436e-19
9.1915818e+00,1.9354833e+00,6.0567363e-16
9.3069481e+00,1.9358716e+00,2.1370370e-17
4.6134652e+00,1.9368023e+00,2.2946667e-02
5.2150454e+00,1.9368061e+00,2.2803584e-02
9.5370010e+00,1.9368353e+00,2.9826307e-19
9.4220874e+00,1.9368531e+00,1.1272809e-18
9.7629910e+00,1.9372316e+00,5.3948517e-18
9.0780349e+00,1.9376295e+00,2.3235930e-14
8.7372416e+00,1.9381243e+00,3.2798211e-09
5.9722606e+00,1.9409956e+00,2.7992594e-02
9.9729893e+00,1.9411765e+00,8.6415456e-17
8.8546396e+00,1.9412912e+00,5.6826349e-11
8.9665574e+00,1.9413088e+00,1.0548070e-12
3.0325360e+00,1.9414249e+00,2.1945717e-02
3.4488799e-02,1.9417291e+00,1.2015432e-05
3.1689668e+00,1.9434214e+00,2.2382337e-02
4.4983172e+00,1.9446916e+00,2.1613282e-02
3.4642406e+00,1.9448210e+00,2.3061259e-02
3.5797422e+00,1.9451854e+00,2.2534609e-02
3.6952842e+00,1.9455767e+00,2.2353910e-02
3.3487937e+00,1.9456675e+00,2.2486916e-02
5.1607093e+00,1.9459128e+00,2.2761818e-02
3.8106062e+00,1.9459282e+00,2.2487432e-02
3.9256745e+00,1.9462275e+00,2.2541599e-02
4.0405222e+00,1.9467734e+00,2.2035424e-02
6.0899085e+00,1.9473514e+00,2.6864270e-02
4.1550726e+00,1.9475192e+00,2.5180663e-02
4.2692279e+00,1.9481192e+00,2.3224003e-02
5.8595663e+00,1.9481981e+00,2.8070116e-02
4.3829796e+00,1.9483187e+00,2.1267126e-02
9.8619718e+00,1.9484749e+00,2.3936040e-17
5.4218054e+00,1.9489238e+00,2.5070447e-02
5.5338840e+00,1.9493211e+00,2.6060604e-02
5.6450812e+00,1.9507679e+00,2.8119489e-02
5.7533034e+00,1.9513301e+00,2.8469295e-02
5.3156994e+00,1.9520830e+00,2.3879392e-02
6.4451216e+00,1.9537516e+00,2.3529171e-02
6.2066717e+00,1.9553861e+00,2.5315553e-02
3.2342276e+00,1.9557556e+00,2.2198314e-02
8.5442588e+00,1.9570807e+00,2.1581350e-05
8.6367131e+00,1.9577430e+00,1.3330059e-07
1.9600307e+00,1.9598489e+00,8.4588716e-04
1.6915546e-01,1.9618497e+00,2.8576611e-04
1.5696902e+00,1.9658514e+00,7.3697082e-02
1.4530744e+00,1.9659889e+00,5.8532038e-02
8.2058824e+00,1.9660382e+00,8.4989069e-03
8.0882539e+00,1.9660490e+00,7.9394550e-03
8.3239659e+00,1.9662839e+00,7.5975342e-03
2.8368849e-01,1.9663980e+00,2.5482383e-04
6.7939755e+00,1.9664048e+00,1.1656073e-02
7.9711454e+00,1.9666193e+00,8.4751726e-03
1.3358826e+00,1.9667334e+00,1.3867088e-02
8.4410441e+00,1.9667528e+00,1.0565936e-03
6.9113258e+00,1.9668810e+00,1.2332567e-02
6.5586916e+00,1.9671021e+00,1.4636722e-02
7.8529887e+00,1.9673089e+00,7.8422029e-03
1.6874026e+00,1.9673098e+00,3.4316429e-02
1.2190384e+00,1.9673312e+00,9.8118369e-04
7.0287197e+00,1.9673433e+00,1.0728321e-02
7.2639967e+00,1.9673524e+00,8.3665559e-03
7.7344857e+00,1.9673628e+00,9.0705228e-03
7.4992651e+00,1.9673691e+00,9.2837272e-03
6.6758387e+00,1.9675256e+00,1.9461288e-02
7.1461290e+00,1.9677710e+00,1.0202787e-02
7.3813894e+00,1.9678036e+00,1.0036536e-02
7.6166220e+00,1.9678095e+00,9.8870939e-03
8.6915589e+00,1.9678467e+00,5.3353175e-09
1.1024570e+00,1.9679195e+00,2.7210450e-05
9.7074803e+00,1.9679299e+00,1.5610881e-18
9.8613390e-01,1.9683982e+00,1.3561219e-05
9.8090065e+00,1.9684282e+00,8.9704514e-18
8.6994068e-01,1.9687342e+00,2.8209947e-05
9.2491504e+00,1.9687688e+00,3.3426948e-17
7.5387119e-01,1.9690765e+00,5.4752449e-05
9.5943601e+00,1.9692765e+00,3.3688089e-19
9.3643208e+00,1.9694352e+00,1.5842958e-18
9.1347899e+00,1.9695283e+00,1.1053500e-15
6.3811318e-01,1.9695289e+00,9.3986290e-05
4.0764516e-01,1.9696541e+00,2.1348882e-04
5.2268426e-01,1.9698130e+00,1.5212142e-04
9.4791528e+00,1.9699322e+00,2.4019989e-19
9.0229227e+00,1.9731933e+00,4.5198748e-14
8.8007537e+00,1.9733301e+00,1.1026845e-10
6.3219998e+00,1.9743194e+00,2.4668823e-02
8.9127409e+00,1.9755550e+00,2.1764543e-12
6.0341079e+00,1.9774222e+00,2.7797997e-02
1.8090481e+00,1.9781204e+00,6.6005059e-03
5.9186253e+00,1.9801853e+00,2.8059682e-02
5.3666354e+00,1.9808719e+00,2.4203281e-02
5.4779765e+00,1.9812498e+00,2.5347633e-02
5.5899537e+00,1.9820266e+00,2.6535729e-02
5.2604309e+00,1.9832367e+00,2.3014647e-02
5.7010900e+00,1.9835072e+00,2.8051846e-02
5.8095287e+00,1.9835091e+00,2.8143443e-02
6.1483505e+00,1.9873628e+00,2.6446803e-02
5.0695783e+00,1.9898088e+00,2.2797991e-02
6.2610435e+00,1.9915587e+00,2.4500691e-02
4.8352124e+00,1.9933711e+00,2.2966190e-02
2.2891225e-01,1.9944414e+00,3.3095483e-04
4.7249912e+00,1.9956829e+00,2.2364556e-02
9.8935183e+00,1.9972557e+00,2.6533892e-17
9.9440311e+00,1.9990309e+00,4.8987493e-17
6.7566196e-02,1.9991200e+00,2.9145054e-04
1.5123635e+00,1.9991613e+00,9.1352088e-02
1.6286499e+00,1.9992237e+00,8.3110987e-02
1.3950708e+00,1.9997961e+00,3.2895417e-02
3.0644593e+00,2.0002484e+00,2.1655115e-02
5.1328671e+00,2.0004108e+00,2.2746250e-02
1.2778242e+00,2.0005535e+00,3.8760682e-03
1.1609492e+00,2.0011560e+00,1.5348923e-04
1.0444274e+00,2.0017015e+00,1.5622745e-05
4.6133331e+00,2.0019329e+00,2.2641310e-02
9.2810384e-01,2.0020821e+00,2.9052911e-05
3.1281240e+00,2.0021450e+00,2.2293480e-02
3.4685345e-01,2.0021466e+00,3.0531521e-04
8.1192029e-01,2.0023551e+00,5.8364799e-05
6.9593627e-01,2.0027239e+00,1.0043860e-04
4.9462728e+00,2.0027879e+00,2.3169769e-02
5.8034583e-01,2.0030613e+00,1.6255641e-04
4.6500090e-01,2.0031061e+00,2.3821701e-04
1.7449265e+00,2.0052813e+00,3.1904920e-02
1.2961886e-01,2.0058658e+00,3.7285288e-04
6.4305670e+00,2.0082281e+00,1.9713489e-02
8.6092335e+00,2.0096399e+00,6.2659483e-08
4.4984188e+00,2.0098281e+00,2.1608471e-02
3.3519833e+00,2.0103463e+00,2.2585686e-02
8.5568394e+00,2.0112060e+00,1.1941297e-06
3.4641439e+00,2.0117679e+00,2.3214218e-02
3.5796469e+00,2.0120694e+00,2.2810600e-02
3.6952327e+00,2.0122191e+00,2.2680962e-02
3.8105466e+00,2.0124148e+00,2.3297170e-02
3.9256160e+00,2.0126677e+00,2.2775755e-02
4.0404542e+00,2.0130357e+00,2.2147430e-02
4.1549586e+00,2.0135052e+00,2.4230893e-02
4.3829782e+00,2.0138091e+00,2.2099195e-02
4.2691301e+00,2.0138719e+00,2.1977468e-02
3.2498604e+00,2.0163539e+00,2.2658471e-02
1.9278412e+00,2.0187437e+00,1.3291938e-03
6.3673484e+00,2.0190499e+00,2.3849420e-02
1.8609017e+00,2.0263774e+00,6.3319730e-03
4.7798846e+00,2.0264104e+00,2.2051802e-02
9.8092026e+00,2.0282341e+00,5.8213447e-18
4.8879659e+00,2.0292938e+00,2.3723760e-02
4.6692629e+00,2.0310008e+00,2.2504061e-02
9.2491424e+00,2.0351955e+00,5.3360588e-18
9.5940093e+00,2.0353133e+00,2.7894365e-19
9.3638948e+00,2.0355364e+00,3.5433116e-19
9.4787068e+00,2.0356900e+00,1.7038283e-19
9.7067617e+00,2.0359006e+00,1.0243088e-18
8.6994856e+00,2.0362470e+00,6.3197347e-10
9.1355855e+00,2.0363349e+00,1.5610163e-16
4.5561412e+00,2.0385006e+00,2.1427654e-02
3.3047359e+00,2.0391753e+00,2.2889740e-02
9.0241916e+00,2.0396827e+00,5.6782751e-15
5.0443045e+00,2.0404403e+00,2.2730635e-02
8.8043170e+00,2.0405635e+00,1.1545872e-11
8.9145609e+00,2.0417943e+00,2.3870640e-13
3.4087466e+00,2.0436476e+00,2.2904489e-02
5.2555263e+00,2.0438639e+00,2.3112225e-02
5.3670754e+00,2.0449998e+00,2.4167710e-02
4.4404366e+00,2.0452968e+00,2.2779956e-02
3.5217008e+00,2.0454304e+00,2.3069601e-02
3.6374555e+00,2.0455204e+00,2.3028057e-02
3.7529029e+00,2.0455984e+00,2.3169340e-02
3.8681003e+00,2.0457520e+00,2.3470299e-02
5.4779908e+00,2.0458125e+00,2.5354723e-02
3.9830474e+00,2.0459635e+00,2.1915790e-02
4.0977209e+00,2.0463078e+00,2.3965178e-02
9.8602205e+00,2.0465273e+00,1.3369756e-17
4.3261128e+00,2.0466337e+00,2.1328175e-02
4.2120549e+00,2.0466397e+00,2.2793911e-02
5.5897961e+00,2.0466680e+00,2.6404902e-02
5.7017685e+00,2.0475339e+00,2.7813915e-02
5.9242498e+00,2.0483620e+00,2.8274317e-02
5.8130233e+00,2.0485070e+00,2.7779550e-02
6.0368014e+00,2.0495065e+00,2.7902059e-02
4.9928756e+00,2.0512318e+00,2.2600569e-02
6.1488246e+00,2.0515181e+00,2.6558451e-02
5.1449320e+00,2.0530969e+00,2.2549701e-02
8.6457745e+00,2.0543286e+00,3.1518019e-09
6.2558033e+00,2.0557535e+00,2.4461560e-02
6.4682345e+00,2.0561321e+00,1.5875645e-02
8.5289870e+00,2.0567326e+00,9.3665825e-08
9.9710419e+00,2.0578544e+00,3.5930528e-17
3.0319233e+00,2.0588235e+00,2.0298293e-02
3.3077398e-02,2.0595695e+00,7.6870489e-04
3.1591879e+00,2.0602802e+00,2.2287938e-02
2.2653018e-01,2.0608466e+00,1.9243935e-03
3.2156635e+00,2.0621549e+00,2.2577289e-02
9.7624685e+00,2.0650081e+00,2.0508153e-18
1.6303447e+00,2.0662218e+00,9.7050524e-02
1.5133654e+00,2.0664277e+00,1.1560710e-01
6.3526077e+00,2.0669538e+00,2.2260938e-02
1.3958938e+00,2.0670281e+00,4.5208139e-02
1.2784128e+00,2.0677358e+00,5.5481550e-03
1.1613707e+00,2.0683231e+00,2.2349573e-04
9.3065141e+00,2.0683995e+00,3.8946735e-19
9.5362042e+00,2.0686298e+00,1.8040158e-19
9.4212154e+00,2.0687122e+00,1.4129387e-19
9.1923693e+00,2.0687165e+00,7.7678157e-18
1.0447006e+00,2.0688045e+00,3.3290118e-05
3.4460794e-01,2.0689734e+00,1.3899004e-03
9.2828968e-01,2.0691351e+00,7.1516306e-05
8.1206119e-01,2.0692911e+00,1.5729796e-04
9.6513490e+00,2.0694731e+00,4.1426107e-19
6.9614209e-01,2.0695655e+00,2.9928288e-04
1.6536199e-01,2.0698426e+00,2.3962788e-03
5.8040223e-01,2.0698435e+00,5.2170439e-04
4.6435844e-01,2.0698722e+00,8.9533589e-04
9.0800995e+00,2.0709254e+00,2.4557806e-16
1.7425418e+00,2.0716711e+00,3.6273650e-02
8.7487317e+00,2.0737581e+00,2.2846911e-11
8.9696464e+00,2.0740375e+00,9.4049464e-15
8.8600229e+00,2.0747639e+00,4.1547488e-13
5.3112349e+00,2.0768382e+00,2.3326878e-02
5.1989859e+00,2.0771304e+00,2.2536029e-02
5.4222598e+00,2.0776144e+00,2.4168292e-02
5.5337407e+00,2.0785251e+00,2.5694949e-02
5.6456021e+00,2.0794360e+00,2.6586575e-02
5.7574765e+00,2.0803546e+00,2.8482575e-02
5.9805785e+00,2.0812567e+00,2.7978809e-02
5.8686853e+00,2.0813726e+00,2.8302507e-02
1.9678105e+00,2.0827043e+00,1.4603342e-03
6.0930761e+00,2.0835910e+00,2.7484886e-02
6.2019056e+00,2.0837363e+00,2.5808129e-02
5.0886430e+00,2.0850033e+00,2.2728436e-02
6.3020190e+00,2.0864181e+00,2.4137836e-02
1.8449588e+00,2.0897057e+00,7.9825654e-03
4.7789661e+00,2.0911610e+00,2.2543419e-02
4.6690714e+00,2.0960957e+00,2.1932932e-02
4.8845064e+00,2.0965383e+00,2.3151208e-02
2.7906091e-01,2.0996300e+00,1.9568820e-03
1.5723868e+00,2.1001160e+00,1.2702309e-01
1.4548994e+00,2.1004874e+00,6.4750500e-02
1.6867126e+00,2.1006978e+00,8.9899059e-02
1.3372943e+00,2.1011477e+00,1.1918121e-02
1.2200485e+00,2.1016805e+00,7.8051712e-04
1.1031518e+00,2.1021896e+00,4.8724444e-05
9.8659300e-01,2.1025543e+00,7.0885518e-05
8.7026742e-01,2.1027233e+00,1.5934756e-04
7.5421791e-01,2.1028541e+00,3.0547823e-04
6.3837541e-01,2.1031527e+00,5.3219958e-04
4.0475719e-01,2.1032469e+00,1.4006803e-03
5.2209820e-01,2.1033613e+00,8.8616685e-04
4.5562207e+00,2.1036312e+00,2.1617794e-02
3.3048409e+00,2.1044360e+00,2.2584101e-02
9.8774085e+00,2.1046667e+00,9.9819557e-18
1.7907205e+00,2.1078386e+00,3.2593894e-02
3.4088997e+00,2.1104056e+00,2.3035964e-02
4.4403579e+00,2.1110265e+00,2.2560072e-02
6.4387098e+00,2.1114555e+00,1.8349252e-02
6.3863017e+00,2.1114555e+00,2.1482420e-02
3.7529479e+00,2.1121013e+00,2.2540920e-02
3.8680676e+00,2.1121749e+00,2.2595711e-02
8.6231724e+00,2.1122366e+00,4.4591935e-10
3.6374682e+00,2.1122583e+00,2.3245702e-02
3.9830146e+00,2.1122645e+00,2.1573893e-02
4.0976571e+00,2.1123548e+00,2.4018932e-02
3.5216430e+00,2.1123916e+00,2.2827514e-02
4.3260389e+00,2.1124100e+00,2.1899033e-02
4.2119706e+00,2.1124883e+00,2.3715113e-02
8.5587790e+00,2.1130745e+00,7.5948812e-09
9.9377170e+00,2.1142186e+00,1.9535625e-17
3.1297719e+00,2.1160554e+00,2.2291766e-02
3.0661721e+00,2.1164952e+00,2.1050276e-02
6.7039178e-02,2.1183931e+00,3.9196868e-03
3.2499005e+00,2.1184938e+00,2.2147001e-02
1.3727110e-01,2.1219203e+00,4.9414941e-03
4.9818664e+00,2.1232879e+00,2.2737721e-02
4.8308345e+00,2.1253663e+00,2.2976278e-02
4.7238812e+00,2.1255284e+00,2.2298886e-02
4.6132211e+00,2.1321584e+00,2.1847504e-02
9.3064345e+00,2.1345403e+00,1.3263979e-19
9.4210257e+00,2.1346676e+00,1.1922309e-19
9.1926477e+00,2.1348865e+00,1.2224161e-18
9.5360827e+00,2.1350001e+00,1.6355336e-19
9.7697386e+00,2.1356930e+00,1.4494513e-18
9.6511181e+00,2.1362434e+00,3.5182281e-19
9.0803720e+00,2.1366333e+00,2.9096026e-17
8.9701070e+00,2.1393176e+00,8.9134763e-16
8.8599446e+00,2.1400149e+00,3.2230803e-14
1.8800498e+00,2.1404492e+00,8.2125156e-03
5.0864218e+00,2.1406322e+00,2.2702133e-02
4.4984196e+00,2.1406883e+00,2.2244754e-02
1.9359620e+00,2.1410814e+00,2.7352329e-03
5.3104624e+00,2.1411368e+00,2.3027827e-02
8.7506413e+00,2.1415735e+00,1.2274085e-12
5.1984614e+00,2.1418148e+00,2.2545468e-02
4.9318041e+00,2.1420885e+00,2.2645167e-02
5.4219698e+00,2.1421173e+00,2.4022555e-02
3.3522413e+00,2.1423650e+00,2.2785786e-02
5.5334341e+00,2.1431108e+00,2.5414931e-02
5.6451195e+00,2.1440448e+00,2.6876513e-02
5.7569043e+00,2.1449767e+00,2.9202240e-02
4.3828255e+00,2.1453150e+00,2.2998762e-02
3.8105589e+00,2.1453405e+00,2.2034184e-02
4.0403576e+00,2.1453837e+00,2.2643590e-02
3.9255504e+00,2.1453915e+00,2.1422145e-02
4.1548105e+00,2.1454007e+00,2.4185797e-02
3.6952904e+00,2.1454600e+00,2.2846819e-02
3.4642391e+00,2.1454871e+00,2.2826567e-02
4.2689719e+00,2.1454967e+00,2.1908665e-02
3.5796018e+00,2.1457686e+00,2.2893397e-02
5.8688075e+00,2.1460207e+00,2.8408644e-02
5.9806879e+00,2.1470815e+00,2.7971681e-02
6.0924475e+00,2.1481405e+00,2.7439663e-02
6.3026004e+00,2.1482153e+00,2.4529767e-02
6.2009788e+00,2.1486579e+00,2.6030059e-02
9.8336607e+00,2.1570583e+00,4.6886615e-18
8.6494843e+00,2.1646076e+00,2.3900025e-11
6.3554300e+00,2.1649794e+00,2.2890701e-02
6.4704753e+00,2.1664345e+00,1.9705085e-02
8.5297920e+00,2.1674530e+00,9.0216416e-10
9.2493412e+00,2.1675062e+00,1.4313405e-19
2.7916759e-01,2.1676172e+00,3.8328525e-03
9.3636256e+00,2.1676326e+00,1.0315961e-19
1.5728918e+00,2.1679445e+00,1.3089592e-01
9.4783957e+00,2.1680156e+00,1.3874725e-19
5.0310741e+00,2.1681253e+00,2.2966201e-02
9.1361365e+00,2.1682127e+00,1.7773835e-18
1.4551239e+00,2.1683324e+00,6.9206486e-02
9.5936569e+00,2.1684537e+00,2.1301461e-19
1.6872753e+00,2.1685289e+00,9.1978139e-02
1.3375952e+00,2.1687568e+00,1.3247768e-02
1.2203604e+00,2.1691374e+00,8.6173423e-04
1.1034101e+00,2.1694857e+00,6.8085773e-05
9.8675622e-01,2.1698003e+00,1.1819580e-04
1.7907220e+00,2.1698445e+00,3.5387510e-02
8.7045991e-01,2.1698478e+00,2.7798641e-04
7.5445281e-01,2.1699185e+00,5.5527114e-04
6.3856654e-01,2.1701743e+00,9.8139635e-04
4.0320547e-01,2.1703938e+00,2.6984120e-03
5.2198957e-01,2.1704158e+00,1.6720404e-03
9.0249248e+00,2.1706707e+00,4.3533380e-17
8.9149433e+00,2.1723254e+00,1.3171813e-15
5.2542293e+00,2.1728470e+00,2.2588830e-02
3.1630193e+00,2.1732420e+00,2.2322120e-02
9.7138010e+00,2.1733556e+00,5.7869362e-19
5.1421863e+00,2.1734102e+00,2.2359502e-02
8.8061484e+00,2.1736300e+00,4.5969244e-14
5.3660130e+00,2.1738014e+00,2.3036472e-02
3.2266723e+00,2.1738057e+00,2.2158237e-02
9.9666752e+00,2.1740112e+00,1.5044499e-17
5.4773941e+00,2.1749011e+00,2.4507663e-02
3.0342488e+00,2.1753188e+00,2.2745702e-02
5.5890068e+00,2.1758624e+00,2.5729040e-02
3.3961781e-02,2.1764706e+00,3.6444061e-03
5.7007136e+00,2.1767647e+00,2.7477051e-02
8.7043001e+00,2.1776952e+00,1.1276603e-12
5.8125732e+00,2.1777771e+00,2.9642722e-02
5.9244814e+00,2.1788349e+00,2.7853218e-02
6.0362822e+00,2.1798808e+00,2.8078040e-02
1.6487831e-01,2.1799979e+00,4.0482035e-03
6.1472692e+00,2.1809892e+00,2.7044788e-02
6.2554580e+00,2.1824723e+00,2.5232661e-02
4.7238930e+00,2.1904687e+00,2.2534322e-02
1.8453013e+00,2.1908765e+00,2.0939644e-02
4.8290804e+00,2.1910988e+00,2.2728463e-02
4.6129973e+00,2.1978445e+00,2.2494407e-02
2.2526880e-01,2.2005194e+00,4.3346270e-03
1.9681515e+00,2.2012343e+00,3.1042825e-03
1.7431059e+00,2.2015081e+00,7.4678889e-02
1.6314123e+00,2.2018813e+00,1.2498894e-01
1.5140949e+00,2.2021012e+00,8.0463570e-02
1.3964192e+00,2.2024823e+00,1.9992721e-02
1.2790255e+00,2.2028018e+00,1.7489245e-03
1.1619409e+00,2.2030761e+00,1.1668630e-04
1.0451222e+00,2.2033467e+00,1.1650662e-04
8.1248858e-01,2.2034800e+00,5.5084436e-04
9.2864540e-01,2.2035056e+00,2.7496035e-04
6.9656812e-01,2.2036515e+00,9.8177956e-04
5.8048474e-01,2.2039197e+00,1.6010424e-03
4.6269811e-01,2.2040736e+00,2.6092563e-03
3.4316291e-01,2.2041075e+00,3.7830430e-03
4.4982509e+00,2.2065387e+00,2.2527757e-02
4.9264039e+00,2.2089284e+00,2.2764377e-02
4.1546248e+00,2.2109769e+00,2.3138930e-02
4.2689199e+00,2.2112553e+00,2.1515697e-02
4.3826837e+00,2.2112646e+00,2.3454046e-02
4.0401687e+00,2.2114919e+00,2.2418453e-02
3.3530459e+00,2.2116253e+00,2.2715539e-02
3.9255314e+00,2.2117203e+00,2.1550841e-02
3.8105876e+00,2.2117519e+00,2.2632742e-02
3.6953507e+00,2.2120938e+00,2.2816287e-02
3.4643075e+00,2.2124850e+00,2.2667345e-02
3.5796980e+00,2.2126856e+00,2.2878213e-02
6.3781810e+00,2.2200626e+00,2.3143871e-02
9.8588333e+00,2.2214469e+00,4.1758009e-18
6.4408182e+00,2.2215177e+00,2.1045194e-02
4.7772238e+00,2.2218337e+00,2.2334557e-02
8.6161981e+00,2.2253802e+00,7.5106899e-12
4.6688594e+00,2.2267220e+00,2.2929459e-02
8.5608991e+00,2.2273876e+00,9.6966073e-11
9.9315393e+00,2.2288479e+00,9.4013641e-18
4.8773521e+00,2.2291107e+00,2.2732656e-02
5.0300195e+00,2.2292269e+00,2.2834414e-02
3.2515671e+00,2.2308399e+00,2.2410445e-02
3.1342494e+00,2.2316041e+00,2.2710069e-02
3.0690786e+00,2.2332411e+00,2.2957231e-02
9.2493299e+00,2.2332643e+00,9.6674691e-20
9.3634505e+00,2.2335960e+00,1.0174472e-19
9.1362646e+00,2.2336651e+00,6.8889192e-19
9.4782176e+00,2.2344403e+00,1.3971319e-19
4.5558282e+00,2.2351676e+00,2.2402781e-02
9.5934412e+00,2.2351732e+00,1.9838456e-19
6.7923561e-02,2.2352941e+00,3.9813580e-03
1.2860817e-01,2.2352941e+00,3.7190198e-03
9.0250491e+00,2.2355572e+00,1.2054485e-17
5.1416977e+00,2.2363051e+00,2.2346553e-02
8.9150690e+00,2.2370240e+00,2.2776937e-16
5.2536688e+00,2.2372007e+00,2.2403937e-02
5.3654020e+00,2.2383058e+00,2.3010390e-02
8.8062210e+00,2.2383517e+00,4.8125281e-15
5.4769103e+00,2.2394119e+00,2.4428075e-02
9.7128183e+00,2.2397744e+00,4.4554000e-19
5.5884727e+00,2.2403319e+00,2.5642147e-02
5.7001527e+00,2.2412793e+00,2.7519054e-02
5.8119497e+00,2.2423296e+00,2.9202808e-02
4.4400474e+00,2.2428264e+00,2.2658502e-02
8.7065013e+00,2.2428872e+00,1.4227772e-13
5.9239610e+00,2.2433622e+00,2.8174667e-02
4.2117328e+00,2.2438231e+00,2.0806724e-02
4.0972824e+00,2.2440391e+00,2.3246566e-02
4.3258451e+00,2.2441183e+00,2.2449590e-02
6.0357130e+00,2.2443766e+00,2.8186874e-02
3.9828067e+00,2.2447014e+00,2.1764428e-02
3.8680774e+00,2.2449149e+00,2.2164731e-02
3.7530369e+00,2.2451465e+00,2.3002769e-02
6.1466065e+00,2.2454816e+00,2.7268581e-02
3.6376247e+00,2.2458092e+00,2.2665004e-02
3.5218076e+00,2.2463065e+00,2.2751885e-02
3.4097727e+00,2.2466638e+00,2.2493682e-02
3.3057412e+00,2.2480238e+00,2.2641912e-02
6.2548779e+00,2.2486501e+00,2.5161648e-02
4.9754115e+00,2.2512293e+00,2.3020857e-02
1.8607385e+00,2.2532970e+00,2.2170998e-02
1.9276765e+00,2.2630225e+00,1.0040765e-02
5.0848785e+00,2.2646287e+00,2.2609714e-02
9.1927646e+00,2.2660969e+00,1.0215753e-19
9.3062481e+00,2.2662616e+00,8.3487541e-20
9.0806244e+00,2.2669722e+00,1.1436077e-18
9.4206725e+00,2.2670556e+00,1.2333993e-19
1.7463373e+00,2.2675845e+00,7.5384099e-02
9.5356889e+00,2.2681443e+00,1.8016088e-19
8.9703569e+00,2.2689027e+00,2.1257447e-17
5.1974122e+00,2.2690635e+00,2.2189364e-02
9.6499197e+00,2.2693817e+00,2.6425148e-19
8.8601430e+00,2.2694352e+00,3.7860885e-16
1.6317302e+00,2.2698258e+00,1.2329161e-01
5.3092909e+00,2.2699950e+00,2.2372639e-02
1.5143171e+00,2.2700896e+00,7.8462222e-02
1.3965744e+00,2.2704121e+00,2.0269944e-02
8.6530006e+00,2.2704292e+00,4.2050065e-13
1.2791771e+00,2.2705273e+00,1.8323968e-03
1.1621415e+00,2.2706165e+00,1.2818523e-04
1.0452997e+00,2.2708110e+00,1.5618156e-04
9.2874248e-01,2.2708973e+00,3.8576326e-04
8.1251450e-01,2.2709145e+00,7.8998262e-04
6.9649767e-01,2.2709657e+00,1.3920993e-03
5.4208750e+00,2.2711326e+00,2.3070715e-02
5.8042867e-01,2.2712075e+00,2.1076688e-03
4.6226608e-01,2.2714473e+00,2.9277534e-03
8.7529151e+00,2.2714873e+00,7.7174313e-15
9.8268809e+00,2.2716932e+00,2.2251286e-18
3.4269228e-01,2.2717006e+00,3.2754339e-03
5.5324161e+00,2.2720912e+00,2.5009855e-02
2.2566536e-01,2.2725365e+00,3.3631786e-03
5.6440244e+00,2.2730288e+00,2.6092825e-02
5.7557198e+00,2.2740437e+00,2.8041373e-02
6.3539815e+00,2.2745134e+00,2.3358881e-02
5.8676636e+00,2.2751005e+00,2.9176824e-02
5.9795984e+00,2.2761046e+00,2.7687129e-02
6.0912157e+00,2.2771287e+00,2.7961365e-02
6.4703429e+00,2.2773054e+00,2.1048487e-02
9.7637872e+00,2.2790585e+00,8.6658941e-19
6.1997361e+00,2.2793281e+00,2.6625428e-02
8.5311071e+00,2.2821568e+00,1.5736867e-11
4.7777791e+00,2.2867725e+00,2.2374030e-02
6.3007043e+00,2.2871302e+00,2.4329963e-02
3.2218993e+00,2.2887804e+00,2.2314988e-02
3.1682346e+00,2.2901084e+00,2.2436663e-02
9.9648641e+00,2.2901308e+00,8.4735630e-18
1.6527487e-01,2.2912307e+00,3.6776750e-03
4.6689096e+00,2.2917313e+00,2.3091104e-02
4.8799502e+00,2.2922617e+00,2.2747678e-02
3.0348299e+00,2.2932164e+00,2.1844118e-02
3.3961781e-02,2.2941176e+00,3.9264036e-03
1.8093906e+00,2.2983414e+00,5.0501452e-02
1.6908246e+00,2.3025497e+00,1.0750649e-01
4.5547041e+00,2.3032585e+00,2.2663293e-02
1.5734319e+00,2.3038774e+00,8.8111890e-02
1.4555013e+00,2.3042506e+00,3.1009467e-02
1.2207126e+00,2.3044033e+00,2.4450308e-04
1.3379019e+00,2.3044121e+00,3.9438432e-03
1.1037883e+00,2.3044905e+00,1.5408926e-04
9.8703082e-01,2.3046563e+00,3.8372211e-04
7.5440827e-01,2.3046672e+00,1.3822133e-03
8.7058290e-01,2.3046739e+00,7.6774423e-04
6.3844001e-01,2.3047764e+00,2.0890666e-03
5.2150148e-01,2.3050773e+00,2.9531706e-03
4.0230283e-01,2.3053605e+00,3.3896325e-03
2.7909353e-01,2.3072274e+00,3.4612410e-03
4.9746020e+00,2.3073803e+00,2.3089275e-02
4.4400357e+00,2.3083016e+00,2.1584601e-02
4.0964576e+00,2.3085057e+00,2.4015253e-02
4.3259327e+00,2.3088304e+00,2.1430834e-02
4.2118736e+00,2.3090428e+00,2.0483439e-02
3.9820255e+00,2.3105445e+00,2.1452640e-02
3.8680977e+00,2.3112657e+00,2.1922547e-02
3.7531181e+00,2.3116454e+00,2.3125744e-02
3.6377881e+00,2.3125680e+00,2.3032039e-02
3.5221197e+00,2.3134587e+00,2.2611770e-02
3.4107484e+00,2.3148393e+00,2.2785788e-02
3.3089785e+00,2.3168894e+00,2.2653025e-02
4.8322337e+00,2.3191885e+00,2.2287278e-02
4.7244985e+00,2.3204167e+00,2.2658836e-02
1.9595250e+00,2.3236930e+00,1.0665491e-02
4.9281925e+00,2.3282305e+00,2.3330824e-02
8.6470526e+00,2.3303377e+00,8.7453086e-14
6.3866775e+00,2.3303847e+00,2.3278041e-02
5.0783890e+00,2.3304562e+00,2.2573304e-02
4.6119234e+00,2.3309448e+00,2.3319338e-02
9.1927802e+00,2.3314885e+00,7.7609015e-20
6.4404017e+00,2.3317216e+00,2.1325906e-02
9.3059673e+00,2.3318879e+00,7.9692867e-20
9.0810456e+00,2.3319987e+00,7.4594950e-19
9.4203036e+00,2.3329366e+00,1.2697784e-19
8.9705175e+00,2.3330736e+00,1.4125756e-17
5.1969007e+00,2.3336678e+00,2.2118302e-02
8.8601195e+00,2.3337817e+00,2.3354574e-16
9.5354321e+00,2.3345739e+00,1.8266345e-19
5.3086937e+00,2.3345828e+00,2.2203696e-02
8.7515219e+00,2.3348688e+00,3.1345394e-15
5.4203544e+00,2.3355610e+00,2.2970764e-02
9.6494200e+00,2.3361603e+00,2.6581364e-19
9.8598954e+00,2.3363129e+00,3.2371645e-18
5.5319187e+00,2.3365090e+00,2.4727580e-02
5.6434949e+00,2.3374364e+00,2.6144534e-02
8.5520231e+00,2.3382267e+00,2.2769039e-12
5.7551056e+00,2.3384617e+00,2.7820233e-02
3.2578677e+00,2.3390871e+00,2.2272167e-02
5.8670763e+00,2.3395344e+00,2.8930067e-02
4.4971151e+00,2.3401048e+00,2.1916503e-02
5.9791103e+00,2.3405377e+00,2.7909262e-02
4.1539407e+00,2.3406631e+00,2.3281918e-02
4.2691482e+00,2.3411871e+00,2.1025903e-02
4.3827596e+00,2.3414519e+00,2.1486302e-02
6.0906201e+00,2.3415280e+00,2.7810065e-02
4.0385627e+00,2.3418015e+00,2.2085870e-02
9.7559476e+00,2.3425715e+00,6.1874352e-19
6.1997282e+00,2.3436464e+00,2.6621781e-02
3.9247706e+00,2.3439142e+00,2.1561978e-02
3.8106891e+00,2.3446016e+00,2.2637137e-02
3.6955953e+00,2.3453515e+00,2.3293540e-02
3.5801735e+00,2.3465966e+00,2.2676487e-02
9.9251727e+00,2.3473494e+00,6.4955629e-18
3.4655952e+00,2.3478127e+00,2.2849857e-02
1.3869458e-01,2.3483711e+00,3.7730387e-03
3.3572590e+00,2.3486664e+00,2.2712272e-02
6.2996653e+00,2.3503795e+00,2.4894928e-02
5.0227204e+00,2.3512055e+00,2.2719674e-02
6.8066095e-02,2.3512580e+00,3.9453381e-03
3.1398224e+00,2.3514117e+00,2.2128306e-02
3.0715885e+00,2.3528828e+00,2.1959731e-02
8.6013740e+00,2.3590907e+00,2.0798315e-13
9.1367014e+00,2.3640832e+00,8.7515772e-20
1.8078462e+00,2.3642279e+00,5.1647957e-02
9.2490647e+00,2.3642821e+00,6.1391569e-20
9.0256307e+00,2.3647546e+00,1.2816387e-18
9.3628008e+00,2.3651032e+00,1.0437414e-19
8.9152060e+00,2.3655413e+00,2.5985760e-17
8.8048043e+00,2.3660798e+00,4.5357558e-16
8.6991601e+00,2.3661772e+00,6.6431288e-15
5.2525602e+00,2.3663930e+00,2.2165551e-02
5.1346967e+00,2.3667370e+00,2.2472042e-02
9.4775919e+00,2.3667509e+00,1.5698886e-19
5.3642843e+00,2.3673221e+00,2.2584920e-02
5.4758923e+00,2.3682582e+00,2.3694922e-02
9.5926847e+00,2.3683815e+00,2.2551888e-19
5.5874458e+00,2.3691573e+00,2.4774463e-02
1.6908563e+00,2.3700013e+00,1.0494823e-01
9.7044790e+00,2.3700661e+00,3.6232164e-19
5.6990091e+00,2.3701048e+00,2.7271683e-02
5.8107483e+00,2.3711815e+00,2.8450026e-02
1.5736777e+00,2.3717760e+00,8.6570305e-02
1.2209368e+00,2.3720443e+00,2.7334727e-04
1.1040422e+00,2.3720655e+00,1.6929347e-04
1.4556555e+00,2.3721180e+00,3.0751577e-02
1.3380359e+00,2.3721887e+00,4.0376059e-03
5.9228856e+00,2.3722292e+00,2.8981094e-02
7.5416514e-01,2.3722469e+00,1.5589872e-03
9.8716084e-01,2.3722699e+00,4.5360526e-04
6.3795752e-01,2.3722941e+00,2.2781087e-03
8.7052575e-01,2.3723684e+00,8.7502085e-04
5.2088735e-01,2.3726603e+00,3.1853285e-03
4.0185006e-01,2.3730038e+00,3.3724284e-03
6.0346293e+00,2.3732090e+00,2.7953020e-02
6.3526584e+00,2.3741327e+00,2.2912322e-02
6.1460031e+00,2.3741993e+00,2.7392542e-02
2.8003427e-01,2.3755436e+00,3.3313961e-03
6.2538311e+00,2.3762177e+00,2.5884960e-02
9.8144857e+00,2.3768039e+00,1.5353498e-18
4.8340082e+00,2.3833263e+00,2.2431363e-02
4.7241752e+00,2.3849331e+00,2.2502331e-02
1.9271802e+00,2.3864031e+00,1.1788419e-02
6.4700587e+00,2.3877495e+00,2.0731302e-02
8.5209159e+00,2.3894033e+00,1.1964032e-12
4.9383162e+00,2.3894080e+00,2.3377421e-02
4.6144891e+00,2.3938040e+00,2.3038250e-02
1.7448246e+00,2.4009225e+00,9.0110952e-02
4.2697113e+00,2.4013324e+00,2.3035314e-02
4.1540171e+00,2.4016979e+00,2.4311265e-02
1.6805554e-01,2.4017211e+00,3.7758880e-03
3.2438282e+00,2.4026860e+00,2.2269041e-02
1.8586978e+00,2.4028815e+00,4.5181580e-02
4.4978358e+00,2.4031917e+00,2.2362371e-02
4.3823841e+00,2.4037138e+00,2.2566431e-02
4.0372297e+00,2.4047324e+00,2.1910921e-02
1.6320077e+00,2.4051759e+00,9.2152067e-02
4.9977211e+00,2.4057683e+00,2.2727190e-02
1.1626196e+00,2.4058325e+00,1.7971215e-04
1.5147171e+00,2.4058557e+00,4.4947547e-02
1.2795352e+00,2.4059449e+00,8.8183102e-04
1.0456836e+00,2.4059996e+00,4.3727144e-04
1.3968625e+00,2.4060562e+00,9.4407173e-03
6.9577206e-01,2.4060631e+00,2.2043923e-03
8.1221422e-01,2.4061887e+00,1.4940728e-03
9.2881534e-01,2.4062054e+00,8.5946892e-04
5.7933205e-01,2.4063082e+00,2.9681072e-03
4.6119918e-01,2.4066735e+00,3.4821183e-03
3.4318025e-01,2.4076601e+00,3.5395332e-03
3.9238990e+00,2.4097341e+00,2.2053576e-02
3.4104314e-02,2.4100815e+00,3.8931113e-03
9.9603085e+00,2.4101598e+00,5.9415057e-18
3.8106352e+00,2.4109222e+00,2.2904928e-02
3.6957007e+00,2.4120123e+00,2.2990264e-02
3.0367586e+00,2.4126076e+00,2.1970904e-02
3.5803186e+00,2.4135444e+00,2.2919413e-02
3.1794478e+00,2.4136826e+00,2.2007529e-02
2.2924423e-01,2.4138106e+00,3.4661026e-03
3.4658455e+00,2.4151066e+00,2.3213746e-02
4.7792303e+00,2.4154266e+00,2.2165683e-02
3.3550130e+00,2.4158940e+00,2.2789336e-02
4.8918483e+00,2.4175770e+00,2.3403462e-02
4.6711520e+00,2.4191070e+00,2.2781237e-02
8.6019727e+00,2.4271021e+00,4.2928588e-14
9.1367399e+00,2.4289182e+00,6.1729426e-20
8.6992558e+00,2.4289356e+00,3.8996290e-15
9.0256330e+00,2.4290954e+00,8.3418806e-19
4.5579905e+00,2.4292047e+00,2.2181470e-02
9.2488049e+00,2.4293333e+00,5.9140664e-20
8.9149616e+00,2.4295926e+00,1.9595311e-17
8.8045689e+00,2.4300885e+00,3.7803101e-16
4.2125131e+00,2.4302228e+00,2.4724830e-02
9.3623297e+00,2.4302997e+00,1.0316524e-19
5.2520653e+00,2.4309369e+00,2.2417624e-02
5.1338732e+00,2.4311419e+00,2.2559492e-02
4.3261203e+00,2.4312374e+00,2.1956098e-02
6.3673663e+00,2.4317153e+00,2.2737183e-02
5.3637763e+00,2.4318177e+00,2.2940837e-02
9.4772917e+00,2.4322422e+00,1.5124449e-19
4.0952011e+00,2.4324713e+00,2.2187585e-02
5.4753996e+00,2.4326527e+00,2.3498190e-02
5.5869868e+00,2.4334589e+00,2.4603586e-02
4.4403809e+00,2.4336503e+00,2.2418059e-02
9.8148376e+00,2.4337030e+00,1.1667699e-18
5.6984799e+00,2.4343869e+00,2.7518266e-02
9.5922932e+00,2.4346526e+00,2.1258649e-19
5.8102742e+00,2.4354222e+00,2.8515417e-02
9.7041674e+00,2.4354626e+00,3.0701305e-19
5.9224763e+00,2.4365444e+00,2.9145495e-02
6.0340334e+00,2.4374980e+00,2.8448912e-02
6.1453811e+00,2.4384758e+00,2.7518770e-02
6.2549589e+00,2.4391034e+00,2.5897015e-02
3.9798210e+00,2.4392954e+00,2.2722179e-02
8.5526218e+00,2.4432752e+00,2.8247282e-13
3.8671721e+00,2.4434062e+00,2.2716210e-02
1.9676552e+00,2.4436625e+00,1.2070062e-02
6.4310425e+00,2.4439952e+00,2.0294663e-02
3.7531695e+00,2.4446268e+00,2.2633360e-02
3.6380386e+00,2.4461766e+00,2.2889818e-02
3.5225150e+00,2.4477004e+00,2.3421872e-02
3.2926931e+00,2.4477158e+00,2.2330641e-02
3.4087526e+00,2.4493608e+00,2.3005036e-02
5.0202702e+00,2.4507034e+00,2.2527213e-02
8.6477471e+00,2.4611075e+00,7.3453506e-15
9.0810864e+00,2.4611745e+00,7.4411721e-20
9.1925589e+00,2.4613747e+00,4.3361346e-20
8.9702754e+00,2.4614657e+00,1.4354695e-18
8.7513822e+00,2.4616359e+00,7.0172972e-16
8.8596396e+00,2.4618417e+00,3.4803016e-17
9.3052363e+00,2.4621356e+00,8.3537891e-20
5.1955824e+00,2.4626167e+00,2.2304325e-02
5.3076909e+00,2.4636224e+00,2.2932784e-02
9.4195322e+00,2.4636244e+00,1.3744255e-19
1.8422856e+00,2.4640356e+00,4.6848335e-02
5.0823507e+00,2.4643933e+00,2.2593373e-02
5.4193537e+00,2.4644511e+00,2.3082279e-02
9.7559879e+00,2.4648671e+00,5.6349027e-19
5.5309669e+00,2.4652051e+00,2.3687957e-02
1.3585583e-01,2.4655920e+00,3.8022491e-03
5.6425067e+00,2.4660201e+00,2.5448878e-02
9.5347403e+00,2.4663363e+00,2.0230772e-19
5.7541023e+00,2.4669845e+00,2.7644989e-02
1.7412479e+00,2.4674069e+00,8.9718671e-02
9.6487169e+00,2.4678280e+00,2.5351356e-19
5.8661928e+00,2.4680903e+00,2.9172686e-02
5.9781050e+00,2.4691419e+00,2.9116005e-02
9.9257034e+00,2.4699927e+00,4.1194626e-18
6.0894022e+00,2.4700935e+00,2.8061430e-02
6.2002341e+00,2.4708087e+00,2.6882404e-02
6.3155011e+00,2.4708479e+00,2.4624563e-02
7.2533086e-02,2.4710655e+00,3.9403469e-03
3.0706892e+00,2.4713771e+00,2.1755786e-02
1.6322273e+00,2.4731124e+00,9.1221477e-02
1.1629904e+00,2.4735185e+00,2.0051094e-04
1.3974627e+00,2.4735814e+00,9.5974342e-03
1.5152842e+00,2.4736170e+00,4.4809426e-02
1.2800903e+00,2.4736860e+00,9.5245838e-04
1.0459939e+00,2.4737101e+00,4.5301200e-04
3.1451445e+00,2.4739232e+00,2.2250202e-02
9.2883855e-01,2.4740008e+00,9.1849180e-04
6.9505576e-01,2.4740234e+00,2.3504748e-03
8.1187642e-01,2.4740717e+00,1.6718352e-03
5.7822341e-01,2.4743418e+00,2.6392127e-03
4.6031619e-01,2.4745025e+00,3.0139174e-03
3.4261737e-01,2.4753776e+00,3.6808272e-03
9.8607781e+00,2.4766395e+00,1.9764337e-18
2.3677486e-01,2.4793725e+00,3.4989042e-03
4.7789667e+00,2.4801982e+00,2.2560915e-02
4.6699235e+00,2.4818465e+00,2.2597283e-02
4.8914025e+00,2.4830427e+00,2.3160548e-02
4.2129691e+00,2.4849861e+00,2.2902309e-02
4.5600644e+00,2.4885760e+00,2.1610589e-02
4.3263205e+00,2.4902281e+00,2.1789988e-02
4.0966577e+00,2.4911541e+00,2.2142442e-02
1.7878572e+00,2.4918663e+00,7.8196001e-02
4.4411099e+00,2.4928157e+00,2.1299260e-02
8.5317059e+00,2.4983164e+00,1.4273632e-13
6.4609837e+00,2.5006902e+00,2.1832962e-02
3.9807020e+00,2.5017058e+00,2.3460285e-02
4.9917631e+00,2.5042526e+00,2.2498528e-02
1.6874991e+00,2.5044221e+00,9.0828343e-02
1.9360182e+00,2.5052604e+00,1.5663197e-02
1.4568227e+00,2.5074046e+00,1.9465234e-02
1.3391912e+00,2.5074551e+00,3.0455830e-03
1.1047233e+00,2.5074620e+00,4.2284834e-04
1.2218627e+00,2.5074714e+00,3.4810284e-04
1.5744643e+00,2.5074738e+00,5.9860799e-02
9.8749435e-01,2.5077758e+00,8.6534447e-04
8.7021116e-01,2.5080469e+00,1.6259509e-03
7.5311104e-01,2.5080902e+00,2.3717431e-03
6.3613258e-01,2.5082880e+00,2.7369982e-03
5.1889572e-01,2.5085228e+00,2.6929728e-03
4.0040419e-01,2.5085502e+00,3.2764149e-03
2.8700201e-01,2.5088229e+00,3.7554702e-03
1.8791310e+00,2.5091551e+00,4.5746742e-02
3.8670884e+00,2.5096591e+00,2.2305219e-02
1.7991063e-01,2.5103422e+00,3.6020064e-03
3.7533781e+00,2.5110947e+00,2.2702791e-02
4.7226831e+00,2.5124442e+00,2.2256593e-02
3.6381265e+00,2.5131476e+00,2.3063049e-02
4.8332987e+00,2.5135636e+00,2.2667003e-02
3.5222941e+00,2.5147581e+00,2.3249605e-02
4.2703675e+00,2.5150864e+00,2.2897302e-02
4.1559297e+00,2.5151440e+00,2.1882997e-02
3.2889082e+00,2.5151642e+00,2.2599594e-02
3.4071776e+00,2.5158442e+00,2.2618037e-02
4.6153345e+00,2.5159148e+00,2.2330543e-02
8.6549113e+00,2.5201792e+00,6.0555824e-15
4.9401225e+00,2.5210362e+00,2.2029581e-02
4.5006387e+00,2.5217284e+00,2.1576588e-02
4.3833133e+00,2.5218698e+00,2.1496508e-02
5.0889447e+00,2.5239373e+00,2.2507600e-02
9.0810390e+00,2.5253651e+00,4.7422911e-20
8.9700988e+00,2.5254636e+00,8.4356749e-19
9.1924873e+00,2.5257600e+00,4.2442180e-20
8.7515626e+00,2.5257863e+00,6.2182027e-16
8.8597091e+00,2.5257875e+00,2.4195929e-17
4.0395674e+00,2.5258256e+00,2.3405341e-02
9.3046389e+00,2.5265779e+00,8.2882920e-20
5.1951204e+00,2.5271371e+00,2.2549733e-02
5.3072093e+00,2.5281277e+00,2.2980937e-02
9.4185124e+00,2.5283117e+00,1.4234540e-19
5.4191483e+00,2.5284779e+00,2.2822430e-02
9.7644434e+00,2.5287092e+00,4.5399123e-19
5.5318957e+00,2.5287716e+00,2.3778642e-02
3.0339306e+00,2.5293577e+00,2.2956422e-02
5.6422894e+00,2.5300932e+00,2.4923026e-02
9.9653949e+00,2.5304212e+00,3.8005142e-18
5.7537270e+00,2.5310459e+00,2.7349409e-02
3.1712913e+00,2.5311008e+00,2.2146916e-02
9.5338049e+00,2.5312402e+00,2.0869336e-19
3.8428772e-02,2.5315722e+00,3.9427946e-03
5.8655202e+00,2.5322464e+00,2.9374452e-02
5.9773279e+00,2.5333130e+00,2.9152307e-02
6.3132435e+00,2.5334768e+00,2.5318447e-02
9.6482937e+00,2.5337112e+00,2.5638533e-19
6.0888025e+00,2.5342595e+00,2.8332027e-02
6.1990771e+00,2.5346700e+00,2.6696413e-02
3.9246963e+00,2.5383974e+00,2.2702992e-02
9.8283795e+00,2.5393751e+00,9.1509670e-19
3.8107599e+00,2.5436428e+00,2.2221175e-02
3.6959971e+00,2.5454512e+00,2.3259696e-02
5.0363518e+00,2.5464441e+00,2.2626164e-02
3.5801856e+00,2.5475730e+00,2.3079394e-02
3.4640496e+00,2.5486477e+00,2.2449636e-02
3.2347148e+00,2.5492338e+00,2.2532589e-02
3.3496531e+00,2.5498257e+00,2.2383860e-02
8.7066004e+00,2.5521576e+00,1.1149635e-15
8.5617550e+00,2.5549154e+00,7.3685590e-14
5.1400051e+00,2.5552063e+00,2.2407157e-02
9.0254091e+00,2.5572840e+00,5.6399671e-20
9.1366209e+00,2.5574942e+00,2.9997136e-20
8.9148546e+00,2.5575363e+00,1.3598847e-18
9.2481359e+00,2.5581609e+00,6.3870746e-20
8.8048188e+00,2.5581847e+00,4.0219637e-17
6.4281118e+00,2.5590887e+00,2.3014828e-02
1.7908255e+00,2.5591667e+00,7.7102493e-02
9.3607124e+00,2.5594293e+00,1.1714767e-19
5.2511217e+00,2.5599627e+00,2.3160360e-02
5.4761230e+00,2.5602459e+00,2.2725481e-02
5.3630894e+00,2.5603499e+00,2.2982244e-02
8.6182701e+00,2.5607770e+00,7.8183777e-15
5.5876983e+00,2.5610985e+00,2.4765551e-02
1.9683630e+00,2.5615979e+00,1.3760437e-02
9.4753364e+00,2.5618333e+00,1.8951161e-19
5.6978872e+00,2.5625215e+00,2.5693382e-02
5.8092262e+00,2.5636397e+00,2.8594984e-02
5.9210266e+00,2.5648717e+00,2.9360361e-02
9.7121997e+00,2.5651879e+00,3.5160877e-19
9.5909347e+00,2.5654397e+00,2.4775252e-19
6.2515444e+00,2.5655937e+00,2.5676180e-02
6.0326567e+00,2.5658350e+00,2.8883601e-02
1.8011017e-01,2.5664548e+00,3.6394249e-03
6.1436244e+00,2.5665031e+00,2.7625775e-02
1.8459617e+00,2.5699063e+00,5.7020294e-02
1.6868737e+00,2.5716423e+00,9.0129258e-02
6.3621781e+00,2.5724007e+00,2.4572552e-02
4.1576721e+00,2.5746509e+00,2.3660763e-02
1.5747382e+00,2.5748868e+00,5.9423761e-02
2.8713768e-01,2.5750755e+00,3.7485439e-03
1.4578135e+00,2.5751046e+00,1.9389600e-02
1.3402583e+00,2.5752073e+00,3.1802324e-03
4.2698894e+00,2.5752162e+00,2.4565255e-02
1.2227081e+00,2.5752963e+00,3.8210075e-04
1.1052185e+00,2.5753989e+00,4.4869331e-04
9.8776080e-01,2.5756184e+00,9.1377539e-04
8.7014685e-01,2.5759464e+00,1.6231822e-03
7.5264142e-01,2.5761413e+00,2.3024476e-03
6.3534433e-01,2.5763932e+00,2.9998928e-03
3.9974250e-01,2.5764537e+00,3.3221174e-03
5.1783336e-01,2.5765240e+00,3.0938749e-03
4.7219940e+00,2.5769512e+00,2.1972201e-02
4.8330587e+00,2.5783263e+00,2.1675058e-02
4.6124403e+00,2.5791290e+00,2.2331008e-02
4.3834484e+00,2.5815521e+00,2.2622610e-02
4.5003128e+00,2.5825715e+00,2.2289767e-02
4.9368144e+00,2.5848050e+00,2.1841345e-02
3.1309903e+00,2.5869179e+00,2.2410945e-02
3.0680848e+00,2.5877210e+00,2.2957935e-02
4.0421821e+00,2.5887791e+00,2.2719868e-02
9.9319479e+00,2.5888755e+00,2.9296457e-18
9.8598578e+00,2.5911825e+00,1.3296567e-18
7.2766994e-02,2.5948776e+00,4.0586536e-03
5.0340422e+00,2.6001199e+00,2.2683691e-02
2.3711007e-01,2.6017377e+00,3.8263219e-03
1.7435909e+00,2.6019273e+00,8.4462963e-02
3.9265936e+00,2.6027882e+00,2.2654299e-02
4.2142334e+00,2.6046229e+00,2.4523574e-02
1.3628927e-01,2.6063010e+00,3.7372386e-03
1.6318758e+00,2.6077455e+00,6.9873955e-02
1.5165488e+00,2.6087300e+00,3.2108552e-02
1.3995206e+00,2.6090336e+00,8.1634016e-03
1.2820028e+00,2.6092631e+00,1.1477364e-03
1.1643309e+00,2.6092803e+00,4.3539028e-04
4.7780375e+00,2.6094679e+00,2.1527639e-02
1.0467556e+00,2.6094896e+00,8.3674349e-04
3.4209135e-01,2.6095337e+00,3.4269670e-03
4.6663402e+00,2.6095676e+00,2.2999345e-02
3.8112221e+00,2.6097110e+00,2.2020571e-02
9.2904069e-01,2.6097429e+00,1.5295046e-03
8.1134248e-01,2.6100223e+00,2.1656164e-03
4.3259775e+00,2.6100402e+00,2.3287541e-02
6.9379788e-01,2.6101797e+00,2.8574694e-03
4.5859215e-01,2.6104072e+00,3.3812804e-03
5.7637280e-01,2.6104482e+00,3.3526685e-03
4.8878544e+00,2.6115742e+00,2.1798288e-02
3.6963881e+00,2.6116547e+00,2.2992609e-02
8.5300491e+00,2.6121546e+00,6.3999753e-14
4.5568443e+00,2.6126333e+00,2.2040147e-02
8.7015611e+00,2.6130854e+00,9.7115526e-16
4.4409190e+00,2.6133411e+00,2.2080864e-02
3.5802577e+00,2.6134581e+00,2.2668892e-02
4.1010148e+00,2.6136144e+00,2.3333891e-02
6.4671281e+00,2.6139541e+00,2.1280231e-02
3.4639492e+00,2.6142509e+00,2.2282298e-02
5.1403636e+00,2.6150259e+00,2.2604270e-02
3.3499981e+00,2.6152201e+00,2.2515625e-02
3.2348928e+00,2.6206008e+00,2.2731609e-02
9.0254128e+00,2.6208100e+00,2.8318745e-20
8.6482152e+00,2.6208711e+00,2.8795640e-15
9.1364838e+00,2.6208983e+00,2.8832934e-20
8.9146958e+00,2.6211797e+00,6.3203708e-19
1.9348548e+00,2.6214832e+00,1.9762072e-02
4.9861454e+00,2.6216972e+00,2.3137660e-02
8.8050927e+00,2.6218209e+00,2.2832853e-17
9.2479335e+00,2.6223010e+00,6.3693874e-20
5.4800514e+00,2.6224007e+00,2.2769434e-02
5.3643796e+00,2.6224357e+00,2.2949486e-02
9.3597427e+00,2.6235218e+00,1.1849972e-19
5.5906912e+00,2.6236298e+00,2.4615191e-02
5.2506589e+00,2.6244699e+00,2.3161133e-02
5.6990942e+00,2.6257564e+00,2.6340136e-02
1.8693408e+00,2.6258969e+00,5.5295167e-02
9.4740771e+00,2.6260802e+00,1.8392937e-19
5.8085625e+00,2.6276871e+00,2.8221117e-02
6.2491398e+00,2.6279910e+00,2.5781394e-02
5.9200329e+00,2.6288921e+00,2.9276991e-02
3.9852141e+00,2.6290501e+00,2.1766650e-02
6.3462592e+00,2.6294164e+00,2.4404284e-02
9.5893182e+00,2.6298599e+00,2.4836699e-19
6.0323390e+00,2.6299853e+00,2.8859673e-02
6.1429791e+00,2.6305349e+00,2.7698496e-02
9.7126439e+00,2.6322132e+00,3.3005318e-19
5.0869936e+00,2.6374326e+00,2.2518734e-02
3.8694479e+00,2.6401181e+00,2.2443152e-02
3.1716930e+00,2.6412773e+00,2.2690024e-02
3.7542313e+00,2.6433663e+00,2.2496433e-02
3.6385896e+00,2.6452361e+00,2.2420656e-02
3.5222658e+00,2.6462463e+00,2.2174929e-02
3.0341542e+00,2.6465985e+00,2.2429318e-02
9.9665530e+00,2.6466896e+00,2.9067458e-18
3.4074223e+00,2.6468417e+00,2.2539815e-02
9.8348120e+00,2.6478217e+00,9.5383390e-19
8.7467973e+00,2.6503503e+00,3.5666773e-17
5.1950160e+00,2.6514639e+00,2.2752883e-02
3.4338222e-02,2.6515407e+00,4.0382455e-03
3.2894312e+00,2.6519256e+00,2.2527304e-02
9.0809056e+00,2.6522953e+00,1.8951924e-20
8.9699437e+00,2.6526330e+00,3.2659191e-20
5.4243670e+00,2.6527184e+00,2.2482347e-02
6.2949201e+00,2.6528898e+00,2.5037652e-02
8.8598242e+00,2.6530670e+00,9.6694870e-19
9.1921479e+00,2.6533042e+00,4.7576899e-20
5.5388170e+00,2.6534576e+00,2.3259537e-02
5.3080368e+00,2.6547207e+00,2.2938650e-02
9.3034668e+00,2.6548105e+00,9.7858340e-20
5.6464892e+00,2.6558595e+00,2.5140793e-02
9.4162833e+00,2.6566511e+00,1.6632377e-19
5.7542702e+00,2.6583283e+00,2.7614195e-02
9.5309291e+00,2.6599072e+00,2.3409794e-19
5.8638628e+00,2.6603142e+00,2.9615126e-02
6.1960271e+00,2.6610992e+00,2.6901286e-02
8.5572018e+00,2.6611738e+00,3.7034245e-14
5.9760166e+00,2.6614838e+00,2.9360648e-02
6.0878394e+00,2.6624416e+00,2.8375179e-02
8.6188529e+00,2.6640288e+00,2.9884315e-15
9.6471215e+00,2.6651566e+00,3.1005029e-19
2.3020757e-01,2.6658901e+00,3.7768467e-03
9.7701620e+00,2.6663441e+00,5.0919495e-19
4.2161962e+00,2.6692692e+00,2.2417493e-02
1.7443581e+00,2.6705602e+00,8.3856032e-02
6.4365974e+00,2.6709784e+00,2.0530321e-02
4.3261757e+00,2.6720601e+00,2.1054080e-02
1.6911712e-01,2.6721443e+00,3.8086644e-03
6.3816623e+00,2.6731287e+00,2.3994939e-02
1.6319127e+00,2.6741064e+00,6.8851085e-02
4.7779169e+00,2.6742811e+00,2.1777600e-02
4.6662106e+00,2.6743941e+00,2.3727567e-02
4.8887625e+00,2.6752984e+00,2.2516055e-02
4.5545258e+00,2.6753715e+00,2.2102417e-02
4.4405162e+00,2.6754398e+00,2.1263935e-02
1.5174092e+00,2.6765177e+00,3.1872656e-02
1.4007920e+00,2.6770896e+00,8.3919009e-03
3.4250447e-01,2.6771879e+00,3.4788781e-03
1.2829781e+00,2.6772342e+00,1.2446159e-03
1.1651146e+00,2.6773422e+00,4.5950595e-04
1.0471272e+00,2.6775669e+00,8.3081778e-04
4.1022742e+00,2.6776788e+00,2.2483232e-02
9.2922786e-01,2.6777714e+00,1.5016059e-03
8.1135340e-01,2.6779795e+00,2.1928598e-03
6.9362217e-01,2.6781256e+00,2.9938508e-03
5.7598674e-01,2.6782632e+00,3.6353646e-03
4.5825132e-01,2.6783142e+00,3.6060618e-03
1.9664918e+00,2.6789329e+00,2.3132886e-02
4.9922698e+00,2.6815080e+00,2.3399301e-02
1.8457426e+00,2.6854102e+00,5.6420809e-02
5.0886681e+00,2.6955545e+00,2.2493438e-02
3.9867698e+00,2.6990874e+00,2.1794936e-02
3.1433731e+00,2.7004672e+00,2.2889281e-02
4.2720503e+00,2.7018825e+00,2.1751335e-02
4.1608942e+00,2.7033616e+00,2.1870974e-02
3.0687398e+00,2.7049854e+00,2.2212155e-02
1.7932448e+00,2.7053334e+00,7.6244688e-02
4.3832438e+00,2.7056706e+00,2.1520568e-02
5.1946285e+00,2.7060354e+00,2.2586354e-02
3.8699657e+00,2.7060921e+00,2.3013454e-02
4.7217438e+00,2.7065910e+00,2.2083486e-02
1.6876778e+00,2.7066360e+00,7.4399180e-02
4.6099923e+00,2.7066937e+00,2.3486395e-02
4.8338461e+00,2.7068638e+00,2.2295793e-02
2.8064830e-01,2.7068821e+00,3.5814026e-03
4.4975916e+00,2.7074084e+00,2.1930431e-02
9.8686571e+00,2.7080050e+00,1.1854610e-18
4.9438470e+00,2.7083400e+00,2.3392290e-02
1.5756355e+00,2.7090354e+00,4.5791774e-02
9.9283080e+00,2.7091799e+00,2.2046018e-18
3.7542706e+00,2.7095473e+00,2.2867248e-02
5.3097125e+00,2.7105821e+00,2.2498429e-02
3.6388522e+00,2.7105913e+00,2.2710205e-02
3.5226827e+00,2.7106049e+00,2.2651681e-02
5.4307835e+00,2.7108807e+00,2.2256188e-02
1.4599452e+00,2.7109482e+00,1.6988714e-02
1.3425051e+00,2.7112342e+00,3.6528526e-03
1.2244670e+00,2.7113292e+00,6.9713347e-04
1.1063738e+00,2.7115381e+00,7.2291693e-04
3.4087974e+00,2.7117228e+00,2.2581122e-02
9.8831962e-01,2.7117243e+00,1.2969285e-03
8.7034494e-01,2.7119321e+00,2.0106405e-03
3.9981479e-01,2.7120150e+00,3.6323950e-03
7.5247662e-01,2.7120444e+00,2.8791302e-03
6.3478256e-01,2.7121542e+00,3.5598559e-03
5.1710647e-01,2.7122461e+00,3.8881755e-03
8.7470513e+00,2.7131667e+00,1.2418447e-17
5.5465649e+00,2.7137322e+00,2.2966910e-02
6.8447505e-02,2.7142084e+00,3.7170799e-03
9.0807724e+00,2.7148906e+00,1.8242251e-20
9.1917842e+00,2.7153974e+00,4.8322130e-20
3.2960141e+00,2.7155171e+00,2.2520722e-02
8.5271528e+00,2.7156859e+00,1.0052559e-14
8.9705865e+00,2.7163317e+00,1.2737725e-20
6.2967941e+00,2.7168267e+00,2.5318150e-02
8.8592088e+00,2.7168676e+00,2.8625003e-19
5.6503545e+00,2.7169473e+00,2.4801764e-02
5.0418412e+00,2.7180526e+00,2.2377289e-02
8.6328674e+00,2.7189977e+00,5.5890265e-16
9.3032947e+00,2.7190161e+00,9.9635955e-20
9.4155351e+00,2.7204947e+00,1.6962863e-19
5.7554651e+00,2.7219501e+00,2.8047768e-02
4.0449971e+00,2.7228808e+00,2.1669221e-02
1.3970412e-01,2.7233886e+00,3.7230834e-03
9.5291831e+00,2.7235208e+00,2.3763806e-19
6.4694694e+00,2.7236910e+00,1.9096338e-02
5.8628255e+00,2.7242904e+00,3.0059423e-02
5.9749076e+00,2.7254062e+00,2.9555415e-02
6.1941357e+00,2.7258082e+00,2.7018366e-02
6.0865860e+00,2.7264761e+00,2.8578914e-02
5.1416507e+00,2.7277193e+00,2.2542408e-02
9.6451739e+00,2.7285025e+00,3.0982761e-19
6.3504746e+00,2.7290162e+00,2.3673605e-02
9.7619202e+00,2.7313029e+00,4.9361042e-19
5.2519472e+00,2.7349028e+00,2.3086687e-02
5.3724719e+00,2.7364594e+00,2.2391640e-02
1.9360390e+00,2.7383082e+00,2.3617293e-02
3.9286671e+00,2.7387996e+00,2.3195869e-02
1.8808038e+00,2.7403718e+00,5.2734064e-02
5.4942158e+00,2.7408376e+00,2.2803580e-02
3.8117793e+00,2.7418660e+00,2.3013103e-02
3.5809373e+00,2.7431718e+00,2.3137323e-02
3.6966901e+00,2.7431908e+00,2.3022672e-02
3.4657412e+00,2.7434905e+00,2.2584306e-02
3.3579560e+00,2.7436928e+00,2.2432067e-02
8.6893637e+00,2.7445712e+00,1.6500387e-17
5.6023043e+00,2.7449922e+00,2.3270565e-02
9.1359869e+00,2.7455868e+00,3.2866240e-20
9.0259223e+00,2.7471040e+00,1.0184902e-20
8.8047313e+00,2.7484378e+00,3.9346564e-19
9.2473978e+00,2.7485998e+00,7.7688788e-20
8.9147231e+00,2.7486790e+00,1.2832107e-20
5.7041543e+00,2.7504659e+00,2.6065040e-02
9.3588224e+00,2.7515711e+00,1.4762507e-19
8.5712164e+00,2.7531798e+00,7.4359948e-16
9.4715830e+00,2.7535375e+00,2.2315880e-19
5.8087201e+00,2.7552850e+00,2.8957518e-02
9.8217722e+00,2.7560323e+00,7.2554083e-19
6.2491224e+00,2.7566370e+00,2.6097136e-02
5.9178866e+00,2.7567907e+00,2.9550510e-02
9.5856247e+00,2.7568194e+00,3.0357375e-19
6.0299766e+00,2.7579424e+00,2.9298342e-02
3.1812240e+00,2.7584121e+00,2.2317023e-02
6.1398343e+00,2.7592785e+00,2.7828240e-02
9.7024545e+00,2.7605179e+00,4.1693046e-19
3.2505754e+00,2.7620879e+00,2.2359949e-02
4.1710167e+00,2.7622730e+00,2.2494419e-02
3.0345856e+00,2.7642692e+00,2.1979990e-02
4.2734008e+00,2.7672362e+00,2.3499385e-02
9.9617550e+00,2.7683727e+00,2.0873739e-18
3.4109283e-02,2.7685500e+00,3.7224814e-03
4.3838427e+00,2.7693907e+00,2.4235087e-02
4.4968871e+00,2.7709966e+00,2.3226553e-02
4.6093709e+00,2.7712247e+00,2.3403578e-02
4.7216629e+00,2.7713942e+00,2.2102810e-02
4.8337329e+00,2.7716468e+00,2.2581254e-02
1.7937876e+00,2.7719570e+00,7.5307644e-02
4.9449132e+00,2.7723764e+00,2.2955955e-02
4.0502800e+00,2.7735889e+00,2.1863669e-02
1.6893905e+00,2.7739149e+00,7.3920976e-02
2.8032675e-01,2.7750038e+00,3.6110728e-03
1.5767042e+00,2.7768694e+00,4.5617114e-02
5.0479066e+00,2.7784542e+00,2.2426142e-02
1.4608675e+00,2.7792352e+00,1.7113838e-02
1.3432892e+00,2.7793735e+00,3.7665706e-03
1.2249983e+00,2.7795424e+00,7.4590920e-04
1.1067594e+00,2.7797292e+00,7.5461274e-04
9.8852515e-01,2.7799505e+00,1.3507212e-03
3.9982050e-01,2.7799663e+00,3.7113556e-03
6.4379536e+00,2.7799866e+00,1.8873025e-02
6.3475318e-01,2.7800587e+00,3.6748808e-03
8.7045403e-01,2.7801225e+00,2.0540652e-03
5.1705708e-01,2.7801484e+00,4.0989879e-03
7.5249850e-01,2.7801986e+00,2.9307286e-03
1.6738207e-01,2.7816805e+00,3.7504127e-03
6.3738940e+00,2.7831614e+00,2.3774012e-02
5.1474407e+00,2.7847006e+00,2.2697218e-02
5.2587926e+00,2.7865359e+00,2.3414305e-02
1.8493408e+00,2.7912063e+00,6.0153544e-02
5.3786485e+00,2.7915400e+00,2.2743797e-02
5.4999922e+00,2.7931529e+00,2.2504403e-02
4.2276691e+00,2.7935343e+00,2.3370787e-02
1.9695472e+00,2.7974705e+00,2.4220917e-02
9.1347275e+00,2.8001175e+00,3.2369005e-20
4.3281250e+00,2.8011340e+00,2.3674658e-02
4.0943408e+00,2.8022956e+00,2.1786484e-02
4.4404107e+00,2.8027482e+00,2.3328147e-02
5.6057070e+00,2.8034574e+00,2.3168401e-02
4.5532000e+00,2.8034908e+00,2.2953460e-02
4.6655083e+00,2.8037283e+00,2.2199274e-02
4.7777227e+00,2.8038673e+00,2.2533486e-02
4.8897155e+00,2.8041178e+00,2.2724054e-02
8.5712991e+00,2.8041636e+00,5.3455235e-17
1.7466135e+00,2.8044626e+00,7.4679271e-02
4.1378582e+00,2.8047049e+00,2.1896773e-02
2.2837992e-01,2.8049699e+00,3.6725012e-03
4.9994015e+00,2.8059458e+00,2.2865714e-02
3.9273927e+00,2.8079238e+00,2.2966953e-02
3.8116979e+00,2.8085600e+00,2.2456822e-02
3.5811965e+00,2.8086843e+00,2.2956757e-02
3.3517452e+00,2.8089664e+00,2.2800697e-02
3.4662859e+00,2.8091072e+00,2.2232828e-02
3.6966061e+00,2.8092143e+00,2.3055826e-02
1.6346941e+00,2.8092193e+00,5.7365050e-02
5.7056896e+00,2.8113791e+00,2.5855236e-02
8.9145375e+00,2.8116628e+00,4.0774673e-21
8.8045204e+00,2.8125398e+00,4.3548607e-20
9.0286777e+00,2.8126381e+00,9.5976569e-21
1.5194001e+00,2.8126387e+00,2.8388738e-02
5.1005236e+00,2.8129374e+00,2.2506392e-02
3.4218863e-01,2.8132609e+00,3.8022532e-03
1.4024984e+00,2.8135158e+00,8.6043903e-03
1.2842935e+00,2.8135866e+00,1.7907604e-03
1.1660314e+00,2.8137465e+00,7.5891904e-04
1.0477184e+00,2.8139842e+00,1.1868665e-03
5.7590797e-01,2.8140700e+00,4.0739128e-03
4.5820764e-01,2.8141679e+00,3.7949340e-03
6.9361468e-01,2.8141844e+00,3.4585180e-03
9.2954249e-01,2.8141880e+00,1.8885277e-03
9.2444409e+00,2.8143105e+00,7.6710578e-20
8.1148437e-01,2.8143241e+00,2.6687440e-03
5.2072640e+00,2.8146497e+00,2.3336361e-02
8.6898015e+00,2.8148135e+00,1.4643546e-18
9.3596929e+00,2.8152746e+00,1.4771204e-19
9.4706899e+00,2.8169544e+00,2.2780756e-19
9.8201257e+00,2.8170456e+00,7.5872867e-19
5.3227345e+00,2.8172958e+00,2.2693074e-02
5.4427364e+00,2.8182766e+00,2.2330868e-02
5.8083708e+00,2.8194069e+00,2.7984522e-02
9.5840131e+00,2.8197486e+00,3.1322749e-19
4.0251205e+00,2.8204410e+00,2.2088940e-02
3.1428643e+00,2.8205290e+00,2.2729263e-02
5.9165723e+00,2.8205314e+00,2.9219710e-02
6.0275347e+00,2.8217250e+00,2.9297874e-02
9.6987636e+00,2.8217567e+00,4.2778821e-19
3.0708591e+00,2.8218679e+00,2.2189626e-02
3.2871751e+00,2.8231857e+00,2.2580097e-02
6.1364010e+00,2.8243422e+00,2.7897925e-02
5.5557439e+00,2.8245127e+00,2.2423851e-02
9.9347514e+00,2.8280831e+00,1.9188440e-18
6.8138653e-02,2.8285391e+00,3.9463011e-03
6.2420231e+00,2.8286992e+00,2.6040178e-02
1.3015482e-01,2.8324894e+00,3.8499314e-03
6.4684843e+00,2.8340733e+00,1.8557071e-02
9.0822684e+00,2.8349554e+00,2.1695847e-20
9.1875680e+00,2.8356389e+00,5.0388826e-20
5.6552924e+00,2.8363257e+00,2.4289552e-02
6.3471668e+00,2.8384979e+00,2.4019549e-02
8.6333880e+00,2.8402239e+00,1.4264537e-18
8.5272355e+00,2.8407438e+00,6.5717674e-18
3.5234866e+00,2.8417342e+00,2.2093862e-02
3.8686101e+00,2.8419104e+00,2.2189486e-02
3.6390275e+00,2.8421273e+00,2.3034789e-02
3.7541053e+00,2.8422648e+00,2.2863468e-02
3.4031312e+00,2.8426132e+00,2.2746589e-02
3.9801903e+00,2.8433547e+00,2.2648726e-02
8.8588123e+00,2.8439535e+00,2.8060309e-21
8.9731563e+00,2.8448497e+00,6.2509182e-21
5.7566511e+00,2.8469852e+00,2.6939078e-02
8.7472782e+00,2.8475110e+00,4.5412460e-20
9.4155125e+00,2.8476152e+00,2.1836130e-19
9.3012083e+00,2.8484304e+00,1.2850035e-19
9.8734540e+00,2.8487058e+00,1.0916855e-18
4.0691813e+00,2.8491477e+00,2.1755238e-02
9.5266785e+00,2.8498669e+00,3.0035784e-19
1.8679421e+00,2.8521242e+00,5.9526876e-02
5.8611619e+00,2.8521530e+00,2.9120889e-02
9.6398714e+00,2.8526704e+00,4.1283158e-19
5.9711515e+00,2.8529295e+00,2.9526417e-02
9.7565827e+00,2.8535550e+00,5.2955740e-19
4.2228161e+00,2.8544959e+00,2.2394920e-02
6.0807108e+00,2.8553224e+00,2.8761877e-02
1.9329134e+00,2.8604520e+00,3.4486563e-02
6.2873720e+00,2.8620625e+00,2.5520558e-02
6.1836031e+00,2.8629342e+00,2.7216139e-02
4.1717708e+00,2.8630583e+00,2.1540508e-02
4.4405295e+00,2.8678913e+00,2.0852611e-02
4.5531405e+00,2.8683366e+00,2.1585969e-02
4.6654473e+00,2.8685087e+00,2.1548121e-02
4.7776490e+00,2.8686203e+00,2.2563051e-02
4.8896663e+00,2.8688036e+00,2.3024240e-02
5.0000328e+00,2.8703177e+00,2.3174541e-02
1.7522801e+00,2.8710658e+00,7.4137272e-02
4.3228001e+00,2.8730953e+00,2.1699933e-02
5.1068964e+00,2.8737652e+00,2.2687885e-02
5.2178027e+00,2.8748240e+00,2.3170279e-02
5.4459775e+00,2.8749116e+00,2.1876118e-02
3.2546070e+00,2.8759212e+00,2.2561838e-02
5.3311209e+00,2.8759772e+00,2.2194447e-02
2.2771869e-01,2.8762771e+00,3.7703104e-03
3.1796475e+00,2.8769402e+00,2.2445375e-02
1.6368424e+00,2.8779456e+00,5.6812574e-02
5.5549651e+00,2.8800999e+00,2.2315848e-02
3.0362735e+00,2.8811281e+00,2.1004374e-02
1.5201321e+00,2.8812022e+00,2.8519447e-02
3.4172622e-01,2.8815093e+00,3.8438960e-03
1.2845830e+00,2.8818499e+00,1.8632377e-03
1.4028043e+00,2.8818641e+00,8.7596218e-03
1.1662114e+00,2.8820448e+00,7.8449636e-04
4.5821646e-01,2.8821322e+00,3.6921307e-03
5.7593598e-01,2.8821701e+00,3.7999939e-03
1.0478900e+00,2.8822848e+00,1.2172459e-03
6.9364461e-01,2.8824207e+00,3.3044565e-03
9.2964917e-01,2.8825024e+00,1.9180397e-03
8.1152787e-01,2.8826617e+00,2.6757406e-03
9.9729964e+00,2.8832398e+00,1.8888802e-18
3.4029369e-02,2.8835185e+00,3.8842416e-03
6.4359468e+00,2.8879711e+00,1.9292182e-02
9.1014508e+00,2.8888356e+00,2.2326638e-20
6.3786889e+00,2.8892208e+00,2.3432560e-02
1.6664093e-01,2.8895247e+00,3.7716964e-03
9.1698037e+00,2.8898018e+00,5.0034129e-20
8.6193495e+00,2.8958578e+00,1.7502572e-19
5.6563599e+00,2.8960806e+00,2.4113573e-02
8.5572607e+00,2.8968345e+00,2.9657033e-19
1.8180556e+00,2.8994782e+00,6.4996190e-02
4.2632228e+00,2.9001591e+00,2.2386421e-02
4.6092504e+00,2.9008509e+00,2.1338461e-02
4.7215282e+00,2.9009275e+00,2.2437664e-02
4.4969464e+00,2.9009856e+00,2.1318752e-02
4.8336100e+00,2.9010856e+00,2.2729763e-02
4.9454953e+00,2.9014341e+00,2.3084142e-02
8.9692764e+00,2.9030321e+00,6.2848879e-21
5.0549107e+00,2.9036538e+00,2.2427744e-02
4.0848868e+00,2.9040264e+00,2.1850601e-02
5.5024545e+00,2.9053751e+00,2.1747299e-02
5.2777177e+00,2.9053916e+00,2.2389000e-02
5.1643522e+00,2.9057027e+00,2.3299356e-02
4.3786366e+00,2.9064952e+00,2.1053835e-02
5.3902760e+00,2.9068565e+00,2.1953552e-02
8.7502174e+00,2.9072726e+00,3.3371098e-21
3.5236005e+00,2.9083855e+00,2.2123049e-02
3.6390969e+00,2.9084429e+00,2.3358368e-02
3.7542652e+00,2.9086404e+00,2.2866617e-02
3.8685651e+00,2.9087826e+00,2.2805712e-02
5.7564969e+00,2.9091962e+00,2.7028082e-02
1.6972054e+00,2.9092444e+00,6.4988339e-02
3.4030722e+00,2.9092525e+00,2.2683554e-02
9.3069219e+00,2.9095041e+00,1.3361278e-19
8.8589267e+00,2.9107111e+00,1.4124802e-21
3.9780418e+00,2.9109572e+00,2.2614861e-02
9.4165926e+00,2.9113222e+00,2.3108370e-19
9.5265401e+00,2.9134217e+00,3.1562035e-19
1.5795845e+00,2.9141593e+00,4.1060811e-02
2.7920311e-01,2.9145594e+00,3.8505797e-03
9.6386182e+00,2.9150752e+00,4.1237053e-19
4.1439589e+00,2.9155277e+00,2.1391858e-02
5.8606329e+00,2.9156201e+00,2.9413095e-02
1.3438846e+00,2.9159851e+00,4.5056403e-03
1.2254677e+00,2.9161040e+00,1.1786253e-03
1.4619053e+00,2.9161471e+00,1.6765944e-02
3.9936691e-01,2.9161791e+00,3.6824126e-03
5.1709390e-01,2.9162129e+00,3.4861108e-03
1.1071109e+00,2.9163282e+00,1.0662183e-03
5.9699843e+00,2.9163854e+00,2.9653438e-02
6.3481113e-01,2.9163951e+00,3.5405218e-03
9.8880341e-01,2.9165655e+00,1.6648246e-03
7.5257193e-01,2.9167725e+00,3.0458102e-03
8.7060421e-01,2.9167745e+00,2.4439614e-03
9.7553031e+00,2.9176332e+00,5.6656899e-19
5.6059957e+00,2.9187995e+00,2.3065404e-02
6.0792099e+00,2.9188659e+00,2.8750227e-02
1.9633662e+00,2.9201243e+00,2.8428803e-02
9.8728943e+00,2.9215135e+00,1.1240486e-18
6.1812132e+00,2.9282515e+00,2.7231927e-02
6.2860073e+00,2.9293422e+00,2.5244009e-02
3.2840169e+00,2.9305767e+00,2.2261048e-02
5.7066030e+00,2.9333450e+00,2.6124030e-02
3.1450168e+00,2.9358781e+00,2.2784637e-02
8.9107720e+00,2.9366028e+00,3.2739069e-21
9.0717860e+00,2.9373245e+00,2.1566658e-20
3.0736480e+00,2.9387270e+00,2.1069220e-02
9.2008090e+00,2.9387588e+00,5.9831460e-20
8.8075740e+00,2.9390589e+00,8.1119806e-22
9.3664864e+00,2.9400554e+00,2.0389444e-19
9.9341917e+00,2.9401065e+00,1.6223850e-18
6.3447803e+00,2.9404168e+00,2.3820013e-02
3.5813799e+00,2.9416512e+00,2.2617261e-02
3.8118129e+00,2.9418078e+00,2.3109937e-02
3.6968355e+00,2.9419054e+00,2.3167179e-02
6.7991150e-02,2.9423420e+00,3.8372399e-03
3.4663408e+00,2.9423978e+00,2.2577661e-02
3.9251993e+00,2.9423985e+00,2.2666494e-02
9.0125269e+00,2.9427698e+00,1.0105754e-20
6.4674625e+00,2.9427867e+00,1.9955979e-02
4.0386775e+00,2.9429222e+00,2.2650290e-02
8.6520725e+00,2.9435228e+00,5.5696443e-21
9.4716315e+00,2.9442163e+00,3.0599283e-19
1.3858654e-01,2.9443980e+00,3.7484584e-03
8.5300251e+00,2.9449796e+00,1.3493344e-20
5.8076876e+00,2.9450850e+00,2.8833984e-02
3.3491643e+00,2.9452910e+00,2.2285614e-02
9.5826214e+00,2.9457081e+00,3.9840946e-19
5.9148761e+00,2.9474545e+00,3.0043058e-02
8.7086356e+00,2.9477122e+00,2.4259947e-21
9.2616069e+00,2.9480842e+00,1.1723810e-19
9.6962307e+00,2.9482397e+00,4.9392648e-19
6.0248666e+00,2.9487245e+00,2.8933981e-02
6.1325102e+00,2.9532032e+00,2.8491586e-02
9.8182864e+00,2.9539316e+00,7.6979879e-19
4.2425425e+00,2.9564387e+00,2.1408112e-02
6.2382685e+00,2.9612963e+00,2.5884391e-02
4.1743239e+00,2.9632449e+00,2.1141063e-02
4.6091954e+00,2.9655935e+00,2.1603016e-02
4.7214715e+00,2.9656629e+00,2.2199187e-02
4.4967786e+00,2.9658132e+00,2.2859412e-02
4.8335150e+00,2.9658454e+00,2.2419328e-02
4.9453302e+00,2.9663179e+00,2.2945079e-02
5.0561528e+00,2.9675910e+00,2.2222869e-02
5.2811612e+00,2.9683141e+00,2.2432188e-02
5.1681898e+00,2.9683598e+00,2.3090403e-02
5.3925359e+00,2.9685211e+00,2.2019167e-02
5.5023473e+00,2.9696534e+00,2.1524044e-02
1.8242200e+00,2.9697503e+00,6.4754432e-02
4.3796638e+00,2.9748818e+00,2.2436521e-02
1.7003723e+00,2.9780236e+00,6.4424286e-02
5.6069466e+00,2.9789318e+00,2.3132990e-02
1.9379071e+00,2.9796481e+00,2.9037893e-02
1.5812060e+00,2.9829839e+00,4.1112731e-02
2.7889284e-01,2.9841985e+00,3.7716463e-03
5.1717966e-01,2.9842269e+00,3.3196504e-03
1.3440622e+00,2.9843373e+00,4.6292045e-03
6.3680804e+00,2.9843754e+00,2.3719465e-02
1.2256403e+00,2.9844019e+00,1.2348911e-03
3.9935243e-01,2.9844396e+00,3.5341454e-03
1.4623090e+00,2.9844788e+00,1.6859140e-02
1.1072406e+00,2.9846523e+00,1.0671724e-03
6.3485089e-01,2.9848243e+00,3.5438876e-03
9.8892027e-01,2.9848946e+00,1.6423788e-03
8.7066571e-01,2.9851177e+00,2.4031558e-03
7.5260767e-01,2.9851452e+00,3.0793485e-03
6.4335048e+00,2.9879950e+00,2.0416219e-02
3.2471125e+00,2.9886373e+00,2.2692256e-02
9.1055056e+00,2.9912988e+00,2.7463845e-20
9.1661756e+00,2.9917668e+00,5.6389756e-20
3.1830718e+00,2.9929197e+00,2.2477053e-02
8.9232316e+00,2.9941767e+00,3.2508544e-21
5.7080522e+00,2.9945656e+00,2.6515939e-02
8.7959418e+00,2.9966499e+00,7.1182171e-22
8.6212086e+00,2.9968694e+00,4.7026876e-22
8.5612501e+00,2.9973494e+00,5.7870034e-22
4.5529176e+00,2.9979068e+00,2.2113216e-02
4.6653356e+00,2.9979867e+00,2.1882545e-02
8.9849776e+00,2.9980000e+00,9.6686943e-21
9.9611953e+00,2.9980432e+00,1.6171371e-18
4.7774973e+00,2.9981154e+00,2.2421775e-02
4.8894060e+00,2.9984472e+00,2.3157645e-02
3.0373745e+00,2.9987754e+00,1.8796302e-02
5.0011097e+00,2.9991388e+00,2.2063672e-02
3.3961781e-02,3.0000000e+00,3.9545189e-03
5.1119761e+00,3.0003596e+00,2.2588560e-02
5.2250838e+00,3.0004037e+00,2.2635995e-02
5.3368244e+00,3.0005643e+00,2.2337373e-02
5.4481303e+00,3.0008546e+00,2.1632586e-02
4.4413889e+00,3.0011055e+00,2.3144734e-02
1.8791002e+00,3.0019099e+00,5.3525572e-02
1.6531296e-01,3.0020560e+00,3.8432527e-03
9.3694600e+00,3.0022509e+00,2.0301998e-19
8.7364548e+00,3.0023973e+00,2.7598224e-22
5.5558088e+00,3.0045105e+00,2.2465735e-02
9.2789250e+00,3.0054776e+00,1.2587456e-19
5.8102890e+00,3.0061547e+00,2.8943812e-02
4.0433521e+00,3.0077002e+00,2.2358130e-02
3.8121099e+00,3.0082406e+00,2.2897042e-02
3.6970716e+00,3.0084152e+00,2.2889389e-02
3.5815407e+00,3.0085015e+00,2.3058154e-02
3.9259231e+00,3.0085197e+00,2.1980993e-02
9.4715523e+00,3.0087722e+00,3.0583700e-19
4.2644356e+00,3.0092036e+00,2.2445519e-02
3.4663153e+00,3.0092164e+00,2.2600262e-02
9.5826034e+00,3.0097427e+00,4.1775005e-19
1.7616113e+00,3.0101172e+00,6.4323559e-02
5.9146833e+00,3.0106229e+00,2.9981795e-02
9.6965590e+00,3.0117072e+00,4.8648886e-19
6.0244963e+00,3.0117389e+00,2.9216091e-02
6.1323894e+00,3.0153680e+00,2.8560918e-02
1.6416308e+00,3.0155494e+00,5.2046264e-02
3.3504846e+00,3.0163360e+00,2.2993004e-02
5.6587599e+00,3.0174335e+00,2.5108310e-02
4.1585337e+00,3.0175739e+00,2.2663777e-02
1.5221573e+00,3.0183586e+00,2.7588634e-02
4.5828774e-01,3.0184068e+00,3.3160777e-03
1.2849331e+00,3.0185000e+00,2.6391599e-03
1.4033855e+00,3.0185481e+00,9.6889415e-03
5.7606150e-01,3.0186134e+00,3.1747029e-03
1.1665136e+00,3.0186669e+00,1.1410110e-03
1.0481365e+00,3.0189380e+00,1.3784817e-03
9.2982752e-01,3.0191747e+00,2.0645842e-03
6.9372011e-01,3.0192226e+00,3.5160580e-03
8.1162511e-01,3.0193776e+00,2.7828254e-03
3.4140148e-01,3.0194090e+00,3.6276282e-03
6.2430674e+00,3.0199615e+00,2.6006310e-02
2.2614804e-01,3.0203974e+00,3.7352347e-03
9.8156846e+00,3.0210563e+00,7.2577721e-19
4.3229807e+00,3.0213388e+00,2.2361235e-02
8.4476488e+00,3.0230270e+00,1.1016707e-24
6.9428563e+00,3.0250288e+00,1.0421594e-02
8.0562860e+00,3.0252383e+00,1.1460131e-25
6.8487612e+00,3.0272814e+00,1.4873517e-02
8.2491880e+00,3.0282645e+00,2.1305795e-25
8.1505180e+00,3.0284858e+00,1.4425230e-25
6.7500000e+00,3.0288675e+00,1.4915692e-02
9.3272135e+00,3.0290930e+00,1.7851910e-19
6.5501125e+00,3.0291040e+00,1.3410607e-02
6.6504218e+00,3.0301803e+00,9.9351181e-03
8.3513436e+00,3.0306931e+00,3.7753769e-25
5.7605475e+00,3.0314864e+00,2.7867035e-02
6.3492194e+00,3.0346768e+00,2.4325435e-02
1.9745408e+00,3.0357143e+00,3.4649964e-02
9.4194870e+00,3.0380737e+00,2.7911508e-19
6.4489101e+00,3.0386821e+00,2.0279019e-02
5.8630415e+00,3.0398582e+00,3.0033181e-02
3.2882970e+00,3.0406796e+00,2.3170850e-02
3.8695859e+00,3.0413366e+00,2.2228628e-02
3.7547983e+00,3.0415830e+00,2.3148752e-02
4.1020767e+00,3.0416630e+00,2.2487352e-02
3.6394939e+00,3.0418030e+00,2.3094975e-02
3.9834403e+00,3.0418564e+00,2.1907250e-02
9.5264429e+00,3.0420121e+00,4.0760616e-19
8.8902894e+00,3.0420472e+00,3.0333960e-21
3.5237358e+00,3.0420544e+00,2.2821307e-02
5.9694212e+00,3.0425683e+00,2.9650090e-02
9.6389285e+00,3.0425772e+00,4.7501064e-19
8.8297970e+00,3.0432864e+00,1.0294745e-21
9.0738905e+00,3.0440115e+00,2.6629936e-20
6.0787188e+00,3.0440451e+00,2.9166696e-02
9.0126216e+00,3.0452674e+00,1.1258964e-20
9.1938016e+00,3.0452736e+00,6.6957089e-20
8.6524803e+00,3.0468957e+00,6.6008635e-23
3.4043669e+00,3.0471162e+00,2.3039742e-02
9.7530297e+00,3.0482254e+00,5.2732875e-19
8.7111635e+00,3.0482342e+00,2.0049910e-22
6.1858913e+00,3.0490816e+00,2.7309052e-02
9.2457531e+00,3.0496588e+00,1.1720333e-19
8.5376929e+00,3.0496741e+00,3.5289568e-23
4.2132055e+00,3.0513962e+00,2.3088554e-02
6.8916175e+00,3.0523103e+00,1.4003206e-02
3.1506233e+00,3.0535734e+00,2.2389556e-02
8.3989925e+00,3.0537201e+00,8.1430281e-25
8.1068039e+00,3.0537241e+00,1.1670864e-25
6.2966655e+00,3.0539198e+00,2.4837795e-02
6.7987612e+00,3.0561489e+00,1.5641440e-02
3.0762947e+00,3.0565801e+00,1.9687516e-02
8.1997059e+00,3.0567503e+00,1.7559302e-25
9.9309870e+00,3.0568667e+00,1.4828828e-18
8.4874501e+00,3.0573683e+00,5.0944727e-24
6.7923561e-02,3.0588235e+00,4.0838104e-03
1.2867936e-01,3.0588235e+00,3.9529196e-03
8.3005316e+00,3.0589576e+00,3.8607814e-25
6.7004218e+00,3.0590479e+00,1.3954620e-02
6.6005343e+00,3.0592843e+00,1.5506722e-02
6.4996471e+00,3.0596148e+00,1.9376131e-02
4.5528706e+00,3.0627237e+00,2.2426233e-02
4.6653119e+00,3.0627401e+00,2.2566135e-02
4.7774691e+00,3.0628546e+00,2.2818707e-02
4.8893834e+00,3.0632642e+00,2.3143127e-02
5.0010957e+00,3.0638780e+00,2.2119412e-02
5.1129070e+00,3.0644744e+00,2.2224442e-02
5.2249765e+00,3.0647569e+00,2.2707728e-02
5.3367395e+00,3.0648727e+00,2.2200859e-02
6.9761896e+00,3.0650288e+00,1.2792845e-02
8.0229526e+00,3.0652383e+00,6.5710386e-26
5.4480671e+00,3.0653040e+00,2.1987520e-02
9.8670878e+00,3.0661828e+00,8.4020683e-19
4.4420923e+00,3.0662264e+00,2.2356594e-02
5.5572394e+00,3.0685872e+00,2.2724471e-02
6.3975116e+00,3.0688072e+00,2.3307697e-02
1.8803964e+00,3.0778313e+00,5.3242486e-02
5.6617678e+00,3.0790972e+00,2.4983938e-02
1.7638533e+00,3.0816738e+00,6.4100041e-02
4.3337491e+00,3.0832814e+00,2.1882674e-02
1.6425924e+00,3.0847233e+00,5.1879174e-02
1.5226626e+00,3.0865726e+00,2.7593994e-02
1.4035101e+00,3.0867987e+00,9.7947942e-03
1.2851115e+00,3.0868185e+00,2.7345516e-03
4.5828327e-01,3.0869412e+00,3.2859393e-03
5.7607016e-01,3.0869416e+00,3.1378092e-03
1.1666677e+00,3.0870047e+00,1.1822042e-03
1.0482709e+00,3.0872633e+00,1.3843118e-03
9.2994238e-01,3.0874919e+00,2.0547175e-03
6.9376329e-01,3.0876002e+00,3.4012221e-03
8.1170443e-01,3.0876899e+00,2.9530754e-03
3.4133142e-01,3.0887737e+00,3.5465544e-03
9.3261505e+00,3.0914186e+00,1.8059849e-19
5.7658889e+00,3.0921179e+00,2.7660465e-02
2.2618187e-01,3.0933559e+00,3.6802482e-03
4.7214195e+00,3.0951555e+00,2.2976185e-02
4.6091245e+00,3.0951638e+00,2.2619845e-02
1.9392033e+00,3.0952520e+00,4.3076501e-02
4.8334642e+00,3.0954015e+00,2.2726729e-02
4.4974350e+00,3.0957510e+00,2.2639989e-02
8.6287562e+00,3.0957864e+00,4.7510865e-23
4.9452935e+00,3.0958741e+00,2.2436244e-02
9.1045211e+00,3.0962226e+00,3.2675648e-20
5.0570696e+00,3.0964450e+00,2.1990228e-02
5.1690134e+00,3.0968278e+00,2.2709679e-02
5.2809690e+00,3.0969757e+00,2.2053978e-02
9.1637622e+00,3.0970166e+00,6.4856978e-20
5.3923878e+00,3.0972789e+00,2.2049631e-02
8.9821145e+00,3.0977151e+00,1.0687534e-20
9.4179778e+00,3.0977439e+00,2.8531639e-19
8.7423659e+00,3.0979090e+00,3.1727371e-22
8.5739272e+00,3.0980848e+00,1.9888383e-23
5.5037148e+00,3.0981795e+00,2.2097645e-02
8.9215283e+00,3.0983181e+00,4.2045808e-21
8.8015125e+00,3.0987086e+00,9.5650810e-22
3.2602071e+00,3.1000987e+00,2.2883996e-02
4.3911356e+00,3.1019452e+00,2.1889345e-02
5.8650008e+00,3.1019826e+00,2.9672901e-02
9.2762713e+00,3.1027728e+00,1.3625976e-19
4.2161255e+00,3.1037368e+00,2.2255238e-02
8.4127584e+00,3.1038205e+00,1.9518983e-24
5.6113850e+00,3.1046722e+00,2.4693511e-02
5.9704719e+00,3.1048968e+00,3.0050823e-02
9.7495816e+00,3.1058412e+00,4.6074573e-19
6.0778829e+00,3.1068909e+00,2.9252127e-02
8.4678827e+00,3.1074688e+00,4.3929569e-24
3.9847128e+00,3.1075619e+00,2.2449114e-02
3.8700005e+00,3.1076633e+00,2.2591156e-02
6.7987612e+00,3.1078687e+00,1.7897732e-02
3.7551380e+00,3.1080518e+00,2.3416255e-02
3.6397578e+00,3.1084802e+00,2.3296398e-02
4.0998145e+00,3.1086256e+00,2.1974571e-02
3.1865740e+00,3.1087101e+00,2.1474878e-02
3.5240262e+00,3.1090057e+00,2.2996892e-02
6.1858468e+00,3.1101574e+00,2.7391485e-02
6.8904709e+00,3.1101731e+00,1.6497916e-02
8.2958778e+00,3.1115962e+00,4.5805043e-25
9.6394404e+00,3.1120887e+00,4.7748832e-19
9.5196288e+00,3.1121298e+00,4.1214977e-19
8.1997059e+00,3.1128004e+00,1.9465651e-25
3.4040206e+00,3.1137078e+00,2.2925031e-02
1.6534679e-01,3.1142302e+00,3.9656965e-03
8.1044377e+00,3.1150862e+00,1.1315367e-25
6.2926130e+00,3.1160854e+00,2.5105711e-02
3.0389202e+00,3.1166283e+00,1.7185236e-02
5.7164013e+00,3.1168607e+00,2.6472691e-02
1.8277582e+00,3.1172283e+00,5.8287623e-02
6.6014807e+00,3.1175590e+00,1.7388297e-02
9.9697917e+00,3.1176471e+00,1.5482352e-18
3.3961781e-02,3.1176471e+00,4.1320029e-03
6.4996345e+00,3.1184808e+00,2.2554781e-02
1.7035760e+00,3.1187541e+00,5.7786795e-02
6.3970788e+00,3.1196390e+00,2.4271057e-02
1.5826730e+00,3.1203718e+00,3.8420339e-02
1.3443652e+00,3.1209064e+00,5.8504106e-03
1.4629389e+00,3.1209434e+00,1.7684956e-02
1.2259727e+00,3.1210583e+00,1.8631376e-03
5.1718384e-01,3.1210895e+00,3.1793054e-03
1.1075290e+00,3.1213155e+00,1.3069752e-03
6.3490272e-01,3.1215301e+00,3.1887064e-03
9.8916949e-01,3.1215371e+00,1.7448218e-03
8.7085989e-01,3.1217472e+00,2.5480095e-03
7.5273016e-01,3.1218351e+00,3.3493720e-03
6.7021050e+00,3.1218446e+00,1.7320989e-02
3.9927791e-01,3.1223387e+00,3.3412768e-03
6.9417097e+00,3.1228917e+00,1.6512219e-02
4.2781239e+00,3.1234868e+00,2.2302233e-02
9.3668878e+00,3.1242468e+00,2.4919480e-19
2.7885661e-01,3.1265217e+00,3.6494547e-03
8.0539197e+00,3.1266004e+00,8.6211827e-26
5.8175897e+00,3.1289106e+00,2.8727655e-02
9.8497436e+00,3.1306054e+00,7.6117162e-19
5.9176934e+00,3.1350759e+00,3.0775660e-02
6.8476146e+00,3.1368640e+00,1.7914432e-02
4.1591914e+00,3.1368770e+00,2.1616552e-02
6.0247111e+00,3.1369131e+00,2.9689599e-02
8.2445342e+00,3.1369531e+00,4.0875994e-25
9.4632290e+00,3.1385601e+00,3.6525743e-19
9.6936228e+00,3.1388344e+00,4.8811858e-19
6.1315089e+00,3.1392895e+00,2.8373523e-02
4.0423624e+00,3.1403683e+00,2.2296912e-02
3.9276103e+00,3.1405519e+00,2.2737723e-02
3.8128641e+00,3.1410361e+00,2.3479570e-02
3.6976753e+00,3.1415612e+00,2.3325101e-02
3.5820951e+00,3.1421299e+00,2.3138601e-02
3.4662594e+00,3.1427594e+00,2.3273099e-02
9.7948924e+00,3.1430948e+00,5.1173626e-19
6.2389703e+00,3.1432029e+00,2.6367699e-02
6.7516832e+00,3.1433840e+00,1.9440996e-02
8.6622412e+00,3.1441394e+00,9.7019307e-23
8.7171678e+00,3.1449235e+00,2.9576421e-22
8.1481517e+00,3.1458980e+00,1.8191865e-25
6.5510463e+00,3.1462446e+00,2.2574281e-02
8.3848458e+00,3.1469297e+00,1.9343045e-24
6.3447340e+00,3.1476741e+00,2.4211917e-02
6.4484647e+00,3.1483799e+00,2.3348092e-02
3.2904164e+00,3.1490898e+00,2.2158925e-02
9.5763012e+00,3.1493718e+00,4.8968192e-19
8.8322484e+00,3.1493960e+00,1.3788238e-21
8.3330928e+00,3.1494679e+00,1.1029477e-24
9.0739791e+00,3.1495202e+00,3.1198478e-20
8.5530173e+00,3.1496000e+00,1.9556384e-23
9.0128414e+00,3.1497567e+00,1.3361700e-20
8.8917718e+00,3.1502447e+00,3.9257439e-21
9.1946609e+00,3.1512133e+00,7.7281725e-20
6.6530514e+00,3.1512517e+00,2.1928297e-02
8.4972157e+00,3.1512897e+00,8.5360350e-24
9.2552186e+00,3.1525843e+00,1.3461970e-19
3.3532611e+00,3.1540269e+00,2.1892516e-02
1.9646624e+00,3.1547758e+00,4.2156920e-02
4.7214073e+00,3.1599039e+00,2.3445032e-02
4.6091870e+00,3.1600667e+00,2.2825288e-02
4.8334801e+00,3.1600978e+00,2.2459221e-02
4.9453949e+00,3.1605226e+00,2.2275191e-02
5.0572543e+00,3.1609116e+00,2.2012040e-02
4.4975982e+00,3.1609332e+00,2.3137212e-02
5.1691774e+00,3.1611861e+00,2.2526699e-02
5.2808710e+00,3.1613282e+00,2.1928799e-02
5.3922965e+00,3.1617159e+00,2.2060413e-02
5.5036552e+00,3.1627379e+00,2.1934626e-02
4.3906377e+00,3.1644439e+00,2.2859324e-02
5.6132988e+00,3.1667138e+00,2.4494378e-02
3.1483724e+00,3.1701710e+00,2.0885157e-02
1.3835801e-01,3.1717891e+00,4.0135982e-03
3.0750472e+00,3.1750825e+00,1.8285375e-02
6.7728796e-02,3.1752061e+00,4.1586835e-03
5.7207244e+00,3.1771298e+00,2.6170785e-02
9.9433242e+00,3.1776067e+00,1.3988271e-18
6.9655201e+00,3.1778628e+00,1.6225495e-02
4.2818918e+00,3.1793585e+00,2.2823858e-02
9.8871754e+00,3.1812491e+00,8.4446350e-19
8.0309671e+00,3.1813621e+00,8.8672067e-26
9.3759024e+00,3.1832549e+00,2.5429934e-19
1.7031110e+00,3.1885623e+00,5.7546340e-02
1.4630118e+00,3.1890276e+00,1.7845857e-02
1.3443501e+00,3.1890890e+00,5.9549846e-03
1.5823547e+00,3.1891784e+00,3.8476315e-02
1.2260994e+00,3.1894484e+00,1.9032364e-03
1.1076664e+00,3.1896546e+00,1.3400448e-03
9.8929524e-01,3.1898659e+00,1.7898935e-03
5.8228739e+00,3.1898722e+00,2.8905211e-02
6.3489889e-01,3.1899999e+00,3.5560358e-03
8.7097749e-01,3.1900330e+00,2.4947001e-03
5.1707286e-01,3.1900371e+00,3.2335585e-03
7.5282105e-01,3.1900887e+00,3.3023332e-03
1.8267851e+00,3.1902317e+00,5.8845391e-02
8.2518094e+00,3.1907376e+00,5.3911112e-25
3.9914984e-01,3.1913851e+00,3.2868066e-03
6.8318345e+00,3.1916361e+00,2.1910992e-02
4.7774727e+00,3.1922992e+00,2.2712451e-02
4.6653620e+00,3.1923913e+00,2.3401775e-02
4.8895007e+00,3.1926089e+00,2.2369582e-02
4.5530963e+00,3.1928088e+00,2.2777072e-02
5.0013817e+00,3.1929930e+00,2.2314485e-02
5.1132557e+00,3.1932993e+00,2.2621389e-02
5.2250426e+00,3.1934678e+00,2.1994444e-02
5.3365502e+00,3.1936623e+00,2.2235761e-02
4.4417576e+00,3.1939073e+00,2.2759290e-02
5.4479163e+00,3.1942994e+00,2.1604873e-02
9.4389239e+00,3.1945725e+00,3.6046642e-19
8.6434065e+00,3.1951208e+00,9.1193707e-23
5.5590936e+00,3.1951873e+00,2.3542824e-02
2.7905874e-01,3.1959193e+00,3.6893311e-03
8.7482312e+00,3.1961257e+00,4.8423987e-22
5.9212457e+00,3.1964273e+00,3.1068905e-02
6.7679977e+00,3.1965700e+00,2.5572990e-02
9.7100128e+00,3.1972778e+00,6.3914330e-19
9.7737219e+00,3.1978267e+00,6.1267114e-19
8.5890117e+00,3.1982829e+00,4.3624996e-23
4.1603823e+00,3.1992768e+00,2.2656682e-02
6.0258637e+00,3.1995627e+00,3.0043615e-02
8.4159725e+00,3.1996974e+00,4.1381042e-24
8.8041653e+00,3.1997986e+00,1.2957568e-21
8.4732180e+00,3.2004091e+00,8.8605529e-24
8.3048790e+00,3.2008237e+00,1.1394546e-24
5.6680046e+00,3.2014079e+00,2.5361985e-02
4.3370191e+00,3.2016518e+00,2.3020880e-02
6.1306633e+00,3.2018728e+00,2.8428763e-02
8.9220774e+00,3.2023271e+00,5.1538349e-21
8.9825608e+00,3.2024422e+00,1.2437034e-20
9.1047821e+00,3.2027369e+00,3.6699458e-20
9.1662229e+00,3.2036360e+00,7.5328937e-20
6.2379773e+00,3.2043482e+00,2.6897383e-02
6.6470010e+00,3.2050486e+00,2.3514742e-02
6.5507578e+00,3.2050947e+00,2.2503149e-02
9.2816337e+00,3.2058887e+00,1.6015979e-19
4.0428437e+00,3.2061735e+00,2.2539579e-02
6.3441177e+00,3.2064803e+00,2.4807715e-02
6.4485466e+00,3.2067175e+00,2.3822234e-02
3.9281676e+00,3.2067343e+00,2.3009820e-02
3.8132674e+00,3.2073613e+00,2.3610349e-02
3.6980440e+00,3.2080148e+00,2.2988120e-02
3.5824859e+00,3.2088729e+00,2.2874120e-02
3.4666104e+00,3.2096717e+00,2.3103049e-02
1.9381337e+00,3.2127258e+00,4.1027434e-02
5.7754962e+00,3.2133486e+00,2.8623044e-02
9.5706405e+00,3.2138799e+00,5.0713419e-19
3.2561519e+00,3.2147087e+00,2.1726218e-02
8.1515385e+00,3.2167909e+00,2.0851693e-25
3.3591206e+00,3.2178029e+00,2.1730949e-02
9.3382302e+00,3.2182032e+00,2.4765668e-19
4.2210842e+00,3.2220082e+00,2.2721086e-02
1.4035679e+00,3.2230655e+00,1.1383818e-02
1.6418092e+00,3.2233382e+00,4.7176628e-02
1.2852231e+00,3.2233912e+00,3.7227368e-03
1.5224172e+00,3.2234634e+00,2.7473554e-02
1.1669316e+00,3.2237339e+00,1.5983558e-03
1.0485339e+00,3.2239313e+00,1.6004215e-03
9.3018574e-01,3.2241065e+00,2.1954657e-03
8.1191291e-01,3.2242294e+00,2.7407320e-03
5.8738373e+00,3.2242957e+00,3.0854341e-02
6.9385035e-01,3.2243236e+00,3.5042677e-03
5.7595535e-01,3.2243589e+00,3.3872993e-03
1.7624153e+00,3.2244855e+00,5.8066595e-02
4.5804422e-01,3.2249351e+00,3.1495154e-03
1.6652536e-01,3.2249398e+00,4.0585038e-03
3.1877409e+00,3.2271785e+00,2.0031700e-02
3.4140549e-01,3.2272177e+00,3.3635782e-03
1.8783538e+00,3.2286260e+00,5.4261413e-02
5.9751768e+00,3.2288978e+00,3.0497407e-02
6.5951418e+00,3.2302059e+00,2.3257408e-02
6.0781899e+00,3.2321238e+00,2.8888818e-02
6.1840081e+00,3.2338860e+00,2.7333643e-02
3.3767015e-02,3.2340296e+00,4.2160668e-03
3.0361270e+00,3.2349248e+00,1.5286467e-02
2.2775733e-01,3.2355120e+00,3.9119660e-03
6.4994278e+00,3.2356686e+00,2.3100908e-02
6.2910036e+00,3.2360370e+00,2.5148884e-02
9.9735326e+00,3.2364303e+00,1.4267395e-18
6.3965443e+00,3.2367829e+00,2.3178625e-02
4.1014867e+00,3.2368305e+00,2.3058962e-02
6.9314296e+00,3.2372475e+00,1.8166471e-02
8.2103680e+00,3.2374778e+00,4.9661937e-25
6.8644107e+00,3.2393009e+00,2.1125381e-02
3.9857514e+00,3.2395495e+00,2.2887725e-02
3.8709610e+00,3.2401709e+00,2.3408284e-02
3.7559100e+00,3.2408306e+00,2.3262268e-02
8.0542128e+00,3.2413621e+00,1.2872294e-25
3.6405173e+00,3.2416768e+00,2.2939228e-02
3.5247679e+00,3.2426609e+00,2.2665391e-02
6.7352675e+00,3.2440159e+00,3.0232778e-02
3.4102310e+00,3.2443960e+00,2.1764547e-02
9.4583460e+00,3.2451949e+00,3.6958477e-19
6.6799911e+00,3.2459397e+00,2.5996414e-02
8.6743554e+00,3.2466475e+00,1.7168461e-22
8.7242535e+00,3.2468684e+00,4.5464242e-22
9.8649486e+00,3.2474323e+00,8.6500282e-19
8.3276277e+00,3.2484167e+00,1.7090843e-24
9.6789951e+00,3.2485297e+00,6.5090593e-19
8.3869680e+00,3.2498285e+00,4.0230729e-24
9.8063464e+00,3.2515205e+00,6.8408549e-19
8.5666007e+00,3.2516224e+00,4.2224382e-23
8.5066087e+00,3.2520589e+00,1.6499673e-23
8.8333709e+00,3.2529862e+00,1.7788350e-21
9.5142787e+00,3.2539749e+00,5.0388664e-19
3.3012394e+00,3.2541581e+00,2.1701640e-02
9.6191620e+00,3.2543414e+00,6.5078346e-19
8.8917596e+00,3.2546660e+00,4.8583388e-21
9.0130895e+00,3.2552958e+00,1.5124779e-20
9.0741732e+00,3.2558270e+00,3.4661782e-20
4.7774534e+00,3.2569823e+00,2.2614776e-02
4.8894961e+00,3.2571785e+00,2.2479576e-02
4.6654248e+00,3.2572225e+00,2.2966092e-02
5.0014332e+00,3.2574911e+00,2.2831082e-02
9.1973549e+00,3.2577152e+00,8.6457176e-20
5.1132446e+00,3.2577307e+00,2.3129020e-02
4.5535168e+00,3.2577941e+00,2.2245030e-02
5.2249430e+00,3.2578651e+00,2.2260758e-02
5.3364656e+00,3.2580496e+00,2.2065812e-02
5.4478236e+00,3.2585362e+00,2.1412974e-02
9.2522081e+00,3.2585969e+00,1.5874660e-19
4.4410042e+00,3.2586870e+00,2.2882536e-02
5.5588921e+00,3.2590049e+00,2.3008298e-02
8.1081176e+00,3.2607408e+00,1.6848150e-25
5.6691277e+00,3.2618886e+00,2.5318111e-02
4.3325322e+00,3.2666080e+00,2.3158196e-02
5.7778848e+00,3.2714600e+00,2.9379868e-02
1.9734713e+00,3.2722357e+00,4.3973079e-02
9.3488843e+00,3.2831718e+00,2.5623390e-19
5.8782795e+00,3.2850021e+00,3.0877501e-02
4.2210470e+00,3.2878083e+00,2.2688930e-02
6.6003463e+00,3.2889048e+00,2.2390442e-02
1.3140849e-01,3.2893118e+00,4.0069478e-03
4.8334562e+00,3.2893505e+00,2.2356259e-02
4.7214508e+00,3.2894181e+00,2.2895541e-02
4.9454418e+00,3.2895903e+00,2.2825897e-02
5.0572946e+00,3.2898411e+00,2.3079509e-02
4.6096703e+00,3.2898832e+00,2.2597114e-02
5.1690668e+00,3.2900149e+00,2.2349766e-02
5.2806867e+00,3.2901129e+00,2.1984252e-02
5.3921192e+00,3.2903400e+00,2.1545599e-02
4.4972653e+00,3.2906982e+00,2.2417657e-02
5.5033610e+00,3.2907924e+00,2.2756144e-02
5.6142204e+00,3.2910122e+00,2.4341785e-02
1.4036229e+00,3.2910684e+00,1.1421988e-02
3.1522215e+00,3.2912827e+00,2.0282316e-02
1.5222279e+00,3.2914499e+00,2.7505561e-02
5.9766479e+00,3.2915043e+00,3.0266285e-02
1.2851858e+00,3.2916005e+00,3.8688788e-03
1.6410797e+00,3.2918127e+00,4.6739265e-02
1.1670435e+00,3.2920873e+00,1.6776864e-03
1.0486421e+00,3.2922634e+00,1.6243621e-03
9.3028955e-01,3.2924229e+00,2.1891790e-03
8.1200296e-01,3.2924905e+00,2.6438756e-03
6.9384095e-01,3.2926296e+00,3.0725606e-03
5.7592203e-01,3.2931605e+00,3.2042009e-03
4.5792565e-01,3.2939936e+00,3.0734991e-03
3.0739327e+00,3.2941176e+00,2.0011239e-02
4.3853974e+00,3.2941798e+00,2.3237313e-02
6.9279359e-02,3.2949846e+00,4.0821851e-03
6.0779566e+00,3.2950968e+00,2.9044869e-02
1.7599506e+00,3.2951351e+00,5.7733197e-02
3.4129111e-01,3.2954570e+00,3.3575382e-03
5.7242362e+00,3.2957219e+00,2.8515026e-02
9.9493873e+00,3.2957459e+00,1.3159347e-18
6.1833500e+00,3.2959967e+00,2.7365351e-02
6.5004293e+00,3.2960330e+00,2.2447657e-02
6.2906051e+00,3.2969018e+00,2.4712571e-02
6.3965494e+00,3.2972327e+00,2.2859303e-02
6.7669592e+00,3.2986031e+00,2.4070063e-02
6.8322656e+00,3.2988220e+00,2.4364738e-02
9.4059787e+00,3.2988460e+00,3.4336199e-19
6.9659095e+00,3.2993846e+00,1.5198739e-02
8.2311164e+00,3.2997072e+00,6.3366277e-25
8.0232457e+00,3.3000000e+00,1.1221262e-25
6.6511253e+00,3.3001164e+00,2.3119810e-02
8.2953065e+00,3.3005600e+00,1.5650851e-24
8.6559565e+00,3.3009635e+00,1.6258727e-22
2.3286622e-01,3.3018461e+00,3.7762788e-03
4.1023750e+00,3.3018484e+00,2.3397566e-02
8.4170692e+00,3.3023513e+00,6.0844568e-24
8.7500915e+00,3.3026443e+00,6.9576875e-22
8.6025966e+00,3.3027763e+00,6.8011742e-23
9.8969522e+00,3.3031056e+00,9.5780751e-19
8.4794643e+00,3.3038700e+00,1.6068015e-23
1.8761655e+00,3.3040351e+00,5.3144282e-02
8.8032749e+00,3.3050893e+00,1.6617929e-21
3.9861954e+00,3.3057789e+00,2.3493867e-02
9.2926738e+00,3.3063706e+00,1.8233811e-19
3.8714361e+00,3.3064178e+00,2.3297934e-02
3.7563870e+00,3.3071398e+00,2.3629368e-02
8.9218446e+00,3.3073122e+00,5.9696635e-21
8.9826911e+00,3.3078270e+00,1.4452041e-20
3.6409549e+00,3.3082749e+00,2.2897450e-02
5.8297047e+00,3.3086900e+00,3.0863531e-02
3.5252062e+00,3.3095209e+00,2.1932420e-02
9.7154110e+00,3.3097996e+00,5.8487307e-19
4.2773677e+00,3.3101147e+00,2.2833733e-02
9.1053244e+00,3.3101336e+00,4.0225329e-20
3.3006299e+00,3.3104134e+00,2.1514054e-02
3.4114586e+00,3.3108132e+00,2.1612913e-02
9.1670654e+00,3.3111227e+00,8.2686410e-20
9.7790531e+00,3.3122415e+00,6.3231600e-19
9.5311839e+00,3.3129557e+00,5.4099837e-19
9.5913263e+00,3.3139006e+00,6.4025149e-19
5.9271589e+00,3.3197401e+00,2.9981766e-02
6.5569638e+00,3.3241580e+00,2.1860569e-02
1.4628775e+00,3.3250170e+00,1.8885177e-02
6.0271015e+00,3.3251422e+00,2.9610801e-02
1.3443678e+00,3.3253013e+00,7.4955959e-03
1.5814360e+00,3.3256393e+00,3.6546300e-02
1.2261739e+00,3.3260111e+00,2.7718476e-03
1.1078863e+00,3.3263401e+00,1.6708536e-03
9.8950718e-01,3.3265144e+00,1.9015107e-03
8.7117134e-01,3.3266104e+00,2.3912900e-03
7.5290170e-01,3.3266559e+00,2.7807277e-03
6.1297719e+00,3.3269565e+00,2.7796286e-02
6.3485617e-01,3.3271075e+00,2.8839020e-03
6.2369207e+00,3.3273237e+00,2.6214849e-02
6.4495532e+00,3.3275318e+00,2.2826542e-02
1.6999168e+00,3.3276864e+00,5.1703627e-02
6.3437243e+00,3.3277949e+00,2.2886393e-02
1.9359455e+00,3.3278175e+00,5.0503631e-02
5.1692096e-01,3.3278972e+00,3.1396602e-03
3.9891688e-01,3.3286830e+00,3.1979402e-03
4.1612333e+00,3.3300947e+00,2.2965228e-02
2.8405324e-01,3.3304928e+00,3.7049546e-03
1.7337957e-01,3.3338856e+00,3.9693958e-03
1.8221321e+00,3.3362905e+00,5.4951959e-02
4.0441760e+00,3.3374208e+00,2.3425045e-02
3.9290866e+00,3.3392106e+00,2.3698693e-02
8.1117915e+00,3.3393787e+00,1.7662616e-25
3.8142196e+00,3.3399173e+00,2.3497604e-02
3.3597386e+00,3.3404754e+00,2.1579916e-02
3.6989587e+00,3.3409221e+00,2.3186739e-02
3.5833618e+00,3.3423311e+00,2.2207299e-02
3.4682762e+00,3.3429489e+00,2.1281838e-02
6.6785084e+00,3.3432496e+00,2.0314296e-02
6.7390659e+00,3.3436601e+00,1.9987435e-02
3.1898111e+00,3.3504917e+00,2.2393841e-02
3.0378057e+00,3.3533104e+00,1.6160381e-02
9.9758547e+00,3.3534333e+00,1.2555454e-18
4.8334331e+00,3.3539768e+00,2.2637001e-02
4.7215310e+00,3.3540914e+00,2.3290619e-02
4.9453502e+00,3.3541039e+00,2.2789385e-02
8.6816145e+00,3.3541301e+00,2.6869799e-22
5.0572139e+00,3.3542821e+00,2.2619318e-02
3.2559337e+00,3.3543230e+00,2.2837508e-02
5.1689830e+00,3.3544372e+00,2.2029375e-02
5.2806181e+00,3.3545204e+00,2.2141758e-02
5.3920638e+00,3.3545966e+00,2.1671131e-02
4.6101090e+00,3.3546235e+00,2.3034665e-02
5.5032568e+00,3.3547622e+00,2.2474702e-02
5.6141661e+00,3.3549070e+00,2.4497318e-02
8.2065430e+00,3.3550690e+00,5.6445230e-25
3.5512344e-02,3.3550727e+00,4.1448778e-03
8.3233332e+00,3.3555867e+00,2.1913003e-24
8.7258514e+00,3.3555900e+00,6.3625945e-22
4.4990007e+00,3.3556392e+00,2.2614952e-02
8.3857555e+00,3.3559662e+00,5.5754722e-24
6.8647281e+00,3.3559799e+00,2.2722658e-02
8.5753274e+00,3.3564864e+00,6.4008261e-23
5.7236854e+00,3.3565685e+00,2.8340057e-02
8.5121870e+00,3.3571436e+00,2.3339904e-23
9.4243195e+00,3.3577917e+00,3.4919924e-19
6.9313531e+00,3.3585960e+00,1.7634458e-02
8.8309861e+00,3.3594774e+00,2.0241400e-21
8.0578867e+00,3.3600000e+00,1.1962949e-25
8.8911672e+00,3.3600205e+00,5.5064882e-21
9.2686621e+00,3.3601988e+00,1.7607144e-19
9.0142355e+00,3.3623242e+00,1.6539239e-20
4.3888058e+00,3.3625667e+00,2.2201390e-02
9.4935920e+00,3.3631214e+00,5.2241906e-19
9.8700759e+00,3.3632257e+00,8.9162648e-19
9.0757852e+00,3.3640996e+00,3.7745781e-20
9.6210126e+00,3.3643078e+00,6.3732129e-19
9.1979070e+00,3.3658326e+00,9.0528887e-20
9.6852643e+00,3.3660185e+00,6.2337064e-19
9.8107792e+00,3.3682734e+00,6.4981855e-19
5.8267439e+00,3.3686506e+00,3.0691615e-02
8.1537690e+00,3.3767894e+00,3.3648191e-25
5.9259525e+00,3.3849829e+00,2.9917494e-02
4.2763742e+00,3.3858894e+00,2.2288031e-02
4.7775106e+00,3.3862818e+00,2.2726817e-02
4.8893815e+00,3.3863184e+00,2.2784290e-02
6.5601248e+00,3.3864109e+00,2.0976356e-02
5.0012609e+00,3.3864456e+00,2.2382978e-02
5.1130801e+00,3.3865940e+00,2.2193836e-02
5.6685227e+00,3.3866301e+00,2.7413987e-02
4.6659437e+00,3.3866360e+00,2.3052392e-02
5.2247906e+00,3.3866949e+00,2.2315941e-02
5.3363415e+00,3.3867137e+00,2.1635521e-02
5.4476640e+00,3.3867626e+00,2.2229292e-02
5.5587337e+00,3.3868696e+00,2.3723044e-02
4.5556909e+00,3.3874753e+00,2.2882204e-02
6.0245900e+00,3.3879491e+00,2.9757805e-02
1.9624742e+00,3.3889152e+00,4.8660870e-02
6.4501357e+00,3.3891172e+00,2.2843737e-02
6.2366371e+00,3.3892020e+00,2.6302393e-02
6.3435000e+00,3.3892583e+00,2.3526745e-02
6.1294663e+00,3.3894202e+00,2.7855627e-02
4.4461480e+00,3.3920148e+00,2.2636047e-02
5.7743732e+00,3.3922672e+00,2.9987546e-02
1.4631108e+00,3.3930723e+00,1.8909848e-02
1.5812399e+00,3.3932552e+00,3.6405115e-02
1.3445674e+00,3.3934415e+00,7.6282243e-03
1.2261541e+00,3.3942044e+00,2.8507081e-03
1.1079544e+00,3.3946604e+00,1.6956937e-03
9.8959733e-01,3.3948331e+00,1.8651319e-03
8.7126548e-01,3.3949161e+00,2.3815034e-03
7.5297312e-01,3.3949468e+00,3.0543542e-03
1.6968276e+00,3.3949818e+00,5.1416020e-02
6.3489392e-01,3.3957498e+00,3.1558602e-03
6.6671776e+00,3.3963719e+00,2.0430221e-02
5.1692559e-01,3.3965669e+00,3.1526503e-03
3.9894774e-01,3.3970198e+00,3.3516700e-03
1.6765890e-01,3.3973892e+00,4.0040088e-03
2.8304548e-01,3.3979461e+00,3.8020030e-03
4.1607688e+00,3.3981904e+00,2.2329845e-02
6.7660399e+00,3.4007471e+00,2.1027237e-02
4.0446118e+00,3.4036130e+00,2.2541091e-02
3.3531520e+00,3.4052486e+00,2.3388174e-02
3.9295290e+00,3.4054345e+00,2.3277800e-02
3.8146895e+00,3.4062046e+00,2.2804769e-02
1.8153796e+00,3.4073712e+00,5.5132562e-02
3.6994649e+00,3.4074653e+00,2.2943127e-02
8.6617241e+00,3.4084935e+00,2.4819259e-22
8.6087969e+00,3.4090370e+00,8.6394211e-23
3.5838153e+00,3.4092197e+00,2.2634824e-02
3.4688162e+00,3.4099210e+00,2.1861418e-02
5.8741123e+00,3.4102054e+00,3.0387308e-02
8.7502080e+00,3.4106123e+00,8.2569579e-22
4.3349471e+00,3.4107696e+00,2.1910421e-02
8.2926361e+00,3.4108904e+00,1.9704829e-24
8.4818460e+00,3.4111332e+00,2.2093068e-23
8.2400361e+00,3.4112255e+00,8.8169172e-25
8.4178095e+00,3.4114745e+00,7.3893757e-24
8.8021593e+00,3.4120547e+00,1.9264839e-21
3.0763438e+00,3.4121469e+00,2.3960432e-02
3.1500604e+00,3.4121631e+00,2.1882480e-02
9.9485330e+00,3.4126714e+00,1.1683856e-18
6.8263957e+00,3.4128480e+00,2.2399252e-02
8.9214706e+00,3.4132898e+00,6.4421898e-21
9.3873888e+00,3.4135541e+00,3.2417323e-19
5.9856519e-02,3.4137185e+00,4.1021966e-03
9.3125577e+00,3.4140871e+00,1.8376176e-19
8.9836924e+00,3.4150787e+00,1.5266873e-20
9.8951893e+00,3.4151041e+00,9.0902801e-19
3.2894712e+00,3.4172533e+00,2.2614066e-02
6.9654436e+00,3.4192114e+00,2.0072012e-02
9.5216908e+00,3.4193825e+00,5.4054881e-19
6.6150748e+00,3.4194684e+00,2.0812664e-02
5.9729300e+00,3.4195539e+00,3.0573528e-02
9.5889690e+00,3.4196240e+00,6.2458064e-19
6.5041728e+00,3.4198713e+00,2.1971404e-02
8.0346410e+00,3.4200000e+00,1.1392289e-25
6.2900972e+00,3.4202435e+00,2.4474866e-02
6.3969075e+00,3.4202814e+00,2.3138676e-02
6.1827608e+00,3.4203388e+00,2.6657190e-02
6.0751395e+00,3.4203675e+00,2.8270967e-02
9.7806972e+00,3.4220907e+00,6.3590574e-19
9.1092522e+00,3.4222080e+00,4.1705737e-20
9.7188245e+00,3.4222776e+00,6.2027602e-19
9.1696330e+00,3.4229519e+00,8.6653630e-20
1.6377944e+00,3.4267240e+00,4.3114234e-02
1.5222652e+00,3.4271211e+00,2.7317887e-02
1.4040558e+00,3.4272639e+00,1.3184014e-02
1.2853657e+00,3.4279341e+00,5.2057425e-03
1.1670919e+00,3.4286010e+00,2.2693476e-03
1.0488004e+00,3.4289026e+00,1.7683538e-03
9.3047384e-01,3.4290474e+00,2.0664756e-03
8.1216852e-01,3.4290871e+00,2.7318357e-03
6.9395012e-01,3.4295628e+00,3.2596202e-03
5.7596440e-01,3.4304725e+00,2.8251202e-03
4.5796112e-01,3.4310001e+00,3.2439430e-03
3.4031421e-01,3.4312472e+00,3.6445191e-03
4.2195889e+00,3.4316787e+00,2.2155289e-02
1.1626497e-01,3.4323336e+00,3.9667223e-03
2.2613778e-01,3.4328030e+00,3.9447295e-03
1.7501088e+00,3.4335112e+00,5.2677516e-02
6.7219373e+00,3.4356511e+00,2.0458404e-02
4.1023463e+00,3.4361362e+00,2.2590181e-02
3.9870736e+00,3.4381949e+00,2.2632100e-02
3.8723485e+00,3.4389289e+00,2.2770319e-02
3.7573633e+00,3.4399702e+00,2.2804326e-02
3.6419146e+00,3.4417066e+00,2.2696729e-02
3.4054120e+00,3.4425585e+00,2.2791698e-02
3.5261997e+00,3.4433816e+00,2.2095306e-02
8.1615685e+00,3.4478925e+00,3.2245311e-25
1.9307202e+00,3.4489564e+00,4.6697113e-02
5.6677342e+00,3.4501044e+00,2.6884670e-02
5.7669924e+00,3.4506793e+00,2.9942556e-02
5.5587156e+00,3.4508864e+00,2.3402236e-02
4.7775199e+00,3.4508958e+00,2.2213391e-02
4.8893423e+00,3.4508965e+00,2.2424295e-02
5.4476554e+00,3.4509221e+00,2.1734568e-02
5.0012047e+00,3.4509732e+00,2.2469920e-02
5.1130185e+00,3.4510707e+00,2.2254399e-02
5.3363112e+00,3.4510918e+00,2.1664856e-02
5.2247447e+00,3.4511392e+00,2.2179630e-02
4.6660815e+00,3.4511710e+00,2.2516294e-02
4.5572121e+00,3.4516118e+00,2.2748004e-02
1.8641877e+00,3.4565722e+00,5.3424597e-02
4.4510565e+00,3.4580194e+00,2.2930845e-02
8.6838239e+00,3.4630482e+00,3.4182457e-22
8.2143253e+00,3.4634277e+00,8.0014375e-25
8.7280708e+00,3.4637071e+00,7.5545683e-22
8.5784283e+00,3.4648343e+00,8.0411493e-23
8.8312881e+00,3.4660745e+00,2.2510931e-21
8.5146176e+00,3.4662733e+00,2.8082233e-23
8.8904183e+00,3.4667664e+00,6.0458016e-21
8.3230288e+00,3.4672635e+00,2.5099296e-24
8.3857799e+00,3.4674681e+00,6.4156663e-24
3.1828366e+00,3.4683574e+00,1.7770502e-02
3.2561248e+00,3.4696163e+00,1.8477389e-02
9.0171532e+00,3.4702675e+00,1.6262732e-20
2.4344176e-02,3.4704105e+00,3.8358778e-03
3.0385380e+00,3.4706012e+00,1.7210672e-02
9.9726783e+00,3.4710028e+00,1.1646460e-18
9.8622754e+00,3.4736389e+00,8.2854956e-19
9.4235472e+00,3.4741905e+00,3.4316055e-19
9.2830853e+00,3.4743993e+00,1.7527415e-19
9.6201191e+00,3.4745271e+00,6.1829970e-19
9.4885767e+00,3.4746891e+00,5.0717254e-19
6.8581281e+00,3.4748045e+00,2.0285757e-02
9.6857230e+00,3.4754702e+00,6.5916176e-19
9.8070801e+00,3.4755777e+00,6.4442149e-19
9.0811634e+00,3.4756213e+00,3.9671588e-20
4.3473503e+00,3.4757199e+00,2.2415902e-02
5.8640090e+00,3.4768545e+00,3.0800565e-02
9.2109158e+00,3.4776303e+00,9.1301556e-20
5.7155162e+00,3.4784549e+00,3.0109910e-02
6.9305510e+00,3.4785517e+00,1.9204551e-02
6.2898498e+00,3.4815155e+00,2.4554050e-02
6.5049827e+00,3.4817116e+00,2.2045501e-02
6.3966743e+00,3.4820711e+00,2.3363566e-02
5.6133596e+00,3.4823981e+00,2.7179182e-02
6.0741853e+00,3.4827733e+00,2.8372645e-02
6.1826116e+00,3.4828159e+00,2.6857896e-02
5.5032301e+00,3.4829385e+00,2.3671099e-02
5.3920249e+00,3.4831341e+00,2.1895410e-02
4.8334032e+00,3.4831688e+00,2.2169606e-02
4.9452548e+00,3.4832094e+00,2.2647372e-02
4.7216781e+00,3.4832403e+00,2.2474064e-02
5.0570962e+00,3.4832863e+00,2.2249047e-02
4.6117680e+00,3.4832949e+00,2.2647550e-02
5.2805419e+00,3.4833428e+00,2.1975071e-02
5.1688756e+00,3.4833582e+00,2.1936494e-02
5.9693876e+00,3.4835997e+00,3.0909218e-02
6.6135351e+00,3.4836695e+00,2.0734455e-02
8.0667266e+00,3.4846247e+00,1.1771931e-25
4.5054305e+00,3.4857802e+00,2.2808422e-02
6.7186118e+00,3.4893545e+00,1.8547519e-02
1.7394520e+00,3.4917007e+00,5.2546223e-02
1.6364267e+00,3.4930160e+00,4.2855439e-02
4.4061176e+00,3.4935216e+00,2.2658461e-02
5.8092598e+00,3.4937117e+00,3.1143866e-02
8.1284309e+00,3.4951065e+00,2.8269431e-25
1.4042955e+00,3.4956654e+00,1.3404315e-02
1.5231266e+00,3.4960136e+00,2.7529448e-02
1.2855538e+00,3.4960875e+00,5.2811018e-03
1.1671050e+00,3.4968438e+00,2.3447116e-03
1.0489011e+00,3.4972428e+00,1.8132018e-03
9.3056408e-01,3.4973702e+00,2.0790726e-03
8.1225989e-01,3.4974687e+00,2.7019972e-03
6.9408467e-01,3.4981080e+00,2.7356035e-03
5.7602770e-01,3.4988896e+00,2.4799311e-03
4.5803842e-01,3.4991153e+00,3.1757000e-03
3.4038821e-01,3.4993648e+00,3.6691660e-03
2.2448837e-01,3.5002062e+00,3.8573295e-03
4.2168358e+00,3.5031617e+00,2.3606980e-02
4.1023134e+00,3.5033799e+00,2.3246872e-02
3.9875344e+00,3.5046604e+00,2.2698070e-02
1.1617341e-01,3.5050564e+00,3.9217091e-03
3.8727094e+00,3.5058198e+00,2.2627681e-02
3.7576924e+00,3.5069588e+00,2.2514859e-02
3.6423152e+00,3.5090220e+00,2.2030669e-02
3.4048830e+00,3.5102036e+00,2.2114102e-02
3.5265621e+00,3.5105401e+00,2.2023133e-02
6.3430194e+00,3.5123200e+00,2.4017119e-02
1.9682460e+00,3.5124222e+00,4.6278996e-02
6.5593950e+00,3.5124523e+00,2.0494337e-02
6.4507124e+00,3.5127471e+00,2.1900751e-02
6.2362405e+00,3.5129512e+00,2.5508080e-02
6.6623125e+00,3.5142763e+00,2.1013374e-02
6.1283629e+00,3.5143032e+00,2.7130986e-02
6.0200933e+00,3.5144007e+00,2.8863907e-02
5.9123068e+00,3.5156778e+00,3.1000253e-02
8.6628306e+00,3.5180516e+00,3.1460570e-22
8.7493834e+00,3.5187114e+00,8.8259445e-22
8.6103622e+00,3.5192942e+00,9.7276543e-23
8.2377659e+00,3.5193722e+00,8.9778088e-25
1.6848031e+00,3.5194634e+00,4.6399081e-02
8.8006493e+00,3.5196363e+00,2.0454071e-21
8.9224552e+00,3.5214189e+00,6.4610427e-21
8.4833098e+00,3.5230978e+00,2.5300256e-23
8.9869683e+00,3.5231310e+00,1.4922976e-20
8.2938694e+00,3.5235431e+00,2.2510772e-24
8.4185086e+00,3.5239512e+00,7.6665417e-24
1.8365010e+00,3.5240570e+00,5.3532626e-02
4.3159996e+00,3.5245692e+00,2.3317189e-02
5.9764957e-02,3.5256570e+00,3.8911746e-03
9.7139807e+00,3.5261578e+00,7.9431986e-19
3.1434910e+00,3.5262779e+00,1.2011029e-02
9.7734651e+00,3.5264523e+00,7.2295220e-19
1.5807337e+00,3.5284397e+00,3.5073982e-02
3.0729090e+00,3.5285378e+00,1.4227542e-02
9.3270255e+00,3.5294944e+00,1.9586346e-19
9.9424341e+00,3.5296779e+00,1.0976936e-18
3.2792990e+00,3.5297453e+00,1.9803123e-02
9.3926563e+00,3.5298186e+00,3.3381138e-19
9.8853749e+00,3.5298812e+00,8.4788614e-19
1.3449952e+00,3.5299963e+00,9.3901973e-03
1.4642119e+00,3.5303662e+00,2.0598355e-02
9.5869008e+00,3.5305343e+00,6.1516355e-19
1.2263553e+00,3.5306006e+00,3.8390836e-03
9.5226367e+00,3.5309378e+00,5.3105199e-19
1.1080683e+00,3.5312434e+00,2.0997003e-03
9.1200955e+00,3.5313433e+00,4.0773346e-20
9.8978832e-01,3.5314961e+00,1.9788151e-03
8.7144710e-01,3.5316204e+00,2.3576424e-03
7.5319904e-01,3.5318736e+00,2.5797675e-03
9.1894670e+00,3.5326084e+00,8.7113908e-20
6.3509177e-01,3.5327121e+00,2.4136673e-03
1.7770361e+00,3.5330455e+00,5.2751711e-02
5.1706618e-01,3.5330992e+00,2.7786044e-03
3.9909904e-01,3.5332526e+00,3.5165031e-03
2.8147008e-01,3.5334670e+00,3.8271419e-03
4.1579827e+00,3.5369171e+00,2.3612598e-02
4.0450397e+00,3.5373221e+00,2.2904747e-02
1.6591792e-01,3.5375154e+00,4.0068423e-03
3.9303507e+00,3.5387908e+00,2.2625504e-02
6.8226024e+00,3.5390100e+00,1.9620350e-02
6.9651074e+00,3.5393404e+00,1.8771708e-02
4.2640638e+00,3.5393950e+00,2.3675790e-02
3.8153796e+00,3.5400841e+00,2.2568941e-02
6.7592573e+00,3.5404834e+00,1.9692967e-02
3.7001946e+00,3.5417692e+00,2.1779077e-02
5.7176712e+00,3.5428123e+00,3.1417026e-02
3.5845782e+00,3.5436936e+00,2.1792905e-02
8.0320856e+00,3.5446247e+00,9.9060695e-26
3.4686495e+00,3.5447246e+00,2.1152282e-02
5.6132633e+00,3.5463651e+00,2.8369170e-02
5.5032731e+00,3.5471726e+00,2.3933888e-02
5.3920755e+00,3.5475467e+00,2.1893001e-02
4.6115241e+00,3.5476576e+00,2.2793702e-02
4.7216396e+00,3.5477694e+00,2.2712902e-02
4.9451929e+00,3.5477750e+00,2.2615061e-02
5.0570265e+00,3.5478416e+00,2.2261273e-02
5.2805522e+00,3.5478560e+00,2.1833071e-02
5.1688277e+00,3.5478832e+00,2.1596885e-02
4.8333593e+00,3.5479359e+00,2.2520752e-02
3.3455855e+00,3.5484462e+00,2.0233097e-02
4.5060798e+00,3.5499738e+00,2.2996942e-02
5.7781819e+00,3.5540635e+00,3.1767300e-02
4.4026559e+00,3.5564921e+00,2.2876106e-02
8.1547634e+00,3.5629525e+00,3.0656715e-25
8.2113416e+00,3.5716830e+00,7.7805779e-25
6.3449820e+00,3.5725387e+00,2.4304403e-02
1.9349221e+00,3.5726419e+00,4.7651291e-02
8.6837463e+00,3.5728084e+00,3.6237331e-22
8.7260522e+00,3.5728093e+00,7.2713082e-22
6.4526989e+00,3.5728752e+00,2.2001309e-02
6.6638067e+00,3.5729248e+00,2.0811512e-02
3.1683089e+00,3.5730105e+00,1.4292940e-02
6.2367171e+00,3.5738824e+00,2.5609821e-02
6.5609188e+00,3.5744839e+00,1.9358452e-02
8.8286523e+00,3.5745103e+00,2.1021317e-21
3.2308288e+00,3.5752191e+00,1.8029191e-02
4.3513853e+00,3.5753367e+00,2.2684651e-02
8.8913280e+00,3.5756009e+00,5.7997548e-21
8.5802124e+00,3.5764600e+00,8.5282399e-23
6.1283449e+00,3.5766008e+00,2.7314332e-02
1.8697095e+00,3.5766609e+00,5.2867003e-02
6.0198320e+00,3.5776486e+00,2.9156701e-02
5.6697929e+00,3.5784288e+00,3.1853793e-02
5.9088690e+00,3.5785433e+00,3.0851638e-02
1.6897089e+00,3.5787867e+00,4.6447581e-02
8.5169707e+00,3.5788245e+00,2.9302920e-23
5.5586622e+00,3.5790874e+00,2.7398542e-02
5.4477490e+00,3.5795687e+00,2.4248341e-02
5.3363721e+00,3.5800175e+00,2.1964128e-02
4.6657991e+00,3.5800628e+00,2.2830347e-02
5.0010732e+00,3.5800939e+00,2.2378445e-02
5.1129011e+00,3.5801510e+00,2.1783566e-02
4.5576176e+00,3.5801681e+00,2.2807898e-02
5.2247072e+00,3.5801774e+00,2.1753584e-02
4.7774375e+00,3.5801919e+00,2.2529469e-02
4.8892364e+00,3.5802291e+00,2.2403173e-02
9.0246208e+00,3.5802913e+00,1.5567269e-20
8.3259461e+00,3.5806965e+00,2.6001184e-24
8.3878341e+00,3.5809000e+00,6.6910927e-24
9.6784837e+00,3.5814103e+00,7.2094675e-19
9.7921575e+00,3.5822357e+00,8.2671308e-19
9.0937378e+00,3.5831498e+00,3.8441080e-20
3.5420781e-02,3.5846583e+00,4.2047048e-03
4.4482442e+00,3.5851835e+00,2.3120893e-02
9.2289502e+00,3.5853921e+00,9.2492155e-20
9.2943392e+00,3.5855091e+00,1.5344026e-19
9.4247166e+00,3.5864407e+00,3.5554751e-19
9.6170076e+00,3.5867298e+00,6.6851198e-19
9.4896674e+00,3.5870613e+00,5.0526759e-19
1.7456778e+00,3.5871099e+00,5.1398043e-02
3.0343709e+00,3.5873483e+00,1.2376543e-02
9.8488720e+00,3.5876035e+00,9.1818199e-19
9.9697559e+00,3.5880868e+00,1.1614902e-18
6.7224468e+00,3.5951672e+00,2.3909103e-02
1.3450013e+00,3.5984617e+00,9.4587832e-03
1.2264959e+00,3.5989199e+00,3.9324706e-03
1.4638921e+00,3.5989671e+00,2.0558641e-02
6.9319634e+00,3.5992494e+00,1.8629036e-02
1.1081670e+00,3.5995931e+00,2.1197147e-03
9.8988760e-01,3.5998354e+00,2.0503415e-03
8.7154283e-01,3.5999683e+00,2.3849274e-03
7.5328607e-01,3.6003587e+00,2.5900549e-03
1.7129741e-01,3.6006140e+00,4.1499352e-03
6.3517178e-01,3.6008766e+00,2.7002277e-03
1.5844336e+00,3.6010191e+00,3.4955306e-02
5.1714817e-01,3.6012357e+00,2.9246794e-03
3.9917473e-01,3.6013917e+00,3.4493424e-03
2.8124153e-01,3.6015366e+00,3.8755731e-03
6.4006235e+00,3.6024179e+00,2.2337029e-02
6.2922890e+00,3.6026655e+00,2.4897188e-02
6.8618813e+00,3.6026664e+00,1.9708990e-02
4.1578822e+00,3.6031356e+00,2.2844896e-02
4.0455114e+00,3.6032738e+00,2.2638478e-02
6.5084930e+00,3.6038713e+00,2.0231426e-02
6.6165532e+00,3.6043497e+00,1.8699301e-02
5.7988943e+00,3.6047962e+00,3.2450104e-02
4.2625440e+00,3.6055388e+00,2.2886929e-02
6.1830703e+00,3.6060448e+00,2.5189132e-02
3.9308004e+00,3.6065098e+00,2.2626271e-02
8.0649865e+00,3.6065484e+00,9.9948483e-26
3.8156428e+00,3.6076549e+00,2.2389119e-02
6.0739060e+00,3.6083187e+00,2.7935198e-02
3.7005235e+00,3.6092900e+00,2.1850418e-02
5.9656885e+00,3.6097131e+00,2.9561863e-02
3.5848806e+00,3.6109738e+00,2.1506294e-02
3.4689052e+00,3.6118482e+00,1.8665290e-02
8.1259600e+00,3.6143944e+00,2.6230488e-25
5.8599331e+00,3.6150824e+00,3.1165592e-02
3.3522002e+00,3.6172538e+00,1.6810779e-02
4.3204083e+00,3.6219064e+00,2.2612292e-02
1.6450325e+00,3.6249187e+00,4.1860878e-02
8.7452929e+00,3.6279377e+00,7.2899895e-22
8.7966272e+00,3.6287138e+00,1.5071542e-21
8.6656023e+00,3.6289711e+00,3.3106776e-22
3.2411112e+00,3.6309337e+00,1.3993182e-02
8.9239148e+00,3.6312188e+00,5.8567000e-21
2.2963931e-01,3.6313746e+00,3.9728119e-03
8.6145369e+00,3.6313801e+00,9.2328492e-23
1.9666760e+00,3.6316483e+00,4.6030281e-02
8.2394601e+00,3.6316746e+00,8.3312373e-25
3.1369706e+00,3.6317327e+00,1.1931690e-02
1.4039818e+00,3.6327316e+00,1.4868437e-02
1.2857005e+00,3.6328721e+00,6.7979377e-03
1.1673444e+00,3.6335127e+00,3.0424604e-03
1.0490992e+00,3.6339317e+00,2.0951693e-03
9.3075909e-01,3.6340573e+00,2.2631977e-03
8.9926945e+00,3.6341971e+00,1.3102819e-20
8.1244265e-01,3.6343016e+00,2.4155431e-03
6.9425171e-01,3.6347577e+00,2.6921605e-03
5.7618969e-01,3.6351906e+00,2.8198667e-03
4.5819609e-01,3.6353910e+00,3.1169644e-03
4.2152155e+00,3.6355239e+00,2.2799274e-02
4.1026846e+00,3.6355501e+00,2.2555305e-02
3.4023536e-01,3.6355736e+00,3.6540859e-03
1.8330683e+00,3.6361202e+00,5.2168329e-02
8.2979610e+00,3.6365173e+00,2.2913849e-24
8.4852206e+00,3.6367839e+00,2.5801210e-23
1.5265067e+00,3.6371940e+00,2.7956034e-02
1.7685015e+00,3.6375806e+00,5.1170683e-02
8.4208853e+00,3.6380059e+00,7.4279765e-24
3.9884559e+00,3.6383311e+00,2.2623460e-02
9.1301323e+00,3.6397245e+00,3.9307795e-20
9.7045747e+00,3.6402235e+00,7.6966121e-19
9.1959731e+00,3.6407016e+00,7.0291125e-20
9.7587641e+00,3.6407545e+00,8.2131527e-19
3.8734222e+00,3.6411096e+00,2.2334268e-02
9.3271179e+00,3.6419023e+00,1.5854608e-19
3.7582844e+00,3.6420503e+00,2.1723798e-02
9.3918644e+00,3.6425097e+00,2.5505002e-19
5.5570713e+00,3.6426658e+00,2.8060622e-02
6.9009668e-02,3.6436918e+00,4.2111730e-03
9.5217574e+00,3.6437607e+00,5.0686796e-19
3.0736146e+00,3.6438105e+00,1.2080418e-02
3.6429465e+00,3.6438230e+00,2.1256935e-02
9.5848335e+00,3.6438328e+00,7.0663750e-19
5.4479908e+00,3.6443487e+00,2.5237748e-02
4.6657131e+00,3.6444969e+00,2.3024556e-02
5.3364529e+00,3.6446576e+00,2.1769311e-02
5.1128239e+00,3.6447322e+00,2.1223360e-02
5.2246859e+00,3.6447601e+00,2.1448373e-02
4.5560902e+00,3.6448239e+00,2.2602632e-02
3.5271202e+00,3.6449439e+00,1.8826260e-02
5.0010592e+00,3.6450839e+00,2.1760699e-02
4.8894337e+00,3.6455580e+00,2.2117446e-02
4.7773660e+00,3.6459374e+00,2.2737701e-02
5.6661042e+00,3.6459597e+00,3.1715411e-02
3.4117534e+00,3.6461347e+00,1.6409576e-02
9.8729457e+00,3.6464481e+00,1.0902279e-18
1.3079761e-01,3.6469741e+00,4.1048068e-03
9.9367704e+00,3.6471347e+00,1.3152488e-18
4.4447180e+00,3.6479835e+00,2.3171648e-02
3.2961962e+00,3.6542675e+00,1.2979833e-02
6.9668560e+00,3.6599091e+00,1.9701223e-02
6.7311323e+00,3.6604593e+00,1.5101015e-02
6.4079693e+00,3.6615505e+00,2.2162003e-02
8.0329009e+00,3.6619237e+00,8.4346198e-26
6.2964746e+00,3.6634820e+00,2.4407677e-02
6.8392243e+00,3.6638669e+00,1.9704998e-02
8.7061270e+00,3.6654619e+00,3.6827236e-22
5.7679444e+00,3.6658605e+00,3.1959706e-02
6.5150171e+00,3.6660979e+00,2.0346778e-02
3.1834641e+00,3.6664665e+00,1.1129214e-02
6.1853254e+00,3.6671240e+00,2.5511227e-02
6.6233407e+00,3.6680334e+00,1.8708405e-02
4.3349075e+00,3.6700323e+00,2.2418521e-02
6.0739858e+00,3.6710265e+00,2.7984687e-02
5.9648140e+00,3.6729864e+00,2.9839499e-02
5.5019239e+00,3.6755309e+00,2.6922187e-02
8.1545382e+00,3.6759871e+00,2.8203212e-25
4.6099107e+00,3.6767475e+00,2.2720361e-02
5.3923981e+00,3.6769667e+00,2.5016827e-02
5.1687293e+00,3.6770471e+00,2.2016639e-02
5.2806118e+00,3.6770788e+00,2.1734113e-02
5.0569354e+00,3.6774127e+00,2.1370003e-02
4.5010262e+00,3.6774296e+00,2.2831459e-02
5.6079836e+00,3.6774743e+00,3.0171596e-02
4.7214821e+00,3.6779489e+00,2.2854983e-02
5.8611655e+00,3.6779600e+00,3.0779423e-02
4.9453762e+00,3.6780937e+00,2.1665404e-02
4.8334852e+00,3.6790102e+00,2.2269899e-02
8.8264754e+00,3.6840658e+00,1.5300271e-21
4.3916683e+00,3.6844902e+00,2.2707329e-02
8.2114600e+00,3.6845368e+00,6.9305197e-25
8.8910873e+00,3.6854801e+00,3.5631745e-21
5.7134175e+00,3.6858046e+00,3.1131866e-02
1.6657118e+00,3.6878950e+00,4.1942439e-02
6.7828161e+00,3.6900637e+00,1.5329538e-02
9.0255794e+00,3.6904908e+00,1.3320083e-20
8.5840095e+00,3.6908208e+00,7.8385858e-23
1.9323715e+00,3.6912309e+00,4.9343448e-02
1.8639764e+00,3.6916838e+00,5.2457062e-02
1.7332119e+00,3.6922337e+00,4.9944275e-02
6.3565135e+00,3.6924878e+00,2.2373253e-02
9.0939002e+00,3.6931597e+00,2.4138167e-20
8.5179350e+00,3.6938601e+00,2.6461903e-23
6.4665688e+00,3.6942344e+00,2.0715761e-02
8.3283014e+00,3.6944002e+00,2.4270466e-24
4.2189296e+00,3.6951688e+00,2.2369234e-02
8.3893376e+00,3.6956854e+00,5.8283895e-24
6.2431579e+00,3.6957782e+00,2.4530751e-02
9.2285757e+00,3.6967098e+00,6.9670533e-20
9.2943315e+00,3.6977935e+00,1.0646739e-19
2.2591345e-01,3.6986871e+00,3.8336103e-03
9.4238890e+00,3.6992636e+00,2.5530001e-19
9.4888311e+00,3.6998941e+00,3.5469666e-19
4.1033790e+00,3.7001956e+00,2.2034527e-02
6.1306799e+00,3.7003878e+00,2.6022378e-02
6.5742304e+00,3.7003942e+00,2.0970116e-02
9.6153785e+00,3.7012146e+00,7.3068699e-19
1.4036999e+00,3.7012748e+00,1.4902113e-02
1.2857649e+00,3.7013022e+00,6.9588418e-03
1.1674437e+00,3.7018873e+00,3.1834646e-03
6.6792798e+00,3.7019007e+00,1.6681264e-02
1.0491781e+00,3.7022723e+00,2.1256556e-03
9.3084819e-01,3.7023876e+00,2.1669645e-03
8.1253181e-01,3.7025995e+00,2.3528522e-03
9.6736437e+00,3.7029248e+00,8.0511445e-19
6.9433723e-01,3.7030233e+00,2.6634793e-03
5.7626870e-01,3.7033532e+00,2.8030530e-03
3.0392437e+00,3.7035210e+00,1.1650149e-02
4.5826710e-01,3.7035317e+00,3.1116962e-03
6.0190373e+00,3.7036296e+00,2.8414976e-02
3.4030074e-01,3.7037050e+00,3.5371522e-03
5.9092268e+00,3.7046941e+00,2.9960082e-02
3.9890132e+00,3.7048427e+00,2.2107006e-02
3.3588887e-02,3.7060923e+00,4.0185012e-03
9.9670145e+00,3.7061067e+00,1.1892132e-18
1.5240148e+00,3.7061567e+00,2.7880213e-02
9.7794658e+00,3.7062203e+00,1.0437505e-18
9.8369329e+00,3.7065462e+00,1.0569086e-18
5.8092891e+00,3.7074130e+00,3.0520656e-02
3.7573194e+00,3.7088904e+00,2.1631983e-02
3.8734271e+00,3.7097418e+00,2.1953278e-02
1.6573964e-01,3.7109292e+00,3.9305633e-03
3.6448238e+00,3.7126177e+00,2.0679613e-02
4.2807572e+00,3.7133096e+00,2.2352209e-02
3.5297771e+00,3.7136559e+00,1.9187994e-02
3.4169646e+00,3.7152091e+00,1.6220923e-02
3.3028392e+00,3.7184619e+00,1.2022848e-02
6.9353308e+00,3.7190322e+00,1.9643459e-02
6.8777812e+00,3.7195731e+00,2.0439158e-02
8.7245940e+00,3.7209109e+00,3.5610525e-22
8.0651958e+00,3.7218388e+00,7.1319182e-26
3.1861337e+00,3.7251554e+00,1.1212195e-02
4.1622907e+00,3.7274260e+00,2.2007727e-02
8.1258595e+00,3.7280562e+00,2.1713512e-25
4.0467632e+00,3.7344309e+00,2.1809279e-02
5.6010239e+00,3.7347765e+00,3.0194215e-02
1.3447837e+00,3.7354349e+00,1.1076115e-02
1.2266596e+00,3.7357246e+00,5.2175342e-03
5.5022719e+00,3.7361224e+00,2.7271637e-02
1.1083453e+00,3.7363083e+00,2.7377152e-03
1.4611183e+00,3.7364730e+00,2.1107463e-02
9.9005568e-01,3.7365062e+00,2.1035833e-03
8.7172109e-01,3.7365964e+00,2.1614332e-03
7.5346074e-01,3.7369221e+00,2.4430322e-03
2.7758105e-01,3.7369806e+00,3.8489874e-03
6.3533631e-01,3.7373048e+00,2.6721653e-03
5.1729818e-01,3.7375390e+00,3.0076325e-03
3.9931112e-01,3.7376638e+00,3.3129402e-03
1.6336957e+00,3.7378847e+00,4.1810082e-02
8.7936082e+00,3.7387387e+00,8.2862048e-22
8.9225636e+00,3.7410469e+00,3.5245218e-21
4.6098743e+00,3.7411373e+00,2.1722404e-02
4.4990614e+00,3.7415680e+00,2.1839092e-02
3.9313626e+00,3.7416535e+00,2.1444636e-02
5.1686782e+00,3.7416735e+00,2.1787538e-02
5.2795950e+00,3.7417738e+00,2.2627723e-02
5.0568427e+00,3.7420319e+00,2.0289522e-02
4.7213852e+00,3.7423646e+00,2.1626976e-02
8.9882760e+00,3.7430792e+00,6.8503493e-21
5.3924219e+00,3.7430913e+00,2.6492601e-02
3.8146826e+00,3.7431270e+00,2.1573195e-02
8.2394025e+00,3.7440668e+00,7.1146170e-25
4.9454669e+00,3.7443508e+00,2.0588493e-02
4.8348620e+00,3.7448375e+00,2.1297536e-02
3.7014358e+00,3.7449247e+00,2.0471805e-02
4.3922384e+00,3.7459918e+00,2.1998459e-02
1.5732162e+00,3.7462732e+00,3.0904935e-02
3.5894149e+00,3.7484806e+00,1.9155918e-02
9.1249051e+00,3.7488419e+00,2.4166987e-20
8.2977430e+00,3.7490876e+00,1.6265228e-24
3.4767733e+00,3.7496346e+00,1.7683342e-02
1.7632606e+00,3.7496613e+00,5.0015652e-02
1.9656955e+00,3.7500588e+00,5.5186593e-02
3.3640544e+00,3.7505226e+00,1.4502769e-02
1.8294582e+00,3.7505718e+00,5.1556880e-02
9.1937398e+00,3.7514149e+00,4.1315961e-20
8.6148607e+00,3.7517385e+00,8.0466451e-23
8.4844159e+00,3.7523986e+00,1.4456126e-23
8.4201539e+00,3.7530018e+00,5.9492375e-24
3.2504239e+00,3.7538171e+00,1.0772618e-02
9.3261106e+00,3.7542659e+00,1.0736140e-19
6.3633368e+00,3.7543984e+00,2.2039728e-02
9.3909216e+00,3.7551287e+00,1.5023426e-19
9.5208593e+00,3.7565335e+00,3.7281093e-19
6.2483960e+00,3.7573652e+00,2.4555503e-02
9.5843306e+00,3.7577819e+00,4.6891193e-19
6.4743503e+00,3.7580086e+00,2.1323915e-02
5.6973033e+00,3.7585286e+00,2.9889506e-02
5.5504596e+00,3.7605596e+00,2.9592518e-02
6.7894534e+00,3.7607964e+00,1.6915021e-02
6.1339388e+00,3.7616978e+00,2.6233872e-02
3.0717134e+00,3.7624045e+00,1.2282006e-02
9.7006106e+00,3.7631006e+00,8.4661436e-19
4.2856962e+00,3.7632291e+00,2.1920707e-02
6.7550667e-02,3.7649159e+00,4.0513406e-03
9.9333435e+00,3.7652639e+00,1.0140144e-18
6.5855391e+00,3.7655695e+00,2.1864307e-02
8.6849367e+00,3.7656101e+00,1.6481644e-22
9.7522433e+00,3.7658651e+00,8.3887928e-19
9.8670865e+00,3.7663900e+00,7.4974620e-19
1.3791348e-01,3.7664704e+00,3.9544547e-03
5.8022405e+00,3.7665961e+00,3.0352855e-02
6.0190108e+00,3.7677157e+00,2.8624996e-02
6.6913073e+00,3.7679423e+00,2.3912267e-02
5.9077993e+00,3.7681712e+00,2.9842286e-02
3.1377390e+00,3.7698000e+00,1.2615439e-02
5.4483626e+00,3.7710649e+00,2.7637650e-02
4.6655798e+00,3.7733024e+00,2.1717871e-02
4.5540890e+00,3.7733521e+00,2.1855689e-02
4.4433232e+00,3.7736235e+00,2.1987522e-02
6.8474803e+00,3.7738137e+00,1.8814571e-02
5.1126800e+00,3.7739778e+00,2.1745039e-02
5.2236180e+00,3.7740816e+00,2.3154301e-02
5.3354600e+00,3.7754773e+00,2.5481576e-02
5.0010571e+00,3.7759602e+00,2.0357339e-02
5.6430303e+00,3.7759859e+00,3.0335483e-02
4.7786460e+00,3.7761804e+00,2.1166872e-02
4.8909012e+00,3.7776424e+00,2.1044605e-02
6.9684748e+00,3.7791231e+00,1.9291692e-02
8.0322949e+00,3.7799151e+00,5.0459980e-26
4.1637802e+00,3.7811863e+00,2.1955169e-02
4.3404166e+00,3.7814534e+00,2.1675740e-02
8.1492446e+00,3.7860540e+00,2.2483203e-25
6.3085361e+00,3.7869796e+00,2.2604927e-02
6.4225741e+00,3.7872354e+00,2.1547289e-02
4.0472221e+00,3.7895399e+00,2.1907658e-02
6.1938224e+00,3.7900211e+00,2.5216494e-02
8.2058657e+00,3.7935149e+00,4.3050698e-25
8.8247291e+00,3.7944983e+00,8.1440122e-22
3.9337242e+00,3.7950400e+00,2.1246612e-02
6.5341072e+00,3.7950475e+00,1.9926218e-02
8.8890727e+00,3.7953921e+00,1.5982284e-21
6.0772182e+00,3.7964226e+00,2.6314952e-02
6.7497971e+00,3.7972337e+00,2.3251282e-02
5.7447815e+00,3.7977675e+00,3.0848525e-02
4.2253580e+00,3.7988486e+00,2.1698384e-02
6.6466769e+00,3.7992504e+00,2.3643957e-02
9.0214662e+00,3.7993423e+00,6.6556747e-21
5.9633599e+00,3.8005495e+00,2.8633627e-02
5.8526893e+00,3.8006201e+00,2.9863344e-02
9.0897745e+00,3.8024361e+00,1.1775510e-20
1.6672386e+00,3.8029397e+00,4.2156678e-02
1.3449315e+00,3.8038535e+00,1.1030935e-02
1.2267401e+00,3.8041609e+00,5.2426389e-03
1.1084211e+00,3.8046582e+00,2.7557350e-03
1.4616027e+00,3.8047704e+00,2.1272315e-02
9.9012502e-01,3.8048404e+00,2.1688145e-03
8.7179580e-01,3.8049404e+00,2.2925382e-03
7.5355763e-01,3.8051899e+00,2.4849722e-03
2.7868224e-01,3.8054996e+00,3.9164639e-03
6.3541735e-01,3.8055207e+00,2.7385376e-03
5.1735710e-01,3.8056973e+00,3.0880102e-03
3.9936542e-01,3.8057897e+00,3.3987828e-03
3.8090457e+00,3.8060177e+00,2.1844016e-02
9.2262074e+00,3.8079555e+00,4.0642775e-20
8.3245113e+00,3.8081080e+00,1.6311910e-24
4.1053274e+00,3.8090649e+00,2.1662518e-02
1.9313312e+00,3.8095981e+00,5.4153147e-02
1.8634891e+00,3.8096581e+00,5.0962262e-02
9.2928225e+00,3.8097229e+00,6.0022224e-20
8.5166004e+00,3.8101162e+00,1.4478946e-23
1.7293034e+00,3.8103777e+00,4.9498335e-02
8.3858860e+00,3.8107370e+00,3.1842297e-24
1.5680217e+00,3.8114924e+00,3.1114040e-02
9.4229271e+00,3.8118122e+00,1.4759889e-19
3.7018725e+00,3.8118717e+00,2.0116144e-02
8.5809707e+00,3.8124953e+00,3.3001800e-23
9.4879227e+00,3.8125866e+00,1.7911666e-19
3.9918337e+00,3.8133382e+00,2.1576179e-02
5.5550230e+00,3.8136895e+00,3.0514831e-02
9.6139961e+00,3.8164073e+00,4.4368934e-19
9.6720109e+00,3.8200157e+00,4.7512170e-19
3.4886666e+00,3.8222044e+00,1.6379143e-02
3.3776745e+00,3.8225939e+00,1.6557501e-02
3.2640318e+00,3.8230504e+00,1.3406089e-02
3.3961781e-02,3.8235294e+00,4.2469649e-03
3.0324697e+00,3.8235894e+00,1.1996927e-02
9.9663289e+00,3.8238630e+00,9.1506213e-19
5.4530883e+00,3.8245245e+00,2.9247285e-02
3.5985626e+00,3.8246249e+00,1.8691977e-02
1.6509053e-01,3.8246818e+00,4.0828669e-03
9.7774112e+00,3.8250304e+00,6.5103773e-19
9.8347872e+00,3.8252293e+00,6.6420354e-19
5.6135601e+00,3.8256758e+00,3.0831468e-02
5.3284524e+00,3.8346874e+00,2.8325552e-02
6.8663670e+00,3.8355821e+00,1.9138853e-02
3.8968212e+00,3.8368691e+00,2.0239729e-02
3.1543621e+00,3.8373463e+00,1.3616738e-02
4.4422613e+00,3.8376705e+00,2.1422398e-02
4.5541265e+00,3.8377086e+00,2.1455031e-02
5.1114603e+00,3.8379652e+00,2.1953316e-02
1.4043321e+00,3.8379908e+00,1.6331667e-02
1.2859932e+00,3.8381571e+00,8.1875236e-03
4.8937356e+00,3.8381865e+00,1.8892859e-02
4.6654866e+00,3.8382583e+00,2.1014167e-02
8.7211268e+00,3.8385352e+00,1.6092835e-22
1.1676000e+00,3.8386736e+00,4.0143265e-03
3.7521192e+00,3.8387281e+00,2.0544609e-02
1.0493232e+00,3.8389563e+00,2.4945267e-03
9.3099224e-01,3.8390657e+00,2.2951304e-03
8.1270341e-01,3.8392112e+00,2.4236646e-03
8.1229733e+00,3.8394060e+00,1.3127467e-25
8.0666873e+00,3.8394845e+00,5.7011923e-26
6.9451515e-01,3.8395069e+00,2.5292904e-03
1.5193048e+00,3.8396732e+00,2.6639100e-02
5.7640867e-01,3.8397275e+00,3.0133334e-03
4.5838033e-01,3.8398158e+00,3.2954895e-03
3.4145625e-01,3.8403499e+00,3.7143351e-03
6.9298119e+00,3.8414325e+00,1.9622592e-02
5.2219855e+00,3.8418169e+00,2.4532932e-02
2.2599263e-01,3.8419530e+00,3.8972303e-03
4.3362796e+00,3.8422630e+00,2.1044862e-02
5.5115610e+00,3.8427120e+00,3.0782438e-02
1.6266509e+00,3.8452836e+00,3.9027873e-02
4.9970257e+00,3.8458084e+00,2.0004625e-02
3.8503482e+00,3.8465156e+00,2.1402241e-02
4.7821474e+00,3.8486478e+00,1.9735925e-02
8.7919050e+00,3.8495956e+00,3.3337701e-22
8.9211389e+00,3.8510498e+00,1.5509228e-21
6.3121027e+00,3.8510598e+00,2.3205755e-02
4.2236047e+00,3.8516189e+00,2.0883835e-02
6.4257127e+00,3.8522336e+00,2.1851385e-02
6.1972864e+00,3.8524423e+00,2.5215431e-02
8.9878200e+00,3.8529676e+00,2.7950971e-21
8.2305109e+00,3.8532032e+00,4.2622192e-25
3.6544082e+00,3.8557090e+00,1.8232906e-02
6.7618466e+00,3.8559314e+00,2.1721143e-02
4.1033517e+00,3.8569738e+00,2.0862388e-02
6.5400670e+00,3.8581115e+00,1.8896922e-02
6.0801156e+00,3.8590255e+00,2.6450726e-02
3.9903764e+00,3.8590715e+00,2.0161797e-02
9.1242792e+00,3.8592376e+00,1.1537847e-20
6.6549554e+00,3.8593348e+00,1.7818629e-02
3.3300672e+00,3.8597665e+00,1.7687314e-02
3.4424780e+00,3.8598501e+00,1.3181026e-02
3.2163647e+00,3.8619351e+00,1.4877391e-02
9.1918775e+00,3.8621841e+00,1.8156439e-20
3.5508181e+00,3.8623700e+00,2.0088038e-02
8.2908161e+00,3.8627755e+00,7.6292903e-25
5.7393401e+00,3.8640007e+00,3.2064903e-02
5.9637892e+00,3.8641310e+00,2.8621015e-02
5.8523064e+00,3.8651385e+00,3.0287849e-02
9.3244444e+00,3.8662765e+00,5.8672268e-20
9.3897381e+00,3.8675031e+00,7.5992665e-20
8.4829239e+00,3.8680244e+00,6.2446287e-24
8.4164715e+00,3.8680420e+00,3.1077610e-24
5.2709549e+00,3.8687192e+00,2.6354240e-02
1.9656357e+00,3.8690631e+00,4.4023327e-02
9.5198984e+00,3.8690646e+00,1.7023150e-19
1.8323728e+00,3.8693872e+00,5.0933709e-02
4.4980369e+00,3.8699716e+00,2.2020325e-02
5.4175140e+00,3.8700301e+00,2.9120300e-02
4.6098186e+00,3.8704497e+00,2.1087036e-02
4.3870395e+00,3.8708485e+00,2.1371387e-02
1.7643846e+00,3.8710172e+00,4.9433412e-02
9.5825005e+00,3.8716369e+00,1.9547092e-19
8.6139747e+00,3.8719822e+00,3.0670074e-23
3.0611057e+00,3.8731885e+00,1.2840931e-02
5.1658260e+00,3.8733963e+00,2.0736616e-02
4.9442698e+00,3.8747431e+00,2.1482892e-02
5.3684869e+00,3.8757853e+00,2.9991865e-02
5.0515915e+00,3.8758676e+00,2.1984434e-02
5.6245561e+00,3.8766015e+00,3.1251566e-02
4.2798059e+00,3.8768091e+00,2.0675036e-02
4.8411978e+00,3.8778490e+00,1.9165568e-02
3.1169725e+00,3.8795500e+00,1.1288994e-02
4.7247934e+00,3.8797878e+00,2.1430885e-02
3.9342430e+00,3.8798440e+00,1.8844004e-02
6.8203896e+00,3.8812625e+00,2.0196342e-02
9.7007775e+00,3.8815040e+00,4.1814936e-19
4.1600512e+00,3.8818655e+00,2.0070015e-02
1.2868950e-01,3.8819508e+00,4.2639740e-03
6.7923561e-02,3.8823529e+00,4.2735535e-03
9.9331571e+00,3.8825007e+00,1.0359289e-18
9.8678723e+00,3.8827410e+00,8.4818329e-19
4.0437891e+00,3.8831822e+00,2.0249089e-02
6.3700420e+00,3.8834768e+00,2.1734889e-02
9.7545450e+00,3.8837542e+00,4.1412871e-19
6.2554266e+00,3.8838667e+00,2.3835364e-02
8.6840548e+00,3.8841505e+00,6.0644866e-23
6.4834487e+00,3.8860709e+00,1.9817125e-02
6.1403001e+00,3.8867220e+00,2.5050968e-02
6.7116353e+00,3.8867245e+00,1.9744289e-02
6.5997774e+00,3.8887179e+00,1.6573246e-02
5.5146685e+00,3.8897502e+00,3.0660560e-02
6.0223375e+00,3.8939002e+00,2.6837644e-02
5.9078457e+00,3.8962712e+00,2.8811879e-02
5.7964162e+00,3.8973477e+00,3.0126027e-02
5.6818344e+00,3.8979293e+00,3.1565903e-02
8.0343924e+00,3.8995694e+00,4.7208121e-26
8.1472668e+00,3.8996351e+00,1.3125494e-25
6.9613371e+00,3.9023094e+00,1.9448759e-02
8.8237384e+00,3.9057379e+00,3.1340180e-22
8.1981833e+00,3.9059713e+00,2.2126926e-25
8.8886287e+00,3.9062983e+00,5.4046128e-22
1.4047566e+00,3.9063232e+00,1.6478806e-02
1.2861026e+00,3.9066969e+00,8.2963261e-03
1.5214817e+00,3.9070350e+00,2.6633176e-02
1.1677055e+00,3.9070576e+00,4.0605936e-03
1.0493839e+00,3.9072931e+00,2.5286131e-03
9.3106293e-01,3.9074018e+00,2.2548486e-03
8.1278250e-01,3.9075573e+00,2.3101248e-03
6.9458258e-01,3.9077571e+00,2.7086942e-03
5.7646691e-01,3.9079035e+00,3.3806344e-03
4.5850570e-01,3.9080121e+00,3.4058014e-03
1.6347170e+00,3.9085924e+00,3.8942422e-02
3.4191373e-01,3.9086904e+00,3.6872276e-03
9.0224989e+00,3.9093321e+00,2.6775735e-21
5.4580001e+00,3.9113488e+00,2.9510293e-02
5.5691265e+00,3.9116534e+00,3.0753967e-02
9.0906498e+00,3.9125083e+00,4.3655306e-21
3.7696546e+00,3.9137472e+00,1.7310781e-02
2.2648253e-01,3.9140945e+00,3.8884610e-03
9.2244785e+00,3.9201057e+00,1.7309216e-20
3.8285572e+00,3.9201075e+00,1.7786871e-02
5.2768175e+00,3.9205308e+00,2.7466412e-02
9.2904304e+00,3.9224308e+00,2.2872590e-20
8.3179686e+00,3.9229978e+00,7.2147287e-25
9.4216249e+00,3.9242159e+00,7.1821848e-20
9.4867895e+00,3.9250031e+00,8.5040816e-20
8.3822493e+00,3.9256353e+00,1.2966886e-24
8.5153478e+00,3.9260180e+00,5.9234532e-24
5.3361192e+00,3.9262851e+00,3.0778425e-02
8.5820284e+00,3.9275967e+00,1.1076105e-23
3.6690957e+00,3.9279367e+00,1.4528208e-02
1.7409934e+00,3.9279924e+00,4.9339495e-02
1.9317727e+00,3.9287164e+00,4.4673488e-02
1.8663519e+00,3.9289805e+00,5.0558650e-02
9.6130157e+00,3.9301564e+00,1.9100073e-19
3.4542445e+00,3.9311975e+00,1.3864127e-02
3.3419180e+00,3.9315054e+00,1.4664853e-02
5.1590598e+00,3.9319501e+00,2.4705742e-02
3.0286361e+00,3.9319521e+00,1.3469788e-02
3.2272622e+00,3.9329711e+00,1.4482719e-02
4.6115849e+00,3.9335448e+00,1.8054404e-02
4.9241844e+00,3.9338614e+00,2.2614666e-02
3.5648761e+00,3.9343356e+00,2.0465481e-02
4.4986077e+00,3.9347847e+00,2.7575044e-02
3.9291338e+00,3.9348619e+00,1.6865939e-02
4.3862735e+00,3.9357965e+00,2.0363403e-02
1.6558042e-01,3.9360389e+00,4.2073615e-03
9.6732779e+00,3.9364150e+00,2.0559191e-19
4.8570989e+00,3.9372152e+00,2.3537486e-02
4.2731151e+00,3.9379629e+00,1.8272727e-02
3.1229644e+00,3.9383135e+00,1.1135787e-02
4.0408116e+00,3.9384758e+00,1.8929870e-02
4.1566603e+00,3.9386909e+00,1.7654228e-02
6.8200148e+00,3.9392869e+00,1.9406555e-02
1.4642042e+00,3.9404646e+00,2.1601354e-02
1.3454654e+00,3.9407257e+00,1.2677542e-02
9.9668281e+00,3.9409907e+00,6.7887488e-19
1.2269551e+00,3.9410847e+00,6.2558555e-03
3.3961781e-02,3.9411765e+00,4.2110726e-03
1.1085873e+00,3.9413789e+00,3.3475609e-03
9.8378819e+00,3.9413942e+00,3.4216586e-19
9.9025641e-01,3.9415132e+00,2.4048735e-03
8.7194558e-01,3.9416226e+00,2.1766595e-03
7.5370415e-01,3.9417861e+00,2.4154334e-03
6.3554302e-01,3.9419470e+00,3.0480469e-03
5.1754072e-01,3.9420697e+00,3.3043782e-03
1.5782648e+00,3.9421630e+00,3.3005862e-02
5.0545667e+00,3.9422534e+00,2.9026894e-02
3.9994828e-01,3.9423265e+00,3.5407723e-03
4.7204577e+00,3.9423423e+00,1.7269006e-02
9.7819306e+00,3.9426063e+00,3.6096686e-19
1.6845734e+00,3.9439766e+00,4.2766021e-02
2.7962962e-01,3.9459816e+00,3.7346088e-03
6.7132487e+00,3.9472321e+00,1.7901042e-02
6.3701965e+00,3.9497105e+00,2.1989281e-02
6.2559358e+00,3.9497547e+00,2.3756612e-02
6.6011948e+00,3.9500565e+00,1.7318501e-02
6.4854286e+00,3.9504059e+00,1.9487792e-02
8.7216773e+00,3.9508354e+00,5.7231498e-23
6.1410547e+00,3.9515934e+00,2.5025881e-02
6.0237487e+00,3.9567858e+00,2.6988412e-02
3.7340953e+00,3.9591185e+00,1.3530904e-02
8.0690334e+00,3.9595694e+00,4.4489138e-26
8.1256218e+00,3.9597136e+00,7.9248238e-26
5.9078628e+00,3.9603510e+00,2.8882574e-02
8.7905826e+00,3.9613624e+00,9.4624697e-23
5.7951748e+00,3.9615612e+00,2.9671839e-02
8.9212071e+00,3.9624003e+00,5.0265788e-22
5.4562345e+00,3.9628948e+00,2.9563818e-02
5.1076692e+00,3.9629049e+00,2.5557395e-02
5.6826238e+00,3.9634261e+00,3.1187894e-02
8.9883962e+00,3.9635163e+00,7.7600655e-22
4.6629172e+00,3.9639079e+00,1.5562136e-02
5.5698377e+00,3.9649974e+00,3.0427734e-02
3.8699209e+00,3.9654788e+00,1.7917300e-02
3.5144911e+00,3.9655174e+00,2.0189701e-02
4.5564636e+00,3.9656169e+00,1.9629944e-02
3.4012919e+00,3.9656801e+00,1.4294028e-02
3.2867800e+00,3.9658253e+00,1.4849850e-02
6.9266093e+00,3.9664072e+00,1.8955409e-02
3.1712514e+00,3.9671458e+00,1.3198254e-02
5.2473565e+00,3.9673973e+00,2.5366650e-02
4.4420661e+00,3.9674316e+00,2.8761830e-02
4.3288228e+00,3.9683648e+00,1.8533350e-02
3.6273080e+00,3.9688182e+00,1.5358039e-02
4.0969834e+00,3.9690928e+00,1.8353558e-02
3.9822897e+00,3.9693831e+00,1.7922367e-02
4.2135231e+00,3.9695981e+00,1.8130552e-02
8.2275234e+00,3.9699273e+00,2.1203522e-25
9.1224409e+00,3.9708292e+00,4.0926439e-21
3.0670976e+00,3.9711677e+00,9.7368955e-03
5.1984188e+00,3.9740661e+00,2.6540031e-02
5.3458957e+00,3.9741019e+00,2.9837171e-02
6.7630852e+00,3.9744634e+00,1.8358344e-02
9.1886714e+00,3.9754802e+00,5.3267449e-21
8.2870035e+00,3.9773815e+00,3.3518135e-25
6.8627897e+00,3.9785812e+00,1.8834185e-02
9.3211574e+00,3.9800036e+00,2.1214351e-20
9.3870581e+00,3.9805622e+00,2.5046771e-20
6.6579862e+00,3.9811811e+00,1.6790329e-02
9.5187517e+00,3.9814032e+00,8.0651446e-20
6.4278471e+00,3.9828023e+00,2.0619600e-02
6.3127664e+00,3.9831815e+00,2.1219733e-02
6.1985501e+00,3.9832017e+00,2.3551601e-02
8.4151213e+00,3.9833383e+00,1.2102270e-24
8.4817674e+00,3.9837387e+00,2.0791107e-24
6.5434643e+00,3.9837851e+00,1.9152502e-02
9.5823759e+00,3.9839841e+00,8.5099965e-20
4.9491001e+00,3.9840740e+00,2.1272859e-02
1.7779910e+00,3.9855114e+00,4.9719117e-02
8.6148981e+00,3.9865737e+00,1.0105635e-23
6.0822812e+00,3.9867825e+00,2.5051661e-02
4.8213353e+00,3.9876803e+00,2.8967685e-02
1.8353614e+00,3.9881294e+00,5.0735044e-02
1.9661370e+00,3.9882247e+00,5.3664869e-02
4.7623712e+00,3.9892424e+00,2.0573960e-02
5.0092531e+00,3.9897338e+00,2.7285078e-02
5.9652174e+00,3.9910966e+00,2.7138647e-02
1.3900454e-01,3.9925803e+00,4.1545715e-03
5.8510821e+00,3.9934319e+00,2.9007558e-02
5.7388881e+00,3.9937109e+00,2.9805131e-02
5.5136142e+00,3.9946402e+00,3.0159744e-02
5.3999553e+00,3.9949099e+00,3.1479320e-02
5.6260567e+00,3.9954423e+00,3.1702755e-02
9.7028821e+00,3.9961960e+00,1.6333769e-19
6.8151836e-02,3.9973157e+00,4.3064430e-03
8.6844669e+00,3.9976440e+00,1.6298235e-23
9.9343758e+00,3.9986819e+00,2.7481229e-19
9.8707143e+00,3.9988451e+00,2.4942338e-19
9.7577673e+00,4.0001371e+00,1.6751975e-19
5.2890608e+00,4.0066993e+00,2.7734911e-02
1.4642725e+00,4.0089951e+00,2.1747504e-02
1.3456238e+00,4.0091926e+00,1.2717433e-02
1.2270837e+00,4.0094810e+00,6.3468005e-03
1.1086628e+00,4.0097161e+00,3.4007978e-03
1.5803627e+00,4.0098188e+00,3.2560609e-02
9.9031703e-01,4.0098429e+00,2.4325827e-03
8.7201268e-01,4.0099340e+00,2.2798195e-03
7.5376919e-01,4.0100810e+00,2.5983748e-03
6.3560126e-01,4.0101845e+00,2.8828984e-03
5.1758751e-01,4.0102518e+00,3.1122704e-03
3.9999269e-01,4.0104901e+00,3.4296074e-03
1.6857278e+00,4.0112959e+00,4.2763390e-02
5.1149528e+00,4.0141322e+00,2.7697714e-02
2.8004364e-01,4.0144845e+00,3.7846296e-03
8.8224295e+00,4.0178789e+00,8.5225429e-23
8.8881636e+00,4.0183565e+00,1.2810905e-22
8.0346410e+00,4.0200000e+00,3.2415466e-26
8.1480319e+00,4.0204332e+00,7.8317853e-26
9.0207254e+00,4.0206681e+00,7.0662936e-22
5.1688101e+00,4.0215291e+00,2.8859121e-02
4.5651530e+00,4.0237622e+00,1.2520668e-02
6.9652723e+00,4.0240978e+00,1.7286678e-02
8.1990169e+00,4.0243106e+00,1.1421176e-25
9.0866193e+00,4.0248047e+00,9.7324580e-22
4.6683942e+00,4.0268430e+00,1.1625436e-02
1.7422139e+00,4.0343707e+00,4.7798495e-02
9.2179883e+00,4.0357067e+00,4.8498073e-21
9.4190254e+00,4.0372718e+00,2.3341662e-20
9.4855544e+00,4.0373256e+00,2.6400438e-20
6.7696945e+00,4.0374948e+00,1.9692630e-02
8.3174562e+00,4.0378451e+00,3.1265349e-25
9.2845224e+00,4.0379050e+00,5.6997976e-21
8.3812932e+00,4.0411645e+00,4.6915981e-25
8.5149756e+00,4.0420029e+00,1.8952983e-24
9.6129376e+00,4.0430846e+00,7.0849226e-20
4.9139155e+00,4.0431974e+00,2.4983342e-02
1.5236480e+00,4.0432214e+00,2.7105968e-02
8.5814257e+00,4.0432592e+00,2.9136925e-24
1.4049833e+00,4.0433206e+00,1.7339104e-02
4.7270455e+00,4.0434071e+00,1.6991724e-02
4.8532363e+00,4.0434500e+00,2.8776037e-02
1.2863896e+00,4.0435601e+00,9.6598658e-03
1.6379694e+00,4.0435675e+00,3.7896838e-02
1.1679097e+00,4.0437911e+00,4.9871621e-03
1.6837883e-01,4.0438981e+00,4.2012533e-03
1.0495201e+00,4.0439600e+00,2.9673962e-03
9.3119066e-01,4.0440430e+00,2.3746973e-03
6.8305593e+00,4.0441068e+00,1.9331615e-02
8.1291464e-01,4.0441636e+00,2.5205396e-03
6.9470587e-01,4.0442895e+00,2.7214185e-03
5.7657194e-01,4.0443231e+00,2.8426235e-03
4.5859690e-01,4.0443579e+00,3.1079834e-03
3.4237216e-01,4.0453570e+00,3.5577329e-03
6.6581240e+00,4.0480214e+00,2.0741831e-02
1.8652948e+00,4.0481410e+00,5.0877866e-02
1.9306496e+00,4.0485003e+00,5.3899489e-02
9.6731817e+00,4.0490378e+00,7.3015743e-20
6.4280573e+00,4.0495384e+00,1.9943006e-02
6.5439912e+00,4.0495980e+00,2.1980284e-02
6.3124852e+00,4.0497858e+00,2.0303957e-02
6.1975005e+00,4.0500587e+00,2.3469950e-02
6.0815740e+00,4.0520748e+00,2.4906325e-02
2.2946668e-01,4.0539252e+00,3.9987025e-03
4.6257512e+00,4.0546252e+00,1.2064587e-02
5.0330400e+00,4.0550732e+00,2.8464769e-02
9.8431267e+00,4.0554189e+00,9.5448266e-20
9.7861310e+00,4.0554987e+00,9.4303847e-20
9.9675476e+00,4.0555125e+00,1.1473017e-20
5.9652484e+00,4.0557890e+00,2.7310735e-02
3.4190056e-02,4.0561392e+00,4.4152956e-03
5.5133761e+00,4.0572101e+00,3.1421812e-02
5.6259066e+00,4.0578976e+00,3.1744968e-02
5.8508480e+00,4.0580955e+00,2.9255453e-02
5.7384195e+00,4.0585214e+00,3.0291876e-02
5.4009046e+00,4.0587707e+00,3.1433567e-02
5.0856372e+00,4.0588200e+00,2.7817565e-02
5.2867146e+00,4.0599676e+00,2.9541151e-02
4.5267695e+00,4.0625354e+00,1.9032382e-02
8.7202843e+00,4.0634803e+00,1.4397799e-23
5.1776600e+00,4.0700818e+00,2.9700830e-02
8.7893416e+00,4.0731882e+00,2.0611701e-23
8.9200660e+00,4.0748663e+00,1.1042226e-22
8.9854388e+00,4.0760619e+00,1.5024552e-22
6.7199958e+00,4.0771039e+00,2.0953923e-02
8.0679166e+00,4.0798266e+00,2.7340860e-26
8.1247191e+00,4.0801155e+00,4.3010342e-26
6.6018594e+00,4.0827098e+00,2.2143016e-02
6.4861657e+00,4.0829550e+00,2.2101380e-02
6.3701255e+00,4.0830509e+00,1.9169585e-02
6.2546050e+00,4.0832160e+00,2.1072309e-02
6.1392978e+00,4.0837426e+00,2.3357559e-02
9.1159866e+00,4.0862505e+00,8.2546763e-22
6.0230724e+00,4.0867705e+00,2.4847989e-02
6.9313742e+00,4.0868521e+00,1.6609903e-02
8.2269970e+00,4.0879493e+00,1.0380678e-25
5.4569458e+00,4.0893255e+00,3.1117038e-02
5.9076597e+00,4.0897070e+00,2.7092799e-02
5.5694495e+00,4.0900226e+00,3.1764208e-02
5.6820050e+00,4.0906918e+00,3.0420869e-02
5.7944721e+00,4.0910352e+00,2.9222055e-02
5.3444989e+00,4.0912310e+00,3.0687115e-02
5.2300523e+00,4.0923551e+00,3.0145149e-02
9.1811251e+00,4.0925015e+00,9.3932971e-22
4.9410025e+00,4.0929911e+00,2.8444885e-02
9.5176995e+00,4.0937087e+00,2.3886590e-20
8.2859561e+00,4.0940297e+00,1.3692553e-25
9.3824294e+00,4.0944681e+00,5.6578464e-21
6.8604809e+00,4.0946870e+00,1.8534742e-02
9.3138271e+00,4.0956599e+00,4.9887625e-21
9.5814586e+00,4.0968867e+00,2.5123585e-20
4.7544518e+00,4.0980220e+00,2.2016422e-02
1.7594370e+00,4.0983504e+00,4.7598662e-02
4.9999740e+00,4.0992071e+00,2.8913210e-02
5.1220697e+00,4.0995548e+00,2.7525263e-02
8.4145340e+00,4.0996198e+00,4.2627327e-25
4.8216785e+00,4.0996270e+00,2.8692318e-02
8.4815703e+00,4.1000579e+00,6.0836803e-25
8.6150989e+00,4.1014023e+00,2.5181022e-24
9.7030642e+00,4.1072659e+00,3.3501856e-20
1.9645125e+00,4.1078946e+00,5.4391962e-02
1.3644247e-01,4.1081089e+00,4.3354093e-03
1.8251476e+00,4.1095025e+00,5.0079349e-02
9.8763320e+00,4.1097114e+00,8.8912022e-21
9.7611283e+00,4.1097856e+00,3.3049593e-20
9.9370915e+00,4.1099683e+00,5.5513843e-21
8.6843887e+00,4.1105531e+00,3.7066721e-24
1.6406251e+00,4.1112013e+00,3.8010140e-02
1.5236950e+00,4.1117453e+00,2.6926285e-02
1.4050494e+00,4.1118394e+00,1.7396292e-02
4.6194428e+00,4.1119170e+00,1.4152787e-02
1.2864821e+00,4.1119848e+00,9.7949019e-03
1.1679874e+00,4.1121613e+00,5.1716604e-03
1.0495774e+00,4.1122882e+00,3.0999027e-03
9.3124861e-01,4.1123662e+00,2.4121924e-03
4.5855762e-01,4.1124767e+00,2.8494387e-03
5.7660141e-01,4.1124877e+00,2.8108742e-03
8.1297346e-01,4.1125097e+00,2.5976931e-03
6.9475715e-01,4.1126346e+00,2.7986281e-03
3.4199626e-01,4.1133013e+00,3.5383368e-03
7.3106396e-02,4.1156146e+00,4.4019320e-03
4.5588445e+00,4.1180910e+00,1.6192428e-02
2.3605733e-01,4.1185964e+00,4.0294032e-03
8.8216445e+00,4.1300194e+00,1.7270411e-23
8.8866348e+00,4.1312199e+00,2.2931290e-23
9.0172598e+00,4.1365421e+00,1.2546338e-22
8.0332756e+00,4.1398266e+00,1.8799200e-26
8.1479088e+00,4.1414563e+00,4.1638072e-26
9.0819137e+00,4.1425940e+00,1.4753040e-22
6.9661020e+00,4.1427542e+00,1.8259892e-02
1.7056066e+00,4.1429093e+00,4.3682032e-02
6.7219110e+00,4.1445529e+00,1.9428406e-02
8.1992017e+00,4.1454127e+00,5.1667689e-26
1.5830655e+00,4.1459765e+00,3.2675040e-02
1.4643856e+00,4.1460379e+00,2.1985547e-02
1.3457824e+00,4.1461362e+00,1.3772003e-02
1.2272539e+00,4.1462760e+00,7.6873114e-03
1.1087979e+00,4.1464145e+00,4.3114007e-03
9.9043232e-01,4.1464943e+00,2.8485580e-03
5.1757769e-01,4.1465352e+00,2.7167941e-03
3.9957750e-01,4.1465532e+00,3.2767364e-03
8.7212946e-01,4.1466034e+00,2.4836359e-03
6.3568200e-01,4.1466942e+00,2.7221607e-03
7.5387930e-01,4.1467723e+00,2.6643296e-03
2.8625839e-01,4.1470999e+00,3.8969872e-03
9.4836592e+00,4.1496385e+00,5.2782371e-21
6.6024554e+00,4.1496709e+00,2.0529721e-02
6.3701035e+00,4.1499276e+00,1.9923127e-02
6.2541982e+00,4.1499562e+00,2.0846559e-02
6.4864433e+00,4.1499732e+00,2.0937642e-02
6.1386002e+00,4.1502319e+00,2.3163798e-02
4.9167201e+00,4.1504303e+00,2.9831830e-02
9.4149181e+00,4.1504517e+00,4.8476106e-21
1.7969576e-01,4.1511211e+00,4.2535357e-03
6.8347095e+00,4.1521379e+00,1.9197073e-02
6.0226879e+00,4.1526885e+00,2.4523157e-02
9.2102068e+00,4.1529761e+00,7.6066845e-22
9.6136213e+00,4.1531870e+00,1.2859922e-20
9.2763746e+00,4.1539362e+00,8.2486960e-22
5.3440820e+00,4.1539622e+00,3.1348089e-02
5.1180504e+00,4.1540026e+00,2.7755716e-02
5.4565437e+00,4.1542630e+00,3.0730857e-02
4.7215622e+00,4.1546274e+00,2.2210463e-02
5.9077429e+00,4.1550222e+00,2.6958793e-02
5.5690133e+00,4.1550662e+00,3.1371341e-02
8.3157765e+00,4.1554528e+00,1.2506489e-25
5.6816459e+00,4.1557083e+00,3.0362127e-02
5.7942969e+00,4.1560438e+00,2.9319899e-02
5.2313811e+00,4.1561398e+00,3.0311368e-02
5.0138102e+00,4.1566291e+00,3.1584507e-02
4.8580753e+00,4.1568135e+00,2.8714411e-02
9.6749829e+00,4.1576129e+00,1.2759295e-20
8.3805173e+00,4.1577236e+00,1.6363350e-25
4.6568185e+00,4.1578519e+00,1.9992742e-02
8.5147069e+00,4.1585992e+00,5.3315010e-25
8.5817854e+00,4.1586873e+00,7.0317940e-25
9.7912442e+00,4.1638237e+00,4.7776061e-21
9.8494522e+00,4.1638293e+00,3.7315009e-21
9.9695438e+00,4.1655669e+00,2.1201713e-22
4.5320750e+00,4.1666667e+00,1.6308164e-02
1.9301517e+00,4.1674094e+00,5.2799217e-02
1.8561414e+00,4.1693767e+00,4.9921376e-02
6.7749303e+00,4.1743185e+00,1.8922368e-02
8.7199348e+00,4.1767091e+00,3.0941707e-24
3.8916340e-02,4.1771224e+00,4.5088793e-03
6.6606352e+00,4.1824314e+00,1.9269605e-02
6.1963961e+00,4.1832883e+00,2.1033619e-02
6.3120564e+00,4.1834027e+00,2.0045203e-02
6.4283129e+00,4.1834333e+00,2.0096910e-02
5.0646388e+00,4.1834513e+00,2.9599249e-02
6.5448648e+00,4.1835772e+00,2.1668108e-02
6.0804919e+00,4.1844821e+00,2.3090174e-02
5.4000855e+00,4.1864394e+00,3.1651551e-02
8.7881333e+00,4.1864675e+00,3.6700011e-24
5.2876265e+00,4.1864835e+00,3.0847419e-02
5.9649471e+00,4.1870221e+00,2.4080161e-02
5.5125378e+00,4.1871911e+00,3.1349006e-02
5.6251113e+00,4.1879576e+00,3.0110487e-02
8.9184732e+00,4.1880473e+00,1.9111999e-23
5.1749695e+00,4.1883143e+00,2.8370606e-02
5.8507560e+00,4.1884193e+00,2.7285011e-02
5.7378851e+00,4.1885465e+00,2.9473130e-02
4.9604454e+00,4.1899598e+00,3.0025905e-02
8.9837253e+00,4.1921739e+00,2.3892439e-23
8.0651328e+00,4.2002345e+00,1.8410928e-26
8.1229635e+00,4.2015752e+00,2.5056725e-26
6.9331523e+00,4.2028330e+00,1.8445346e-02
6.8726532e+00,4.2043817e+00,1.9791050e-02
9.5164386e+00,4.2060246e+00,3.2515019e-21
9.5826416e+00,4.2063950e+00,3.2411691e-21
9.1144062e+00,4.2064420e+00,1.1549485e-22
1.7974020e-01,4.2071623e+00,4.2147395e-03
9.3792329e+00,4.2078902e+00,7.5264993e-22
8.2278354e+00,4.2086278e+00,4.7380954e-26
9.3092917e+00,4.2101829e+00,6.6292423e-22
9.1775608e+00,4.2105731e+00,1.2400052e-22
1.7074288e+00,4.2119111e+00,4.3540537e-02
8.2854511e+00,4.2125876e+00,5.6323406e-26
9.7062764e+00,4.2133003e+00,2.2580931e-21
2.8636139e-01,4.2135536e+00,3.9640656e-03
4.7576748e+00,4.2138844e+00,2.6646520e-02
4.8269612e+00,4.2144655e+00,2.8219748e-02
1.5831026e+00,4.2144931e+00,3.2692144e-02
1.4644221e+00,4.2145443e+00,2.1925718e-02
1.3458221e+00,4.2146090e+00,1.3652705e-02
3.9960259e-01,4.2146668e+00,3.4703668e-03
1.2272919e+00,4.2146810e+00,7.6380605e-03
5.1761789e-01,4.2147373e+00,2.7873721e-03
1.1088444e+00,4.2147601e+00,4.3026990e-03
9.9048056e-01,4.2148267e+00,2.8665511e-03
8.7217143e-01,4.2149351e+00,2.5643502e-03
6.3572243e-01,4.2150483e+00,2.2782644e-03
7.5390027e-01,4.2151898e+00,2.5904699e-03
8.4139068e+00,4.2164408e+00,1.4636826e-25
8.4810602e+00,4.2168783e+00,1.7744189e-25
9.7644736e+00,4.2169913e+00,1.8557904e-21
8.6143029e+00,4.2173318e+00,6.0937425e-25
4.6283927e+00,4.2187058e+00,1.9097570e-02
9.8801928e+00,4.2187419e+00,2.4803287e-22
9.9395250e+00,4.2202226e+00,1.1299188e-22
4.5642476e+00,4.2213465e+00,1.7755777e-02
1.9656391e+00,4.2261815e+00,5.3600118e-02
8.6831625e+00,4.2262027e+00,7.5394750e-25
1.8281515e+00,4.2279535e+00,5.0055954e-02
7.3194948e-02,4.2395053e+00,4.4404170e-03
2.3620477e-01,4.2410912e+00,4.1048059e-03
4.9628319e+00,4.2429570e+00,2.5994246e-02
8.8203443e+00,4.2442857e+00,2.9776470e-24
8.8856938e+00,4.2446649e+00,3.5444326e-24
6.7761638e+00,4.2459265e+00,1.9124559e-02
1.7631367e+00,4.2468814e+00,4.5337536e-02
3.4212434e-01,4.2478685e+00,3.8139926e-03
5.0665413e+00,4.2486650e+00,2.7822203e-02
1.6424844e+00,4.2487196e+00,3.8027974e-02
1.5237687e+00,4.2487683e+00,2.7369730e-02
4.5862290e-01,4.2487924e+00,3.2532391e-03
1.4051256e+00,4.2488188e+00,1.7621247e-02
1.3657546e-01,4.2488251e+00,4.2482783e-03
1.2865598e+00,4.2488627e+00,1.0597420e-02
1.1680719e+00,4.2489119e+00,5.9845745e-03
1.0496721e+00,4.2489661e+00,3.5785593e-03
9.3133883e-01,4.2490304e+00,2.7804533e-03
5.7668203e-01,4.2490439e+00,2.3360405e-03
8.1303641e-01,4.2492590e+00,2.5122788e-03
6.9481854e-01,4.2494062e+00,2.3336574e-03
6.6623900e+00,4.2502896e+00,2.1103062e-02
6.1962333e+00,4.2503101e+00,2.0668163e-02
6.3119867e+00,4.2504456e+00,2.0036838e-02
5.1748474e+00,4.2505473e+00,2.9155551e-02
6.4283022e+00,4.2506360e+00,2.0257251e-02
6.5451277e+00,4.2508485e+00,2.0546317e-02
5.2872302e+00,4.2510061e+00,3.0113216e-02
6.0803680e+00,4.2511577e+00,2.2233602e-02
5.3996249e+00,4.2511708e+00,3.1213685e-02
5.5118985e+00,4.2521212e+00,3.1866880e-02
5.9648949e+00,4.2529917e+00,2.4295382e-02
5.6245002e+00,4.2532246e+00,3.0170293e-02
9.0163177e+00,4.2533711e+00,1.8651180e-23
5.7376174e+00,4.2537867e+00,2.9253568e-02
5.8508313e+00,4.2538800e+00,2.7161551e-02
6.9670504e+00,4.2600787e+00,1.8660831e-02
8.0318572e+00,4.2604079e+00,1.4525771e-26
6.8368914e+00,4.2610704e+00,1.9290384e-02
9.0823447e+00,4.2615873e+00,1.9894041e-23
9.4827813e+00,4.2619993e+00,5.9245285e-22
9.4143168e+00,4.2630517e+00,5.7261970e-22
9.6155071e+00,4.2631196e+00,9.0739813e-22
8.1484977e+00,4.2650506e+00,2.3552360e-26
9.6777803e+00,4.2655990e+00,8.3549282e-22
8.2020767e+00,4.2681468e+00,2.4900847e-26
9.2780002e+00,4.2692553e+00,9.8889385e-23
9.2124371e+00,4.2706056e+00,9.3684147e-23
9.7945732e+00,4.2707752e+00,1.8422966e-22
4.7250890e+00,4.2708468e+00,2.5415213e-02
4.6605506e+00,4.2724437e+00,2.2009248e-02
9.8520845e+00,4.2725202e+00,1.1824645e-22
8.3160529e+00,4.2732275e+00,5.0417569e-26
4.8596152e+00,4.2739091e+00,3.2968711e-02
8.3797679e+00,4.2748100e+00,5.6422888e-26
5.0180994e+00,4.2748400e+00,2.3679027e-02
8.5143875e+00,4.2757115e+00,1.5326923e-25
8.5805517e+00,4.2760768e+00,1.7759218e-25
9.9699812e+00,4.2768779e+00,4.3118944e-24
4.5321725e+00,4.2769020e+00,1.7443871e-02
5.1198309e+00,4.2814492e+00,2.7421121e-02
4.9207544e+00,4.2827342e+00,3.3263874e-02
5.2308628e+00,4.2828953e+00,3.0500872e-02
5.3432251e+00,4.2832161e+00,3.0809870e-02
5.4554438e+00,4.2839244e+00,3.1755824e-02
6.1383136e+00,4.2839293e+00,2.0611541e-02
6.7248993e+00,4.2840190e+00,2.1281896e-02
6.2539658e+00,4.2840209e+00,2.0387486e-02
6.3700231e+00,4.2841731e+00,1.8747621e-02
6.4866955e+00,4.2844471e+00,2.0817872e-02
6.6044730e+00,4.2848003e+00,2.0772113e-02
5.5677629e+00,4.2852633e+00,3.0197144e-02
6.0225118e+00,4.2853337e+00,2.2304272e-02
1.8686155e+00,4.2855093e+00,5.0718458e-02
1.9320928e+00,4.2857045e+00,5.3140207e-02
5.6807671e+00,4.2862155e+00,2.9298123e-02
5.9077660e+00,4.2864524e+00,2.4532703e-02
5.7941045e+00,4.2867448e+00,2.7291473e-02
8.7176139e+00,4.2912044e+00,6.1512038e-25
3.4278608e-02,4.2976770e+00,4.5250050e-03
8.7865972e+00,4.2995289e+00,6.7603015e-25
8.9178814e+00,4.3017325e+00,2.8343149e-24
2.2964477e-01,4.3054971e+00,4.0588203e-03
8.9832532e+00,4.3063121e+00,3.2171814e-24
1.6854247e-01,4.3136914e+00,4.3009395e-03
3.4239806e-01,4.3158984e+00,3.8740203e-03
4.5870102e-01,4.3171001e+00,3.2048899e-03
1.6425100e+00,4.3172164e+00,3.8157174e-02
1.1680979e+00,4.3172631e+00,6.1041375e-03
1.5237960e+00,4.3172719e+00,2.7239838e-02
1.0497068e+00,4.3173018e+00,3.7191955e-03
1.2865773e+00,4.3173130e+00,1.0703330e-02
1.4051450e+00,4.3173158e+00,1.7621763e-02
9.3137494e-01,4.3173722e+00,2.7803637e-03
5.7674234e-01,4.3174334e+00,2.4020566e-03
8.1306194e-01,4.3176059e+00,2.2986349e-03
6.9485283e-01,4.3177241e+00,2.2578650e-03
9.5167873e+00,4.3184303e+00,2.4880899e-22
6.8641342e+00,4.3191770e+00,1.9439848e-02
9.5833100e+00,4.3191803e+00,2.4510244e-22
6.9337940e+00,4.3197341e+00,1.9029640e-02
9.3811530e+00,4.3203181e+00,7.7716916e-23
8.0635198e+00,4.3213575e+00,1.6084019e-26
1.7628273e+00,4.3213713e+00,4.5549173e-02
9.1173259e+00,4.3224645e+00,1.4801294e-23
9.7092688e+00,4.3230851e+00,9.7676396e-23
9.3147776e+00,4.3242291e+00,7.2895897e-23
9.7678645e+00,4.3245703e+00,7.1238840e-23
8.1223296e+00,4.3246595e+00,1.8371816e-26
4.7575004e+00,4.3264164e+00,2.6528643e-02
9.1842638e+00,4.3273517e+00,1.5191103e-23
9.8821178e+00,4.3286043e+00,6.6615119e-24
4.8227402e+00,4.3288976e+00,2.7011143e-02
4.6280447e+00,4.3303768e+00,2.1702702e-02
8.2263236e+00,4.3305963e+00,2.2808440e-26
9.9406823e+00,4.3314813e+00,2.3613437e-24
8.2826841e+00,4.3317171e+00,2.2467756e-26
4.5638119e+00,4.3321945e+00,1.9597069e-02
8.4132856e+00,4.3337492e+00,4.7300375e-26
8.4807518e+00,4.3342133e+00,5.0155888e-26
8.6143393e+00,4.3372757e+00,1.5295808e-25
5.0126457e+00,4.3378834e+00,2.5690925e-02
1.8286568e+00,4.3421342e+00,4.9549102e-02
8.6825419e+00,4.3435323e+00,1.6721539e-25
1.9664537e+00,4.3452373e+00,5.0643055e-02
5.1196582e+00,4.3456868e+00,2.6154467e-02
4.9534194e+00,4.3457605e+00,2.9900262e-02
2.8007510e-01,4.3459894e+00,3.9691854e-03
5.2305895e+00,4.3472397e+00,2.9779716e-02
5.3429465e+00,4.3478164e+00,3.1264191e-02
5.4546451e+00,4.3486255e+00,3.1409381e-02
5.5667763e+00,4.3506026e+00,2.9802108e-02
3.9995442e-01,4.3510044e+00,3.6866210e-03
6.2537656e+00,4.3512660e+00,2.0378643e-02
6.1379257e+00,4.3513114e+00,2.0414127e-02
6.4866654e+00,4.3513456e+00,1.8432263e-02
6.3699508e+00,4.3514302e+00,1.8330485e-02
5.1775631e-01,4.3514345e+00,2.8264966e-03
1.1089050e+00,4.3514469e+00,5.0313330e-03
1.2273354e+00,4.3514825e+00,8.5119652e-03
1.5831555e+00,4.3514934e+00,3.2550535e-02
9.9055132e-01,4.3515042e+00,3.3779268e-03
1.4644688e+00,4.3515450e+00,2.2224478e-02
1.3458589e+00,4.3515563e+00,1.4169419e-02
8.7223308e-01,4.3516239e+00,2.4650291e-03
6.3581702e-01,4.3517557e+00,2.3253659e-03
5.6801191e+00,4.3517782e+00,2.9072395e-02
6.0225367e+00,4.3517933e+00,2.2086441e-02
7.5396009e-01,4.3518546e+00,2.1183379e-03
5.7938034e+00,4.3522977e+00,2.7130898e-02
6.6045349e+00,4.3523152e+00,2.1229720e-02
6.7244066e+00,4.3523762e+00,2.1069013e-02
5.9077776e+00,4.3524407e+00,2.4326121e-02
1.7071450e+00,4.3548978e+00,4.2338925e-02
8.8192422e+00,4.3567768e+00,5.4730899e-25
6.7843857e-02,4.3579587e+00,4.4832203e-03
8.8851770e+00,4.3586012e+00,5.9082784e-25
1.3872721e-01,4.3646533e+00,4.3496425e-03
9.0165634e+00,4.3660981e+00,2.3724709e-24
9.0846092e+00,4.3740343e+00,2.4408520e-24
9.4842037e+00,4.3744974e+00,5.5682493e-23
9.4170340e+00,4.3753328e+00,5.4542687e-23
9.6159697e+00,4.3757678e+00,4.3012541e-23
5.0609151e+00,4.3759461e+00,2.5247207e-02
6.8359435e+00,4.3768850e+00,1.9265611e-02
9.6796553e+00,4.3771932e+00,3.5609594e-23
5.1744015e+00,4.3791293e+00,2.8658092e-02
6.9667436e+00,4.3796554e+00,1.6503411e-02
5.2866784e+00,4.3799507e+00,3.1419309e-02
9.7972494e+00,4.3801167e+00,5.6585772e-24
5.3985477e+00,4.3804721e+00,3.1715481e-02
8.0316626e+00,4.3809496e+00,1.3118238e-26
5.5101133e+00,4.3821617e+00,3.0034202e-02
9.8539914e+00,4.3824057e+00,3.2756769e-24
4.7251217e+00,4.3827540e+00,2.6969916e-02
9.2862416e+00,4.3828030e+00,1.1564038e-23
5.6228657e+00,4.3841267e+00,2.9125758e-02
9.2212909e+00,4.3845753e+00,1.1241050e-23
6.4281999e+00,4.3847916e+00,1.6365111e-02
5.7366684e+00,4.3849024e+00,2.7007769e-02
6.1956453e+00,4.3849373e+00,1.9235970e-02
6.3117143e+00,4.3849477e+00,2.0147561e-02
6.0800050e+00,4.3849994e+00,2.0347364e-02
4.6602044e+00,4.3851175e+00,2.4302529e-02
6.5451596e+00,4.3852619e+00,2.0771175e-02
5.8505419e+00,4.3854211e+00,2.4839254e-02
5.9649314e+00,4.3854395e+00,2.2555903e-02
4.8550361e+00,4.3855647e+00,2.5206847e-02
6.6619592e+00,4.3861617e+00,2.0732095e-02
8.1493956e+00,4.3875456e+00,1.7271360e-26
9.9707011e+00,4.3879367e+00,8.8865971e-26
4.5316393e+00,4.3886258e+00,1.9837822e-02
8.1998106e+00,4.3903862e+00,1.7968657e-26
6.7750300e+00,4.3905216e+00,2.0600706e-02
8.3121575e+00,4.3918361e+00,1.9559349e-26
8.3790440e+00,4.3922857e+00,2.0461619e-26
8.5140077e+00,4.3931894e+00,4.1085142e-26
4.9245762e+00,4.3936026e+00,2.5593132e-02
8.5814309e+00,4.3958865e+00,4.2155896e-26
1.8579127e+00,4.4018526e+00,4.9571915e-02
1.9322323e+00,4.4047606e+00,5.1032207e-02
8.7180081e+00,4.4088029e+00,1.3658942e-25
3.3565249e-02,4.4132229e+00,4.4602041e-03
8.7857252e+00,4.4137229e+00,1.4034427e-25
2.7921969e-01,4.4139045e+00,3.9353917e-03
8.9175468e+00,4.4159108e+00,4.7543213e-25
8.9835614e+00,4.4188282e+00,5.0271670e-25
3.9999543e-01,4.4196624e+00,3.6769235e-03
1.5826465e+00,4.4197062e+00,3.2245514e-02
1.1089193e+00,4.4198062e+00,5.0240833e-03
9.9057991e-01,4.4198334e+00,3.4679751e-03
5.1778019e-01,4.4198399e+00,3.1388196e-03
1.2273273e+00,4.4199127e+00,8.5886449e-03
8.7226427e-01,4.4199527e+00,2.6483301e-03
1.3458631e+00,4.4200161e+00,1.4133830e-02
6.3584831e-01,4.4200222e+00,2.4116360e-03
1.4644860e+00,4.4200534e+00,2.2074732e-02
7.5400884e-01,4.4200650e+00,2.2357483e-03
1.6562615e-01,4.4217846e+00,4.3711490e-03
1.7043089e+00,4.4243223e+00,4.1972266e-02
9.5181030e+00,4.4310210e+00,1.4069868e-23
9.5833463e+00,4.4315414e+00,1.2699849e-23
9.3860236e+00,4.4323021e+00,8.8701401e-24
9.1212389e+00,4.4340092e+00,1.7501131e-24
9.7118344e+00,4.4344657e+00,3.6227623e-24
9.3216067e+00,4.4358614e+00,8.6855748e-24
9.7708328e+00,4.4359040e+00,2.3908866e-24
4.7575292e+00,4.4375572e+00,2.7894577e-02
4.8222037e+00,4.4378867e+00,2.8771698e-02
6.8672678e+00,4.4395404e+00,1.8813444e-02
9.1909828e+00,4.4396630e+00,1.7783855e-24
9.8825156e+00,4.4401508e+00,1.6430307e-25
8.0644950e+00,4.4414373e+00,1.3826171e-26
4.6280447e+00,4.4416675e+00,2.2992735e-02
6.9284081e+00,4.4417537e+00,1.7004905e-02
9.9406608e+00,4.4428047e+00,4.8832415e-26
5.1754299e+00,4.4432912e+00,2.8563559e-02
4.5637125e+00,4.4433582e+00,2.0502108e-02
2.2658640e-01,4.4443909e+00,4.1864274e-03
8.1234182e+00,4.4447313e+00,1.5030963e-26
5.2863766e+00,4.4448238e+00,3.0553205e-02
5.3980089e+00,4.4457767e+00,3.1516094e-02
5.0616161e+00,4.4473201e+00,2.5923352e-02
5.5091778e+00,4.4476634e+00,3.0230459e-02
4.9494864e+00,4.4498785e+00,2.8980663e-02
5.6218803e+00,4.4499779e+00,2.9137285e-02
8.2228865e+00,4.4501140e+00,1.5183723e-26
8.2788729e+00,4.4504431e+00,1.4723866e-26
6.5453579e+00,4.4507320e+00,1.7883557e-02
5.7360394e+00,4.4507757e+00,2.6808884e-02
6.4286097e+00,4.4509087e+00,1.7884658e-02
6.6607126e+00,4.4511988e+00,1.9567898e-02
5.8501965e+00,4.4513239e+00,2.4245750e-02
8.4126430e+00,4.4513410e+00,1.7863110e-26
5.9647433e+00,4.4517049e+00,2.2831762e-02
8.4801404e+00,4.4517806e+00,1.7991869e-26
6.0797571e+00,4.4519409e+00,2.0705300e-02
6.3115508e+00,4.4519987e+00,1.8497570e-02
6.1953556e+00,4.4520512e+00,1.8551143e-02
3.4158366e-01,4.4524716e+00,3.9119470e-03
1.0497496e+00,4.4539902e+00,4.2568950e-03
1.5233043e+00,4.4539931e+00,2.6717164e-02
9.3143472e-01,4.4540302e+00,3.1658061e-03
1.1681040e+00,4.4540527e+00,6.8289931e-03
5.7679751e-01,4.4541053e+00,2.7966603e-03
8.1314188e-01,4.4541451e+00,2.5923444e-03
4.5876590e-01,4.4541635e+00,3.4832648e-03
6.9493287e-01,4.4542010e+00,2.3022315e-03
1.2865733e+00,4.4542029e+00,1.1280284e-02
1.4051663e+00,4.4542839e+00,1.7866845e-02
1.6391649e+00,4.4548537e+00,3.6104434e-02
6.7675551e+00,4.4549328e+00,2.0973233e-02
8.6148480e+00,4.4565956e+00,3.5068865e-26
1.8239069e+00,4.4618986e+00,4.9368983e-02
8.6832227e+00,4.4632554e+00,3.6967925e-26
1.9657786e+00,4.4642852e+00,5.2328653e-02
1.7559165e+00,4.4708774e+00,4.3196901e-02
6.7491690e-02,4.4724640e+00,4.4265295e-03
8.8187204e+00,4.4725892e+00,1.1715569e-25
8.8846072e+00,4.4729528e+00,1.1944789e-25
1.2866924e-01,4.4743312e+00,4.4789365e-03
5.2313162e+00,4.4762747e+00,3.0356559e-02
5.3421060e+00,4.4779940e+00,3.1598931e-02
5.0098797e+00,4.4783630e+00,2.7462634e-02
9.0172571e+00,4.4792760e+00,4.0232787e-25
5.4531708e+00,4.4794319e+00,3.0663238e-02
5.1213877e+00,4.4812228e+00,2.8122885e-02
6.7156851e+00,4.4818245e+00,1.9829056e-02
5.5648555e+00,4.4819555e+00,2.9260573e-02
6.6034866e+00,4.4828225e+00,1.7634031e-02
6.4872735e+00,4.4829329e+00,1.6412482e-02
5.6785048e+00,4.4835028e+00,2.7124860e-02
6.8233895e+00,4.4837391e+00,2.0004993e-02
5.7928290e+00,4.4840739e+00,2.4391684e-02
6.3701971e+00,4.4845983e+00,1.9544807e-02
5.9072441e+00,4.4846089e+00,2.2750827e-02
6.0221007e+00,4.4850002e+00,2.1120255e-02
6.1373881e+00,4.4853667e+00,1.8815735e-02
6.2533124e+00,4.4854308e+00,1.7810438e-02
9.0868889e+00,4.4865209e+00,4.0997303e-25
9.4851312e+00,4.4871851e+00,3.4824224e-24
9.4202216e+00,4.4876309e+00,3.5779830e-24
9.6175878e+00,4.4882482e+00,1.7552388e-24
9.6823903e+00,4.4897471e+00,1.3535632e-24
9.2895112e+00,4.4925275e+00,1.2507192e-24
9.7989598e+00,4.4927119e+00,1.6232609e-25
4.8537939e+00,4.4938790e+00,3.1592240e-02
4.7254107e+00,4.4942224e+00,2.5771299e-02
9.2238379e+00,4.4945568e+00,1.2393890e-24
9.8539005e+00,4.4946696e+00,8.2831666e-26
4.6608436e+00,4.4959693e+00,2.3920265e-02
4.9115365e+00,4.4978329e+00,3.1450311e-02
4.5320732e+00,4.4991768e+00,2.0816633e-02
9.9699597e+00,4.4993124e+00,1.8622469e-27
8.0328324e+00,4.5004877e+00,1.5012468e-26
6.9616644e+00,4.5020983e+00,2.0267735e-02
8.1499526e+00,4.5060728e+00,1.4536904e-26
8.1990059e+00,4.5086149e+00,1.4936172e-26
8.3114543e+00,4.5095390e+00,1.3285399e-26
8.3783380e+00,4.5099873e+00,1.2985541e-26
8.5135394e+00,4.5109026e+00,1.5875618e-26
8.5808237e+00,4.5130205e+00,1.6424802e-26
2.2621999e-01,4.5165572e+00,4.2532595e-03
3.4156327e-01,4.5210821e+00,4.0893312e-03
1.0497692e+00,4.5223278e+00,4.3213234e-03
9.3145962e-01,4.5223488e+00,3.1109241e-03
1.5232338e+00,4.5223601e+00,2.6753660e-02
8.1316805e-01,4.5223908e+00,2.6005083e-03
5.7680927e-01,4.5224040e+00,3.0708818e-03
1.1680899e+00,4.5224200e+00,6.7887109e-03
6.9496015e-01,4.5224241e+00,2.6278221e-03
1.2865533e+00,4.5225257e+00,1.1255216e-02
4.5878936e-01,4.5225511e+00,3.5128551e-03
1.6364241e+00,4.5226147e+00,3.6401417e-02
1.4051443e+00,4.5226274e+00,1.8079245e-02
1.9314143e+00,4.5237935e+00,5.1354888e-02
8.7171641e+00,4.5241846e+00,2.9329531e-26
1.8638622e+00,4.5243149e+00,4.9003855e-02
8.7849447e+00,4.5285985e+00,2.9882760e-26
3.3926441e-02,4.5298294e+00,4.2294542e-03
8.9173507e+00,4.5303877e+00,1.0082783e-25
1.6562093e-01,4.5321261e+00,4.3680631e-03
1.7401349e+00,4.5332789e+00,4.2993616e-02
8.9839860e+00,4.5337935e+00,1.0510007e-25
6.8219781e+00,4.5363320e+00,1.9874546e-02
5.2330561e+00,4.5395255e+00,3.0443284e-02
5.3418672e+00,4.5432393e+00,3.1383925e-02
5.1311707e+00,4.5434710e+00,3.0043502e-02
5.0030473e+00,4.5434796e+00,2.9260545e-02
9.5174856e+00,4.5437952e+00,6.3125726e-25
9.3867452e+00,4.5438142e+00,7.6859442e-25
9.5846988e+00,4.5443379e+00,5.2985516e-25
6.7156265e+00,4.5446750e+00,1.9318797e-02
9.3204517e+00,4.5451515e+00,7.6250901e-25
9.1196141e+00,4.5451866e+00,2.4016122e-25
5.4526688e+00,4.5455762e+00,3.0598473e-02
6.6051508e+00,4.5469971e+00,1.7445698e-02
9.7139106e+00,4.5475169e+00,1.1328577e-25
9.1868194e+00,4.5475688e+00,2.4225120e-25
5.5641087e+00,4.5480593e+00,2.9189624e-02
6.4881645e+00,4.5484018e+00,1.8338883e-02
4.8216543e+00,4.5486388e+00,2.7922407e-02
9.7714817e+00,4.5490434e+00,6.7937210e-26
4.7579457e+00,4.5493118e+00,2.6580745e-02
5.6776898e+00,4.5495838e+00,2.6907889e-02
5.7922676e+00,4.5502080e+00,2.4231296e-02
6.3708852e+00,4.5504463e+00,2.0110520e-02
5.9069524e+00,4.5507569e+00,2.2510537e-02
4.9417940e+00,4.5512033e+00,2.8811726e-02
6.0218509e+00,4.5512295e+00,2.0461881e-02
6.1372094e+00,4.5516885e+00,1.8881018e-02
6.2533260e+00,4.5518146e+00,1.8386446e-02
9.8824654e+00,4.5524100e+00,3.9271141e-27
4.6287834e+00,4.5524511e+00,2.2589011e-02
4.5643452e+00,4.5539680e+00,2.1416237e-02
9.9403793e+00,4.5543988e+00,1.0426074e-27
1.6857865e+00,4.5544848e+00,3.8901830e-02
2.7883290e-01,4.5546813e+00,4.3040924e-03
1.5798353e+00,4.5558342e+00,3.0979195e-02
9.9062432e-01,4.5564894e+00,3.6919660e-03
1.1089246e+00,4.5565112e+00,5.5716250e-03
8.7231535e-01,4.5565169e+00,2.7892032e-03
5.1781541e-01,4.5565261e+00,3.2338347e-03
7.5406229e-01,4.5565338e+00,2.6493907e-03
6.3588736e-01,4.5565439e+00,2.9478714e-03
1.2272931e+00,4.5566029e+00,8.8381220e-03
3.9999850e-01,4.5566606e+00,3.7330531e-03
1.3458211e+00,4.5566824e+00,1.4563561e-02
1.4643936e+00,4.5567639e+00,2.2313692e-02
8.0659461e+00,4.5608240e+00,1.3902817e-26
8.1241430e+00,4.5631151e+00,1.3663933e-26
6.9279353e+00,4.5655212e+00,1.9026667e-02
8.2205084e+00,4.5676325e+00,1.2103355e-26
8.2769704e+00,4.5682275e+00,1.2077332e-26
5.1869529e+00,4.5687902e+00,3.0642832e-02
8.4119850e+00,4.5691270e+00,1.0645093e-26
8.4796890e+00,4.5696027e+00,1.0924268e-26
6.7660852e+00,4.5703762e+00,1.9032273e-02
5.2878779e+00,4.5733198e+00,3.1001773e-02
8.6144653e+00,4.5736722e+00,1.3759600e-26
6.8653837e+00,4.5759008e+00,1.9431744e-02
5.3972681e+00,4.5771664e+00,3.0539128e-02
8.6824310e+00,4.5781765e+00,1.3771046e-26
6.6623181e+00,4.5782240e+00,1.8277618e-02
5.5079289e+00,4.5799115e+00,2.9197185e-02
6.5479130e+00,4.5803755e+00,1.6654037e-02
1.7773526e+00,4.5815781e+00,4.3035095e-02
1.8330894e+00,4.5815930e+00,4.8864649e-02
5.6203185e+00,4.5821627e+00,2.7061889e-02
6.4301887e+00,4.5822257e+00,2.0929926e-02
5.7346630e+00,4.5829909e+00,2.4148485e-02
1.9656357e+00,4.5833179e+00,4.9712677e-02
5.8493434e+00,4.5836061e+00,2.2745751e-02
5.9642018e+00,4.5840823e+00,2.0536422e-02
6.3122525e+00,4.5842305e+00,1.8970433e-02
6.0793285e+00,4.5844919e+00,1.8907437e-02
6.1951904e+00,4.5847567e+00,1.8251179e-02
8.8178701e+00,4.5861796e+00,2.4149183e-26
8.8843893e+00,4.5876053e+00,2.4465369e-26
6.7555770e-02,4.5892807e+00,4.1829182e-03
1.3807271e-01,4.5897102e+00,4.4083890e-03
9.0172959e+00,4.5913462e+00,5.9979978e-26
5.0966673e+00,4.5926496e+00,3.1282116e-02
5.0400293e+00,4.5935514e+00,3.0041910e-02
9.0832923e+00,4.5954944e+00,6.0221617e-26
9.4181811e+00,4.5996175e+00,1.8925067e-25
9.4840119e+00,4.6000442e+00,1.7060619e-25
9.2856427e+00,4.6003530e+00,1.3801115e-25
9.2176836e+00,4.6007409e+00,1.3844871e-25
9.6175228e+00,4.6013264e+00,6.3450729e-26
9.6819320e+00,4.6030066e+00,4.5469321e-26
4.9166432e+00,4.6032988e+00,2.6676904e-02
4.8542462e+00,4.6046882e+00,2.3205041e-02
9.7983724e+00,4.6062752e+00,4.1247080e-27
4.7257494e+00,4.6063409e+00,2.1191239e-02
9.8544153e+00,4.6076841e+00,1.8993751e-27
4.6611542e+00,4.6077334e+00,2.2327323e-02
4.5322720e+00,4.6103468e+00,2.0750803e-02
9.9704196e+00,4.6106420e+00,3.9568482e-29
8.0331136e+00,4.6203363e+00,1.3125937e-26
1.6911278e+00,4.6206889e+00,3.9282484e-02
6.9662708e+00,4.6234229e+00,1.6125617e-02
8.1491911e+00,4.6243516e+00,1.1420489e-26
1.5799294e+00,4.6243764e+00,3.0989976e-02
6.3590068e-01,4.6247482e+00,2.8997304e-03
7.5406852e-01,4.6247538e+00,2.6409803e-03
4.0001713e-01,4.6247622e+00,3.6423661e-03
5.1784002e-01,4.6247670e+00,3.2312320e-03
8.7232744e-01,4.6247938e+00,2.8213109e-03
9.9065368e-01,4.6248290e+00,3.7935807e-03
1.1089737e+00,4.6248315e+00,5.7068429e-03
1.2273444e+00,4.6248579e+00,9.0248693e-03
1.3458547e+00,4.6249240e+00,1.4747466e-02
1.4644180e+00,4.6249563e+00,2.2686869e-02
2.7932251e-01,4.6250041e+00,4.2334477e-03
8.1965031e+00,4.6263268e+00,1.1268000e-26
8.3094939e+00,4.6273918e+00,1.0510330e-26
8.3776249e+00,4.6278430e+00,9.7262223e-27
8.5130501e+00,4.6287669e+00,9.8516466e-27
5.2878324e+00,4.6299527e+00,3.1101519e-02
8.5805419e+00,4.6307184e+00,9.9063604e-27
6.7738897e+00,4.6329021e+00,1.9110786e-02
5.1887807e+00,4.6331972e+00,3.1944040e-02
1.7480340e+00,4.6363980e+00,4.2338405e-02
1.8674139e+00,4.6376989e+00,4.8787881e-02
8.7165394e+00,4.6395022e+00,1.0405043e-26
1.9324081e+00,4.6399451e+00,4.9610528e-02
6.8343891e+00,4.6401824e+00,1.9328949e-02
8.7841979e+00,4.6430915e+00,1.0424112e-26
6.6650008e+00,4.6443587e+00,1.8335048e-02
5.3939166e+00,4.6449869e+00,3.0009621e-02
8.9172773e+00,4.6452285e+00,1.6360486e-26
5.5077658e+00,4.6453126e+00,2.8498944e-02
8.9835487e+00,4.6455635e+00,1.6579440e-26
6.5498899e+00,4.6463597e+00,1.6453064e-02
1.6519412e-01,4.6475481e+00,4.5183874e-03
3.3629329e-02,4.6476866e+00,4.2335273e-03
5.6199903e+00,4.6481644e+00,2.6617631e-02
6.4313373e+00,4.6482726e+00,1.9935807e-02
5.7340951e+00,4.6492224e+00,2.3651214e-02
5.8489889e+00,4.6498635e+00,2.2069253e-02
6.3134333e+00,4.6499369e+00,1.8917050e-02
5.9639271e+00,4.6503924e+00,2.0403951e-02
6.1955884e+00,4.6505978e+00,1.7982545e-02
6.0791879e+00,4.6506366e+00,1.9003417e-02
5.1349634e+00,4.6507286e+00,3.2240443e-02
9.1152574e+00,4.6508774e+00,2.7796165e-26
9.1824435e+00,4.6537418e+00,2.6959226e-26
9.3180901e+00,4.6549359e+00,5.0108116e-26
9.3843350e+00,4.6555377e+00,4.7964205e-26
9.5165041e+00,4.6567727e+00,2.5869449e-26
5.0124738e+00,4.6570772e+00,3.0419769e-02
1.6418595e+00,4.6573611e+00,3.5317016e-02
9.5828018e+00,4.6575123e+00,2.0501972e-26
6.9497971e-01,4.6588484e+00,2.6238167e-03
5.7684720e-01,4.6588491e+00,3.0372019e-03
8.1318638e-01,4.6588878e+00,2.7254201e-03
4.5883260e-01,4.6588936e+00,3.4860297e-03
9.3150109e-01,4.6589652e+00,3.3763541e-03
1.0498476e+00,4.6589878e+00,4.7757842e-03
1.1681902e+00,4.6589954e+00,7.4294688e-03
1.2866382e+00,4.6590223e+00,1.1685933e-02
1.4052023e+00,4.6590615e+00,1.8534267e-02
1.5233524e+00,4.6590947e+00,2.6697272e-02
4.9503411e+00,4.6591009e+00,2.9239834e-02
3.4207152e-01,4.6595065e+00,4.0672829e-03
5.2348386e+00,4.6605653e+00,3.1268439e-02
4.8228855e+00,4.6608958e+00,2.0656377e-02
9.7125892e+00,4.6614324e+00,3.3998246e-27
4.7580973e+00,4.6618756e+00,2.0411385e-02
2.2657991e-01,4.6628761e+00,4.5074723e-03
9.7714585e+00,4.6631746e+00,1.8186795e-27
4.6287768e+00,4.6644458e+00,2.0769932e-02
9.8802542e+00,4.6652285e+00,8.8396527e-29
4.5643328e+00,4.6655422e+00,2.0379995e-02
9.9383446e+00,4.6661975e+00,2.1808515e-29
5.3384704e+00,4.6676926e+00,3.0172319e-02
6.7261138e+00,4.6733356e+00,1.8731215e-02
5.4491542e+00,4.6787979e+00,2.8470497e-02
6.6098104e+00,4.6791160e+00,1.7009412e-02
5.5636173e+00,4.6794621e+00,2.7481579e-02
6.4912899e+00,4.6804329e+00,1.9344253e-02
8.0667649e+00,4.6804655e+00,1.2778350e-26
5.6767937e+00,4.6818171e+00,2.4071499e-02
8.1246454e+00,4.6821896e+00,1.1349436e-26
6.3732146e+00,4.6821997e+00,1.8325613e-02
5.7913451e+00,4.6826969e+00,2.2128421e-02
5.9063232e+00,4.6833245e+00,1.9694261e-02
6.2549048e+00,4.6833621e+00,1.8275267e-02
6.1374667e+00,4.6836743e+00,1.7716057e-02
6.0214356e+00,4.6836843e+00,1.9365941e-02
1.7761653e+00,4.6841594e+00,4.2600660e-02
6.9322716e+00,4.6843174e+00,1.6492809e-02
1.8398084e+00,4.6854454e+00,4.8947327e-02
8.2185582e+00,4.6856701e+00,1.0612103e-26
8.2750870e+00,4.6861400e+00,1.0721854e-26
8.4113083e+00,4.6870479e+00,8.7937046e-27
8.4790296e+00,4.6874962e+00,8.7432926e-27
6.8629415e+00,4.6906974e+00,1.9225651e-02
8.6139312e+00,4.6909440e+00,8.2358493e-27
8.6819629e+00,4.6952234e+00,7.9389013e-27
1.9667724e+00,4.6994844e+00,5.1961473e-02
8.8173457e+00,4.7018974e+00,7.8031713e-27
8.8839060e+00,4.7026087e+00,7.9057350e-27
9.0165028e+00,4.7031710e+00,9.9097664e-27
9.0822152e+00,4.7043367e+00,9.7661127e-27
9.2156832e+00,4.7077094e+00,1.2780588e-26
5.1135524e+00,4.7089289e+00,3.1898805e-02
9.2833707e+00,4.7092914e+00,1.2604471e-26
1.3016404e-01,4.7109362e+00,4.6298713e-03
6.9116189e-02,4.7115043e+00,4.3566281e-03
9.4165869e+00,4.7122625e+00,9.1659715e-27
9.4829252e+00,4.7130708e+00,7.6839938e-27
5.0477009e+00,4.7143757e+00,3.1142700e-02
9.6161631e+00,4.7153685e+00,2.0998062e-27
4.9203913e+00,4.7166280e+00,2.8269457e-02
4.8553327e+00,4.7170335e+00,2.5150164e-02
9.6815413e+00,4.7176085e+00,1.3883497e-27
5.2500685e+00,4.7180838e+00,3.1168080e-02
4.7255955e+00,4.7189776e+00,1.8918493e-02
4.6608702e+00,4.7201553e+00,2.0866463e-02
9.7992134e+00,4.7211058e+00,1.0444624e-28
9.8519662e+00,4.7217508e+00,4.4082417e-29
4.5320608e+00,4.7218621e+00,1.8416107e-02
9.9679250e+00,4.7222222e+00,9.1138086e-31
5.3181926e+00,4.7230640e+00,3.0194980e-02
1.6443344e+00,4.7263203e+00,3.5119411e-02
5.7685586e-01,4.7270215e+00,3.1411810e-03
6.9496924e-01,4.7270405e+00,2.6106944e-03
4.5881077e-01,4.7270557e+00,3.7165618e-03
8.1315816e-01,4.7270839e+00,2.8066600e-03
1.5235408e+00,4.7272097e+00,2.6225029e-02
9.3149242e-01,4.7272489e+00,3.4958282e-03
1.4052950e+00,4.7273045e+00,1.8374372e-02
1.1682953e+00,4.7273153e+00,7.3898034e-03
1.2867241e+00,4.7273358e+00,1.1555035e-02
1.0498958e+00,4.7273396e+00,4.8850183e-03
3.4188777e-01,4.7277240e+00,4.3017693e-03
2.3037310e-01,4.7314303e+00,4.6224911e-03
5.4536194e+00,4.7394419e+00,2.8161561e-02
8.0336513e+00,4.7401291e+00,1.3914416e-26
1.7608258e+00,4.7403952e+00,4.2319254e-02
6.9660008e+00,4.7408945e+00,1.9963840e-02
6.7284848e+00,4.7414269e+00,1.8258478e-02
8.1487598e+00,4.7427750e+00,1.0854463e-26
1.8667653e+00,4.7438905e+00,4.8627223e-02
8.1953606e+00,4.7442802e+00,1.0381367e-26
5.5636688e+00,4.7442968e+00,2.7131645e-02
8.3088245e+00,4.7453658e+00,8.2859438e-27
8.3769148e+00,4.7458225e+00,8.2812790e-27
6.6101935e+00,4.7466832e+00,1.7537314e-02
8.5125149e+00,4.7467420e+00,7.7897570e-27
6.4920808e+00,4.7472246e+00,2.1076482e-02
6.8374253e+00,4.7473005e+00,1.9557962e-02
5.6763210e+00,4.7481509e+00,2.4257305e-02
8.5799247e+00,4.7482383e+00,7.6228977e-27
6.3738007e+00,4.7484176e+00,1.6647217e-02
6.2556536e+00,4.7489544e+00,1.8075543e-02
5.7909546e+00,4.7490996e+00,2.2170992e-02
5.9060695e+00,4.7497752e+00,1.9337170e-02
6.1376571e+00,4.7499300e+00,1.8138034e-02
6.0214324e+00,4.7500878e+00,1.8178294e-02
8.7155332e+00,4.7551900e+00,6.9008688e-27
1.9287351e+00,4.7556832e+00,5.3863551e-02
8.7832575e+00,4.7582747e+00,6.8648613e-27
1.7084484e-01,4.7596843e+00,4.7127677e-03
8.9167563e+00,4.7603118e+00,6.4026148e-27
8.9830818e+00,4.7605391e+00,6.1911228e-27
5.1782684e-01,4.7611015e+00,3.5238281e-03
6.3589886e-01,4.7611127e+00,2.7546088e-03
3.9981154e-01,4.7611418e+00,4.0505967e-03
7.5402983e-01,4.7611421e+00,2.6959375e-03
8.7229055e-01,4.7612736e+00,3.2531818e-03
1.4646991e+00,4.7613143e+00,2.1254307e-02
1.5825928e+00,4.7614506e+00,2.9746939e-02
9.9069318e-01,4.7614645e+00,4.2218479e-03
1.3460334e+00,4.7614806e+00,1.4322229e-02
1.2275353e+00,4.7614913e+00,9.1825456e-03
1.1091269e+00,4.7615032e+00,6.0201217e-03
2.8293196e-01,4.7617758e+00,4.5308770e-03
9.1149995e+00,4.7618971e+00,5.4043537e-27
9.1812815e+00,4.7624054e+00,5.1512790e-27
1.7033700e+00,4.7635093e+00,3.7220056e-02
9.3164240e+00,4.7662284e+00,3.9367399e-27
5.1494725e+00,4.7663411e+00,3.1762037e-02
5.2153934e+00,4.7669943e+00,3.1441792e-02
9.3833952e+00,4.7685977e+00,3.5856232e-27
3.5486860e-02,4.7697001e+00,4.4913452e-03
9.5157556e+00,4.7699745e+00,1.3501405e-27
6.7795670e+00,4.7706398e+00,1.8398132e-02
5.5122825e+00,4.7707913e+00,2.6895629e-02
9.5826958e+00,4.7715326e+00,1.0658989e-27
5.0182964e+00,4.7726282e+00,3.1142972e-02
4.9531195e+00,4.7728567e+00,3.0530768e-02
5.3489911e+00,4.7729506e+00,2.9091913e-02
4.8229098e+00,4.7734581e+00,2.5916452e-02
4.7579608e+00,4.7744224e+00,2.2711999e-02
9.7141773e+00,4.7762272e+00,1.4605450e-28
4.6285488e+00,4.7766628e+00,2.0469336e-02
4.5641833e+00,4.7772731e+00,1.9236590e-02
9.7729801e+00,4.7779824e+00,8.3273211e-29
9.9382966e+00,4.7780546e+00,1.2923488e-30
9.8804283e+00,4.7785522e+00,4.2336151e-30
5.6195691e+00,4.7793329e+00,2.4042913e-02
5.4104505e+00,4.7794034e+00,2.8357238e-02
6.6677550e+00,4.7800172e+00,1.7686443e-02
6.5510639e+00,4.7807186e+00,2.0837673e-02
1.8196591e+00,4.7809353e+00,4.5300038e-02
6.4327142e+00,4.7812823e+00,1.6872508e-02
6.3147682e+00,4.7817473e+00,1.6898859e-02
5.7332320e+00,4.7819589e+00,2.2417450e-02
6.1965276e+00,4.7824459e+00,1.7924848e-02
5.8483446e+00,4.7827169e+00,1.9516933e-02
5.9636702e+00,4.7832466e+00,1.8068560e-02
6.0793751e+00,4.7832958e+00,1.7873842e-02
8.0671578e+00,4.8001659e+00,1.2067059e-26
6.9331571e+00,4.8010414e+00,2.0120454e-02
6.8739117e+00,4.8010674e+00,2.0183867e-02
8.1243858e+00,4.8010876e+00,1.0869452e-26
8.2173589e+00,4.8035491e+00,8.9261884e-27
8.2742940e+00,4.8041648e+00,8.4259231e-27
8.4106300e+00,4.8050826e+00,8.0222541e-27
8.4785088e+00,4.8055538e+00,7.4927866e-27
8.6137268e+00,4.8087509e+00,6.7625125e-27
8.6813036e+00,4.8114232e+00,6.9647413e-27
8.8163518e+00,4.8164733e+00,6.7334539e-27
8.8832902e+00,4.8177990e+00,6.7773464e-27
9.0160149e+00,4.8180873e+00,5.3147881e-27
1.9619627e+00,4.8181036e+00,5.4900166e-02
9.0822204e+00,4.8182796e+00,5.2321049e-27
9.2150540e+00,4.8194272e+00,3.5521276e-27
9.2825090e+00,4.8216682e+00,3.4800664e-27
1.6515021e-01,4.8237124e+00,4.6322511e-03
9.4161622e+00,4.8258776e+00,1.7306982e-27
9.4821842e+00,4.8264460e+00,1.5861766e-27
5.2482968e+00,4.8277971e+00,3.0075399e-02
5.1163280e+00,4.8278807e+00,3.1638619e-02
5.9715097e-02,4.8285236e+00,4.5492030e-03
5.0510034e+00,4.8287210e+00,3.2522712e-02
5.3137704e+00,4.8287732e+00,2.9277011e-02
6.3588399e-01,4.8292976e+00,3.0353287e-03
7.5398724e-01,4.8293522e+00,2.7736429e-03
3.9970219e-01,4.8294070e+00,4.0198151e-03
4.9206758e+00,4.8294324e+00,3.0440196e-02
5.1777547e-01,4.8294335e+00,3.6131152e-03
2.8186848e-01,4.8294434e+00,4.5375024e-03
1.4648087e+00,4.8295979e+00,2.1466362e-02
4.8555247e+00,4.8296282e+00,2.9800087e-02
8.7225989e-01,4.8296396e+00,3.4297086e-03
1.5831650e+00,4.8296710e+00,2.9756805e-02
9.6160112e+00,4.8297366e+00,5.3696365e-28
9.9068846e-01,4.8297984e+00,4.2411718e-03
1.3461296e+00,4.8298106e+00,1.4445774e-02
1.2276178e+00,4.8298612e+00,9.2799026e-03
1.1091826e+00,4.8298772e+00,5.9481788e-03
4.7254733e+00,4.8312578e+00,2.3695038e-02
9.6821145e+00,4.8321912e+00,4.7160818e-28
4.6607866e+00,4.8323205e+00,2.1094200e-02
1.7006708e+00,4.8330440e+00,3.7092867e-02
4.5321225e+00,4.8331888e+00,1.3649719e-02
9.9703716e+00,4.8336102e+00,1.3821745e-30
5.5053317e+00,4.8341553e+00,2.6486880e-02
9.8547918e+00,4.8346003e+00,4.2552001e-29
9.8000964e+00,4.8346755e+00,6.4236852e-29
1.8202221e+00,4.8393880e+00,4.5832159e-02
5.4436070e+00,4.8409856e+00,2.6551659e-02
6.7787697e+00,4.8436841e+00,1.8524151e-02
5.6171339e+00,4.8455205e+00,2.2942079e-02
6.6660092e+00,4.8473356e+00,1.8652197e-02
6.3146066e+00,4.8485399e+00,1.6924234e-02
6.4325010e+00,4.8486683e+00,1.5972662e-02
6.5506006e+00,4.8488472e+00,1.9858890e-02
5.7317880e+00,4.8488923e+00,2.1357246e-02
6.1966639e+00,4.8491490e+00,1.7423871e-02
5.8477097e+00,4.8495436e+00,1.9349527e-02
5.9635001e+00,4.8499577e+00,1.8122392e-02
6.0795047e+00,4.8500421e+00,1.8133657e-02
1.1506832e-01,4.8527679e+00,4.4275809e-03
6.8377835e+00,4.8595972e+00,1.9459527e-02
8.0335065e+00,4.8600368e+00,9.8863911e-27
6.9671563e+00,4.8601469e+00,1.7063839e-02
8.1475735e+00,4.8613892e+00,1.0100887e-26
8.1939458e+00,4.8623455e+00,8.9140194e-27
2.2361499e-01,4.8631260e+00,4.6463858e-03
6.9491177e-01,4.8634355e+00,2.8977316e-03
8.3079569e+00,4.8634469e+00,8.7396757e-27
5.7678962e-01,4.8635384e+00,3.1765530e-03
4.5865004e-01,4.8636529e+00,3.8579530e-03
3.4071494e-01,4.8636568e+00,4.3079245e-03
8.1308490e-01,4.8636600e+00,3.2088473e-03
1.5242226e+00,4.8637136e+00,2.4687113e-02
8.3762025e+00,4.8639079e+00,8.5772636e-27
1.4055008e+00,4.8639182e+00,1.7292499e-02
9.3145703e-01,4.8639488e+00,3.8580813e-03
1.2869029e+00,4.8640358e+00,1.1429814e-02
1.0499468e+00,4.8640475e+00,4.9316404e-03
1.1684335e+00,4.8640592e+00,7.4062240e-03
1.6422074e+00,4.8640754e+00,3.2299964e-02
8.5121867e+00,4.8652619e+00,6.6589485e-27
8.5799948e+00,4.8669627e+00,6.8643216e-27
1.7586895e+00,4.8683825e+00,4.0799611e-02
1.9329127e+00,4.8684197e+00,5.1051093e-02
8.7152763e+00,4.8715484e+00,7.0693601e-27
8.7826002e+00,4.8735139e+00,6.9929866e-27
5.5542828e+00,4.8738485e+00,2.3311147e-02
1.8715058e+00,4.8753971e+00,4.6462998e-02
8.9162036e+00,4.8755220e+00,6.6595138e-27
8.9826028e+00,4.8755830e+00,6.6027584e-27
9.1152482e+00,4.8758116e+00,5.0685419e-27
9.1817999e+00,4.8764509e+00,4.9884898e-27
9.3164035e+00,4.8804820e+00,3.2593889e-27
5.6724418e+00,4.8812720e+00,2.1040819e-02
6.7259418e+00,4.8817896e+00,1.9107858e-02
6.6079845e+00,4.8821302e+00,1.9484568e-02
9.3830855e+00,4.8823221e+00,3.1004110e-27
2.4228237e-02,4.8823529e+00,4.1437715e-03
6.2556282e+00,4.8824502e+00,1.6562478e-02
6.3734258e+00,4.8825963e+00,1.6800906e-02
6.4914043e+00,4.8827392e+00,1.6626701e-02
5.7888757e+00,4.8828598e+00,1.9720101e-02
5.2156291e+00,4.8831347e+00,3.0025354e-02
5.9052644e+00,4.8833130e+00,1.8168135e-02
6.1379229e+00,4.8833794e+00,1.7443060e-02
6.0213918e+00,4.8835451e+00,1.8045166e-02
5.3459240e+00,4.8836627e+00,2.7802662e-02
5.1495813e+00,4.8838715e+00,3.0693613e-02
9.5149512e+00,4.8839160e+00,1.6477488e-27
5.0186598e+00,4.8852161e+00,3.3171537e-02
9.5818379e+00,4.8856484e+00,1.5559140e-27
4.9535091e+00,4.8856989e+00,3.3648122e-02
4.8231574e+00,4.8863240e+00,3.0655625e-02
4.7580551e+00,4.8869892e+00,2.8390243e-02
4.6285684e+00,4.8884551e+00,1.9144943e-02
4.5642699e+00,4.8887131e+00,1.3673396e-02
9.9405903e+00,4.8888798e+00,3.5281107e-29
9.8828788e+00,4.8893723e+00,6.8624742e-29
5.4143012e+00,4.8894223e+00,2.6813778e-02
9.7138400e+00,4.8904614e+00,6.6283514e-28
9.7730191e+00,4.8911906e+00,6.3536033e-28
6.8624052e+00,4.9195316e+00,1.8856617e-02
8.0670937e+00,4.9200566e+00,9.7708763e-27
6.9325326e+00,4.9201074e+00,1.7290308e-02
8.1239326e+00,4.9204872e+00,1.0133855e-26
8.2164056e+00,4.9218115e+00,8.9894728e-27
8.2734816e+00,4.9222972e+00,8.8323922e-27
8.4099404e+00,4.9232443e+00,6.9582381e-27
8.4780457e+00,4.9241270e+00,6.5642483e-27
1.1260392e-01,4.9265882e+00,4.2888864e-03
8.6137107e+00,4.9273733e+00,7.6503757e-27
8.6814154e+00,4.9292868e+00,7.4917526e-27
1.9709500e+00,4.9312685e+00,4.0199793e-02
6.9482746e-01,4.9318263e+00,2.7891459e-03
3.4042926e-01,4.9318899e+00,4.3388149e-03
5.7667847e-01,4.9320115e+00,2.9722210e-03
1.5242726e+00,4.9322160e+00,2.4719542e-02
8.1304099e-01,4.9322978e+00,3.3047302e-03
1.4055879e+00,4.9323295e+00,1.7217966e-02
1.6426055e+00,4.9323641e+00,3.2723337e-02
1.2869796e+00,4.9324366e+00,1.1295243e-02
2.2326701e-01,4.9324542e+00,4.5046197e-03
1.1684725e+00,4.9324709e+00,7.3017694e-03
8.8159433e+00,4.9324766e+00,7.2171972e-27
1.0499357e+00,4.9325208e+00,5.1009476e-03
9.3141858e-01,4.9325234e+00,3.9594133e-03
4.5838439e-01,4.9325426e+00,3.8359642e-03
8.8826083e+00,4.9331590e+00,7.1532978e-27
9.0156291e+00,4.9333103e+00,6.9251486e-27
9.0820690e+00,4.9333467e+00,6.7950673e-27
1.7593010e+00,4.9338191e+00,4.0905651e-02
9.2151913e+00,4.9344315e+00,5.5276286e-27
9.2823400e+00,4.9362216e+00,5.4458914e-27
9.4154882e+00,4.9393262e+00,3.5563342e-27
5.3140837e+00,4.9393469e+00,2.7965923e-02
1.8680143e+00,4.9393763e+00,4.7272149e-02
5.2492624e+00,4.9397951e+00,2.8569348e-02
9.4813319e+00,4.9403517e+00,3.4508169e-27
5.1172722e+00,4.9410176e+00,3.1124495e-02
5.0516754e+00,4.9415219e+00,3.1799113e-02
5.7250697e-02,4.9415595e+00,4.2237663e-03
5.5503967e+00,4.9418031e+00,2.2899025e-02
4.9209801e+00,4.9423411e+00,3.4382015e-02
4.8557795e+00,4.9427703e+00,3.4994325e-02
4.7259387e+00,4.9437700e+00,2.9634276e-02
9.9702187e+00,4.9441585e+00,6.1397474e-29
4.6611388e+00,4.9441731e+00,2.7392575e-02
9.6147845e+00,4.9443248e+00,2.0658828e-27
4.5321473e+00,4.9444132e+00,9.5598067e-03
6.7200505e+00,4.9447993e+00,1.8809589e-02
9.8547678e+00,4.9456676e+00,9.5405737e-28
9.6806833e+00,4.9466832e+00,2.0537565e-27
5.4403672e+00,4.9467433e+00,2.4736525e-02
9.7996034e+00,4.9474106e+00,1.0163803e-27
5.6699714e+00,4.9484607e+00,2.0913174e-02
6.6064168e+00,4.9496038e+00,1.9348441e-02
5.7873074e+00,4.9502687e+00,1.9343848e-02
6.2554073e+00,4.9504105e+00,1.7054228e-02
5.9045389e+00,4.9504686e+00,1.8303493e-02
6.3731547e+00,4.9505246e+00,1.8150096e-02
6.1379869e+00,4.9506389e+00,1.7416882e-02
6.0211605e+00,4.9506449e+00,1.8587998e-02
6.4911371e+00,4.9509618e+00,1.7264258e-02
6.3568853e-01,4.9661615e+00,2.7087324e-03
7.5385902e-01,4.9663808e+00,3.1821034e-03
1.5836130e+00,4.9664621e+00,2.7236823e-02
1.4649457e+00,4.9665117e+00,1.9775561e-02
3.9915085e-01,4.9665297e+00,4.3299767e-03
1.3462933e+00,4.9666227e+00,1.3413416e-02
1.2277336e+00,4.9666736e+00,8.6620106e-03
1.1092106e+00,4.9667622e+00,6.0430642e-03
1.7016804e+00,4.9667693e+00,3.5781212e-02
5.1739867e-01,4.9667963e+00,3.4544990e-03
9.9063894e-01,4.9668463e+00,4.5744376e-03
8.7217752e-01,4.9668520e+00,3.5856394e-03
1.6233783e-01,4.9668609e+00,4.5091769e-03
2.8123482e-01,4.9670047e+00,4.4996026e-03
1.8173420e+00,4.9688037e+00,4.2162826e-02
5.4983986e+00,4.9713793e+00,2.3346003e-02
1.9294212e+00,4.9720815e+00,4.4784668e-02
6.6585502e+00,4.9778189e+00,1.8648937e-02
6.9653763e+00,4.9799605e+00,1.9909901e-02
8.0335872e+00,4.9800198e+00,9.5303913e-27
8.1471066e+00,4.9804956e+00,9.7696393e-27
5.6107774e+00,4.9806639e+00,2.0750375e-02
8.1932073e+00,4.9808635e+00,9.1123647e-27
6.8259712e+00,4.9811774e+00,1.9213247e-02
8.3072613e+00,4.9816575e+00,8.0636593e-27
8.3754745e+00,4.9821436e+00,7.1854950e-27
5.7277493e+00,4.9834900e+00,1.9783284e-02
8.5117685e+00,4.9841011e+00,7.7240252e-27
5.8454158e+00,4.9841081e+00,1.7888989e-02
5.9625433e+00,4.9842130e+00,1.9998234e-02
6.1965069e+00,4.9843689e+00,1.6848500e-02
6.0793373e+00,4.9844014e+00,1.7330063e-02
6.3141145e+00,4.9844284e+00,1.7296579e-02
6.5487657e+00,4.9845434e+00,1.8554674e-02
6.4319627e+00,4.9848191e+00,1.7733330e-02
8.5796253e+00,4.9856466e+00,7.9077065e-27
6.7628461e+00,4.9884604e+00,1.9180135e-02
8.7149240e+00,4.9889219e+00,7.6243872e-27
8.7821280e+00,4.9901463e+00,7.7983273e-27
8.9156132e+00,4.9910252e+00,7.3217899e-27
8.9822348e+00,4.9911156e+00,7.4294552e-27
9.1151806e+00,4.9911658e+00,7.2889263e-27
9.1817512e+00,4.9916113e+00,7.6357210e-27
9.3156510e+00,4.9945568e+00,6.0806937e-27
9.3821173e+00,4.9958214e+00,5.9903006e-27
5.3462707e+00,4.9964262e+00,2.5628028e-02
5.2167472e+00,4.9970259e+00,2.8636649e-02
5.1508050e+00,4.9975117e+00,2.9141915e-02
5.4041770e+00,4.9980630e+00,2.4946190e-02
9.5143437e+00,4.9980877e+00,4.0674902e-27
5.0193236e+00,4.9984648e+00,3.1867215e-02
4.9537790e+00,4.9988012e+00,3.2785001e-02
4.8234287e+00,4.9993296e+00,3.5111852e-02
4.7586902e+00,4.9996641e+00,3.4978142e-02
9.9417624e+00,4.9999760e+00,1.5000218e-27
4.5658532e+00,5.0001259e+00,2.8568247e-02
4.6305461e+00,5.0001439e+00,2.8734354e-02
9.5809095e+00,5.0003284e+00,3.9080880e-27
3.3022459e-02,5.0003830e+00,4.6839807e-03
9.8840230e+00,5.0009925e+00,1.6087993e-27
9.7714100e+00,5.0043651e+00,3.3113585e-27
9.7116690e+00,5.0043668e+00,3.1419717e-27
4.3217889e+00,5.0341368e+00,2.4073026e-02
3.7261167e+00,5.0343540e+00,3.6704511e-02
3.6070896e+00,5.0343541e+00,3.5297502e-02
3.2499573e+00,5.0343577e+00,3.4609262e-02
2.8928227e+00,5.0343599e+00,3.4276634e-02
2.5356882e+00,5.0343621e+00,2.7365270e-02
2.0595181e+00,5.0343634e+00,1.5822051e-02
2.1785544e+00,5.0343639e+00,3.1110314e-02
3.1309428e+00,5.0343673e+00,3.3004247e-02
3.4880857e+00,5.0343673e+00,3.3974479e-02
2.7738000e+00,5.0343673e+00,3.5768175e-02
2.4166571e+00,5.0343673e+00,2.8043531e-02
2.2976018e+00,5.0343702e+00,2.8243449e-02
3.8452303e+00,5.0343727e+00,3.2856312e-02
3.9642002e+00,5.0343751e+00,3.9033573e-02
4.2024539e+00,5.0343760e+00,2.6494793e-02
2.6547418e+00,5.0343774e+00,3.2424300e-02
3.3690276e+00,5.0343774e+00,3.5800092e-02
3.0118847e+00,5.0343774e+00,3.3064829e-02
4.0832861e+00,5.0345477e+00,4.6018720e-02
6.3550434e-01,5.0348661e+00,3.2742669e-03
1.5836621e+00,5.0349782e+00,2.6904900e-02
1.4649881e+00,5.0350247e+00,2.0022077e-02
1.7021107e+00,5.0350669e+00,3.6109733e-02
1.3463335e+00,5.0350834e+00,1.3320804e-02
1.2277621e+00,5.0351165e+00,8.8729798e-03
7.5373986e-01,5.0351981e+00,3.3727815e-03
1.1091839e+00,5.0353397e+00,6.0568660e-03
4.4385645e+00,5.0353628e+00,3.0957949e-02
3.9894843e-01,5.0354300e+00,4.4237147e-03
1.9386342e+00,5.0354975e+00,4.5600716e-02
9.9058305e-01,5.0355066e+00,4.4805393e-03
8.7209693e-01,5.0356243e+00,3.6571654e-03
5.1715070e-01,5.0357773e+00,3.7725189e-03
2.8091276e-01,5.0358499e+00,4.5827699e-03
1.8189448e+00,5.0361024e+00,4.2710579e-02
1.6237226e-01,5.0386107e+00,4.6279977e-03
6.9306571e+00,5.0398250e+00,1.9935941e-02
8.0666661e+00,5.0400489e+00,9.6471619e-27
8.1233466e+00,5.0400940e+00,9.7241582e-27
8.2156949e+00,5.0402490e+00,8.7485251e-27
8.2726729e+00,5.0405573e+00,8.1142994e-27
6.8613794e+00,5.0416176e+00,1.9363186e-02
8.4092241e+00,5.0416447e+00,7.4765541e-27
5.4973528e+00,5.0425527e+00,2.2212392e-02
8.4774128e+00,5.0427194e+00,7.7414087e-27
6.6649856e+00,5.0441128e+00,1.8735809e-02
8.6131862e+00,5.0454787e+00,7.7152255e-27
8.6807802e+00,5.0468406e+00,7.9725248e-27
5.6092644e+00,5.0485032e+00,2.0770588e-02
8.8151720e+00,5.0487058e+00,8.1157539e-27
8.8819923e+00,5.0489022e+00,7.9669740e-27
9.0154417e+00,5.0491307e+00,7.4277862e-27
9.0819475e+00,5.0491445e+00,7.4357451e-27
9.2151053e+00,5.0500336e+00,8.1240672e-27
5.7267746e+00,5.0506150e+00,1.9268344e-02
9.2818564e+00,5.0511891e+00,7.8883843e-27
5.8445258e+00,5.0513623e+00,1.8635346e-02
5.9620789e+00,5.0514409e+00,2.0476264e-02
6.0790649e+00,5.0517387e+00,1.8833458e-02
6.1962131e+00,5.0520772e+00,1.7047170e-02
6.3137689e+00,5.0525256e+00,1.5803418e-02
6.5483129e+00,5.0526413e+00,1.8363892e-02
6.4316529e+00,5.0530289e+00,1.7712521e-02
9.4147791e+00,5.0532943e+00,6.7678885e-27
6.7273355e+00,5.0534615e+00,1.9067582e-02
5.3149816e+00,5.0538926e+00,2.5750229e-02
5.2502794e+00,5.0540443e+00,2.6311574e-02
9.4811618e+00,5.0545351e+00,6.7603751e-27
5.1182461e+00,5.0546661e+00,2.9128517e-02
4.5432200e+00,5.0550633e+00,3.1807370e-02
4.9207503e+00,5.0550730e+00,3.3232854e-02
5.0523616e+00,5.0551150e+00,2.9944064e-02
4.8556005e+00,5.0551722e+00,3.3669727e-02
4.7267761e+00,5.0555253e+00,3.4951381e-02
4.6634320e+00,5.0556020e+00,3.5090954e-02
9.9715437e+00,5.0558175e+00,3.2996574e-27
5.4395420e+00,5.0561505e+00,2.2265783e-02
9.8569383e+00,5.0566463e+00,4.8583172e-27
9.7994898e+00,5.0582758e+00,5.1149091e-27
9.6141828e+00,5.0585622e+00,4.9515630e-27
5.6803934e-02,5.0592066e+00,4.7878100e-03
9.6790435e+00,5.0602422e+00,4.6288601e-27
4.2623380e+00,5.0685128e+00,2.5280361e-02
3.6665396e+00,5.0687080e+00,3.5929987e-02
3.5475562e+00,5.0687213e+00,3.3609457e-02
3.1904240e+00,5.0687249e+00,3.4932717e-02
3.7856327e+00,5.0687267e+00,3.5112523e-02
2.8332894e+00,5.0687271e+00,3.5294043e-02
2.1190249e+00,5.0687273e+00,4.3622219e-02
2.4761548e+00,5.0687294e+00,2.9369650e-02
1.9999986e+00,5.0687305e+00,6.7404589e-02
2.2380610e+00,5.0687341e+00,2.9112755e-02
3.3094611e+00,5.0687351e+00,3.3690244e-02
2.9523265e+00,5.0687373e+00,3.3926389e-02
2.3571161e+00,5.0687376e+00,2.8299763e-02
2.5951920e+00,5.0687395e+00,3.2114965e-02
3.4285419e+00,5.0687447e+00,3.5549390e-02
2.7142561e+00,5.0687447e+00,3.4278995e-02
3.0713990e+00,5.0687447e+00,3.1723764e-02
3.9046686e+00,5.0687478e+00,3.5400751e-02
4.0236768e+00,5.0689228e+00,3.7894254e-02
4.1428828e+00,5.0689237e+00,4.3281371e-02
1.6430850e+00,5.0691778e+00,2.8939722e-02
1.5243641e+00,5.0692452e+00,2.1442892e-02
1.4056704e+00,5.0693033e+00,1.5558414e-02
1.2870482e+00,5.0693402e+00,1.0282488e-02
6.9452411e-01,5.0693483e+00,3.5102189e-03
1.7613341e+00,5.0694153e+00,3.7492277e-02
1.1684743e+00,5.0694913e+00,7.4318988e-03
4.3794009e+00,5.0694996e+00,3.2166190e-02
3.3990477e-01,5.0696354e+00,4.5390364e-03
5.7624631e-01,5.0696971e+00,3.5262300e-03
1.0498531e+00,5.0697586e+00,4.9952226e-03
8.1284125e-01,5.0698875e+00,3.5471112e-03
9.3128210e-01,5.0699560e+00,3.9674805e-03
1.8788301e+00,5.0700909e+00,4.1807177e-02
4.5793400e-01,5.0704239e+00,4.0781330e-03
4.4877612e+00,5.0717504e+00,3.3264427e-02
2.2297938e-01,5.0730493e+00,4.5064106e-03
1.1219159e-01,5.0767694e+00,4.6488965e-03
5.5478379e+00,5.0808158e+00,2.1386329e-02
5.6674837e+00,5.0834250e+00,1.8247735e-02
6.6123994e+00,5.0839956e+00,1.8266414e-02
5.7854427e+00,5.0846479e+00,1.8266207e-02
5.9031844e+00,5.0849506e+00,1.9693445e-02
6.0204237e+00,5.0852100e+00,2.0575862e-02
6.1374207e+00,5.0856846e+00,1.7993735e-02
6.2547679e+00,5.0862160e+00,1.6202425e-02
6.3724993e+00,5.0868315e+00,1.6283915e-02
6.4903745e+00,5.0872694e+00,1.7967767e-02
8.1928064e+00,5.0974203e+00,8.8289399e-27
8.1465589e+00,5.0976333e+00,9.4607756e-27
6.8296520e+00,5.0997868e+00,1.9152954e-02
6.9652808e+00,5.0998645e+00,2.0214945e-02
8.3063907e+00,5.0999636e+00,7.8280432e-27
8.0330789e+00,5.1000291e+00,1.1691078e-26
8.3747287e+00,5.1005649e+00,7.3872622e-27
8.5110249e+00,5.1025112e+00,7.5157784e-27
8.5789416e+00,5.1037251e+00,7.5740052e-27
6.7587332e+00,5.1043477e+00,1.8748629e-02
8.7141016e+00,5.1058472e+00,8.7687112e-27
8.7812894e+00,5.1064880e+00,8.6162070e-27
8.9151935e+00,5.1069336e+00,8.2019419e-27
8.9820213e+00,5.1070717e+00,7.7184302e-27
9.1152021e+00,5.1072486e+00,8.0817847e-27
9.1817892e+00,5.1076922e+00,7.9743557e-27
4.5779024e+00,5.1087371e+00,3.6261293e-02
4.6334214e+00,5.1092579e+00,3.6312087e-02
9.3150236e+00,5.1093124e+00,8.2978659e-27
9.3814801e+00,5.1101529e+00,8.3348805e-27
5.3471125e+00,5.1112186e+00,2.3901778e-02
9.8861963e+00,5.1113345e+00,8.2683436e-27
5.2176363e+00,5.1114970e+00,2.6440426e-02
9.9430622e+00,5.1115222e+00,6.0795513e-27
5.1515452e+00,5.1116330e+00,2.6386227e-02
4.9535535e+00,5.1117532e+00,3.0849180e-02
5.4137666e+00,5.1118396e+00,2.2182085e-02
5.0196202e+00,5.1121316e+00,3.0109259e-02
4.8226817e+00,5.1122925e+00,3.3428228e-02
4.7585958e+00,5.1123112e+00,3.3604415e-02
9.5147327e+00,5.1130568e+00,7.9083973e-27
9.7715692e+00,5.1143492e+00,5.8154244e-27
9.5811878e+00,5.1148432e+00,7.8176985e-27
9.7108639e+00,5.1163139e+00,6.1941331e-27
2.3781474e-02,5.1176471e+00,4.5003642e-03
4.2628326e+00,5.1369455e+00,3.5278440e-02
3.6663222e+00,5.1373879e+00,3.3559954e-02
3.3093084e+00,5.1373991e+00,3.4538504e-02
2.9522058e+00,5.1374198e+00,3.6600383e-02
2.5951037e+00,5.1374406e+00,3.4987568e-02
1.9999951e+00,5.1374448e+00,5.8964019e-02
2.1190060e+00,5.1374486e+00,1.5936625e-02
2.2380037e+00,5.1374551e+00,2.2736603e-02
2.4761164e+00,5.1374563e+00,3.5457181e-02
2.8332333e+00,5.1374592e+00,3.8053804e-02
3.1903503e+00,5.1374621e+00,3.4007262e-02
2.3571159e+00,5.1374636e+00,3.3738622e-02
3.5474649e+00,5.1374637e+00,3.9069525e-02
2.7142559e+00,5.1374705e+00,3.5172669e-02
3.4285417e+00,5.1374705e+00,3.8359261e-02
3.0713988e+00,5.1374705e+00,3.3832066e-02
3.7854353e+00,5.1374779e+00,3.3851779e-02
3.9043617e+00,5.1375372e+00,3.5068518e-02
1.8806955e+00,5.1376756e+00,4.2499218e-02
1.6431842e+00,5.1376829e+00,2.8668193e-02
4.0233005e+00,5.1377127e+00,3.4024747e-02
1.7617484e+00,5.1377671e+00,3.7565012e-02
1.5244013e+00,5.1377703e+00,2.0745663e-02
1.4057002e+00,5.1378101e+00,1.5849484e-02
4.1426803e+00,5.1378218e+00,4.8896577e-02
1.2870630e+00,5.1378508e+00,1.0132650e-02
1.1684411e+00,5.1380679e+00,7.6271778e-03
6.9441752e-01,5.1381538e+00,3.3834632e-03
1.0498165e+00,5.1383179e+00,5.0636657e-03
5.7611930e-01,5.1385014e+00,3.3797623e-03
8.1274097e-01,5.1385235e+00,3.4641804e-03
9.3123567e-01,5.1385456e+00,4.0129323e-03
3.3986823e-01,5.1388129e+00,4.3671062e-03
4.5790055e-01,5.1389407e+00,3.9346539e-03
4.3782633e+00,5.1394282e+00,3.5537476e-02
2.2298572e-01,5.1411076e+00,4.4376781e-03
4.4896133e+00,5.1419887e+00,3.8865467e-02
5.5476801e+00,5.1489681e+00,2.0984240e-02
1.1459971e-01,5.1505941e+00,4.6563496e-03
5.6673954e+00,5.1507484e+00,1.8803268e-02
5.7851794e+00,5.1516458e+00,1.7594934e-02
5.9028632e+00,5.1519993e+00,1.9470653e-02
6.0200704e+00,5.1525378e+00,2.0493623e-02
6.6135137e+00,5.1529989e+00,1.8523596e-02
6.1370674e+00,5.1532002e+00,1.9553475e-02
6.2543223e+00,5.1542598e+00,1.8064108e-02
6.8660449e+00,5.1548654e+00,1.9276021e-02
6.3721167e+00,5.1550239e+00,1.6180803e-02
6.4900681e+00,5.1554957e+00,1.7639442e-02
6.9323960e+00,5.1567357e+00,1.9443488e-02
8.2125013e+00,5.1578672e+00,8.8057944e-27
8.1245778e+00,5.1583297e+00,9.6371993e-27
8.2691076e+00,5.1601022e+00,7.9280275e-27
8.4084851e+00,5.1601035e+00,7.2398216e-27
4.5460486e+00,5.1602997e+00,3.7629331e-02
8.0677783e+00,5.1607707e+00,1.1223447e-26
8.4765926e+00,5.1609751e+00,7.0312128e-27
8.6123440e+00,5.1629544e+00,7.9941158e-27
4.6640782e+00,5.1629660e+00,3.3763415e-02
8.6799100e+00,5.1637147e+00,8.3183666e-27
8.8144090e+00,5.1645709e+00,8.6162293e-27
8.8814929e+00,5.1648200e+00,8.0856890e-27
9.0152862e+00,5.1652305e+00,7.8541241e-27
9.0819611e+00,5.1653936e+00,8.1421795e-27
9.2152011e+00,5.1660702e+00,7.8591930e-27
4.7259084e+00,5.1660960e+00,3.3576251e-02
4.9198334e+00,5.1663188e+00,3.0648641e-02
9.2816844e+00,5.1665348e+00,8.0726087e-27
6.7359472e+00,5.1666427e+00,1.8586372e-02
4.8541113e+00,5.1667589e+00,3.1594181e-02
9.9715185e+00,5.1668158e+00,5.8935081e-27
9.8575466e+00,5.1678043e+00,6.9840619e-27
5.4395268e+00,5.1680362e+00,2.1151408e-02
9.4147324e+00,5.1680749e+00,8.7239415e-27
5.3157095e+00,5.1688349e+00,2.4375080e-02
5.2509353e+00,5.1689617e+00,2.4607436e-02
5.1192095e+00,5.1690318e+00,2.6413600e-02
5.0531690e+00,5.1690815e+00,2.6850845e-02
9.8003681e+00,5.1691896e+00,7.5247460e-27
9.4816022e+00,5.1697379e+00,8.2451657e-27
4.2027460e+00,5.1717068e+00,4.6659359e-02
3.2497309e+00,5.1717589e+00,3.2495491e-02
3.3688747e+00,5.1717673e+00,3.8106698e-02
2.8926459e+00,5.1717745e+00,3.6363251e-02
3.6067808e+00,5.1717763e+00,4.2155871e-02
3.7257020e+00,5.1717852e+00,3.3042243e-02
3.0117638e+00,5.1717858e+00,3.5653672e-02
2.5355615e+00,5.1717901e+00,3.3987340e-02
1.9404962e+00,5.1717965e+00,4.1167784e-02
2.0594958e+00,5.1717990e+00,4.2268731e-02
2.6546533e+00,5.1718043e+00,3.4594457e-02
2.1784782e+00,5.1718061e+00,1.9279576e-02
2.2975444e+00,5.1718171e+00,3.4322402e-02
2.4166185e+00,5.1718202e+00,3.7684926e-02
2.7737436e+00,5.1718252e+00,3.4910444e-02
3.1308689e+00,5.1718303e+00,3.6110760e-02
3.4879942e+00,5.1718354e+00,3.6752590e-02
3.8447260e+00,5.1719134e+00,3.0237118e-02
1.7026242e+00,5.1719238e+00,2.9864834e-02
3.9635170e+00,5.1719544e+00,3.6115239e-02
1.5837986e+00,5.1720084e+00,2.1731559e-02
1.8212245e+00,5.1720388e+00,3.8240536e-02
1.4650551e+00,5.1720565e+00,1.6603185e-02
1.3463781e+00,5.1721007e+00,1.2106143e-02
1.2277437e+00,5.1722037e+00,8.2409461e-03
4.0827072e+00,5.1722358e+00,3.8802388e-02
5.9212052e-02,5.1722470e+00,4.3445916e-03
1.1091141e+00,5.1724757e+00,6.1883651e-03
6.3527073e-01,5.1724759e+00,3.2941437e-03
4.3211459e+00,5.1724981e+00,3.2233518e-02
7.5353299e-01,5.1726397e+00,3.3793327e-03
9.9049995e-01,5.1726556e+00,4.4678523e-03
9.6790251e+00,5.1726779e+00,7.6216218e-27
8.7195021e-01,5.1728499e+00,3.6574910e-03
9.6142097e+00,5.1728871e+00,8.6090360e-27
2.8088256e-01,5.1730857e+00,4.4427520e-03
5.1699025e-01,5.1730984e+00,3.7451058e-03
3.9887845e-01,5.1731243e+00,4.3303263e-03
4.4392789e+00,5.1755298e+00,4.0090728e-02
1.6478672e-01,5.1804937e+00,4.7734080e-03
5.6090183e+00,5.1839790e+00,1.9511180e-02
5.4969171e+00,5.1843027e+00,2.0415026e-02
5.7264229e+00,5.1849363e+00,1.6964913e-02
5.8439412e+00,5.1854089e+00,1.9129243e-02
5.9614044e+00,5.1858173e+00,1.8912701e-02
6.0783583e+00,5.1865821e+00,2.0842740e-02
6.1954142e+00,5.1876366e+00,1.8112878e-02
6.3129408e+00,5.1887618e+00,1.7043591e-02
6.4309640e+00,5.1894475e+00,1.6762616e-02
6.5491208e+00,5.1898709e+00,1.8393931e-02
6.6717849e+00,5.1899602e+00,1.8597699e-02
8.1678742e+00,5.1987926e+00,9.3064623e-27
6.8407523e+00,5.2062789e+00,1.8614871e-02
4.5715039e+00,5.2064416e+00,3.3341997e-02
4.6340145e+00,5.2085871e+00,3.3520920e-02
6.7815734e+00,5.2134952e+00,1.7979003e-02
6.9671152e+00,5.2168713e+00,1.6402999e-02
8.3739954e+00,5.2189173e+00,7.4645758e-27
8.3029560e+00,5.2195173e+00,7.8175896e-27
8.5102503e+00,5.2205254e+00,6.9226651e-27
8.0346994e+00,5.2207416e+00,9.4718887e-27
8.5780851e+00,5.2212908e+00,8.0417441e-27
5.4033276e+00,5.2215688e+00,2.1125633e-02
9.9430578e+00,5.2220154e+00,7.0968278e-27
8.7131713e+00,5.2223035e+00,9.0621744e-27
8.7804824e+00,5.2225189e+00,9.0867436e-27
8.9146822e+00,5.2227945e+00,7.7167767e-27
5.3461643e+00,5.2229887e+00,2.3841130e-02
8.9816477e+00,5.2230669e+00,7.5489566e-27
4.9543276e+00,5.2231830e+00,2.7377195e-02
9.8859519e+00,5.2231917e+00,6.7935239e-27
9.1151573e+00,5.2234428e+00,8.0124083e-27
9.1818102e+00,5.2236757e+00,7.4522887e-27
9.3148803e+00,5.2245021e+00,8.3676769e-27
9.3814717e+00,5.2252016e+00,8.3771740e-27
5.0215965e+00,5.2255674e+00,2.7005086e-02
5.1526722e+00,5.2270752e+00,2.4355981e-02
5.2183070e+00,5.2271412e+00,2.4636076e-02
4.7560755e+00,5.2271443e+00,3.1666217e-02
9.7703859e+00,5.2272710e+00,7.7120493e-27
4.8201925e+00,5.2278258e+00,3.1549516e-02
9.5149599e+00,5.2279237e+00,8.6205690e-27
9.7097481e+00,5.2287946e+00,8.3692461e-27
9.5811123e+00,5.2292865e+00,8.3899824e-27
3.5430578e-02,5.2310705e+00,4.4810542e-03
1.9405021e+00,5.2404817e+00,3.9259582e-02
2.0594732e+00,5.2404938e+00,4.6218941e-02
1.8215511e+00,5.2404939e+00,3.8317864e-02
2.1784291e+00,5.2405046e+00,3.1756339e-02
2.2974525e+00,5.2405252e+00,3.4130519e-02
2.5353772e+00,5.2405293e+00,3.3965526e-02
1.7026469e+00,5.2405318e+00,3.0339437e-02
2.6544079e+00,5.2405408e+00,3.4745723e-02
3.0113717e+00,5.2405568e+00,4.5315485e-02
2.4164550e+00,5.2405574e+00,4.3109277e-02
1.5838250e+00,5.2405666e+00,2.1992902e-02
3.3683362e+00,5.2405718e+00,3.8770778e-02
2.8922996e+00,5.2405743e+00,3.5148407e-02
1.4650722e+00,5.2405898e+00,1.6423285e-02
3.2492397e+00,5.2406071e+00,3.1947212e-02
2.7734255e+00,5.2406123e+00,2.5785876e-02
1.3463835e+00,5.2406194e+00,1.2248128e-02
3.7250159e+00,5.2406418e+00,3.8565575e-02
3.1303973e+00,5.2406672e+00,3.9013355e-02
3.6061424e+00,5.2406721e+00,5.2678366e-02
3.4873691e+00,5.2407215e+00,3.1363217e-02
1.2277244e+00,5.2407541e+00,8.0780501e-03
4.2019621e+00,5.2408249e+00,4.1223978e-02
3.8438705e+00,5.2408644e+00,2.9924931e-02
2.8140806e-01,5.2408688e+00,4.5846574e-03
3.9627407e+00,5.2408883e+00,3.5263151e-02
1.1090880e+00,5.2409575e+00,6.0141986e-03
4.0821257e+00,5.2409988e+00,3.8707935e-02
9.9046816e-01,5.2411258e+00,4.3212953e-03
6.3525243e-01,5.2411488e+00,3.5423848e-03
7.5353530e-01,5.2411566e+00,3.3387266e-03
8.7191787e-01,5.2412205e+00,3.5978017e-03
5.1702298e-01,5.2413521e+00,4.0871056e-03
3.9887459e-01,5.2415181e+00,4.4959683e-03
4.3197012e+00,5.2420482e+00,3.5538367e-02
1.7046172e-01,5.2425550e+00,4.8508674e-03
4.4392926e+00,5.2444893e+00,3.5606068e-02
8.1622423e+00,5.2489646e+00,9.3316013e-27
5.6093500e+00,5.2513944e+00,1.9535616e-02
5.7262462e+00,5.2521980e+00,1.7615882e-02
5.8436842e+00,5.2525957e+00,1.9320642e-02
5.9609560e+00,5.2532236e+00,1.8706014e-02
5.4951576e+00,5.2535815e+00,1.8717816e-02
6.0779094e+00,5.2541619e+00,2.0201609e-02
6.1950394e+00,5.2556239e+00,1.7514529e-02
6.3124837e+00,5.2569285e+00,1.7446241e-02
6.4305788e+00,5.2577292e+00,1.7428551e-02
6.5490054e+00,5.2583367e+00,1.8682467e-02
4.5536849e+00,5.2598446e+00,3.3756468e-02
4.6535414e+00,5.2610763e+00,3.2645115e-02
6.6665659e+00,5.2613835e+00,1.8954055e-02
6.8719244e+00,5.2676182e+00,1.8740353e-02
2.2918622e-01,5.2709520e+00,4.8243081e-03
5.4364498e+00,5.2724134e+00,1.7313515e-02
6.7743445e+00,5.2731973e+00,1.8806589e-02
4.9233064e+00,5.2738455e+00,2.7454910e-02
1.8810280e+00,5.2748160e+00,3.6481779e-02
1.9999785e+00,5.2748249e+00,4.0891098e-02
1.7620977e+00,5.2748302e+00,3.0846671e-02
2.1189343e+00,5.2748418e+00,4.1977394e-02
1.6432333e+00,5.2748491e+00,2.2868501e-02
2.2378627e+00,5.2748616e+00,3.6328891e-02
1.5244448e+00,5.2748617e+00,1.7777672e-02
1.4057226e+00,5.2748619e+00,1.3004124e-02
2.3568604e+00,5.2749089e+00,4.3687272e-02
2.5946739e+00,5.2749162e+00,3.3121999e-02
1.2870491e+00,5.2749198e+00,9.2905536e-03
2.4757685e+00,5.2749328e+00,4.1217015e-02
3.4038987e-01,5.2749898e+00,4.4700250e-03
2.9514674e+00,5.2749906e+00,4.0251506e-02
2.7136923e+00,5.2749941e+00,2.1940995e-02
2.8325688e+00,5.2750462e+00,3.0556668e-02
3.3082787e+00,5.2750518e+00,4.5759734e-02
3.0705351e+00,5.2750784e+00,5.2887758e-02
1.1683957e+00,5.2751001e+00,6.5503932e-03
3.6649977e+00,5.2751403e+00,4.4025845e-02
3.1893874e+00,5.2751472e+00,2.9407283e-02
3.4273782e+00,5.2751611e+00,3.3419883e-02
3.5462014e+00,5.2752455e+00,3.5876833e-02
1.0497587e+00,5.2752699e+00,4.9325371e-03
3.7838938e+00,5.2752856e+00,3.0203298e-02
6.9440153e-01,5.2753435e+00,3.3524770e-03
9.3117154e-01,5.2753864e+00,3.8159388e-03
4.0219427e+00,5.2754097e+00,3.9248657e-02
8.1271094e-01,5.2754109e+00,3.4676714e-03
3.9027299e+00,5.2754221e+00,3.4117990e-02
5.7613373e-01,5.2754279e+00,3.9025759e-03
4.5792942e-01,5.2755882e+00,4.5438193e-03
4.2606040e+00,5.2756136e+00,3.8634559e-02
4.1413149e+00,5.2757030e+00,4.0362694e-02
6.9319362e+00,5.2763403e+00,1.7075986e-02
4.7137722e+00,5.2765033e+00,3.1677645e-02
9.9715393e+00,5.2774219e+00,6.5977320e-27
4.3768322e+00,5.2779378e+00,3.5530594e-02
4.8548934e+00,5.2780483e+00,2.7813609e-02
8.4077785e+00,5.2783002e+00,7.6140954e-27
5.3151734e+00,5.2783780e+00,2.3321780e-02
8.4759258e+00,5.2790367e+00,7.0517168e-27
8.2692047e+00,5.2799932e+00,7.7501503e-27
8.6116455e+00,5.2802752e+00,8.8265968e-27
8.6791656e+00,5.2805276e+00,9.8509903e-27
8.8136643e+00,5.2805336e+00,8.3738665e-27
8.8807802e+00,5.2805600e+00,7.4640160e-27
8.0591025e+00,5.2808405e+00,9.1989443e-27
9.0148836e+00,5.2809976e+00,7.6130255e-27
9.8557705e+00,5.2810985e+00,7.3526109e-27
9.0817183e+00,5.2812103e+00,8.5863664e-27
4.4969761e+00,5.2816374e+00,3.4344460e-02
9.2151162e+00,5.2816596e+00,7.8812047e-27
9.2817030e+00,5.2820214e+00,7.7620467e-27
5.2520902e+00,5.2824038e+00,2.3937272e-02
5.0543559e+00,5.2828770e+00,2.4493951e-02
9.4151603e+00,5.2834043e+00,8.4911476e-27
9.7973830e+00,5.2837925e+00,7.5251587e-27
5.1193912e+00,5.2844346e+00,2.4773180e-02
9.4817786e+00,5.2844633e+00,8.2979673e-27
5.6675503e+00,5.2854256e+00,1.7262300e-02
5.5462523e+00,5.2856624e+00,1.9284020e-02
5.7847457e+00,5.2860943e+00,1.8426864e-02
9.6777732e+00,5.2863522e+00,8.1862462e-27
5.9021579e+00,5.2865924e+00,1.9221798e-02
9.6139528e+00,5.2866349e+00,8.6105802e-27
6.0191732e+00,5.2875240e+00,1.8100870e-02
8.2071973e+00,5.2884930e+00,8.9372309e-27
8.1102700e+00,5.2885715e+00,9.2101859e-27
6.1362437e+00,5.2887673e+00,1.9848115e-02
6.9244356e-02,5.2901050e+00,4.5474655e-03
6.2534905e+00,5.2904138e+00,1.7245281e-02
1.3030701e-01,5.2912978e+00,4.8043245e-03
6.3712745e+00,5.2914723e+00,1.8222993e-02
6.4895675e+00,5.2922432e+00,1.8225781e-02
6.6081792e+00,5.2928880e+00,1.9326200e-02
4.6060421e+00,5.2957692e+00,3.2543791e-02
6.7234992e+00,5.2977680e+00,1.9074766e-02
6.8312292e+00,5.3085788e+00,1.9259713e-02
5.4082264e+00,5.3187566e+00,1.7567526e-02
5.3441133e+00,5.3233013e+00,2.1532371e-02
9.9415325e+00,5.3312536e+00,6.6763978e-27
9.8828696e+00,5.3337539e+00,7.0442759e-27
4.9521935e+00,5.3354772e+00,2.5839594e-02
8.3733418e+00,5.3370866e+00,7.5372449e-27
8.5096070e+00,5.3381689e+00,7.2570369e-27
8.3058074e+00,5.3381795e+00,7.6749398e-27
8.9140587e+00,5.3384271e+00,7.1379241e-27
8.9811966e+00,5.3385921e+00,7.0886281e-27
8.5774918e+00,5.3386420e+00,8.4010420e-27
8.7798206e+00,5.3386790e+00,9.4425174e-27
8.7126331e+00,5.3388884e+00,9.8610247e-27
9.1148698e+00,5.3390364e+00,8.5556087e-27
9.1816148e+00,5.3392528e+00,8.2392751e-27
2.2543897e-01,5.3392836e+00,4.7825991e-03
6.9648210e+00,5.3394691e+00,2.0213669e-02
9.3149941e+00,5.3399289e+00,7.7338299e-27
8.0244031e+00,5.3400989e+00,9.9093260e-27
9.3818599e+00,5.3406122e+00,8.4309096e-27
5.0159741e+00,5.3421243e+00,2.4511372e-02
4.7242486e+00,5.3422268e+00,2.9650724e-02
9.7683200e+00,5.3422448e+00,7.8585672e-27
9.5150703e+00,5.3423623e+00,8.3132839e-27
4.8398210e+00,5.3430813e+00,2.7710611e-02
9.5810921e+00,5.3431710e+00,8.6977794e-27
9.7093480e+00,5.3432809e+00,8.2705806e-27
3.4054866e-01,5.3432903e+00,4.4943968e-03
1.4057228e+00,5.3434042e+00,1.3135371e-02
1.5244513e+00,5.3434191e+00,1.8286429e-02
5.2202758e+00,5.3434341e+00,2.3257327e-02
1.2870413e+00,5.3434394e+00,9.2710617e-03
1.6432465e+00,5.3434513e+00,2.2347207e-02
1.8810742e+00,5.3434663e+00,3.5453836e-02
1.7621302e+00,5.3434671e+00,3.0348414e-02
1.9999691e+00,5.3434996e+00,4.0293093e-02
2.1188919e+00,5.3435130e+00,4.3835883e-02
2.2377979e+00,5.3435438e+00,4.4541052e-02
1.1683884e+00,5.3435528e+00,6.6431419e-03
2.3566766e+00,5.3435993e+00,4.0247306e-02
2.4755599e+00,5.3436349e+00,4.0256734e-02
2.5944523e+00,5.3436540e+00,3.8139181e-02
1.0497596e+00,5.3436783e+00,5.1954308e-03
2.7133188e+00,5.3437268e+00,2.6920819e-02
9.3119683e-01,5.3437344e+00,4.1000257e-03
8.1275926e-01,5.3437478e+00,3.6368218e-03
6.9441094e-01,5.3437620e+00,3.5039386e-03
5.7613034e-01,5.3437693e+00,4.0312757e-03
2.8321904e+00,5.3437788e+00,2.9638079e-02
4.5792329e-01,5.3437839e+00,4.5683697e-03
2.9510895e+00,5.3437973e+00,3.2853871e-02
3.0699748e+00,5.3438553e+00,4.0097966e-02
3.1888395e+00,5.3439109e+00,4.2332207e-02
3.3077462e+00,5.3439190e+00,4.6873415e-02
3.4266306e+00,5.3439825e+00,4.1013098e-02
3.6643439e+00,5.3440167e+00,4.1979443e-02
3.5454839e+00,5.3440401e+00,3.5976939e-02
3.7831535e+00,5.3441038e+00,3.5866132e-02
3.9020419e+00,5.3442054e+00,3.4439063e-02
4.0212709e+00,5.3442455e+00,3.7885642e-02
4.1403966e+00,5.3443808e+00,3.8708802e-02
4.2587870e+00,5.3449665e+00,3.6975582e-02
5.1532116e+00,5.3455309e+00,2.2497208e-02
4.3761069e+00,5.3459456e+00,3.4935083e-02
8.1257774e+00,5.3469420e+00,9.2441137e-27
8.1810288e+00,5.3471129e+00,9.0088943e-27
4.4924237e+00,5.3494167e+00,3.3369297e-02
4.6069728e+00,5.3519975e+00,3.1571950e-02
5.6671568e+00,5.3526821e+00,1.6984569e-02
5.5457309e+00,5.3527655e+00,1.8597863e-02
3.3813778e-02,5.3531521e+00,4.5654381e-03
5.7843556e+00,5.3534843e+00,1.8604764e-02
5.9016038e+00,5.3542213e+00,1.8862919e-02
1.6509767e-01,5.3545369e+00,4.8914031e-03
6.0186477e+00,5.3552196e+00,1.7513412e-02
6.1356784e+00,5.3565270e+00,1.9907079e-02
6.2531055e+00,5.3584761e+00,2.0669619e-02
6.3708061e+00,5.3598159e+00,1.9557509e-02
6.4891771e+00,5.3606275e+00,1.8995956e-02
6.6077990e+00,5.3613732e+00,2.0114123e-02
6.7240803e+00,5.3618154e+00,1.8764864e-02
5.4269538e+00,5.3676740e+00,1.6952823e-02
6.8366839e+00,5.3705735e+00,1.8687434e-02
4.7834466e+00,5.3741623e+00,2.7861154e-02
5.3224716e+00,5.3761144e+00,2.1103116e-02
2.7781961e-01,5.3775008e+00,4.7398471e-03
1.3463758e+00,5.3776812e+00,1.0117891e-02
1.4650788e+00,5.3776894e+00,1.3945010e-02
1.5838447e+00,5.3777262e+00,1.8451959e-02
1.2277093e+00,5.3777265e+00,7.4522230e-03
1.7026926e+00,5.3777709e+00,2.2625064e-02
1.8216298e+00,5.3777811e+00,3.0681371e-02
1.9405390e+00,5.3778068e+00,3.6717674e-02
1.1090817e+00,5.3778186e+00,5.8626024e-03
2.0594214e+00,5.3778397e+00,4.1164920e-02
2.1783218e+00,5.3778579e+00,4.0676167e-02
9.9049444e-01,5.3778823e+00,4.8553415e-03
5.1701346e-01,5.3778892e+00,4.3802448e-03
2.2972039e+00,5.3778978e+00,4.1249722e-02
8.7199148e-01,5.3779055e+00,4.1233106e-03
6.3525846e-01,5.3779086e+00,3.7438714e-03
7.5359304e-01,5.3779120e+00,3.6947837e-03
2.4160625e+00,5.3779500e+00,4.2094307e-02
2.5349469e+00,5.3779691e+00,4.7923974e-02
2.6538128e+00,5.3780112e+00,3.3004559e-02
3.9902725e-01,5.3780143e+00,4.4298811e-03
2.7726736e+00,5.3780777e+00,2.8463881e-02
2.8915433e+00,5.3781136e+00,2.9538386e-02
3.0104335e+00,5.3781404e+00,3.2468365e-02
3.1292891e+00,5.3782079e+00,4.5874114e-02
3.2481593e+00,5.3782380e+00,4.3920831e-02
3.3670562e+00,5.3782604e+00,4.4095228e-02
3.7236219e+00,5.3783363e+00,4.1416989e-02
3.4859041e+00,5.3783375e+00,3.5127178e-02
3.6047711e+00,5.3783430e+00,4.2758561e-02
3.8424423e+00,5.3784659e+00,3.4331062e-02
3.9613809e+00,5.3785074e+00,3.7431073e-02
4.0805356e+00,5.3785123e+00,3.7781783e-02
4.1992269e+00,5.3788556e+00,3.8522489e-02
4.3171589e+00,5.3794089e+00,3.5025349e-02
4.9019876e+00,5.3798218e+00,2.6233788e-02
4.4340149e+00,5.3802763e+00,3.3939910e-02
4.6649486e+00,5.3830280e+00,2.9758353e-02
4.5500633e+00,5.3838522e+00,3.1680496e-02
5.6084352e+00,5.3857540e+00,1.6993776e-02
5.4865486e+00,5.3867919e+00,1.8259313e-02
5.7254626e+00,5.3868446e+00,1.7642428e-02
9.9699932e+00,5.3871651e+00,6.9966224e-27
5.8427401e+00,5.3876146e+00,1.9761584e-02
5.9598764e+00,5.3885481e+00,1.8604093e-02
6.0768185e+00,5.3896173e+00,1.7297957e-02
6.1940890e+00,5.3914460e+00,2.0477069e-02
9.8533657e+00,5.3920826e+00,7.6182940e-27
5.2617172e+00,5.3922215e+00,1.9521275e-02
6.3116302e+00,5.3933344e+00,2.0520871e-02
6.6667667e+00,5.3939160e+00,1.8867965e-02
5.0441241e+00,5.3940398e+00,2.1023621e-02
6.4297199e+00,5.3944571e+00,1.9072164e-02
6.5482347e+00,5.3952062e+00,2.0549940e-02
5.1163263e+00,5.3958889e+00,2.1677504e-02
8.2721839e+00,5.3962382e+00,8.2276190e-27
8.4071994e+00,5.3963330e+00,7.3983337e-27
8.8803279e+00,5.3963779e+00,8.0563051e-27
9.0143840e+00,5.3964749e+00,8.1916219e-27
8.8132058e+00,5.3966563e+00,8.7108048e-27
8.2094127e+00,5.3966719e+00,9.0701854e-27
8.4753172e+00,5.3966790e+00,7.2372677e-27
9.0812226e+00,5.3967064e+00,8.0640012e-27
9.2149260e+00,5.3971174e+00,7.9090789e-27
8.6787153e+00,5.3973537e+00,8.6555952e-27
8.6110942e+00,5.3973596e+00,8.1502926e-27
9.2817185e+00,5.3974317e+00,7.9143985e-27
9.7972036e+00,5.3978795e+00,7.6708059e-27
6.9409218e+00,5.3980480e+00,1.8778133e-02
8.0979098e+00,5.3984492e+00,9.1568199e-27
9.4153907e+00,5.3984585e+00,8.6303595e-27
9.4819827e+00,5.3991495e+00,8.2300121e-27
6.7803802e+00,5.3992393e+00,1.8260303e-02
8.0477030e+00,5.3993372e+00,9.4048693e-27
9.6140132e+00,5.4004630e+00,8.5776198e-27
9.6784487e+00,5.4008555e+00,8.4956583e-27
5.3708723e+00,5.4047409e+00,1.7733440e-02
6.8863647e+00,5.4113207e+00,1.8978027e-02
6.7191619e-02,5.4126255e+00,4.6168798e-03
1.3741286e-01,5.4128175e+00,4.8152966e-03
4.9046649e+00,5.4439362e+00,2.4273666e-02
9.9410226e+00,5.4457911e+00,7.1828743e-27
5.1698580e-01,5.4461075e+00,4.2429777e-03
1.5839057e+00,5.4461862e+00,1.7995818e-02
1.7028920e+00,5.4461933e+00,2.2022228e-02
6.3525798e-01,5.4462086e+00,4.0899467e-03
3.9899897e-01,5.4462114e+00,4.3230415e-03
1.3463716e+00,5.4462243e+00,9.9102114e-03
1.2277070e+00,5.4462271e+00,7.4354026e-03
1.4650722e+00,5.4462329e+00,1.3492286e-02
1.1090849e+00,5.4462375e+00,5.8596585e-03
9.9053322e-01,5.4462529e+00,4.8369750e-03
8.7203489e-01,5.4462614e+00,4.3581995e-03
7.5359726e-01,5.4462622e+00,4.0198566e-03
1.8218008e+00,5.4463378e+00,2.8962287e-02
1.9406460e+00,5.4464025e+00,3.4211300e-02
2.0594158e+00,5.4464901e+00,3.8686042e-02
2.1782913e+00,5.4465066e+00,4.0155152e-02
2.2971531e+00,5.4465393e+00,4.1946155e-02
2.4160071e+00,5.4465844e+00,4.2512813e-02
2.5348564e+00,5.4466344e+00,4.5488436e-02
2.6537174e+00,5.4466692e+00,3.8735236e-02
8.1808537e+00,5.4467072e+00,9.0104879e-27
2.7725839e+00,5.4467125e+00,4.1359193e-02
2.8914379e+00,5.4467922e+00,3.6672604e-02
3.0103016e+00,5.4468141e+00,3.5856016e-02
3.1291680e+00,5.4468372e+00,3.9240535e-02
3.2480237e+00,5.4469215e+00,3.8793026e-02
3.6046137e+00,5.4469331e+00,4.1591573e-02
3.4857497e+00,5.4469558e+00,3.8271120e-02
3.3668831e+00,5.4469608e+00,4.0924343e-02
3.7234458e+00,5.4469661e+00,4.0662859e-02
2.7834493e-01,5.4469834e+00,4.7295652e-03
3.8423602e+00,5.4470769e+00,3.9082353e-02
4.0800908e+00,5.4471232e+00,3.6882771e-02
4.1986853e+00,5.4471764e+00,3.6290771e-02
3.9612668e+00,5.4471877e+00,3.8263300e-02
4.3166322e+00,5.4474409e+00,3.3327840e-02
4.4336555e+00,5.4476066e+00,3.1669445e-02
4.7825401e+00,5.4477268e+00,2.5597719e-02
9.8830579e+00,5.4482083e+00,7.1789834e-27
4.5499028e+00,5.4483850e+00,2.9861518e-02
4.6662266e+00,5.4484376e+00,2.7798183e-02
8.1246022e+00,5.4486554e+00,9.1016471e-27
6.6662869e+00,5.4499151e+00,1.8926496e-02
5.4898098e+00,5.4526152e+00,1.8347560e-02
5.2494938e+00,5.4526927e+00,1.7313986e-02
5.0210082e+00,5.4529210e+00,2.1389381e-02
5.6078676e+00,5.4531087e+00,1.8080148e-02
8.3055298e+00,5.4538304e+00,8.2143648e-27
8.9804947e+00,5.4541941e+00,8.2432331e-27
8.9135765e+00,5.4542622e+00,8.1306055e-27
5.7249558e+00,5.4543585e+00,1.8166048e-02
9.7696995e+00,5.4545486e+00,7.9027669e-27
9.1143766e+00,5.4546382e+00,7.7120537e-27
9.1813350e+00,5.4548328e+00,7.5788744e-27
5.1322465e+00,5.4549191e+00,2.0182571e-02
8.3730110e+00,5.4550181e+00,7.7258787e-27
9.3149545e+00,5.4552614e+00,8.0128094e-27
8.7796023e+00,5.4552677e+00,8.2290709e-27
5.8421986e+00,5.4552765e+00,2.0321617e-02
9.3817609e+00,5.4556048e+00,8.4856777e-27
8.7122994e+00,5.4557557e+00,8.2987379e-27
8.5090848e+00,5.4557619e+00,7.1516686e-27
8.5769770e+00,5.4559695e+00,7.4395419e-27
5.9594380e+00,5.4562579e+00,1.9344496e-02
9.7099167e+00,5.4564885e+00,8.2675453e-27
9.5150556e+00,5.4564960e+00,8.1786049e-27
9.5810642e+00,5.4570006e+00,8.3322594e-27
5.3701589e+00,5.4573125e+00,1.5671190e-02
6.0763746e+00,5.4575791e+00,1.7871049e-02
6.9761008e+00,5.4585790e+00,1.7618741e-02
8.0232998e+00,5.4592382e+00,9.8035997e-27
6.1935894e+00,5.4595263e+00,1.9249710e-02
6.3111806e+00,5.4617307e+00,1.9492157e-02
6.4292705e+00,5.4628518e+00,1.9178083e-02
6.7759398e+00,5.4629191e+00,1.8076722e-02
6.5540988e+00,5.4644232e+00,2.0113163e-02
1.6472662e-01,5.4701332e+00,4.8680586e-03
3.3377841e-02,5.4712381e+00,4.5587005e-03
4.9631358e+00,5.4783923e+00,2.2863002e-02
4.5786736e-01,5.4801994e+00,4.2472690e-03
5.7610220e-01,5.4802876e+00,4.1598451e-03
1.6435070e+00,5.4803337e+00,1.8301937e-02
6.9441468e-01,5.4804122e+00,4.2092966e-03
1.5245057e+00,5.4804226e+00,1.3739357e-02
1.7625006e+00,5.4804462e+00,2.2228400e-02
8.1280689e-01,5.4804539e+00,4.4191267e-03
9.3127901e-01,5.4804610e+00,4.6425201e-03
1.0498016e+00,5.4804677e+00,5.3366198e-03
1.1683894e+00,5.4804723e+00,6.3911761e-03
1.2870349e+00,5.4804830e+00,8.0507404e-03
1.4057119e+00,5.4804908e+00,9.9674459e-03
1.8813523e+00,5.4806187e+00,2.8905244e-02
2.0000706e+00,5.4807458e+00,3.4615920e-02
4.8415918e+00,5.4807602e+00,2.4456661e-02
2.1188557e+00,5.4808122e+00,3.9401618e-02
2.2377165e+00,5.4808340e+00,3.8451026e-02
2.3565705e+00,5.4808752e+00,3.9530868e-02
2.4754140e+00,5.4809346e+00,4.1350713e-02
3.4104571e-01,5.4809700e+00,4.6462648e-03
2.5942663e+00,5.4809772e+00,4.3468066e-02
2.7131336e+00,5.4810195e+00,4.3223285e-02
2.8319952e+00,5.4810922e+00,3.8463742e-02
2.9508521e+00,5.4811496e+00,3.6994065e-02
3.0697217e+00,5.4811583e+00,3.7070783e-02
4.7246200e+00,5.4812009e+00,2.6013302e-02
3.1885828e+00,5.4812238e+00,3.7916999e-02
3.6640104e+00,5.4812365e+00,4.0688554e-02
3.5451721e+00,5.4812484e+00,3.8616939e-02
4.4919037e+00,5.4812798e+00,3.0049153e-02
5.1903181e+00,5.4812975e+00,1.8504322e-02
3.4263031e+00,5.4813012e+00,4.2067927e-02
3.3074375e+00,5.4813029e+00,4.0773349e-02
4.3752208e+00,5.4813079e+00,3.1841806e-02
4.1394102e+00,5.4813125e+00,3.6329963e-02
4.2577188e+00,5.4813194e+00,3.4261947e-02
3.7828954e+00,5.4813446e+00,4.1735143e-02
6.7191600e+00,5.4814944e+00,1.8103485e-02
3.9018458e+00,5.4814968e+00,3.7705527e-02
4.0207120e+00,5.4815366e+00,3.7158173e-02
4.6080903e+00,5.4819399e+00,2.7851585e-02
2.2602918e-01,5.4847079e+00,4.9288668e-03
6.8860067e+00,5.4851838e+00,1.9498995e-02
5.5484245e+00,5.4859434e+00,1.8328294e-02
5.4295015e+00,5.4860688e+00,1.5448000e-02
6.6131833e+00,5.4865894e+00,1.8916417e-02
5.6660825e+00,5.4875507e+00,1.7993965e-02
5.7833072e+00,5.4886602e+00,1.7996222e-02
5.3095346e+00,5.4891571e+00,1.5512553e-02
5.9006239e+00,5.4895929e+00,1.9781786e-02
6.0177654e+00,5.4908912e+00,1.9061048e-02
5.0745556e+00,5.4909276e+00,1.9881606e-02
6.1347349e+00,5.4925692e+00,1.8539387e-02
6.2521562e+00,5.4949528e+00,1.9075299e-02
6.3699070e+00,5.4966069e+00,1.8850043e-02
6.4945918e+00,5.4982392e+00,1.9915398e-02
9.9710294e+00,5.5030705e+00,6.4282931e-27
8.2055751e+00,5.5040438e+00,8.8402030e-27
8.1088182e+00,5.5074856e+00,9.6418048e-27
9.8551670e+00,5.5076512e+00,6.6454098e-27
6.8318854e+00,5.5081165e+00,1.9620538e-02
9.7979706e+00,5.5081946e+00,7.2548732e-27
8.2674800e+00,5.5116007e+00,8.2845988e-27
6.9405638e+00,5.5119112e+00,2.0101032e-02
8.8798769e+00,5.5122300e+00,8.1668451e-27
9.0136519e+00,5.5122737e+00,7.7758386e-27
9.0806952e+00,5.5124862e+00,7.7316908e-27
9.2145960e+00,5.5127505e+00,7.6543238e-27
9.2814230e+00,5.5128648e+00,7.7544091e-27
8.8130248e+00,5.5129571e+00,8.2175110e-27
9.6785408e+00,5.5131209e+00,8.2300259e-27
9.4149647e+00,5.5131793e+00,8.6559179e-27
9.4816674e+00,5.5133794e+00,8.1743625e-27
9.6141239e+00,5.5140255e+00,8.3804132e-27
8.4069222e+00,5.5141184e+00,7.6384073e-27
8.4748782e+00,5.5145162e+00,7.2135789e-27
8.6785512e+00,5.5149471e+00,7.7010183e-27
8.6108499e+00,5.5151549e+00,7.4079810e-27
8.0577227e+00,5.5171804e+00,1.1168183e-26
1.2972750e-01,5.5333738e+00,4.8222771e-03
6.8599958e-02,5.5346707e+00,4.6174142e-03
6.7050172e+00,5.5364763e+00,1.8187663e-02
6.6384516e+00,5.5397738e+00,1.8508357e-02
8.1604467e+00,5.5446959e+00,9.2956404e-27
1.2872068e+00,5.5474517e+00,8.0075898e-03
1.0495133e+00,5.5476676e+00,5.5420431e-03
4.8419484e+00,5.5477218e+00,2.2803479e-02
4.7247568e+00,5.5482193e+00,2.3626283e-02
1.6438623e+00,5.5482726e+00,1.7377247e-02
4.6083846e+00,5.5483924e+00,2.5626911e-02
4.5784085e-01,5.5484399e+00,4.3038437e-03
9.3094402e-01,5.5484901e+00,4.7964869e-03
5.7608111e-01,5.5484986e+00,4.1052757e-03
4.4919716e+00,5.5485561e+00,2.7776612e-02
4.9584036e+00,5.5486089e+00,2.0791758e-02
4.3753096e+00,5.5487077e+00,2.9752222e-02
6.9440859e-01,5.5487759e+00,4.3787768e-03
1.7629895e+00,5.5487981e+00,2.0878340e-02
8.1280443e-01,5.5488399e+00,4.5243959e-03
1.1683833e+00,5.5489518e+00,6.1965875e-03
1.5244862e+00,5.5489537e+00,1.3209492e-02
1.4057045e+00,5.5490244e+00,9.7520935e-03
1.8817473e+00,5.5490597e+00,2.6289574e-02
5.1913153e+00,5.5490613e+00,1.8976561e-02
3.4081165e-01,5.5490642e+00,4.6770184e-03
2.2380573e+00,5.5492425e+00,3.6238014e-02
5.3089306e+00,5.5492961e+00,1.7354877e-02
2.5943663e+00,5.5492993e+00,4.0053724e-02
4.2576890e+00,5.5493583e+00,3.1074155e-02
2.0000902e+00,5.5493702e+00,3.1548881e-02
2.4753994e+00,5.5493850e+00,3.9525672e-02
2.1188466e+00,5.5494321e+00,3.5759649e-02
2.3565362e+00,5.5495040e+00,3.7834498e-02
3.6641336e+00,5.5495426e+00,3.7752841e-02
2.8319559e+00,5.5496081e+00,4.0246427e-02
2.7130703e+00,5.5496978e+00,4.4073033e-02
3.3072822e+00,5.5497947e+00,3.9700217e-02
5.0743952e+00,5.5498128e+00,2.0352809e-02
4.1394454e+00,5.5498258e+00,3.3103738e-02
3.5450225e+00,5.5498346e+00,3.8862275e-02
3.0696690e+00,5.5498545e+00,3.9589434e-02
2.9507825e+00,5.5498753e+00,3.9860100e-02
3.9019814e+00,5.5498917e+00,3.5577093e-02
3.1884600e+00,5.5499064e+00,3.8567411e-02
3.4262631e+00,5.5499692e+00,3.9020401e-02
5.4276219e+00,5.5499874e+00,1.6976587e-02
3.7828015e+00,5.5500140e+00,3.7641762e-02
4.0209561e+00,5.5500925e+00,3.4367197e-02
2.2961525e-01,5.5527828e+00,5.0470032e-03
5.5474614e+00,5.5530941e+00,1.8327891e-02
5.6655136e+00,5.5552019e+00,1.7357543e-02
5.7827818e+00,5.5563844e+00,1.8306695e-02
5.9001099e+00,5.5574121e+00,1.9253086e-02
6.0173411e+00,5.5587823e+00,1.9667089e-02
9.9397411e+00,5.5588913e+00,5.8866530e-27
6.1343783e+00,5.5608628e+00,1.9163055e-02
9.8818434e+00,5.5610548e+00,5.9644275e-27
6.2516448e+00,5.5634048e+00,1.9467003e-02
9.7696584e+00,5.5649468e+00,7.3475084e-27
6.3694392e+00,5.5649856e+00,1.9236950e-02
6.4925542e+00,5.5653752e+00,1.9527590e-02
9.7100113e+00,5.5679331e+00,7.8821496e-27
9.1129021e+00,5.5691857e+00,7.5650121e-27
9.1798445e+00,5.5692555e+00,7.7804883e-27
9.3817129e+00,5.5695251e+00,8.5466873e-27
9.3149776e+00,5.5695541e+00,8.4966579e-27
9.5159996e+00,5.5698211e+00,8.1054460e-27
9.5824475e+00,5.5699625e+00,8.3156657e-27
8.9130892e+00,5.5701930e+00,8.1234761e-27
8.9799460e+00,5.5703048e+00,7.9221181e-27
8.7791508e+00,5.5713018e+00,7.9323548e-27
8.3007293e+00,5.5715796e+00,8.3272966e-27
8.7119801e+00,5.5728038e+00,7.5868180e-27
8.3726904e+00,5.5729096e+00,8.3120054e-27
6.9644630e+00,5.5733322e+00,1.6490064e-02
8.5087109e+00,5.5735919e+00,7.0775823e-27
8.5767904e+00,5.5740230e+00,6.9677065e-27
6.8168583e+00,5.5742094e+00,1.8432073e-02
8.0344229e+00,5.5779422e+00,1.0793744e-26
5.2498869e+00,5.5805954e+00,1.5302286e-02
4.9002894e+00,5.5811143e+00,2.0735687e-02
5.3676752e+00,5.5813699e+00,1.8213441e-02
1.7015697e-01,5.5813831e+00,4.9768206e-03
9.8990987e-01,5.5814820e+00,5.4978505e-03
5.1330832e+00,5.5815681e+00,1.8080325e-02
1.2278729e+00,5.5816753e+00,6.7470413e-03
4.7830335e+00,5.5817068e+00,2.2767132e-02
1.3465361e+00,5.5817267e+00,8.4485941e-03
4.6666576e+00,5.5819085e+00,2.3584910e-02
1.1087905e+00,5.5819170e+00,5.6650597e-03
5.0161156e+00,5.5820228e+00,2.0759787e-02
4.5502649e+00,5.5821139e+00,2.6003893e-02
4.4338121e+00,5.5822827e+00,2.7743291e-02
1.7037362e+00,5.5824841e+00,1.7283194e-02
3.9873839e-01,5.5825462e+00,4.6925018e-03
5.1693819e-01,5.5825591e+00,4.2081536e-03
1.5842415e+00,5.5826562e+00,1.3136257e-02
8.7169744e-01,5.5826766e+00,4.7331282e-03
6.3523079e-01,5.5827834e+00,4.2960212e-03
4.3166912e+00,5.5828796e+00,2.9770418e-02
7.5358871e-01,5.5830119e+00,4.5569891e-03
1.8226847e+00,5.5831307e+00,2.1063754e-02
2.8169694e-01,5.5831526e+00,5.0410075e-03
1.4650451e+00,5.5832977e+00,9.8575260e-03
2.5349418e+00,5.5834070e+00,3.8258562e-02
1.9410606e+00,5.5834680e+00,2.7000496e-02
2.1786229e+00,5.5835349e+00,3.6136466e-02
2.2974596e+00,5.5835766e+00,3.6309783e-02
2.4159583e+00,5.5836637e+00,3.7290825e-02
2.6537540e+00,5.5836696e+00,3.9894259e-02
5.4869670e+00,5.5836844e+00,1.6646578e-02
4.1986907e+00,5.5837287e+00,3.1417254e-02
2.0594264e+00,5.5837345e+00,3.1905078e-02
3.6045874e+00,5.5838254e+00,3.8508287e-02
2.7724812e+00,5.5839066e+00,4.2999633e-02
3.7234750e+00,5.5839417e+00,3.6999016e-02
6.7467699e+00,5.5839940e+00,1.8544794e-02
2.8913290e+00,5.5840337e+00,3.9974573e-02
3.2477455e+00,5.5840960e+00,3.9016913e-02
3.3666878e+00,5.5841205e+00,3.8929739e-02
3.9616465e+00,5.5841384e+00,3.4813753e-02
3.8424019e+00,5.5841413e+00,3.6551125e-02
4.0803701e+00,5.5841924e+00,3.3054349e-02
3.4855602e+00,5.5842100e+00,3.9247373e-02
3.1289925e+00,5.5842161e+00,3.9680434e-02
3.0101793e+00,5.5842360e+00,3.9329444e-02
5.6063355e+00,5.5879106e+00,1.8257090e-02
5.7238615e+00,5.5897340e+00,1.6658298e-02
5.8411591e+00,5.5908199e+00,1.9043764e-02
5.9584996e+00,5.5919682e+00,1.9326070e-02
3.5222117e-02,5.5928444e+00,4.8328007e-03
6.6125663e+00,5.5929930e+00,1.8409822e-02
8.1664105e+00,5.5936660e+00,9.1499414e-27
6.0755937e+00,5.5937638e+00,1.9299602e-02
6.1927214e+00,5.5962718e+00,1.9277765e-02
6.4267651e+00,5.5983664e+00,1.9658251e-02
6.3102014e+00,5.5985613e+00,1.9100101e-02
6.5457327e+00,5.6066938e+00,1.8411123e-02
9.9687118e+00,5.6113764e+00,6.3208728e-27
9.8534272e+00,5.6143734e+00,5.9882514e-27
9.7984385e+00,5.6177220e+00,7.1482301e-27
9.6795144e+00,5.6245219e+00,8.2521833e-27
9.0790382e+00,5.6255562e+00,7.6334349e-27
9.6163675e+00,5.6256467e+00,8.2040511e-27
8.8802285e+00,5.6268369e+00,8.0840060e-27
9.0131254e+00,5.6268877e+00,7.6909120e-27
8.8131422e+00,5.6272186e+00,7.7578405e-27
9.2118427e+00,5.6296418e+00,8.6748749e-27
9.2801488e+00,5.6298261e+00,8.5660211e-27
9.4182561e+00,5.6298806e+00,8.2393048e-27
9.4858401e+00,5.6299764e+00,8.0957830e-27
8.2661912e+00,5.6306635e+00,8.5919575e-27
8.4068343e+00,5.6315162e+00,8.3630619e-27
8.4748988e+00,5.6318007e+00,8.2112296e-27
8.2104499e+00,5.6326699e+00,9.1239249e-27
6.8602512e+00,5.6326745e+00,1.8104412e-02
6.9298354e+00,5.6333090e+00,1.6634206e-02
8.6798609e+00,5.6355977e+00,7.2921187e-27
8.1226088e+00,5.6356758e+00,1.0178465e-26
8.0655495e+00,5.6364005e+00,1.0687029e-26
8.6123725e+00,5.6366090e+00,7.1548962e-27
6.7216987e+00,5.6423198e+00,1.8075324e-02
1.2283237e+00,5.6445741e+00,6.7057016e-03
1.1091844e+00,5.6453655e+00,5.5944876e-03
1.6313339e-01,5.6458293e+00,4.9461244e-03
5.1333783e+00,5.6461114e+00,1.9274850e-02
5.2502315e+00,5.6461770e+00,1.5585320e-02
5.3672614e+00,5.6463786e+00,1.8389938e-02
5.0164953e+00,5.6470610e+00,1.9980611e-02
1.3476029e+00,5.6474436e+00,8.4492620e-03
9.8939123e-01,5.6478668e+00,5.5970973e-03
6.6540607e+00,5.6480214e+00,1.8095513e-02
4.6666290e+00,5.6482014e+00,2.1032140e-02
4.8997348e+00,5.6486047e+00,1.6444400e-02
4.7831802e+00,5.6488913e+00,2.0435753e-02
4.4345220e+00,5.6493567e+00,2.4519343e-02
1.7049849e+00,5.6493578e+00,1.5503094e-02
5.4859345e+00,5.6493685e+00,1.7077895e-02
4.5502227e+00,5.6493764e+00,2.2870026e-02
1.5844040e+00,5.6497472e+00,1.2321637e-02
4.3171576e+00,5.6499622e+00,2.7050946e-02
2.5358143e+00,5.6501907e+00,3.4621884e-02
5.1691241e-01,5.6503184e+00,4.5086461e-03
7.5357543e-01,5.6503594e+00,4.6836056e-03
1.8249403e+00,5.6504984e+00,1.8780627e-02
6.3517468e-01,5.6506035e+00,4.6498908e-03
2.8050192e-01,5.6507200e+00,5.0469580e-03
3.9871127e-01,5.6507794e+00,4.8554768e-03
1.4650961e+00,5.6507805e+00,9.4853483e-03
1.9431954e+00,5.6508525e+00,2.3949119e-02
2.1807881e+00,5.6508663e+00,3.1704375e-02
3.9624925e+00,5.6509409e+00,3.1861247e-02
8.7169669e-01,5.6510760e+00,4.9329866e-03
2.4161258e+00,5.6510957e+00,3.4534240e-02
2.0612976e+00,5.6512372e+00,2.8204606e-02
3.8423884e+00,5.6513094e+00,3.2715228e-02
2.7725666e+00,5.6513710e+00,3.6354160e-02
2.6547633e+00,5.6513930e+00,3.5052219e-02
2.2987824e+00,5.6513984e+00,3.2235940e-02
3.2471909e+00,5.6514233e+00,3.6425196e-02
3.6049855e+00,5.6514355e+00,3.4793808e-02
3.3665220e+00,5.6514615e+00,3.5650566e-02
5.8893977e-02,5.6516680e+00,5.0712620e-03
3.7241494e+00,5.6517836e+00,3.3497673e-02
4.1984823e+00,5.6517905e+00,2.8515196e-02
3.0100858e+00,5.6518557e+00,3.6353004e-02
4.0812076e+00,5.6520237e+00,3.0010155e-02
3.4850961e+00,5.6524559e+00,3.5449696e-02
3.1285458e+00,5.6525275e+00,3.6185271e-02
2.8912054e+00,5.6527451e+00,3.6485444e-02
5.6056797e+00,5.6557767e+00,1.7968003e-02
5.7233484e+00,5.6575066e+00,1.7327358e-02
5.8406594e+00,5.6579397e+00,1.8891433e-02
5.9579521e+00,5.6592193e+00,1.8890933e-02
6.0748848e+00,5.6600134e+00,1.9105906e-02
6.4250798e+00,5.6634113e+00,1.8579152e-02
6.1918820e+00,5.6636884e+00,1.8550356e-02
6.3097022e+00,5.6652442e+00,1.8767323e-02
9.9381338e+00,5.6670476e+00,5.5079366e-27
6.5285219e+00,5.6672574e+00,1.7894863e-02
9.8807469e+00,5.6678811e+00,6.0770707e-27
9.7705870e+00,5.6736627e+00,7.8940630e-27
9.5884193e+00,5.6739336e+00,8.2549947e-27
9.1074292e+00,5.6746320e+00,8.2619904e-27
1.1692280e+00,5.6752991e+00,6.0516005e-03
1.1299793e-01,5.6756016e+00,5.0930603e-03
1.2887244e+00,5.6760674e+00,7.2894809e-03
9.7113100e+00,5.6774764e+00,7.6566537e-27
1.0493885e+00,5.6775010e+00,5.4100833e-03
8.7837488e+00,5.6780162e+00,7.4609011e-27
9.5243398e+00,5.6784047e+00,8.2213042e-27
9.1732914e+00,5.6786479e+00,8.4374549e-27
5.1919549e+00,5.6791861e+00,1.4706880e-02
5.0750699e+00,5.6793943e+00,1.8997068e-02
5.3088613e+00,5.6798863e+00,1.7712350e-02
9.3157407e+00,5.6805325e+00,8.0631536e-27
9.3871128e+00,5.6806160e+00,8.2597665e-27
5.4261755e+00,5.6806800e+00,1.7314165e-02
4.9582287e+00,5.6811376e+00,1.6142158e-02
4.7248749e+00,5.6816967e+00,2.2277504e-02
4.6083137e+00,5.6819478e+00,2.2194967e-02
1.4068223e+00,5.6822241e+00,8.3665175e-03
1.6452734e+00,5.6822374e+00,1.2536984e-02
4.8415405e+00,5.6823967e+00,1.5680759e-02
4.3764858e+00,5.6828643e+00,2.4844675e-02
4.4926392e+00,5.6828926e+00,2.3299655e-02
1.7664938e+00,5.6830395e+00,1.5285390e-02
8.9794228e+00,5.6831303e+00,8.0887943e-27
8.9133827e+00,5.6831913e+00,8.2962758e-27
9.3042463e-01,5.6832744e+00,5.5768086e-03
1.5246996e+00,5.6835275e+00,9.5211723e-03
2.4764394e+00,5.6836007e+00,3.4305210e-02
2.5962481e+00,5.6838065e+00,3.3956214e-02
1.8861377e+00,5.6838119e+00,1.9288287e-02
3.9028140e+00,5.6838622e+00,3.1588864e-02
6.9433919e-01,5.6839435e+00,4.7331315e-03
5.7599921e-01,5.6840781e+00,4.6281770e-03
2.0040963e+00,5.6842575e+00,2.4346423e-02
2.1228831e+00,5.6842662e+00,2.8260129e-02
2.2415453e+00,5.6843956e+00,3.0858804e-02
4.5778795e-01,5.6844325e+00,4.8648948e-03
3.3065617e+00,5.6844630e+00,3.6039198e-02
4.2579470e+00,5.6845028e+00,2.6946311e-02
8.1279039e-01,5.6845868e+00,4.8909694e-03
4.0226397e+00,5.6847261e+00,3.0044156e-02
2.3580266e+00,5.6847578e+00,3.3023778e-02
2.2139665e-01,5.6847965e+00,4.9878981e-03
3.3958951e-01,5.6848649e+00,5.0573076e-03
2.7141650e+00,5.6848857e+00,3.4941042e-02
8.7176382e+00,5.6848932e+00,7.5749870e-27
3.6652061e+00,5.6849947e+00,3.3878550e-02
3.7834624e+00,5.6850241e+00,3.2710817e-02
3.1874586e+00,5.6855452e+00,3.5954469e-02
3.4256332e+00,5.6855561e+00,3.5108699e-02
3.5449566e+00,5.6856907e+00,3.4798592e-02
4.1400745e+00,5.6857189e+00,2.8394201e-02
2.8319177e+00,5.6857838e+00,3.5947429e-02
3.0691289e+00,5.6857857e+00,3.5916371e-02
2.9505655e+00,5.6862063e+00,3.6318759e-02
5.5457731e+00,5.6866443e+00,1.7353620e-02
8.3738868e+00,5.6878388e+00,8.6156701e-27
8.3052047e+00,5.6883161e+00,8.5222250e-27
5.6643447e+00,5.6908407e+00,1.7157242e-02
6.4736581e+00,5.6909837e+00,1.7636913e-02
8.1929968e+00,5.6911365e+00,1.0162382e-26
5.7817690e+00,5.6912768e+00,1.8202831e-02
5.8990626e+00,5.6917830e+00,1.8311237e-02
8.5068217e+00,5.6918226e+00,8.4018319e-27
6.0160847e+00,5.6922830e+00,1.8560731e-02
8.1456611e+00,5.6926488e+00,1.0443919e-26
6.1328300e+00,5.6945289e+00,1.8777825e-02
8.5762158e+00,5.6961998e+00,8.1887809e-27
6.3672548e+00,5.6967133e+00,1.9117915e-02
6.2503063e+00,5.6975042e+00,1.8456504e-02
8.0311266e+00,5.6984584e+00,9.6033256e-27
6.7582439e+00,5.6987694e+00,1.9662111e-02
6.8267080e+00,5.6989087e+00,1.9448906e-02
6.9653724e+00,5.6999768e+00,1.4271628e-02
6.6250230e+00,5.7051391e+00,1.7960393e-02
2.3671860e-02,5.7058824e+00,4.7851773e-03
6.5663178e+00,5.7106742e+00,1.7520731e-02
9.9694220e+00,5.7223379e+00,5.6870031e-27
9.8556572e+00,5.7242661e+00,7.6826182e-27
9.8004860e+00,5.7266991e+00,7.6513920e-27
9.6200867e+00,5.7316466e+00,8.0470956e-27
9.0765013e+00,5.7322622e+00,8.2738232e-27
8.8135815e+00,5.7337445e+00,7.8921615e-27
9.6798304e+00,5.7363141e+00,7.1041018e-27
9.5148202e+00,5.7369143e+00,8.3084189e-27
1.1725670e+00,5.7371140e+00,6.2147044e-03
9.1856192e+00,5.7375213e+00,8.2337323e-27
9.4082031e+00,5.7381199e+00,8.7987494e-27
9.2982694e+00,5.7391064e+00,8.1165318e-27
8.8761290e+00,5.7393013e+00,8.1089790e-27
9.0144076e+00,5.7394289e+00,8.1069399e-27
1.2911636e+00,5.7401817e+00,7.4146429e-03
1.0518505e+00,5.7415562e+00,5.3281087e-03
5.1939930e+00,5.7429057e+00,1.5347612e-02
8.7067663e+00,5.7434103e+00,8.7268650e-27
8.4082125e+00,5.7434529e+00,8.9063197e-27
5.0782168e+00,5.7435516e+00,1.8682653e-02
4.7249740e+00,5.7437441e+00,2.2347887e-02
4.8425052e+00,5.7452380e+00,1.6852871e-02
5.3126928e+00,5.7457218e+00,1.5399230e-02
4.9613465e+00,5.7459836e+00,1.8091746e-02
6.9430803e-01,5.7460723e+00,5.0732294e-03
5.4293641e+00,5.7463556e+00,1.6399995e-02
1.4095270e+00,5.7463600e+00,8.1660679e-03
1.1116899e-01,5.7469496e+00,5.1513427e-03
4.6103713e+00,5.7470084e+00,2.0146500e-02
1.6481432e+00,5.7471027e+00,1.2074384e-02
8.4730829e+00,5.7471522e+00,9.1015153e-27
4.5817670e-01,5.7472261e+00,5.2939346e-03
8.2713103e+00,5.7472293e+00,9.7855833e-27
5.7681717e-01,5.7474839e+00,5.0245859e-03
5.5454044e+00,5.7475678e+00,1.7355244e-02
1.5271105e+00,5.7475926e+00,9.1834403e-03
2.2179457e-01,5.7479317e+00,5.0892455e-03
1.7708764e+00,5.7479480e+00,1.3549839e-02
3.4018114e-01,5.7479605e+00,5.0827597e-03
8.2148437e+00,5.7480433e+00,1.0175802e-26
3.9052692e+00,5.7481163e+00,2.6677986e-02
2.8317544e+00,5.7482014e+00,3.0220896e-02
2.9504031e+00,5.7482747e+00,3.1142021e-02
2.4793366e+00,5.7482837e+00,2.8256519e-02
2.5983034e+00,5.7484275e+00,2.9291177e-02
4.3791228e+00,5.7485239e+00,2.0607891e-02
9.3308936e-01,5.7487332e+00,5.5483622e-03
2.7164191e+00,5.7489386e+00,3.0065702e-02
3.7854740e+00,5.7490159e+00,2.7927519e-02
6.4788925e+00,5.7490887e+00,1.7704985e-02
4.4951327e+00,5.7491318e+00,2.0037523e-02
3.3075121e+00,5.7491914e+00,3.0145228e-02
4.0243744e+00,5.7492293e+00,2.5567800e-02
1.8914616e+00,5.7493328e+00,1.6117182e-02
2.1281266e+00,5.7493680e+00,2.3078968e-02
2.3613715e+00,5.7494190e+00,2.7008816e-02
2.0097392e+00,5.7495620e+00,1.9658764e-02
2.2459310e+00,5.7499749e+00,2.4887637e-02
3.6662133e+00,5.7502508e+00,2.8591229e-02
3.1886909e+00,5.7504023e+00,3.0337411e-02
4.2589564e+00,5.7504930e+00,2.2808180e-02
8.1446734e-01,5.7506029e+00,5.2621813e-03
3.4257944e+00,5.7507891e+00,2.9726092e-02
5.7812524e+00,5.7510760e+00,1.7375269e-02
3.0693894e+00,5.7510810e+00,3.0365537e-02
4.1411237e+00,5.7513215e+00,2.4060244e-02
3.5471587e+00,5.7513648e+00,2.9309099e-02
5.6646131e+00,5.7516962e+00,1.6944301e-02
5.8994165e+00,5.7520728e+00,1.7374509e-02
6.0161932e+00,5.7520856e+00,1.7467149e-02
8.1254537e+00,5.7523678e+00,1.1204372e-26
6.2494888e+00,5.7532220e+00,1.8716477e-02
6.1362708e+00,5.7551866e+00,1.7857864e-02
8.6001245e+00,5.7553897e+00,8.4361178e-27
8.0679785e+00,5.7574526e+00,1.1297375e-26
6.8625825e+00,5.7579485e+00,2.1176750e-02
6.7250303e+00,5.7583709e+00,1.8558931e-02
6.9316627e+00,5.7583821e+00,1.9633462e-02
6.6594474e+00,5.7590390e+00,1.8305690e-02
6.5363154e+00,5.7605298e+00,1.7534295e-02
6.3649256e+00,5.7614055e+00,1.9046641e-02
5.7065043e-02,5.7622317e+00,4.9316052e-03
9.4643956e+00,5.7641429e+00,8.4379296e-27
9.2404192e+00,5.7652131e+00,8.1954281e-27
1.2341019e+00,5.7705033e+00,6.9983029e-03
1.1149853e+00,5.7712355e+00,6.1413150e-03
9.5778070e+00,5.7717291e+00,8.4755912e-27
9.1214926e+00,5.7720566e+00,8.3318190e-27
8.6587940e+00,5.7726484e+00,8.6370265e-27
9.3544672e+00,5.7736997e+00,8.6343162e-27
4.7842441e+00,5.7737799e+00,1.9401979e-02
5.1385632e+00,5.7739882e+00,1.5581583e-02
8.7684141e+00,5.7748348e+00,8.4726570e-27
4.6687857e+00,5.7753094e+00,1.8723770e-02
1.3527467e+00,5.7756938e+00,7.3656541e-03
5.2561010e+00,5.7757320e+00,1.5559871e-02
5.4887544e+00,5.7759675e+00,1.6819672e-02
5.0227600e+00,5.7760643e+00,1.7774570e-02
6.3596147e-01,5.7761380e+00,5.1307552e-03
4.9038174e+00,5.7762920e+00,1.3786079e-02
5.1811912e-01,5.7765178e+00,5.2722796e-03
3.9969165e-01,5.7766687e+00,5.2130162e-03
2.8149147e-01,5.7769509e+00,5.0932013e-03
2.8908797e+00,5.7772311e+00,3.0155978e-02
9.9405890e+00,5.7772646e+00,5.8148119e-27
9.9451793e-01,5.7773808e+00,5.0885701e-03
5.6055794e+00,5.7775556e+00,1.6993531e-02
9.7744433e+00,5.7777670e+00,5.6240521e-27
2.7746574e+00,5.7778415e+00,2.9837489e-02
5.3742815e+00,5.7778896e+00,1.4765970e-02
5.8404966e+00,5.7780287e+00,1.7318302e-02
5.7231001e+00,5.7781612e+00,1.7172949e-02
9.8842110e+00,5.7783594e+00,6.9431443e-27
7.5522122e-01,5.7785042e+00,5.1962813e-03
1.5896846e+00,5.7786776e+00,1.0030957e-02
1.4702116e+00,5.7789815e+00,8.1706707e-03
1.7122373e+00,5.7791316e+00,1.1787527e-02
3.0101840e+00,5.7792194e+00,3.0270924e-02
5.9584145e+00,5.7793118e+00,1.7594591e-02
2.5407667e+00,5.7794947e+00,2.8507994e-02
3.8468553e+00,5.7795553e+00,2.6834719e-02
3.9666824e+00,5.7796981e+00,2.5554058e-02
6.1945053e+00,5.7800640e+00,1.7939349e-02
2.6590727e+00,5.7800670e+00,2.9138347e-02
1.6170238e-01,5.7803126e+00,5.4589624e-03
2.4223678e+00,5.7804398e+00,2.6641459e-02
6.0784341e+00,5.7804738e+00,1.7863988e-02
4.5547738e+00,5.7806761e+00,2.0245400e-02
1.8346468e+00,5.7809277e+00,1.3131401e-02
3.2493735e+00,5.7810087e+00,2.9939523e-02
3.7271682e+00,5.7810315e+00,2.7865256e-02
4.4396524e+00,5.7812554e+00,2.0160567e-02
3.3676336e+00,5.7814228e+00,2.9584896e-02
2.1904173e+00,5.7815475e+00,2.2771481e-02
4.3208040e+00,5.7816120e+00,2.0787728e-02
2.3065129e+00,5.7816389e+00,2.4554337e-02
2.0721841e+00,5.7816436e+00,1.9795665e-02
1.9541622e+00,5.7816778e+00,1.6261506e-02
4.0839916e+00,5.7821295e+00,2.3866815e-02
3.6081948e+00,5.7823657e+00,2.8502612e-02
8.7603836e-01,5.7825510e+00,5.6803498e-03
3.1300385e+00,5.7826800e+00,3.0169722e-02
3.4874595e+00,5.7833629e+00,2.9145062e-02
4.2005410e+00,5.7833833e+00,2.3216385e-02
9.7130648e+00,5.7835684e+00,6.2812652e-27
6.3065556e+00,5.7856542e+00,1.8854352e-02
6.4279850e+00,5.7862085e+00,1.7939566e-02
8.9060884e+00,5.7897584e+00,8.3822821e-27
8.9783269e+00,5.7899469e+00,8.2335595e-27
8.1732333e+00,5.7900916e+00,1.0917284e-26
8.3790168e+00,5.7918801e+00,9.2334009e-27
8.3107966e+00,5.7951793e+00,9.5970611e-27
8.5030271e+00,5.8107093e+00,9.3209512e-27
8.5606746e+00,5.8145696e+00,9.0673101e-27
6.5605536e+00,5.8170825e+00,1.8399808e-02
6.9662904e+00,5.8184053e+00,1.7643091e-02
8.0368519e+00,5.8189943e+00,9.1032574e-27
6.8324622e+00,5.8208738e+00,2.2183866e-02
3.3393183e-02,5.8210552e+00,5.6925534e-03
6.6249803e+00,5.8211269e+00,1.9191811e-02
6.7633740e+00,5.8214356e+00,2.0379318e-02
9.3541191e+00,5.8321878e+00,8.5793632e-27
9.4687244e+00,5.8323713e+00,7.8037533e-27
9.9711670e+00,5.8327045e+00,5.7708841e-27
9.5860179e+00,5.8327831e+00,7.8361754e-27
9.1168864e+00,5.8331578e+00,8.4472278e-27
9.2380419e+00,5.8334078e+00,8.2349116e-27
8.7711756e+00,5.8338317e+00,8.2807871e-27
9.8013690e+00,5.8338492e+00,5.0335192e-27
6.2100245e+00,5.8355799e+00,1.7256975e-02
4.7882900e+00,5.8356087e+00,1.6771234e-02
1.1203875e+00,5.8357138e+00,6.3880578e-03
5.7299786e+00,5.8364629e+00,1.6907130e-02
5.6110139e+00,5.8368679e+00,1.6514135e-02
9.8559655e+00,5.8368745e+00,5.1520496e-27
5.8464233e+00,5.8370469e+00,1.7074023e-02
4.0335287e-01,5.8370884e+00,5.2341791e-03
2.8944572e+00,5.8371319e+00,2.3320030e-02
1.2390279e+00,5.8371749e+00,6.8550243e-03
5.9658776e+00,5.8375688e+00,1.8319063e-02
2.8470215e-01,5.8378151e+00,5.1215681e-03
5.2123968e-01,5.8379094e+00,5.4364918e-03
6.3982284e-01,5.8379528e+00,5.5296466e-03
5.1446447e+00,5.8380082e+00,1.8586141e-02
4.9091330e+00,5.8384223e+00,1.6311092e-02
8.6593540e+00,5.8386501e+00,8.7169366e-27
5.2626432e+00,5.8388972e+00,1.6886004e-02
4.6731859e+00,5.8390525e+00,1.6394014e-02
2.7806889e+00,5.8391838e+00,2.3059873e-02
6.0860800e+00,5.8393629e+00,1.8166186e-02
5.4955527e+00,5.8395804e+00,1.4330485e-02
5.0285066e+00,5.8396660e+00,1.9009357e-02
1.3567521e+00,5.8401816e+00,7.6733864e-03
9.9973259e-01,5.8409461e+00,5.4279675e-03
6.2825873e+00,5.8411107e+00,1.7584064e-02
3.8519552e+00,5.8412495e+00,2.2378211e-02
1.6652726e-01,5.8413503e+00,5.6740025e-03
5.3810647e+00,5.8414511e+00,1.5685854e-02
1.7159886e+00,5.8416652e+00,9.5712139e-03
3.0113671e+00,5.8416771e+00,2.3065308e-02
9.7003737e+00,5.8417269e+00,6.3893451e-27
1.9576271e+00,5.8417290e+00,1.3748676e-02
1.5937007e+00,5.8419297e+00,9.8401882e-03
1.8379831e+00,5.8419372e+00,1.0795346e-02
3.9690175e+00,5.8423358e+00,2.0916654e-02
2.5437360e+00,5.8424290e+00,2.1806145e-02
2.0759300e+00,5.8425004e+00,1.6031490e-02
2.6602830e+00,5.8425812e+00,2.2543113e-02
1.4751483e+00,5.8433459e+00,8.4966126e-03
3.7298568e+00,5.8433469e+00,2.1832638e-02
2.4260901e+00,5.8433929e+00,2.0419612e-02
3.2527016e+00,5.8434479e+00,2.3415169e-02
8.4023298e+00,5.8438172e+00,9.3027742e-27
7.6051075e-01,5.8440651e+00,5.5115552e-03
3.3693469e+00,5.8441223e+00,2.2994232e-02
2.3099302e+00,5.8443009e+00,1.8461823e-02
8.1757517e+00,5.8444780e+00,8.4794173e-27
4.0864126e+00,5.8445978e+00,1.9518973e-02
3.1327404e+00,5.8447281e+00,2.3225623e-02
2.1938114e+00,5.8448386e+00,1.7354689e-02
8.8044825e-01,5.8453022e+00,5.7107247e-03
8.9961343e+00,5.8456422e+00,8.1959770e-27
8.8849123e+00,5.8456588e+00,8.3747914e-27
3.4901997e+00,5.8458044e+00,2.2395144e-02
4.5603055e+00,5.8458248e+00,1.8699928e-02
4.3238442e+00,5.8459982e+00,1.7206189e-02
4.2030144e+00,5.8460675e+00,1.8258111e-02
3.6104291e+00,5.8460891e+00,2.2257951e-02
4.4436722e+00,5.8461320e+00,1.5581791e-02
6.4382485e+00,5.8466972e+00,1.7359665e-02
8.2950234e+00,5.8503193e+00,9.0942523e-27
8.4614698e+00,5.8589470e+00,9.3280770e-27
8.5989609e+00,5.8636167e+00,8.6162282e-27
9.4121838e+00,5.8648364e+00,8.2165870e-27
9.2955440e+00,5.8657892e+00,8.5676215e-27
6.5133943e+00,5.8661301e+00,1.7258057e-02
9.5273599e+00,5.8661967e+00,7.9868166e-27
9.1786357e+00,5.8668173e+00,8.5543462e-27
9.6465212e+00,5.8672790e+00,6.3270905e-27
8.8278116e+00,5.8677348e+00,8.1948599e-27
9.0563070e+00,5.8682127e+00,8.4704833e-27
1.1828953e+00,5.8682639e+00,6.4012791e-03
5.7940576e+00,5.8683958e+00,1.6987386e-02
8.7100880e+00,5.8684088e+00,8.4967361e-27
4.6495848e-01,5.8690373e+00,5.3234909e-03
6.9370519e+00,5.8690478e+00,1.8906595e-02
4.8518668e+00,5.8691970e+00,1.4537235e-02
6.0313022e+00,5.8692318e+00,1.8508247e-02
3.4705304e-01,5.8692444e+00,5.2788984e-03
5.6769260e+00,5.8693100e+00,1.8818743e-02
4.7334201e+00,5.8693160e+00,1.2484689e-02
5.9128063e+00,5.8693481e+00,1.7642918e-02
2.8413634e+00,5.8694445e+00,2.2921085e-02
6.1594359e+00,5.8695916e+00,1.7541537e-02
1.0624673e+00,5.8695998e+00,6.2642178e-03
2.2983013e-01,5.8698337e+00,5.3869126e-03
5.2066167e+00,5.8700908e+00,1.8716234e-02
1.8982627e+00,5.8703934e+00,1.1097050e-02
2.0169500e+00,5.8704700e+00,1.3827224e-02
5.5576371e+00,5.8704930e+00,1.3819137e-02
2.9551637e+00,5.8706332e+00,2.2914802e-02
5.8379910e-01,5.8706901e+00,5.5404802e-03
8.0649341e+00,5.8709762e+00,7.7020640e-27
5.0900449e+00,5.8711732e+00,1.6729526e-02
1.3000951e+00,5.8713411e+00,6.9678581e-03
1.7779639e+00,5.8714910e+00,9.4178997e-03
6.1376687e-02,5.8715023e+00,5.7505672e-03
4.9724088e+00,5.8717155e+00,1.6250555e-02
6.8723039e+00,5.8719499e+00,1.9327225e-02
3.9127042e+00,5.8724482e+00,2.0822581e-02
5.3260182e+00,5.8724484e+00,1.7659541e-02
2.7236609e+00,5.8727950e+00,2.2084923e-02
1.6559105e+00,5.8728884e+00,8.9507406e-03
3.7932625e+00,5.8730256e+00,2.2613465e-02
7.0345894e-01,5.8734479e+00,5.5967186e-03
2.1352666e+00,5.8735159e+00,1.6013775e-02
5.4429456e+00,5.8735300e+00,1.4833799e-02
6.6598774e+00,5.8736263e+00,2.1826043e-02
2.6024830e+00,5.8738760e+00,2.1580988e-02
2.4860282e+00,5.8741711e+00,2.0262126e-02
3.3125535e+00,5.8743301e+00,2.2911526e-02
4.0291304e+00,5.8743353e+00,2.0480056e-02
6.7326882e+00,5.8746031e+00,2.1351358e-02
8.2370685e+00,5.8747248e+00,8.2383589e-27
3.1947208e+00,5.8748897e+00,2.3220802e-02
9.7593067e+00,5.8749430e+00,5.3544021e-27
2.3685110e+00,5.8750341e+00,1.8791430e-02
9.4271391e-01,5.8750498e+00,5.3769644e-03
1.5360632e+00,5.8752091e+00,8.8071468e-03
1.4184690e+00,5.8752122e+00,8.3855489e-03
3.0732744e+00,5.8755869e+00,2.2751273e-02
4.6203031e+00,5.8759002e+00,1.3554280e-02
2.2527424e+00,5.8759280e+00,1.6681764e-02
3.4302480e+00,5.8759301e+00,2.2259771e-02
3.6711361e+00,5.8762897e+00,2.1610935e-02
4.1460182e+00,5.8764740e+00,1.7849641e-02
3.5521332e+00,5.8775297e+00,2.2259511e-02
4.2644701e+00,5.8775634e+00,1.8308654e-02
4.3861828e+00,5.8777867e+00,1.4823301e-02
1.2030552e-01,5.8780423e+00,5.6229938e-03
8.2416677e-01,5.8789151e+00,5.7059667e-03
4.5046842e+00,5.8791571e+00,1.6193356e-02
8.3533721e+00,5.8801754e+00,9.1900614e-27
8.1249278e+00,5.8802777e+00,6.3344168e-27
9.9457925e+00,5.8813420e+00,5.3013618e-27
8.9398272e+00,5.8821456e+00,8.3152881e-27
9.8869690e+00,5.8844172e+00,5.2512517e-27
6.3155291e+00,5.8844212e+00,1.7083228e-02
6.3879589e+00,5.8881272e+00,1.6974333e-02
8.4712062e+00,5.9260640e+00,8.8413777e-27
8.5902655e+00,5.9268734e+00,7.7800207e-27
6.9707615e+00,5.9306425e+00,1.5322813e-02
6.5224267e+00,5.9312075e+00,1.8811927e-02
8.0280822e+00,5.9319819e+00,4.3879555e-27
9.2947291e+00,5.9322022e+00,8.4009363e-27
9.4120230e+00,5.9323194e+00,7.2102096e-27
1.8982627e+00,5.9323995e+00,9.2675172e-03
2.0169500e+00,5.9324853e+00,9.9955856e-03
9.5294407e+00,5.9325782e+00,7.0453194e-27
6.1678671e+00,5.9326300e+00,1.8087622e-02
2.7983504e-02,5.9328000e+00,6.0067013e-03
9.1771120e+00,5.9331150e+00,8.9040635e-27
8.7079004e+00,5.9333496e+00,7.7167177e-27
6.8664655e+00,5.9335446e+00,1.7704288e-02
5.8050056e+00,5.9338666e+00,1.5754289e-02
6.0425261e+00,5.9338843e+00,1.8145639e-02
3.5189625e-01,5.9339387e+00,5.1719300e-03
5.9233432e+00,5.9339572e+00,1.7033422e-02
1.1855825e+00,5.9339747e+00,6.1342117e-03
4.7015468e-01,5.9340077e+00,5.3394137e-03
5.6866560e+00,5.9341163e+00,1.7705116e-02
9.7643048e+00,5.9341527e+00,6.0443965e-27
1.7789216e+00,5.9341969e+00,8.6342207e-03
1.0662946e+00,5.9343362e+00,6.1200142e-03
2.8467087e+00,5.9343797e+00,1.4736217e-02
9.6466306e+00,5.9344570e+00,6.6666153e-27
2.3472094e-01,5.9345099e+00,5.5097848e-03
4.8586070e+00,5.9346291e+00,1.5211208e-02
6.6440311e+00,5.9346592e+00,1.8500177e-02
5.8870189e-01,5.9350651e+00,5.8850662e-03
8.3530706e+00,5.9352794e+00,8.5369552e-27
4.9776732e+00,5.9352892e+00,1.4979595e-02
5.2141254e+00,5.9353947e+00,1.7318726e-02
8.8241352e+00,5.9354644e+00,7.8692691e-27
4.7402660e+00,5.9354761e+00,1.4496063e-02
3.9146058e+00,5.9355599e+00,1.4559821e-02
6.7563899e+00,5.9356360e+00,1.7883279e-02
2.9604679e+00,5.9356833e+00,1.5801806e-02
5.3323618e+00,5.9357085e+00,1.9864508e-02
2.1356087e+00,5.9357351e+00,1.0529164e-02
9.0588235e+00,5.9357537e+00,8.9837502e-27
5.0958603e+00,5.9357946e+00,1.4567376e-02
2.7266865e+00,5.9359386e+00,1.4596534e-02
1.6586062e+00,5.9360652e+00,8.0420609e-03
3.7959144e+00,5.9361282e+00,1.5722619e-02
5.5678078e+00,5.9361952e+00,1.5282282e-02
1.3035010e+00,5.9362691e+00,6.1027041e-03
2.6056148e+00,5.9368273e+00,1.3759990e-02
3.3166136e+00,5.9369122e+00,1.4878951e-02
2.4885043e+00,5.9369420e+00,1.3448208e-02
4.0315627e+00,5.9369839e+00,1.5718391e-02
5.4503866e+00,5.9370661e+00,1.6261476e-02
3.1985376e+00,5.9371823e+00,1.5674594e-02
3.0780661e+00,5.9374258e+00,1.5387444e-02
9.9746256e+00,5.9375263e+00,4.8565858e-27
9.4634319e-01,5.9375425e+00,5.7756159e-03
2.3706306e+00,5.9376610e+00,1.1785182e-02
8.9409443e+00,5.9377196e+00,8.7318923e-27
3.4349100e+00,5.9378153e+00,1.4455379e-02
2.2535187e+00,5.9378705e+00,1.0942023e-02
4.1492830e+00,5.9381155e+00,1.3482540e-02
3.6746433e+00,5.9385045e+00,1.4483434e-02
8.2365937e+00,5.9385427e+00,7.1949827e-27
1.4217756e+00,5.9385580e+00,6.8038096e-03
1.5396481e+00,5.9386200e+00,7.5451059e-03
7.0931688e-01,5.9389306e+00,5.8396179e-03
4.6244239e+00,5.9389627e+00,1.3471201e-02
3.5547904e+00,5.9390658e+00,1.5367004e-02
4.2679066e+00,5.9390821e+00,1.4231458e-02
1.2646036e-01,5.9393400e+00,4.8209815e-03
4.3882794e+00,5.9401243e+00,1.1110133e-02
8.2839580e-01,5.9404876e+00,5.6679570e-03
9.8765863e+00,5.9406016e+00,5.3311752e-27
4.5076480e+00,5.9409574e+00,1.5967520e-02
8.1272916e+00,5.9412834e+00,5.2880806e-27
6.2909455e+00,5.9419287e+00,1.8383894e-02
6.4029234e+00,5.9456347e+00,1.7670713e-02
8.5300297e+00,5.9600258e+00,7.8107750e-27
6.5856050e+00,5.9619253e+00,2.0911411e-02
6.8166079e+00,5.9629022e+00,2.4622169e-02
6.2316235e+00,5.9655762e+00,1.8199438e-02
1.9576271e+00,5.9657504e+00,9.4532021e-03
8.4117647e+00,5.9660382e+00,8.2653475e-27
9.8235294e+00,5.9660382e+00,5.5586061e-27
9.3531434e+00,5.9660837e+00,7.3910456e-27
9.2357034e+00,5.9661185e+00,8.6188612e-27
1.1269020e+00,5.9661610e+00,6.1111774e-03
9.4706443e+00,5.9662357e+00,5.3113290e-27
9.5882081e+00,5.9663425e+00,5.6539397e-27
8.7653117e+00,5.9665020e+00,7.7106990e-27
1.8389407e+00,5.9666490e+00,8.9390503e-03
2.0762721e+00,5.9667349e+00,9.8149729e-03
5.7506567e+00,5.9667398e+00,1.3975386e-02
4.1339229e-01,5.9667531e+00,4.7397930e-03
5.9876384e+00,5.9668305e+00,1.7704146e-02
8.6484711e+00,5.9668476e+00,7.6753756e-27
9.1178792e+00,5.9669965e+00,8.9940932e-27
6.1057352e+00,5.9670538e+00,1.8117487e-02
2.9051066e+00,5.9671172e+00,1.6187480e-02
5.8679083e+00,5.9671267e+00,1.6023156e-02
2.9443617e-01,5.9671856e+00,5.8154606e-03
4.8018761e+00,5.9672010e+00,1.4676468e-02
5.3133866e-01,5.9672547e+00,5.5444774e-03
2.7890597e+00,5.9672625e+00,1.3997027e-02
1.7757290e-01,5.9673243e+00,4.3004069e-03
5.6309146e+00,5.9673764e+00,1.4748566e-02
4.9211377e+00,5.9674281e+00,1.4343890e-02
5.2764956e+00,5.9674612e+00,1.9879097e-02
3.8565086e+00,5.9674638e+00,1.4871723e-02
1.7196419e+00,5.9675478e+00,8.4492979e-03
6.5058356e-01,5.9678104e+00,6.1394074e-03
1.2451212e+00,5.9678137e+00,6.1375444e-03
5.0395864e+00,5.9678611e+00,1.3465750e-02
5.1579688e+00,5.9679335e+00,1.5362696e-02
3.9733514e+00,5.9680961e+00,1.5408511e-02
9.7054813e+00,5.9681145e+00,6.2212766e-27
2.5493439e+00,5.9681513e+00,1.3432908e-02
1.0071892e+00,5.9681752e+00,6.0877829e-03
5.3948493e+00,5.9682473e+00,1.7964862e-02
4.6841525e+00,5.9682751e+00,1.4006948e-02
3.2605785e+00,5.9683226e+00,1.4776110e-02
1.3634646e+00,5.9684554e+00,5.5376667e-03
1.5999812e+00,5.9685174e+00,7.9800118e-03
3.0214630e+00,5.9685661e+00,1.5529312e-02
3.3780691e+00,5.9685895e+00,1.4420983e-02
3.7360159e+00,5.9686644e+00,1.4351071e-02
2.6664403e+00,5.9686761e+00,1.3633696e-02
8.9997678e+00,5.9687572e+00,9.1141012e-27
2.4306857e+00,5.9687907e+00,1.2426150e-02
5.5131644e+00,5.9688188e+00,1.4002050e-02
3.1413489e+00,5.9688597e+00,1.5428132e-02
2.3128262e+00,5.9688703e+00,1.0758784e-02
4.0921097e+00,5.9688878e+00,1.3736770e-02
8.8823529e+00,5.9689624e+00,8.9982269e-27
2.1949299e+00,5.9690002e+00,1.0500219e-02
3.4975189e+00,5.9692257e+00,1.4946551e-02
4.2097157e+00,5.9692277e+00,1.2242550e-02
8.2942470e+00,5.9692412e+00,7.7665751e-27
6.4622454e+00,5.9692822e+00,1.9088231e-02
8.1776407e+00,5.9693015e+00,5.7751473e-27
8.8830656e-01,5.9693673e+00,5.8830085e-03
3.6165935e+00,5.9698401e+00,1.4508642e-02
4.3293773e+00,5.9698544e+00,1.0452762e-02
1.4820398e+00,5.9701026e+00,6.7539341e-03
4.4487326e+00,5.9702698e+00,6.8445611e-03
6.9312135e+00,5.9706425e+00,1.5052094e-02
4.5673900e+00,5.9706875e+00,1.1822746e-02
7.7059772e-01,5.9711202e+00,5.6589730e-03
8.0672979e+00,5.9719819e+00,5.2336544e-27
6.7531526e-02,5.9720157e+00,4.5855108e-03
6.7024938e+00,5.9727339e+00,1.5326719e-02
9.9354099e+00,5.9745634e+00,5.0806060e-27
6.3474576e+00,5.9763525e+00,1.7342894e-02
