$MeshFormat
4.1 0 8
$EndMeshFormat
$PhysicalNames
5
1 31 "Walls"
1 32 "Inflow_left"
1 33 "Inflow_right"
1 34 "Outflow"
2 35 "Volume"
$EndPhysicalNames
$Entities
24 24 1 0
1 0 0 0 0 
2 0 1 0 0 
3 0 2 0 0 
6 0 6 0 0 
7 2 0 0 0 
8 2 5 0 0 
10 3 0 0 0 
11 4.5 0 0 0 
12 5.5 0 0 0 
13 10 0 0 0 
14 8 6 0 0 
15 7 6 0 0 
18 10 5 0 0 
19 10 4 0 0 
20 10 6 0 0 
21 8 3 0 0 
22 8.5 3 0 0 
23 8.5 2 0 0 
24 4.5 5 0 0 
25 4.5 4 0 0 
26 3 4 0 0 
27 6.5 2 0 0 
28 6.5 3 0 0 
29 7 3 0 0 
1 0 0 0 2 0 0 1 31 2 1 -7 
2 2 0 0 2 5 0 1 31 2 7 -8 
5 3 0 0 4.5 0 0 1 31 2 10 -11 
6 4.5 0 0 5.5 0 0 1 34 2 11 -12 
7 5.5 0 0 10 0 0 1 31 2 12 -13 
8 10 0 0 10 4 0 1 31 2 13 -19 
9 10 4 0 10 5 0 1 33 2 18 -19 
10 10 5 0 10 6 0 1 31 2 18 -20 
11 8 6 0 10 6 0 1 31 2 20 -14 
13 8 3 0 8 6 0 1 31 2 14 -21 
14 8 3 0 8.5 3 0 1 31 2 21 -22 
15 8.5 2 0 8.5 3 0 1 31 2 22 -23 
18 2 5 0 4.5 5 0 1 31 2 8 -24 
19 4.5 4 0 4.5 5 0 1 31 2 24 -25 
20 3 4 0 4.5 4 0 1 31 2 25 -26 
21 3 0 0 3 4 0 1 31 2 26 -10 
23 6.5 2 0 6.5 3 0 1 31 2 27 -28 
24 6.5 3 0 7 3 0 1 31 2 28 -29 
25 7 3 0 7 6 0 1 31 2 29 -15 
26 0 0 0 0 1 0 1 31 2 1 -2 
27 0 1 0 0 2 0 1 32 2 2 -3 
28 0 2 0 0 6 0 1 31 2 3 -6 
29 0 6 0 7 6 0 1 31 2 6 -15 
30 6.5 2 0 8.5 2 0 1 31 2 23 -27 
1 0 0 0 10 6 0 1 35 24 29 -25 -24 -23 -30 -15 -14 -13 -11 -10 9 -8 -7 -6 -5 -21 -20 -19 -18 -2 -1 26 27 28 
$EndEntities
$Nodes
49 4572 1 4572
0 1 0 1
1
0 -0 0
0 2 0 1
2
0 1 0
0 3 0 1
3
-0 2 0
0 6 0 1
4
0 6 0
0 7 0 1
5
2 0 -0
0 8 0 1
6
2 5 0
0 10 0 1
7
3 0 -0
0 11 0 1
8
4.5 -0 -0
0 12 0 1
9
5.5 -0 -0
0 13 0 1
10
10 0 -0
0 14 0 1
11
8 6 0
0 15 0 1
12
7 6 0
0 18 0 1
13
10 5 0
0 19 0 1
14
10 4 0
0 20 0 1
15
10 6 0
0 21 0 1
16
8 3 0
0 22 0 1
17
8.5 3 0
0 23 0 1
18
8.5 2 0
0 24 0 1
19
4.5 5 0
0 25 0 1
20
4.5 4 0
0 26 0 1
21
3 4 -0
0 27 0 1
22
6.5 2 0
0 28 0 1
23
6.5 3 0
0 29 0 1
24
7 3 0
1 1 0 16
25
26
27
28
29
30
31
32
33
34
35
36
37
38
39
40
0.1176470588232908 0 0
0.2352941176466335 0 0
0.3529411764698406 0 0
0.4705882352930269 0 0
0.5882352941162132 0 0
0.7058823529393995 0 0
0.8235294117625858 0 0
0.9411764705857721 0 0
1.058823529409285 0 0
1.176470588233125 0 0
1.294117647056964 0 0
1.411764705880804 0 0
1.529411764704643 0 0
1.647058823528483 0 0
1.764705882352323 0 0
1.882352941176162 0 0
1 2 0 41
41
42
43
44
45
46
47
48
49
50
51
52
53
54
55
56
57
58
59
60
61
62
63
64
65
66
67
68
69
70
71
72
73
74
75
76
77
78
79
80
81
2 0.1190476190475334 0
2 0.2380952380950251 0
2 0.3571428571425512 0
2 0.476190476190087 0
2 0.5952380952376177 0
2 0.7142857142849603 0
2 0.8333333333322318 0
2 0.9523809523795033 0
2 1.071428571426775 0
2 1.190476190474047 0
2 1.309523809521318 0
2 1.42857142856859 0
2 1.547619047615862 0
2 1.666666666663134 0
2 1.785714285710405 0
2 1.904761904757677 0
2 2.023809523805019 0
2 2.142857142852802 0
2 2.261904761900602 0
2 2.380952380948402 0
2 2.499999999996202 0
2 2.619047619044002 0
2 2.738095238091802 0
2 2.857142857139602 0
2 2.976190476187401 0
2 3.095238095235202 0
2 3.214285714283001 0
2 3.333333333330801 0
2 3.452380952378601 0
2 3.571428571426401 0
2 3.690476190474201 0
2 3.809523809522001 0
2 3.928571428569801 0
2 4.047619047617601 0
2 4.166666666665401 0
2 4.285714285713201 0
2 4.404761904761 0
2 4.523809523808801 0
2 4.642857142856601 0
2 4.7619047619044 0
2 4.8809523809522 0
1 5 0 12
82
83
84
85
86
87
88
89
90
91
92
93
3.115384615383481 0 0
3.230769230766963 0 0
3.346153846150444 0 0
3.461538461533926 0 0
3.576923076917407 0 0
3.692307692300888 0 0
3.807692307684369 0 0
3.92307692306785 0 0
4.038461538452412 0 0
4.153846153839309 0 0
4.269230769226207 0 0
4.384615384613103 0 0
1 6 0 8
94
95
96
97
98
99
100
101
4.611111111111112 0 0
4.722222222222222 0 0
4.833333333333334 0 0
4.944444444444446 0 0
5.055555555555557 0 0
5.166666666666668 0 0
5.277777777777779 0 0
5.388888888888889 0 0
1 7 0 37
102
103
104
105
106
107
108
109
110
111
112
113
114
115
116
117
118
119
120
121
122
123
124
125
126
127
128
129
130
131
132
133
134
135
136
137
138
5.618421052631579 0 0
5.736842105263158 0 0
5.855263157894737 0 0
5.973684210526316 0 0
6.092105263157895 0 0
6.210526315789474 0 0
6.328947368421053 0 0
6.447368421052632 0 0
6.565789473684211 0 0
6.684210526315789 0 0
6.802631578947368 0 0
6.921052631578947 0 0
7.039473684210526 0 0
7.157894736842104 0 0
7.276315789473683 0 0
7.394736842105262 0 0
7.513157894736841 0 0
7.63157894736842 0 0
7.75 0 0
7.868421052631579 0 0
7.986842105263158 0 0
8.105263157894738 0 0
8.223684210526317 0 0
8.342105263157897 0 0
8.460526315789476 0 0
8.578947368421055 0 0
8.697368421052634 0 0
8.815789473684214 0 0
8.934210526315795 0 0
9.052631578947373 0 0
9.171052631578952 0 0
9.289473684210531 0 0
9.40789473684211 0 0
9.526315789473689 0 0
9.644736842105267 0 0
9.763157894736844 0 0
9.881578947368421 0 0
1 8 0 33
139
140
141
142
143
144
145
146
147
148
149
150
151
152
153
154
155
156
157
158
159
160
161
162
163
164
165
166
167
168
169
170
171
10 0.1176470588233061 0
10 0.2352941176465816 0
10 0.3529411764699181 0
10 0.4705882352932671 0
10 0.5882352941164949 0
10 0.7058823529396812 0
10 0.8235294117628675 0
10 0.9411764705860538 0
10 1.05882352940924 0
10 1.176470588232426 0
10 1.294117647055613 0
10 1.411764705878799 0
10 1.529411764701985 0
10 1.647058823525172 0
10 1.764705882348358 0
10 1.882352941171544 0
10 1.999999999994774 0
10 2.11764705881857 0
10 2.23529411764241 0
10 2.352941176466249 0
10 2.470588235290089 0
10 2.588235294113928 0
10 2.705882352937768 0
10 2.823529411761608 0
10 2.941176470585447 0
10 3.058823529409286 0
10 3.176470588233126 0
10 3.294117647056966 0
10 3.411764705880805 0
10 3.529411764704645 0
10 3.647058823528484 0
10 3.764705882352324 0
10 3.882352941176162 0
1 9 0 8
172
173
174
175
176
177
178
179
10 4.888888888888888 0
10 4.777777777777778 0
10 4.666666666666666 0
10 4.555555555555554 0
10 4.444444444444443 0
10 4.333333333333332 0
10 4.222222222222221 0
10 4.111111111111111 0
1 10 0 8
180
181
182
183
184
185
186
187
10 5.111111111111112 0
10 5.222222222222222 0
10 5.333333333333334 0
10 5.444444444444446 0
10 5.555555555555557 0
10 5.666666666666668 0
10 5.777777777777779 0
10 5.888888888888889 0
1 11 0 16
188
189
190
191
192
193
194
195
196
197
198
199
200
201
202
203
9.882352941176471 6 0
9.76470588235294 6 0
9.647058823529411 6 0
9.529411764705882 6 0
9.411764705882351 6 0
9.294117647058822 6 0
9.176470588235292 6 0
9.058823529411763 6 0
8.941176470588234 6 0
8.823529411764703 6 0
8.705882352941174 6 0
8.588235294117645 6 0
8.470588235294116 6 0
8.352941176470587 6 0
8.235294117647058 6 0
8.117647058823529 6 0
1 13 0 24
204
205
206
207
208
209
210
211
212
213
214
215
216
217
218
219
220
221
222
223
224
225
226
227
8 5.88 0
8 5.760000000000001 0
8 5.640000000000001 0
8 5.520000000000001 0
8 5.400000000000001 0
8 5.280000000000001 0
8 5.160000000000001 0
8 5.040000000000001 0
8 4.920000000000002 0
8 4.800000000000002 0
8 4.680000000000002 0
8 4.560000000000003 0
8 4.440000000000003 0
8 4.320000000000004 0
8 4.200000000000005 0
8 4.080000000000005 0
8 3.960000000000004 0
8 3.840000000000004 0
8 3.720000000000003 0
8 3.600000000000003 0
8 3.480000000000002 0
8 3.360000000000001 0
8 3.240000000000001 0
8 3.120000000000001 0
1 14 0 4
228
229
230
231
8.1 3 0
8.200000000000001 3 0
8.300000000000001 3 0
8.4 3 0
1 15 0 8
232
233
234
235
236
237
238
239
8.5 2.888888888888889 0
8.5 2.777777777777778 0
8.5 2.666666666666667 0
8.5 2.555555555555555 0
8.5 2.444444444444445 0
8.5 2.333333333333333 0
8.5 2.222222222222222 0
8.5 2.111111111111112 0
1 18 0 20
240
241
242
243
244
245
246
247
248
249
250
251
252
253
254
255
256
257
258
259
2.11904761904762 5 0
2.238095238095239 5 0
2.357142857142858 5 0
2.476190476190477 5 0
2.595238095238096 5 0
2.714285714285715 5 0
2.833333333333334 5 0
2.952380952380953 5 0
3.071428571428572 5 0
3.190476190476191 5 0
3.30952380952381 5 0
3.428571428571429 5 0
3.547619047619048 5 0
3.666666666666667 5 0
3.785714285714286 5 0
3.904761904761905 5 0
4.023809523809524 5 0
4.142857142857142 5 0
4.261904761904763 5 0
4.380952380952381 5 0
1 19 0 8
260
261
262
263
264
265
266
267
4.5 4.888888888888888 0
4.5 4.777777777777778 0
4.5 4.666666666666666 0
4.5 4.555555555555554 0
4.5 4.444444444444443 0
4.5 4.333333333333332 0
4.5 4.222222222222221 0
4.5 4.111111111111111 0
1 20 0 12
268
269
270
271
272
273
274
275
276
277
278
279
4.384615384617667 4 0
4.269230769235334 4 0
4.153846153853 4 0
4.038461538470667 4 0
3.923076923085998 4 0
3.807692307700249 4 0
3.6923076923145 4 0
3.576923076928751 4 0
3.461538461543001 4 0
3.346153846157251 4 0
3.230769230771501 4 0
3.11538461538575 4 0
1 21 0 33
280
281
282
283
284
285
286
287
288
289
290
291
292
293
294
295
296
297
298
299
300
301
302
303
304
305
306
307
308
309
310
311
312
3 3.882352941175981 0
3 3.764705882351961 0
3 3.647058823527942 0
3 3.529411764703928 0
3 3.411764705880883 0
3 3.29411764705817 0
3 3.176470588235456 0
3 3.058823529412743 0
3 2.941176470590031 0
3 2.823529411767317 0
3 2.705882352944605 0
3 2.588235294121891 0
3 2.470588235299179 0
3 2.352941176476466 0
3 2.235294117653753 0
3 2.11764705883104 0
3 2.00000000000824 0
3 1.882352941184308 0
3 1.764705882360288 0
3 1.647058823536269 0
3 1.52941176471225 0
3 1.41176470588823 0
3 1.294117647064211 0
3 1.176470588240191 0
3 1.058823529416172 0
3 0.9411764705921524 0
3 0.8235294117681331 0
3 0.7058823529441138 0
3 0.5882352941200946 0
3 0.4705882352960753 0
3 0.352941176472056 0
3 0.2352941176480368 0
3 0.1176470588240179 0
1 23 0 8
313
314
315
316
317
318
319
320
6.5 2.111111111111111 0
6.5 2.222222222222222 0
6.5 2.333333333333333 0
6.5 2.444444444444445 0
6.5 2.555555555555555 0
6.5 2.666666666666667 0
6.5 2.777777777777778 0
6.5 2.888888888888888 0
1 24 0 4
321
322
323
324
6.600000000000001 3 0
6.7 3 0
6.800000000000001 3 0
6.9 3 0
1 25 0 24
325
326
327
328
329
330
331
332
333
334
335
336
337
338
339
340
341
342
343
344
345
346
347
348
7 3.119999999998411 0
7 3.239999999997599 0
7 3.359999999997755 0
7 3.479999999996419 0
7 3.599999999996252 0
7 3.719999999996439 0
7 3.839999999996627 0
7 3.959999999996814 0
7 4.079999999997001 0
7 4.199999999997187 0
7 4.319999999997375 0
7 4.439999999997561 0
7 4.559999999997748 0
7 4.679999999997936 0
7 4.799999999998121 0
7 4.919999999998309 0
7 5.039999999998496 0
7 5.159999999998685 0
7 5.279999999998872 0
7 5.399999999999061 0
7 5.519999999999248 0
7 5.639999999999436 0
7 5.759999999999624 0
7 5.879999999999812 0
1 26 0 8
349
350
351
352
353
354
355
356
0 0.1111111111109086 0
0 0.2222222222217149 0
0 0.333333333332502 0
0 0.4444444444432891 0
0 0.5555555555543846 0
0 0.6666666666657887 0
0 0.7777777777771926 0
0 0.8888888888885966 0
1 27 0 8
357
358
359
360
361
362
363
364
0 1.111111111111111 0
0 1.222222222222223 0
0 1.333333333333333 0
0 1.444444444444445 0
0 1.555555555555555 0
0 1.666666666666667 0
0 1.777777777777778 0
0 1.888888888888888 0
1 28 0 33
365
366
367
368
369
370
371
372
373
374
375
376
377
378
379
380
381
382
383
384
385
386
387
388
389
390
391
392
393
394
395
396
397
0 2.117647058824673 0
0 2.235294117649345 0
0 2.352941176474017 0
0 2.470588235298685 0
0 2.588235294122383 0
0 2.705882352945749 0
0 2.823529411769115 0
0 2.941176470592482 0
0 3.058823529415847 0
0 3.176470588239214 0
0 3.294117647062579 0
0 3.411764705885946 0
0 3.529411764709312 0
0 3.647058823532678 0
0 3.764705882356044 0
0 3.88235294117941 0
0 4.000000000002776 0
0 4.117647058826142 0
0 4.235294117649508 0
0 4.352941176472873 0
0 4.47058823529624 0
0 4.588235294119606 0
0 4.705882352942972 0
0 4.823529411766337 0
0 4.941176470589704 0
0 5.05882352941307 0
0 5.176470588236436 0
0 5.294117647059801 0
0 5.411764705883168 0
0 5.529411764706534 0
0 5.6470588235299 0
0 5.764705882353265 0
0 5.882352941176633 0
1 29 0 58
398
399
400
401
402
403
404
405
406
407
408
409
410
411
412
413
414
415
416
417
418
419
420
421
422
423
424
425
426
427
428
429
430
431
432
433
434
435
436
437
438
439
440
441
442
443
444
445
446
447
448
449
450
451
452
453
454
455
0.1186440677965771 6 0
0.2372881355931611 6 0
0.3559322033897171 6 0
0.4745762711863024 6 0
0.5932203389828871 6 0
0.7118644067794395 6 0
0.8305084745759919 6 0
0.9491525423725442 6 0
1.067796610169097 6 0
1.186440677965649 6 0
1.305084745762202 6 0
1.423728813558755 6 0
1.542372881355307 6 0
1.66101694915186 6 0
1.779661016948413 6 0
1.898305084744965 6 0
2.016949152541518 6 0
2.135593220338071 6 0
2.254237288134623 6 0
2.372881355931176 6 0
2.491525423727729 6 0
2.610169491524281 6 0
2.728813559320834 6 0
2.847457627117386 6 0
2.966101694913939 6 0
3.084745762710492 6 0
3.203389830507044 6 0
3.322033898303597 6 0
3.440677966100149 6 0
3.559322033897078 6 0
3.677966101694384 6 0
3.796610169491689 6 0
3.915254237288994 6 0
4.033898305086166 6 0
4.15254237288276 6 0
4.271186440679312 6 0
4.389830508475863 6 0
4.508474576272414 6 0
4.627118644068966 6 0
4.745762711865518 6 0
4.86440677966207 6 0
4.983050847458622 6 0
5.101694915255173 6 0
5.220338983051725 6 0
5.338983050848277 6 0
5.457627118644828 6 0
5.57627118644138 6 0
5.694915254237932 6 0
5.813559322034483 6 0
5.932203389831035 6 0
6.050847457627587 6 0
6.169491525424139 6 0
6.28813559322069 6 0
6.406779661017241 6 0
6.525423728813793 6 0
6.644067796610345 6 0
6.762711864406897 6 0
6.881355932203449 6 0
1 30 0 16
456
457
458
459
460
461
462
463
464
465
466
467
468
469
470
471
8.382352941172552 2 0
8.264705882345105 2 0
8.147058823517657 2 0
8.029411764690208 2 0
7.911764705866679 2 0
7.794117647044456 2 0
7.676470588222233 2 0
7.558823529400009 2 0
7.441176470577787 2 0
7.323529411755564 2 0
7.20588235293334 2 0
7.088235294111117 2 0
6.970588235288893 2 0
6.852941176466671 2 0
6.735294117644448 2 0
6.617647058822224 2 0
2 1 0 4101
472
473
474
475
476
477
478
479
480
481
482
483
484
485
486
487
488
489
490
491
492
493
494
495
496
497
498
499
500
501
502
503
504
505
506
507
508
509
510
511
512
513
514
515
516
517
518
519
520
521
522
523
524
525
526
527
528
529
530
531
532
533
534
535
536
537
538
539
540
541
542
543
544
545
546
547
548
549
550
551
552
553
554
555
556
557
558
559
560
561
562
563
564
565
566
567
568
569
570
571
572
573
574
575
576
577
578
579
580
581
582
583
584
585
586
587
588
589
590
591
592
593
594
595
596
597
598
599
600
601
602
603
604
605
606
607
608
609
610
611
612
613
614
615
616
617
618
619
620
621
622
623
624
625
626
627
628
629
630
631
632
633
634
635
636
637
638
639
640
641
642
643
644
645
646
647
648
649
650
651
652
653
654
655
656
657
658
659
660
661
662
663
664
665
666
667
668
669
670
671
672
673
674
675
676
677
678
679
680
681
682
683
684
685
686
687
688
689
690
691
692
693
694
695
696
697
698
699
700
701
702
703
704
705
706
707
708
709
710
711
712
713
714
715
716
717
718
719
720
721
722
723
724
725
726
727
728
729
730
731
732
733
734
735
736
737
738
739
740
741
742
743
744
745
746
747
748
749
750
751
752
753
754
755
756
757
758
759
760
761
762
763
764
765
766
767
768
769
770
771
772
773
774
775
776
777
778
779
780
781
782
783
784
785
786
787
788
789
790
791
792
793
794
795
796
797
798
799
800
801
802
803
804
805
806
807
808
809
810
811
812
813
814
815
816
817
818
819
820
821
822
823
824
825
826
827
828
829
830
831
832
833
834
835
836
837
838
839
840
841
842
843
844
845
846
847
848
849
850
851
852
853
854
855
856
857
858
859
860
861
862
863
864
865
866
867
868
869
870
871
872
873
874
875
876
877
878
879
880
881
882
883
884
885
886
887
888
889
890
891
892
893
894
895
896
897
898
899
900
901
902
903
904
905
906
907
908
909
910
911
912
913
914
915
916
917
918
919
920
921
922
923
924
925
926
927
928
929
930
931
932
933
934
935
936
937
938
939
940
941
942
943
944
945
946
947
948
949
950
951
952
953
954
955
956
957
958
959
960
961
962
963
964
965
966
967
968
969
970
971
972
973
974
975
976
977
978
979
980
981
982
983
984
985
986
987
988
989
990
991
992
993
994
995
996
997
998
999
1000
1001
1002
1003
1004
1005
1006
1007
1008
1009
1010
1011
1012
1013
1014
1015
1016
1017
1018
1019
1020
1021
1022
1023
1024
1025
1026
1027
1028
1029
1030
1031
1032
1033
1034
1035
1036
1037
1038
1039
1040
1041
1042
1043
1044
1045
1046
1047
1048
1049
1050
1051
1052
1053
1054
1055
1056
1057
1058
1059
1060
1061
1062
1063
1064
1065
1066
1067
1068
1069
1070
1071
1072
1073
1074
1075
1076
1077
1078
1079
1080
1081
1082
1083
1084
1085
1086
1087
1088
1089
1090
1091
1092
1093
1094
1095
1096
1097
1098
1099
1100
1101
1102
1103
1104
1105
1106
1107
1108
1109
1110
1111
1112
1113
1114
1115
1116
1117
1118
1119
1120
1121
1122
1123
1124
1125
1126
1127
1128
1129
1130
1131
1132
1133
1134
1135
1136
1137
1138
1139
1140
1141
1142
1143
1144
1145
1146
1147
1148
1149
1150
1151
1152
1153
1154
1155
1156
1157
1158
1159
1160
1161
1162
1163
1164
1165
1166
1167
1168
1169
1170
1171
1172
1173
1174
1175
1176
1177
1178
1179
1180
1181
1182
1183
1184
1185
1186
1187
1188
1189
1190
1191
1192
1193
1194
1195
1196
1197
1198
1199
1200
1201
1202
1203
1204
1205
1206
1207
1208
1209
1210
1211
1212
1213
1214
1215
1216
1217
1218
1219
1220
1221
1222
1223
1224
1225
1226
1227
1228
1229
1230
1231
1232
1233
1234
1235
1236
1237
1238
1239
1240
1241
1242
1243
1244
1245
1246
1247
1248
1249
1250
1251
1252
1253
1254
1255
1256
1257
1258
1259
1260
1261
1262
1263
1264
1265
1266
1267
1268
1269
1270
1271
1272
1273
1274
1275
1276
1277
1278
1279
1280
1281
1282
1283
1284
1285
1286
1287
1288
1289
1290
1291
1292
1293
1294
1295
1296
1297
1298
1299
1300
1301
1302
1303
1304
1305
1306
1307
1308
1309
1310
1311
1312
1313
1314
1315
1316
1317
1318
1319
1320
1321
1322
1323
1324
1325
1326
1327
1328
1329
1330
1331
1332
1333
1334
1335
1336
1337
1338
1339
1340
1341
1342
1343
1344
1345
1346
1347
1348
1349
1350
1351
1352
1353
1354
1355
1356
1357
1358
1359
1360
1361
1362
1363
1364
1365
1366
1367
1368
1369
1370
1371
1372
1373
1374
1375
1376
1377
1378
1379
1380
1381
1382
1383
1384
1385
1386
1387
1388
1389
1390
1391
1392
1393
1394
1395
1396
1397
1398
1399
1400
1401
1402
1403
1404
1405
1406
1407
1408
1409
1410
1411
1412
1413
1414
1415
1416
1417
1418
1419
1420
1421
1422
1423
1424
1425
1426
1427
1428
1429
1430
1431
1432
1433
1434
1435
1436
1437
1438
1439
1440
1441
1442
1443
1444
1445
1446
1447
1448
1449
1450
1451
1452
1453
1454
1455
1456
1457
1458
1459
1460
1461
1462
1463
1464
1465
1466
1467
1468
1469
1470
1471
1472
1473
1474
1475
1476
1477
1478
1479
1480
1481
1482
1483
1484
1485
1486
1487
1488
1489
1490
1491
1492
1493
1494
1495
1496
1497
1498
1499
1500
1501
1502
1503
1504
1505
1506
1507
1508
1509
1510
1511
1512
1513
1514
1515
1516
1517
1518
1519
1520
1521
1522
1523
1524
1525
1526
1527
1528
1529
1530
1531
1532
1533
1534
1535
1536
1537
1538
1539
1540
1541
1542
1543
1544
1545
1546
1547
1548
1549
1550
1551
1552
1553
1554
1555
1556
1557
1558
1559
1560
1561
1562
1563
1564
1565
1566
1567
1568
1569
1570
1571
1572
1573
1574
1575
1576
1577
1578
1579
1580
1581
1582
1583
1584
1585
1586
1587
1588
1589
1590
1591
1592
1593
1594
1595
1596
1597
1598
1599
1600
1601
1602
1603
1604
1605
1606
1607
1608
1609
1610
1611
1612
1613
1614
1615
1616
1617
1618
1619
1620
1621
1622
1623
1624
1625
1626
1627
1628
1629
1630
1631
1632
1633
1634
1635
1636
1637
1638
1639
1640
1641
1642
1643
1644
1645
1646
1647
1648
1649
1650
1651
1652
1653
1654
1655
1656
1657
1658
1659
1660
1661
1662
1663
1664
1665
1666
1667
1668
1669
1670
1671
1672
1673
1674
1675
1676
1677
1678
1679
1680
1681
1682
1683
1684
1685
1686
1687
1688
1689
1690
1691
1692
1693
1694
1695
1696
1697
1698
1699
1700
1701
1702
1703
1704
1705
1706
1707
1708
1709
1710
1711
1712
1713
1714
1715
1716
1717
1718
1719
1720
1721
1722
1723
1724
1725
1726
1727
1728
1729
1730
1731
1732
1733
1734
1735
1736
1737
1738
1739
1740
1741
1742
1743
1744
1745
1746
1747
1748
1749
1750
1751
1752
1753
1754
1755
1756
1757
1758
1759
1760
1761
1762
1763
1764
1765
1766
1767
1768
1769
1770
1771
1772
1773
1774
1775
1776
1777
1778
1779
1780
1781
1782
1783
1784
1785
1786
1787
1788
1789
1790
1791
1792
1793
1794
1795
1796
1797
1798
1799
1800
1801
1802
1803
1804
1805
1806
1807
1808
1809
1810
1811
1812
1813
1814
1815
1816
1817
1818
1819
1820
1821
1822
1823
1824
1825
1826
1827
1828
1829
1830
1831
1832
1833
1834
1835
1836
1837
1838
1839
1840
1841
1842
1843
1844
1845
1846
1847
1848
1849
1850
1851
1852
1853
1854
1855
1856
1857
1858
1859
1860
1861
1862
1863
1864
1865
1866
1867
1868
1869
1870
1871
1872
1873
1874
1875
1876
1877
1878
1879
1880
1881
1882
1883
1884
1885
1886
1887
1888
1889
1890
1891
1892
1893
1894
1895
1896
1897
1898
1899
1900
1901
1902
1903
1904
1905
1906
1907
1908
1909
1910
1911
1912
1913
1914
1915
1916
1917
1918
1919
1920
1921
1922
1923
1924
1925
1926
1927
1928
1929
1930
1931
1932
1933
1934
1935
1936
1937
1938
1939
1940
1941
1942
1943
1944
1945
1946
1947
1948
1949
1950
1951
1952
1953
1954
1955
1956
1957
1958
1959
1960
1961
1962
1963
1964
1965
1966
1967
1968
1969
1970
1971
1972
1973
1974
1975
1976
1977
1978
1979
1980
1981
1982
1983
1984
1985
1986
1987
1988
1989
1990
1991
1992
1993
1994
1995
1996
1997
1998
1999
2000
2001
2002
2003
2004
2005
2006
2007
2008
2009
2010
2011
2012
2013
2014
2015
2016
2017
2018
2019
2020
2021
2022
2023
2024
2025
2026
2027
2028
2029
2030
2031
2032
2033
2034
2035
2036
2037
2038
2039
2040
2041
2042
2043
2044
2045
2046
2047
2048
2049
2050
2051
2052
2053
2054
2055
2056
2057
2058
2059
2060
2061
2062
2063
2064
2065
2066
2067
2068
2069
2070
2071
2072
2073
2074
2075
2076
2077
2078
2079
2080
2081
2082
2083
2084
2085
2086
2087
2088
2089
2090
2091
2092
2093
2094
2095
2096
2097
2098
2099
2100
2101
2102
2103
2104
2105
2106
2107
2108
2109
2110
2111
2112
2113
2114
2115
2116
2117
2118
2119
2120
2121
2122
2123
2124
2125
2126
2127
2128
2129
2130
2131
2132
2133
2134
2135
2136
2137
2138
2139
2140
2141
2142
2143
2144
2145
2146
2147
2148
2149
2150
2151
2152
2153
2154
2155
2156
2157
2158
2159
2160
2161
2162
2163
2164
2165
2166
2167
2168
2169
2170
2171
2172
2173
2174
2175
2176
2177
2178
2179
2180
2181
2182
2183
2184
2185
2186
2187
2188
2189
2190
2191
2192
2193
2194
2195
2196
2197
2198
2199
2200
2201
2202
2203
2204
2205
2206
2207
2208
2209
2210
2211
2212
2213
2214
2215
2216
2217
2218
2219
2220
2221
2222
2223
2224
2225
2226
2227
2228
2229
2230
2231
2232
2233
2234
2235
2236
2237
2238
2239
2240
2241
2242
2243
2244
2245
2246
2247
2248
2249
2250
2251
2252
2253
2254
2255
2256
2257
2258
2259
2260
2261
2262
2263
2264
2265
2266
2267
2268
2269
2270
2271
2272
2273
2274
2275
2276
2277
2278
2279
2280
2281
2282
2283
2284
2285
2286
2287
2288
2289
2290
2291
2292
2293
2294
2295
2296
2297
2298
2299
2300
2301
2302
2303
2304
2305
2306
2307
2308
2309
2310
2311
2312
2313
2314
2315
2316
2317
2318
2319
2320
2321
2322
2323
2324
2325
2326
2327
2328
2329
2330
2331
2332
2333
2334
2335
2336
2337
2338
2339
2340
2341
2342
2343
2344
2345
2346
2347
2348
2349
2350
2351
2352
2353
2354
2355
2356
2357
2358
2359
2360
2361
2362
2363
2364
2365
2366
2367
2368
2369
2370
2371
2372
2373
2374
2375
2376
2377
2378
2379
2380
2381
2382
2383
2384
2385
2386
2387
2388
2389
2390
2391
2392
2393
2394
2395
2396
2397
2398
2399
2400
2401
2402
2403
2404
2405
2406
2407
2408
2409
2410
2411
2412
2413
2414
2415
2416
2417
2418
2419
2420
2421
2422
2423
2424
2425
2426
2427
2428
2429
2430
2431
2432
2433
2434
2435
2436
2437
2438
2439
2440
2441
2442
2443
2444
2445
2446
2447
2448
2449
2450
2451
2452
2453
2454
2455
2456
2457
2458
2459
2460
2461
2462
2463
2464
2465
2466
2467
2468
2469
2470
2471
2472
2473
2474
2475
2476
2477
2478
2479
2480
2481
2482
2483
2484
2485
2486
2487
2488
2489
2490
2491
2492
2493
2494
2495
2496
2497
2498
2499
2500
2501
2502
2503
2504
2505
2506
2507
2508
2509
2510
2511
2512
2513
2514
2515
2516
2517
2518
2519
2520
2521
2522
2523
2524
2525
2526
2527
2528
2529
2530
2531
2532
2533
2534
2535
2536
2537
2538
2539
2540
2541
2542
2543
2544
2545
2546
2547
2548
2549
2550
2551
2552
2553
2554
2555
2556
2557
2558
2559
2560
2561
2562
2563
2564
2565
2566
2567
2568
2569
2570
2571
2572
2573
2574
2575
2576
2577
2578
2579
2580
2581
2582
2583
2584
2585
2586
2587
2588
2589
2590
2591
2592
2593
2594
2595
2596
2597
2598
2599
2600
2601
2602
2603
2604
2605
2606
2607
2608
2609
2610
2611
2612
2613
2614
2615
2616
2617
2618
2619
2620
2621
2622
2623
2624
2625
2626
2627
2628
2629
2630
2631
2632
2633
2634
2635
2636
2637
2638
2639
2640
2641
2642
2643
2644
2645
2646
2647
2648
2649
2650
2651
2652
2653
2654
2655
2656
2657
2658
2659
2660
2661
2662
2663
2664
2665
2666
2667
2668
2669
2670
2671
2672
2673
2674
2675
2676
2677
2678
2679
2680
2681
2682
2683
2684
2685
2686
2687
2688
2689
2690
2691
2692
2693
2694
2695
2696
2697
2698
2699
2700
2701
2702
2703
2704
2705
2706
2707
2708
2709
2710
2711
2712
2713
2714
2715
2716
2717
2718
2719
2720
2721
2722
2723
2724
2725
2726
2727
2728
2729
2730
2731
2732
2733
2734
2735
2736
2737
2738
2739
2740
2741
2742
2743
2744
2745
2746
2747
2748
2749
2750
2751
2752
2753
2754
2755
2756
2757
2758
2759
2760
2761
2762
2763
2764
2765
2766
2767
2768
2769
2770
2771
2772
2773
2774
2775
2776
2777
2778
2779
2780
2781
2782
2783
2784
2785
2786
2787
2788
2789
2790
2791
2792
2793
2794
2795
2796
2797
2798
2799
2800
2801
2802
2803
2804
2805
2806
2807
2808
2809
2810
2811
2812
2813
2814
2815
2816
2817
2818
2819
2820
2821
2822
2823
2824
2825
2826
2827
2828
2829
2830
2831
2832
2833
2834
2835
2836
2837
2838
2839
2840
2841
2842
2843
2844
2845
2846
2847
2848
2849
2850
2851
2852
2853
2854
2855
2856
2857
2858
2859
2860
2861
2862
2863
2864
2865
2866
2867
2868
2869
2870
2871
2872
2873
2874
2875
2876
2877
2878
2879
2880
2881
2882
2883
2884
2885
2886
2887
2888
2889
2890
2891
2892
2893
2894
2895
2896
2897
2898
2899
2900
2901
2902
2903
2904
2905
2906
2907
2908
2909
2910
2911
2912
2913
2914
2915
2916
2917
2918
2919
2920
2921
2922
2923
2924
2925
2926
2927
2928
2929
2930
2931
2932
2933
2934
2935
2936
2937
2938
2939
2940
2941
2942
2943
2944
2945
2946
2947
2948
2949
2950
2951
2952
2953
2954
2955
2956
2957
2958
2959
2960
2961
2962
2963
2964
2965
2966
2967
2968
2969
2970
2971
2972
2973
2974
2975
2976
2977
2978
2979
2980
2981
2982
2983
2984
2985
2986
2987
2988
2989
2990
2991
2992
2993
2994
2995
2996
2997
2998
2999
3000
3001
3002
3003
3004
3005
3006
3007
3008
3009
3010
3011
3012
3013
3014
3015
3016
3017
3018
3019
3020
3021
3022
3023
3024
3025
3026
3027
3028
3029
3030
3031
3032
3033
3034
3035
3036
3037
3038
3039
3040
3041
3042
3043
3044
3045
3046
3047
3048
3049
3050
3051
3052
3053
3054
3055
3056
3057
3058
3059
3060
3061
3062
3063
3064
3065
3066
3067
3068
3069
3070
3071
3072
3073
3074
3075
3076
3077
3078
3079
3080
3081
3082
3083
3084
3085
3086
3087
3088
3089
3090
3091
3092
3093
3094
3095
3096
3097
3098
3099
3100
3101
3102
3103
3104
3105
3106
3107
3108
3109
3110
3111
3112
3113
3114
3115
3116
3117
3118
3119
3120
3121
3122
3123
3124
3125
3126
3127
3128
3129
3130
3131
3132
3133
3134
3135
3136
3137
3138
3139
3140
3141
3142
3143
3144
3145
3146
3147
3148
3149
3150
3151
3152
3153
3154
3155
3156
3157
3158
3159
3160
3161
3162
3163
3164
3165
3166
3167
3168
3169
3170
3171
3172
3173
3174
3175
3176
3177
3178
3179
3180
3181
3182
3183
3184
3185
3186
3187
3188
3189
3190
3191
3192
3193
3194
3195
3196
3197
3198
3199
3200
3201
3202
3203
3204
3205
3206
3207
3208
3209
3210
3211
3212
3213
3214
3215
3216
3217
3218
3219
3220
3221
3222
3223
3224
3225
3226
3227
3228
3229
3230
3231
3232
3233
3234
3235
3236
3237
3238
3239
3240
3241
3242
3243
3244
3245
3246
3247
3248
3249
3250
3251
3252
3253
3254
3255
3256
3257
3258
3259
3260
3261
3262
3263
3264
3265
3266
3267
3268
3269
3270
3271
3272
3273
3274
3275
3276
3277
3278
3279
3280
3281
3282
3283
3284
3285
3286
3287
3288
3289
3290
3291
3292
3293
3294
3295
3296
3297
3298
3299
3300
3301
3302
3303
3304
3305
3306
3307
3308
3309
3310
3311
3312
3313
3314
3315
3316
3317
3318
3319
3320
3321
3322
3323
3324
3325
3326
3327
3328
3329
3330
3331
3332
3333
3334
3335
3336
3337
3338
3339
3340
3341
3342
3343
3344
3345
3346
3347
3348
3349
3350
3351
3352
3353
3354
3355
3356
3357
3358
3359
3360
3361
3362
3363
3364
3365
3366
3367
3368
3369
3370
3371
3372
3373
3374
3375
3376
3377
3378
3379
3380
3381
3382
3383
3384
3385
3386
3387
3388
3389
3390
3391
3392
3393
3394
3395
3396
3397
3398
3399
3400
3401
3402
3403
3404
3405
3406
3407
3408
3409
3410
3411
3412
3413
3414
3415
3416
3417
3418
3419
3420
3421
3422
3423
3424
3425
3426
3427
3428
3429
3430
3431
3432
3433
3434
3435
3436
3437
3438
3439
3440
3441
3442
3443
3444
3445
3446
3447
3448
3449
3450
3451
3452
3453
3454
3455
3456
3457
3458
3459
3460
3461
3462
3463
3464
3465
3466
3467
3468
3469
3470
3471
3472
3473
3474
3475
3476
3477
3478
3479
3480
3481
3482
3483
3484
3485
3486
3487
3488
3489
3490
3491
3492
3493
3494
3495
3496
3497
3498
3499
3500
3501
3502
3503
3504
3505
3506
3507
3508
3509
3510
3511
3512
3513
3514
3515
3516
3517
3518
3519
3520
3521
3522
3523
3524
3525
3526
3527
3528
3529
3530
3531
3532
3533
3534
3535
3536
3537
3538
3539
3540
3541
3542
3543
3544
3545
3546
3547
3548
3549
3550
3551
3552
3553
3554
3555
3556
3557
3558
3559
3560
3561
3562
3563
3564
3565
3566
3567
3568
3569
3570
3571
3572
3573
3574
3575
3576
3577
3578
3579
3580
3581
3582
3583
3584
3585
3586
3587
3588
3589
3590
3591
3592
3593
3594
3595
3596
3597
3598
3599
3600
3601
3602
3603
3604
3605
3606
3607
3608
3609
3610
3611
3612
3613
3614
3615
3616
3617
3618
3619
3620
3621
3622
3623
3624
3625
3626
3627
3628
3629
3630
3631
3632
3633
3634
3635
3636
3637
3638
3639
3640
3641
3642
3643
3644
3645
3646
3647
3648
3649
3650
3651
3652
3653
3654
3655
3656
3657
3658
3659
3660
3661
3662
3663
3664
3665
3666
3667
3668
3669
3670
3671
3672
3673
3674
3675
3676
3677
3678
3679
3680
3681
3682
3683
3684
3685
3686
3687
3688
3689
3690
3691
3692
3693
3694
3695
3696
3697
3698
3699
3700
3701
3702
3703
3704
3705
3706
3707
3708
3709
3710
3711
3712
3713
3714
3715
3716
3717
3718
3719
3720
3721
3722
3723
3724
3725
3726
3727
3728
3729
3730
3731
3732
3733
3734
3735
3736
3737
3738
3739
3740
3741
3742
3743
3744
3745
3746
3747
3748
3749
3750
3751
3752
3753
3754
3755
3756
3757
3758
3759
3760
3761
3762
3763
3764
3765
3766
3767
3768
3769
3770
3771
3772
3773
3774
3775
3776
3777
3778
3779
3780
3781
3782
3783
3784
3785
3786
3787
3788
3789
3790
3791
3792
3793
3794
3795
3796
3797
3798
3799
3800
3801
3802
3803
3804
3805
3806
3807
3808
3809
3810
3811
3812
3813
3814
3815
3816
3817
3818
3819
3820
3821
3822
3823
3824
3825
3826
3827
3828
3829
3830
3831
3832
3833
3834
3835
3836
3837
3838
3839
3840
3841
3842
3843
3844
3845
3846
3847
3848
3849
3850
3851
3852
3853
3854
3855
3856
3857
3858
3859
3860
3861
3862
3863
3864
3865
3866
3867
3868
3869
3870
3871
3872
3873
3874
3875
3876
3877
3878
3879
3880
3881
3882
3883
3884
3885
3886
3887
3888
3889
3890
3891
3892
3893
3894
3895
3896
3897
3898
3899
3900
3901
3902
3903
3904
3905
3906
3907
3908
3909
3910
3911
3912
3913
3914
3915
3916
3917
3918
3919
3920
3921
3922
3923
3924
3925
3926
3927
3928
3929
3930
3931
3932
3933
3934
3935
3936
3937
3938
3939
3940
3941
3942
3943
3944
3945
3946
3947
3948
3949
3950
3951
3952
3953
3954
3955
3956
3957
3958
3959
3960
3961
3962
3963
3964
3965
3966
3967
3968
3969
3970
3971
3972
3973
3974
3975
3976
3977
3978
3979
3980
3981
3982
3983
3984
3985
3986
3987
3988
3989
3990
3991
3992
3993
3994
3995
3996
3997
3998
3999
4000
4001
4002
4003
4004
4005
4006
4007
4008
4009
4010
4011
4012
4013
4014
4015
4016
4017
4018
4019
4020
4021
4022
4023
4024
4025
4026
4027
4028
4029
4030
4031
4032
4033
4034
4035
4036
4037
4038
4039
4040
4041
4042
4043
4044
4045
4046
4047
4048
4049
4050
4051
4052
4053
4054
4055
4056
4057
4058
4059
4060
4061
4062
4063
4064
4065
4066
4067
4068
4069
4070
4071
4072
4073
4074
4075
4076
4077
4078
4079
4080
4081
4082
4083
4084
4085
4086
4087
4088
4089
4090
4091
4092
4093
4094
4095
4096
4097
4098
4099
4100
4101
4102
4103
4104
4105
4106
4107
4108
4109
4110
4111
4112
4113
4114
4115
4116
4117
4118
4119
4120
4121
4122
4123
4124
4125
4126
4127
4128
4129
4130
4131
4132
4133
4134
4135
4136
4137
4138
4139
4140
4141
4142
4143
4144
4145
4146
4147
4148
4149
4150
4151
4152
4153
4154
4155
4156
4157
4158
4159
4160
4161
4162
4163
4164
4165
4166
4167
4168
4169
4170
4171
4172
4173
4174
4175
4176
4177
4178
4179
4180
4181
4182
4183
4184
4185
4186
4187
4188
4189
4190
4191
4192
4193
4194
4195
4196
4197
4198
4199
4200
4201
4202
4203
4204
4205
4206
4207
4208
4209
4210
4211
4212
4213
4214
4215
4216
4217
4218
4219
4220
4221
4222
4223
4224
4225
4226
4227
4228
4229
4230
4231
4232
4233
4234
4235
4236
4237
4238
4239
4240
4241
4242
4243
4244
4245
4246
4247
4248
4249
4250
4251
4252
4253
4254
4255
4256
4257
4258
4259
4260
4261
4262
4263
4264
4265
4266
4267
4268
4269
4270
4271
4272
4273
4274
4275
4276
4277
4278
4279
4280
4281
4282
4283
4284
4285
4286
4287
4288
4289
4290
4291
4292
4293
4294
4295
4296
4297
4298
4299
4300
4301
4302
4303
4304
4305
4306
4307
4308
4309
4310
4311
4312
4313
4314
4315
4316
4317
4318
4319
4320
4321
4322
4323
4324
4325
4326
4327
4328
4329
4330
4331
4332
4333
4334
4335
4336
4337
4338
4339
4340
4341
4342
4343
4344
4345
4346
4347
4348
4349
4350
4351
4352
4353
4354
4355
4356
4357
4358
4359
4360
4361
4362
4363
4364
4365
4366
4367
4368
4369
4370
4371
4372
4373
4374
4375
4376
4377
4378
4379
4380
4381
4382
4383
4384
4385
4386
4387
4388
4389
4390
4391
4392
4393
4394
4395
4396
4397
4398
4399
4400
4401
4402
4403
4404
4405
4406
4407
4408
4409
4410
4411
4412
4413
4414
4415
4416
4417
4418
4419
4420
4421
4422
4423
4424
4425
4426
4427
4428
4429
4430
4431
4432
4433
4434
4435
4436
4437
4438
4439
4440
4441
4442
4443
4444
4445
4446
4447
4448
4449
4450
4451
4452
4453
4454
4455
4456
4457
4458
4459
4460
4461
4462
4463
4464
4465
4466
4467
4468
4469
4470
4471
4472
4473
4474
4475
4476
4477
4478
4479
4480
4481
4482
4483
4484
4485
4486
4487
4488
4489
4490
4491
4492
4493
4494
4495
4496
4497
4498
4499
4500
4501
4502
4503
4504
4505
4506
4507
4508
4509
4510
4511
4512
4513
4514
4515
4516
4517
4518
4519
4520
4521
4522
4523
4524
4525
4526
4527
4528
4529
4530
4531
4532
4533
4534
4535
4536
4537
4538
4539
4540
4541
4542
4543
4544
4545
4546
4547
4548
4549
4550
4551
4552
4553
4554
4555
4556
4557
4558
4559
4560
4561
4562
4563
4564
4565
4566
4567
4568
4569
4570
4571
4572
6.411028762435517 2.276360745671889 0
4.782791586455923 0.1012689983088822 0
3.101827986883608 1.823651469957739 0
3.110275940560042 2.414293424848275 0
6.405452851916559 2.835553303901151 0
5.334170676860621 0.09838264048113957 0
4.441582961146811 3.902294922725373 0
4.596219520704283 4.497530435000656 0
6.895816859152676 4.032293541539747 0
3.110272725736305 1.248933941669407 0
6.898002359465442 4.742683518814122 0
4.554240224869559 3.902059263062733 0
4.49828764683318 3.805560493863867 0
5.784323021771651 0.1125647873724201 0
5.74349547020675 5.900219532531897 0
4.19606283245447 0.09402086693865624 0
4.609851590463645 3.805506188459006 0
4.554127647168817 3.708989598083853 0
4.665643730449459 3.708916005810538 0
4.609960764854444 3.612336835160964 0
8.877982798033745 0.09772136533854764 0
0.1017474954622899 1.726135848985981 0
0.08928238765144489 1.279493432686853 0
4.721534817175669 3.612237809901096 0
4.665901738459965 3.515613886058469 0
4.777267791418142 3.71269276756602 0
9.90987905355558 4.497937261281458 0
9.902642859180718 4.055426537225801 0
9.910656176337509 4.943586571618822 0
9.901472758790408 1.122583144563828 0
6.271393888514297 0.107146526814184 0
4.596441973671942 4.944350567944372 0
8.44077936744889 1.900258476271172 0
7.972259668344263 1.899858038728889 0
7.497795299289931 1.902107155486136 0
7.027335550186047 1.902030041029183 0
0.1018853416226882 2.176470588237008 0
0.1030146647622295 2.660504451445361 0
0.1018853416215568 3.117647058827531 0
0.1062623436486829 3.577504209917936 0
0.1025701677022235 4.050770555076749 0
0.1017793242011134 4.530664613085451 0
0.09906737838830582 5.001149121892555 0
6.558427706759977 1.901306417592253 0
6.448367460074005 1.893855601111584 0
4.777482157408505 3.515456504516973 0
4.721650374003431 3.418650594805467 0
1.899289827856664 1.008539564182253 0
1.907370794651088 1.487259514835839 0
8.095571595412759 4.261223676578242 0
8.100953884181493 4.740387395653125 0
6.750839543419447 0.09605106570982577 0
3.108820617301289 2.87867837915474 0
8.286063885864213 0.09747095506632611 0
7.690819811646378 0.1025404299964639 0
7.220699393687223 0.09801900460737152 0
1.880092033766834 1.950975379237788 0
1.902965730968913 2.450035022417345 0
1.890098678589604 2.927039683694569 0
1.887422569052496 3.38103117921458 0
1.896907158130958 3.869094019068005 0
1.899361071291044 4.345235796386703 0
1.885888182394862 4.811453660242475 0
4.833427247876612 3.418580181477993 0
4.777454040235946 3.321614598620212 0
6.502428690181356 1.802487080310207 0
6.393175156017397 1.799248532134454 0
8.999303438484201 5.90627168670693 0
4.665488470795739 3.322008871029451 0
4.721409781387408 3.224630945706655 0
4.833496487327455 3.224701253313855 0
4.777511934885894 3.127565397744982 0
4.665300159419319 3.127515210836116 0
4.721446525479587 3.030385912111334 0
4.833448733757056 3.030612586165763 0
4.77759653441982 2.93334777676416 0
4.88949958774344 2.933575699479187 0
4.833734013567295 2.836333381451987 0
4.721616595181386 2.836179627276872 0
4.777817604766804 2.739088952103755 0
4.665554421071462 2.738913894376959 0
4.721859302609054 2.641770095781093 0
4.834073667401263 2.641984387942176 0
4.778179653789566 2.544649240339146 0
4.665943006681582 2.544434224034813 0
4.723926690513212 2.448249192457477 0
4.834793672856103 2.447696193070477 0
4.778970411684935 2.350334322764269 0
4.669628590858647 2.356215752927367 0
4.724896413122295 2.254700142320484 0
4.829470330626 2.255283028825011 0
4.777304519072322 2.155518022001372 0
4.669478044020893 2.161187864075113 0
4.724861066293234 2.059879339989423 0
4.834732703358592 2.058085544531269 0
4.780059962497061 1.961266171394138 0
4.670052679746314 1.96590317825307 0
4.72587482635818 1.865145579587701 0
4.836847546385691 1.8643303419801 0
4.781218784609348 1.766830381145127 0
4.893252985367157 1.767160389876232 0
4.670724515183923 1.770845332329491 0
9.909267600903368 3.587789874283042 0
1.004618360705185 5.904525478128584 0
1.004280812712094 0.1048277550831172 0
8.096884720268751 3.779745435559583 0
6.447171632339298 1.70390791575909 0
6.333831206890997 1.704370660340619 0
4.83759813853589 1.669644757599341 0
4.949774030809905 1.670167999811911 0
8.549219153091467 1.896711006925541 0
8.496861624112857 1.799896099654296 0
4.894141778686289 1.572672258045103 0
5.006348697300592 1.573218505847722 0
3.878993581026418 3.896436314612971 0
6.390302028428731 1.606394377220871 0
8.590075403058837 2.946050011002967 0
8.593674933791762 3.045998279279655 0
0.09002456624061879 0.8403890253311711 0
5.062011403960621 1.670733955878413 0
5.117242960751753 1.572944541527928 0
5.062737778986088 1.476104696993912 0
5.17362828706109 1.475865426375578 0
8.61167271614352 1.799884370956982 0
8.554732287340194 1.700520139445963 0
8.593321398667312 2.290914845250828 0
3.099530331766438 0.7602086678226405 0
6.901345471135418 5.210613786262065 0
8.679875407321113 2.998559848122223 0
8.68389065287904 3.096128826727978 0
5.270164688203366 5.90238359732226 0
5.119279108190227 1.379072935700051 0
5.231620053082541 1.379692073923426 0
8.670282610751556 1.700599340286714 0
8.612594522327356 1.600646247552854 0
9.896184708398266 2.532439976769686 0
5.178310040209405 1.672093207483825 0
8.104098253108383 5.222224685120967 0
9.913125585151221 2.055916269468427 0
8.769724305361905 3.050013940804344 0
8.773482722329932 3.147584265792102 0
8.728214175610537 1.600670861922115 0
8.670493613386277 1.500452603823244 0
8.554623149806904 1.500528284144307 0
8.612585015261507 1.400027480335061 0
8.496384504496458 1.400140600956468 0
5.17609012258964 1.282227570472885 0
5.288545933681113 1.282693230777837 0
8.554424473499967 1.299428841293935 0
8.438116205374978 1.299530586382731 0
8.670763383807937 1.299398150206592 0
8.861330438772164 3.09852773279532 0
8.861932029734881 3.2020759454017 0
6.237243350700163 5.896728660612392 0
3.749999999992629 0.09992600812799109 0
9.353547800575667 5.898251006053004 0
8.786054555938151 1.700854890171009 0
9.348684210526324 0.1025556399218412 0
5.063830571477798 1.281731081922996 0
0.6466659453332947 5.903431111941636 0
9.896021115872303 0.7790160295068803 0
1.903311809259619 0.6537161321137007 0
6.900568075892434 3.659727193811777 0
6.90023092151282 4.378966143127281 0
3.108380996474869 3.234186212310086 0
1.361580342752946 5.905366143464214 0
6.29158395969012 1.80938293884722 0
9.914617794545304 5.276710078650814 0
8.858336403449497 2.981317600297059 0
5.120490171214758 1.184757681351879 0
5.008185262990405 1.184257977997545 0
8.843958655078815 1.60080330058366 0
8.612534964537812 1.198643121096021 0
8.729039125478533 1.198637536733334 0
8.95205298879581 3.150130430392671 0
8.952247116076812 3.254774961603261 0
0.6496689574488785 0.1002168575592219 0
5.064777918458178 1.087193876352652 0
4.95234201576412 1.086700712200873 0
6.27682863465917 1.606256025091902 0
6.33360970312582 1.50783771996892 0
6.447367065780992 1.507927610952065 0
6.39053904609029 1.409095576202452 0
6.5048683246159 1.409203547772451 0
6.447760515139728 1.309943344879791 0
6.562324049571655 1.309916910867202 0
6.333418655424156 1.3101524831147 0
6.505139996094216 1.210528462845297 0
6.620202077459457 1.210564787829545 0
8.901904271434963 1.701362695165116 0
4.504182186812509 3.613145337550662 0
4.915955387549269 5.902284438361709 0
8.959841197180001 1.600883530142236 0
8.861099654812385 3.307147144285409 0
8.952187142100023 3.360014625482314 0
9.918989122870876 2.885013488559117 0
6.562594338253556 1.110643991566113 0
6.677816484648977 1.110561339837336 0
8.65129562782832 5.900542775121822 0
8.860214775328537 3.412899792355969 0
8.95200981633328 3.466954989040719 0
8.859030188672854 3.520444494604448 0
8.956325540409884 3.576857100954289 0
8.858628347098328 3.629501072857977 0
8.956790504636547 3.687298188723559 0
8.670707260777728 1.097662086893756 0
8.787443837547302 1.097690048823351 0
5.344429142622702 1.380428566946398 0
5.401211706647914 1.283067675132501 0
8.85784301447867 3.739641178395272 0
8.953057401687781 3.796201216009987 0
9.043382284798035 3.202421164880583 0
0.1014413338166452 5.353574075713226 0
1.355592363933513 0.1026273425818199 0
8.856317537747005 3.850333820128072 0
8.954041848255518 3.906614249512888 0
8.855526853990604 3.961946718612199 0
8.954052645213487 4.018640014397977 0
8.854911381040949 4.074482645145013 0
8.951234010819777 4.131476298208004 0
8.853759149941544 4.187700841781997 0
8.950426297439067 4.244964783442009 0
5.009025215162076 0.9895841912430794 0
4.896433530075559 0.988990055859841 0
8.852895936850604 4.301329125058021 0
8.950322064343784 4.35890355365837 0
4.596225044864937 4.166666666666667 0
8.852313027102738 4.415570800108371 0
8.950005171945822 4.473258086918784 0
8.851503251052963 4.530029536722533 0
8.950543558520957 4.587875482397153 0
8.851120949683178 4.644910861937703 0
8.950167537184994 4.70289901958056 0
8.850429625495718 4.760016147834675 0
8.94967170970758 4.818020127358849 0
9.017856965345972 1.701600038650331 0
1.718247690842612 5.902643409125661 0
8.849769354277884 4.875360804404745 0
8.949169721009056 4.933185065602501 0
8.848885676903219 4.990931198089994 0
9.075872080423819 1.601177691387566 0
9.056360897513855 3.856087398848223 0
4.601117646146566 5.056027160549943 0
4.694078744560295 5.000053931733585 0
8.94878423311866 5.048959343518542 0
6.62036088096879 1.010582885871142 0
6.50470794090435 1.010572793224464 0
6.736066328624489 1.010708748614528 0
6.792814795874705 1.111593877878438 0
6.851901864986804 1.008869449675424 0
6.909064612660584 1.111982737899933 0
6.968178747904334 1.008637954901356 0
7.026209498242235 1.111502944853647 0
7.08486343113167 1.008550556916753 0
7.143052683473353 1.111680878247308 0
7.201737666115251 1.008611747568128 0
7.260035135438503 1.112002025443945 0
7.318803391053171 1.008701383452206 0
7.377197511209478 1.112264682712946 0
7.436033109811381 1.00886628455372 0
7.494473953027009 1.112479161828226 0
7.553302987953929 1.011038158922946 0
9.049011175168561 4.315067981690209 0
9.049406062048673 4.760698059938638 0
8.729057125502635 0.9965945242798642 0
8.612252303445892 0.9966117664330897 0
8.845828519597532 0.9966037721004649 0
5.121428611715473 0.9901740334362229 0
5.065723556248095 0.8925086502612879 0
5.178058064163578 0.8931370290730557 0
4.839630338556462 1.086336267689368 0
4.783589992949814 0.9883795844545105 0
4.726631479845501 1.086007064840755 0
4.67043070210586 0.9877275539251937 0
4.613315728996965 1.087325217678464 0
4.55703578888683 0.987382007549376 0
4.499795516410774 1.087259968543254 0
4.443483173193206 0.9869334097485633 0
4.386010642431538 1.086834864187896 0
4.329789989522804 0.9857066033259644 0
4.271965132341544 1.087868691232255 0
4.215486384966495 0.9850876481216306 0
4.157657275621348 1.086145046211461 0
4.100901659927175 0.984625800975066 0
4.043068663836792 1.083979773778588 0
4.100505869893914 1.186182730956419 0
3.985598599551509 1.183478171591298 0
4.042971458327969 1.284128726039089 0
3.927840274196441 1.282542817577146 0
3.984577676386134 1.381730852250814 0
3.986122037357591 0.9839834584511358 0
4.501461202528271 0.8889551050572654 0
5.457257141315715 1.381027818343205 0
5.514097911427997 1.283442148567567 0
9.052569596750477 3.52558090700514 0
3.505011847448254 3.896552079711305 0
3.870158192339753 1.381717972199713 0
3.926890119763661 1.481351489568187 0
4.327114990449271 5.909563300187743 0
3.970901516194847 5.904288191465273 0
3.612492419503763 5.909520408396777 0
3.256311717532272 5.904967869150177 0
2.901760492232871 5.901351539293747 0
2.546336925207823 5.9044537669139 0
2.194959076053844 5.907000681693433 0
9.920597717343387 3.238702517464121 0
7.611767216952735 1.11315862609123 0
7.670560464815179 1.011672356536307 0
4.695099498883391 5.110725053270625 0
4.791150198313472 5.055797031855514 0
9.133786415371979 1.701509822775311 0
9.075953138997479 1.802220822057287 0
9.192775480537197 1.601536243250472 0
6.562612401769497 0.910320487460377 0
6.446713607269469 0.9103250260882501 0
7.026296657582515 0.903485395726437 0
8.84830684947538 5.106816202713308 0
7.494129832049737 0.9035365722254968 0
8.670693697918061 0.8954018281150793 0
8.553728213262449 0.8954656904112954 0
4.044458880018458 0.8838959020541015 0
3.929097291927396 0.8839666651894755 0
6.550337570326153 3.087311865568651 0
6.448603614523302 3.091532607237133 0
8.608702922581745 3.145232006470123 0
0.1069848524250546 0.5127562449937054 0
6.499962188964276 3.176598047649923 0
6.39682840350777 3.177008981700863 0
6.44884907323271 3.266545548050742 0
6.343955360605463 3.266794037057845 0
6.396843732315361 3.358358381605104 0
6.290373866312725 3.358232327817857 0
6.23748612526346 3.265678937388902 0
6.182902036570767 3.358059778340834 0
6.129661826971898 3.264251411452861 0
6.07675188998677 3.358558318516192 0
6.128744931620814 3.451642614830547 0
6.019921732536204 3.45090142857754 0
6.073889089254914 3.545775751343954 0
5.966469217289345 3.546525037371831 0
6.019137661754653 3.640645048440188 0
5.911458528354342 3.641969259325323 0
5.963845691912438 3.736344780096235 0
6.027456138127123 3.262480698985989 0
5.852376292267048 3.735768375580099 0
5.907175790825769 3.832400479744623 0
5.798515727794472 3.833691462403481 0
5.851227795100141 3.929323696011346 0
5.739505197376105 3.929027914809835 0
5.7947914090682 4.026331886761033 0
5.682367693260762 4.025772973161325 0
5.7380993389686 4.12345919943255 0
5.6255481118937 4.122843124004761 0
5.681290281600793 4.220822458178929 0
5.79426568828352 4.221357810145077 0
5.737296258295228 4.319179972770126 0
5.848679307657777 3.547135479545021 0
5.850751450755252 4.319696578736631 0
5.793362580476582 4.418016562996097 0
5.623714871116713 4.318644130601294 0
5.907511737938275 4.418550159636693 0
5.849715073165474 4.517405100263243 0
5.964505371608297 4.517871455358787 0
5.906636822635658 4.616994267086127 0
5.79167832203257 4.616419022055511 0
5.848651478310678 4.716177279454056 0
5.733705606399681 4.71549452616791 0
5.790506821187074 4.815627062224493 0
5.905875574022073 4.816346370209377 0
5.846746644098574 4.916657434799515 0
5.729373727507302 4.916294779487663 0
5.963170908829547 4.916935237353155 0
5.679999497494847 3.829282652128918 0
6.022212800867725 4.418693217039808 0
6.019058269159246 3.832903259512451 0
5.903699008880054 5.017812985694235 0
6.020759877929542 5.017890874482008 0
6.079583902203197 4.518435848737806 0
6.137474642353562 4.418693527277349 0
5.961777792736665 5.118618698788834 0
6.078733440960095 5.119120499679547 0
6.137701368406857 5.018204674774585 0
2.059506771399811 5.103090234151329 0
1.94048890079618 5.103101182261614 0
2.416637851487267 5.10310197644487 0
2.77378087112073 5.103101779975406 0
4.604047174855133 5.1610213878739 0
3.130923768769298 5.103101768202972 0
3.48806662200199 5.103101769151841 0
3.845214652985863 5.103118086475902 0
4.20259970588445 5.103127978855602 0
8.948489388168795 5.165025270292372 0
9.048790364862915 5.107230543643063 0
3.811851326472588 1.480698216718215 0
3.868976582600554 1.580683163272305 0
4.789537639804331 5.170411640430772 0
4.887357165765348 5.110668940600661 0
4.888294210862129 4.999050549839479 0
4.986599471561915 5.055499401420651 0
4.986443288524747 4.941853526586998 0
4.986703921219398 5.16909139132899 0
5.122478115836103 0.795372649300651 0
5.235099415907357 0.796060994664622 0
5.570255494502158 1.381580263516856 0
5.627191339169187 1.283810846930533 0
3.81315756829011 1.283388499012531 0
6.504738368591029 0.8098810714364855 0
6.388627949584246 0.8098578022157461 0
8.612254601757652 0.7940720463712149 0
8.495041231442436 0.7941441814831031 0
9.191593134686904 1.801953957134022 0
9.133871262074127 1.902234410900998 0
3.987411673276549 0.7841801524940936 0
3.871938456885329 0.7839455969574911 0
7.73027618274865 1.112608384626149 0
7.788981132301083 1.010363764533509 0
8.768298361691119 3.57358522643765 0
9.048578801608105 5.22343578818142 0
9.148514277587637 5.165514599277051 0
6.195105741770726 4.518970866554234 0
3.983981241546284 1.581285763124024 0
3.926166343158251 1.680572419053382 0
3.811253921530937 1.680143098808246 0
3.868463609225586 1.779935527608109 0
3.983370957601792 1.780264686725716 0
3.925778368462605 1.879735360177138 0
3.810707749886412 1.879423314014054 0
3.868169242961678 1.979316799419182 0
3.752941653573661 1.979044473091139 0
3.810528964052907 2.078883238421251 0
3.925602738457415 2.079056014871008 0
3.868071063695614 2.178585306702917 0
3.982977360643141 2.178533314981532 0
3.925545835326054 2.2780421942362 0
3.810615249672538 2.278117294117918 0
3.868131916307749 2.377637557441717 0
3.980633963899369 2.376062725709032 0
3.922931023869773 2.475502068948248 0
3.810453461387199 2.477079109075469 0
3.867880603258578 2.576396073837424 0
3.983277124740142 2.56329396942944 0
3.92862317285195 2.668674562391921 0
3.811840073680595 2.675283630280104 0
3.869433965581838 2.774318219533797 0
3.987944158143377 2.773405874225924 0
3.924800118599789 2.876047409632024 0
3.811596126923289 2.875365614641757 0
3.86929902348884 2.974934653794489 0
8.756850366982297 4.017207377069887 0
6.195827362084501 5.119728482533202 0
3.981498792454579 2.976213404620593 0
3.926971605434749 3.074410994753146 0
3.812487063787946 3.07466409392548 0
3.870542783325462 3.173914830815471 0
6.019700093617316 5.219874164264518 0
5.902735219882484 5.218959062580444 0
1.999989722018999 5.206142910093277 0
1.881009932346851 5.206145283104962 0
9.901416971991305 1.468589219219659 0
3.100098077228528 0.4144222631179913 0
7.318348130544109 1.213878247114854 0
6.893389056987813 5.559996620010856 0
8.847682350129951 5.222618412969577 0
7.670408937795703 1.214617795080533 0
8.590147275813516 2.614241507718269 0
5.08555732859802 5.111804105632462 0
5.087245821632621 5.22634912659524 0
3.755562551434644 3.174529352396747 0
8.752344789634567 4.472167376723134 0
3.98531642016227 3.173329870801974 0
9.906135314332145 5.611907069885142 0
7.788913293481198 1.214062664906544 0
6.253486377950283 4.418489154598921 0
6.255110685993732 5.018298474979083 0
9.249223265709761 1.902243940314207 0
9.191650778263766 2.001971399594457 0
8.749174775336687 4.93113776804395 0
6.966169623766356 1.214168604353111 0
9.898881807717867 0.414031250812249 0
8.553633554948718 0.692637058718684 0
8.436384506915857 0.6926779356647238 0
8.670911161808768 0.6926112079673876 0
8.103268602406748 5.57382653592263 0
4.442447907544497 1.188795564432829 0
8.38005347771133 1.400373979734082 0
9.148378814062129 5.281377863947797 0
9.248537384274286 5.224134731911741 0
5.17926176317514 0.6982806819882762 0
5.292124963351114 0.6988062127848729 0
5.066971571937193 0.6977427091063841 0
5.687331923892228 1.384364285173368 0
5.627016788054254 1.480149312520777 0
5.745163732028011 1.286879430976749 0
5.684942846977995 1.186140555480532 0
5.802420864060418 1.188710769895138 0
5.742140754038325 1.087706400865167 0
5.184825310257626 5.168942138141277 0
5.185945421187235 5.285934370725073 0
7.728935399524858 1.316174147246045 0
6.445221798102359 0.7082568527257276 0
6.330357092851528 0.7091919380857766 0
6.562897621806965 0.7090645071760289 0
1.940506717293066 5.309157051223533 0
1.821567423293193 5.309145744170476 0
1.762075913109275 5.20619073841844 0
1.702649694829834 5.309154052011603 0
1.643215081997444 5.206250469419214 0
1.583835074052198 5.309142728528837 0
1.524424865683606 5.206306465808265 0
1.465074426812672 5.309135787500463 0
1.405717206392427 5.206327026103087 0
1.465023263008177 5.103536087511353 0
1.346360178878224 5.10356709371561 0
1.405627849543387 5.000806739938407 0
1.287012559669121 5.000876294903049 0
1.227771900199985 5.103577128302909 0
1.168501703215334 5.000896093244851 0
1.227686647429002 4.898248448830254 0
1.10922926438508 4.898268223661575 0
1.168384505092142 4.795661020909327 0
1.109149222463438 5.104000664568623 0
1.049934097428808 4.795702300166683 0
1.109062170249928 4.693146178314437 0
0.9906911020712287 4.693170228088485 0
1.049789599756025 4.590646901102193 0
0.9314803526265415 4.590670010820066 0
0.9906029995127446 4.488151395422416 0
0.8722955223767479 4.488224886987153 0
0.9314056443076286 4.385714443548949 0
1.04973107881061 4.385634258603059 0
0.9905172350371196 4.283163905769671 0
1.108872036051079 4.283107149607397 0
1.049627155884613 4.180627382912142 0
0.9312972953027352 4.180688871157637 0
0.9903724984509508 4.078166660925572 0
0.931454335017263 4.79552105486972 0
0.8720760266564151 4.078242992506882 0
0.9311234406966962 3.975719246058714 0
1.049455161229398 3.975642815479309 0
0.9901906221169067 3.873177490211646 0
1.108506053084473 3.873058903200775 0
1.04927307339177 3.770632638708014 0
0.9309113509228539 3.770711000377848 0
0.9899826252271705 3.66817505241969 0
1.108278717844573 3.668009221934723 0
1.049036119274453 3.565610944156197 0
0.9306440442481867 3.56572022179884 0
0.9896848067854127 3.4631572221913 0
1.107982447812787 3.462960142483624 0
1.048733880210134 3.360590338739423 0
0.9303733165335094 3.360751823655341 0
0.989414350646065 3.258200887924467 0
1.107778003585271 3.257999053043073 0
1.048409491679204 3.155593972553783 0
0.9300618912565424 3.155802790599539 0
0.9890370778653254 3.053214397305477 0
0.8707281813087733 3.05345857637111 0
0.9297173093589211 2.950851207370612 0
1.048006419916527 2.950618084433382 0
0.9886865120478815 2.8482271479641 0
1.106976941927434 2.848009235223414 0
1.047491673617587 2.745716239436121 0
0.9293972641355049 2.745907999352844 0
0.9880699222553001 2.643548561996091 0
0.8702164014979963 2.643857712948078 0
0.9288357560681733 2.541822349780188 0
1.046376726181138 2.541484180308548 0
0.9872705676114986 2.440020763608581 0
1.104334551210056 2.439625288023045 0
1.045445827478339 2.338352790985141 0
0.9287661190054358 2.338436208609507 0
0.9868805181461082 2.23718001814432 0
1.103572751759542 2.236900321680823 0
1.044913260354493 2.135959732242652 0
0.9284748905419506 2.136261195051385 0
0.9863908528941339 2.035441869006614 0
0.8700033066748332 2.035702205266979 0
0.9279173711182152 1.935102146753283 0
1.044093463412135 1.934650705260045 0
0.9856318309974275 1.83431639768789 0
1.10173107463448 1.833877104678448 0
1.043208558725935 1.733591663953565 0
0.9272035226447481 1.734059092729672 0
0.984778235093225 1.633499219263159 0
0.8690362716527347 1.633676083018367 0
0.9263440566685897 1.532838617227002 0
1.042232094054796 1.532744923024489 0
0.9836636807639085 1.432374953149908 0
1.099764355158212 1.432013093486093 0
1.041168845689103 1.331819373614055 0
0.9250943479502702 1.332248942744897 0
0.9825290171822614 1.23171491633628 0
0.8665644807001331 1.232453936936301 0
0.9239072578124876 1.131716828832932 0
1.03990032113557 1.130887477493449 0
0.9809837887338448 1.030927076115284 0
1.096805189962923 1.030279717698698 0
0.8651346124999023 1.031709271240258 0
0.9221385033896414 0.9310090520601235 0
0.8065290903468874 0.9317293065196633 0
0.8636103931385968 0.8311001230047055 0
1.227439075360391 4.693138618926321 0
0.7469291156818632 0.8305346067710198 0
0.6901509976198946 0.9305244264027654 0
0.8045806535431119 0.7308409055248781 0
0.9208209664413586 0.7303457877736833 0
0.6894256570566624 0.7322246219957658 0
3.928643489479554 3.272958263759865 0
8.904221778035998 1.097772696429451 0
8.962658186559388 0.9966369843813256 0
9.02107270412122 1.097895437404923 0
9.079537421454276 0.9966852262837135 0
9.13797584157615 1.097989934468278 0
9.196483878959047 0.996724638993677 0
9.138029137221036 0.8953606260037535 0
9.254868935326845 1.098056307464717 0
9.255115614525838 0.8953993557379217 0
9.196590559172162 0.7939005825915686 0
3.930149755029212 0.6844378087132277 0
3.814694209967729 0.683766657731972 0
3.756381289811008 0.7836118731079218 0
4.045682108241431 0.684631312363335 0
3.698993204688664 0.6830336407881183 0
9.306577034866992 2.00209116254674 0
9.249199261637829 2.101523858677543 0
9.365043947008575 1.903279661377721 0
8.37778955941317 0.794273185386045 0
8.319079485815502 0.6927550113726977 0
5.96043273277971 5.320837690555456 0
5.843305650409527 5.319980582305 0
9.313835415157033 0.7939612726906535 0
6.311345103114129 4.518832489570174 0
8.103923048454133 3.42 0
6.077451595612705 3.169639349088185 0
5.972683279366949 3.166568155590173 0
6.023998330263258 3.074531854608799 0
5.91473415883737 3.073590254793694 0
5.969531047861285 2.979582677406024 0
5.85978468157417 2.978695867822555 0
5.915312600689458 2.884084929588394 0
5.806801436081976 2.884079433537345 0
5.861371724653752 2.788294599526653 0
5.756939150245087 2.78584679098813 0
5.807849337508296 2.691713627226496 0
5.756476631371527 2.972479697131429 0
5.701606826928494 2.688289765572089 0
5.753354492820713 2.594981502113315 0
5.642321178540922 2.593998060157855 0
5.697986063553899 2.498584800858397 0
5.586560841208302 2.497696814139672 0
5.642973161501533 2.401778588566204 0
5.595539542698816 2.685290742453732 0
5.53142634153671 2.40090134365673 0
5.587937950220253 2.304792019122565 0
5.699573737819179 2.305738475973668 0
5.644561443769383 2.208556005447903 0
5.532918643574241 2.207647740721767 0
5.75632277407178 2.209543335261715 0
5.701256544381401 2.112194802741003 0
5.864483791658339 2.596366161543647 0
9.363765894763937 2.101583443669124 0
9.306338454657205 2.200513473536716 0
9.192485994929914 2.200481404873921 0
9.249165335107955 2.298797939468078 0
9.136642472030964 2.299011208132416 0
9.192532744727242 2.396656208756979 0
9.305496022439177 2.397392184201079 0
9.248385856343104 2.493951524651644 0
5.859933804673458 1.090283993294839 0
5.79948436619563 0.9889071038457518 0
6.31336563573483 5.12062116463708 0
9.248551641547641 5.108561216058899 0
3.103112809989599 3.585574418545548 0
3.640545397326712 0.7832803217131548 0
5.123427358112862 0.6008096229391711 0
5.011438041132843 0.6003134787693022 0
9.136758096443423 2.49351631276811 0
9.192317872906443 2.589812088986595 0
9.303703835401453 2.590719065630943 0
9.247778895417614 2.686371785142911 0
2.059439065824236 5.309174611634385 0
9.255231610227174 0.6923162948695538 0
6.61968953153058 1.409657139989424 0
9.358917755950586 2.687340705610963 0
9.248432293844218 5.339466288013105 0
5.084982217949044 5.341020225510204 0
6.503158375330552 0.6071172692707015 0
6.621406016428718 0.6080812297736788 0
9.372672383481092 0.6923605824722877 0
9.347964188673991 5.166908440466679 0
9.348555015251243 5.05246740549519 0
8.612202341508935 0.591024736060807 0
8.729624525701492 0.5910269808663967 0
5.739400552356162 1.480339794144067 0
4.043294398653259 3.272360335898169 0
9.303187436073687 2.783335805627309 0
6.372830334586389 5.018657221597666 0
5.813133516703772 2.113191910094036 0
5.868263401606954 2.210596065647749 0
5.284150310325431 5.226547036665484 0
5.286174806691738 5.334729859614595 0
3.988383064069612 0.5851156408627795 0
4.103559673955027 0.5858280351345007 0
5.283830401276576 5.111395890920748 0
8.321622321755612 1.299593877827963 0
8.263475793139973 1.400708270533352 0
3.986648281102264 3.372018095742405 0
6.369820977486122 4.418674387470103 0
6.311835618425556 4.317679705509993 0
0.8616957262896234 0.6300622058965275 0
0.9781806213512845 0.6293827601680156 0
5.75803950123385 2.015677182261419 0
3.587590168746802 0.6798521724080122 0
9.080786737936807 2.589154070265046 0
6.428195910545145 4.317936491143099 0
6.370037633873334 4.216903182526828 0
1.999961600735857 5.412167148140654 0
2.11886358986891 5.412177243648339 0
9.148033331683527 5.396914169540882 0
6.58732352605198 5.885776001492469 0
3.403846153842186 0.09992600812799146 0
5.067784251727392 0.5034803678278352 0
4.955873407194393 0.5030376856987494 0
9.414361994725031 2.784036773322503 0
9.361529146679782 2.878451275751868 0
6.502966839056244 3.357691465938403 0
6.450596412608999 3.451301714272553 0
9.447921157700566 5.111082986747038 0
9.447861138348168 4.996332447502516 0
9.43119570641139 0.7941095826033986 0
1.524444281719661 5.411978713349993 0
1.405717550614624 5.411953739367686 0
8.260741842189734 0.7942847601675261 0
8.201776431257738 0.6928275524721453 0
4.425306636107496 0.09646446906283898 0
9.420772454419215 2.2008009094481 0
6.328381816389112 0.9094617487251743 0
8.103923048454133 4.020000000000002 0
6.793691355433918 1.899214449022928 0
9.078847786124994 2.004379099435098 0
1.165809560766993 2.745462146551354 0
1.225307677048824 2.847768034238411 0
1.283877538681625 2.745397033379478 0
1.343695261607525 2.847594770440034 0
1.402294832237108 2.745128668217255 0
0.8123240567858865 2.136206468845602 0
0.753856196429493 2.03596471890031 0
0.696473471823721 2.13639106597175 0
0.6380966060352474 2.036340592589333 0
0.8094081921378802 1.332716341889974 0
9.448311810833378 5.226233252687956 0
9.051409181359119 4.540246998306452 0
9.898986823799302 3.824530205222994 0
0.5805561380340112 2.13672651778604 0
0.5225539576094714 2.036463527814842 0
0.5803869412487765 1.936379653762862 0
6.429425177458978 4.516287928176876 0
4.099920323169129 3.172830277741305 0
0.8114211432735867 2.746030568131945 0
0.7524226457014414 2.644050168539816 0
0.6935860637506557 2.746052513941255 0
0.6348578055670064 2.644274236444533 0
0.575903800197649 2.746135854757917 0
9.051029640309151 4.078069479091496 0
9.588153771983887 5.899027447860828 0
4.040463628900556 2.07920403949175 0
8.354030901812369 3.092079343819056 0
5.569804082692421 4.025076652374271 0
0.4188668383715002 0.1268064151664303 0
4.679576290753868 5.904825438536656 0
5.505594860249149 5.906456457463719 0
3.695238081425936 2.07886750159277 0
3.637518360420688 1.978745435747197 0
3.579609922467552 2.078948184470912 0
5.559210526315791 0.09939034239338927 0
4.097631780272686 2.178413666144548 0
4.15487598014151 2.079446597807002 0
4.1004533124532 1.384840975185519 0
8.09849731982092 4.501463126963403 0
3.102462654307978 2.645677987965548 0
1.898612423486496 1.252735023330016 0
1.888256745333532 1.728383831042771 0
6.032658465848887 0.1025254329931276 0
9.111870480714554 0.09951402481279725 0
3.091807744623592 1.005867172941069 0
3.102856460309201 1.471996029089673 0
8.100761529668098 4.980059399154366 0
0.8131701615927336 4.590655890188534 0
0.7540384740225961 4.488291764092417 0
0.6949782375409419 4.590653602469525 0
0.6358637477812226 4.488326886793921 0
0.5768200847184105 4.590651323939378 0
4.098642600782624 3.90727829922697 0
9.898249830547609 1.691491512899604 0
0.8117895855595363 3.15598017748719 0
1.896945029946962 0.4165768224449576 0
0.6359037227193666 4.692939534109148 0
0.517817806521585 4.692956347256699 0
0.5768460436321774 4.795168471904333 0
8.052298037812001 0.09563181952814689 0
6.896128853574181 4.979881600723084 0
9.585526315789494 0.1025556399218405 0
0.4096683831833136 5.900259163313688 0
1.904454614472788 2.198940872435931 0
1.900028090521277 3.633040023085573 0
1.893987252214978 3.154803733650447 0
1.896907169995235 4.58328704524355 0
1.893537623635693 4.10939823113759 0
7.453995039635041 0.1025673420233781 0
6.973711476961478 0.1057913421084007 0
5.179803766773775 0.5039386751527947 0
4.889300261772185 3.515469682128399 0
4.945299369330226 3.418639518127905 0
5.001164760389751 3.515519053111197 0
5.057150050442812 3.418760914374984 0
5.112973661194241 3.515578992690386 0
5.168931928302651 3.418872340696087 0
5.224721143544392 3.515623276205381 0
5.168788439886248 3.612447235971974 0
5.280580999710436 3.418922088555489 0
5.22485875554737 3.322290382906234 0
5.336414468823592 3.322348817298747 0
5.28078702398093 3.22569938640208 0
5.392029103927542 3.418870311954864 0
6.401384214480709 2.619639941985962 0
7.732868793303891 1.902088471569109 0
7.2625782545569 1.902057175189708 0
1.168033896337697 4.180545759982293 0
1.227309666056694 4.283082855297994 0
1.286532156912225 4.180414314489563 0
1.345837598160557 4.283090869552982 0
1.40509654529586 4.180321874524261 0
5.474913413358763 2.497017176846753 0
0.1023129424274031 2.406715191100288 0
0.1065370305192832 3.359335715916659 0
0.1028358233292462 4.304795783733733 0
0.1018853416215572 3.823529411767726 0
4.609188878611617 3.030319056083839 0
0.8128385690916999 3.975839910576097 0
0.7538293128128247 4.078407989903596 0
0.6946397001902707 3.975995242791864 0
0.6356485960677896 4.07846517866221 0
0.1056663518898167 5.602062716033553 0
5.979864248718035 5.900491464681398 0
1.161744298053815 2.135597092742203 0
4.945765241806694 2.836501771263071 0
1.600351391993916 0.09653883397278443 0
4.781886092502813 1.572117339311357 0
3.871968081068052 3.372655476063067 0
8.411764705882351 5.898114658378302 0
4.899492663005988 0.5998381706364589 0
4.844545921516428 0.5029884502632659 0
7.729559415816247 0.9100147512253575 0
7.260181341987306 0.9033759645502573 0
0.09231738100105577 1.058188234462948 0
0.08766521050673509 1.5014204716965 0
4.948832247991934 1.864527537268372 0
1.157486984720766 1.331135772866323 0
1.216155432921947 1.431424299397483 0
1.274059575522351 1.330421222155617 0
1.332941973191542 1.431078260796587 0
1.390959514707274 1.329733464501351 0
9.90994353602726 4.275078245384727 0
9.903774955135063 4.722222222222221 0
5.866779143285108 1.294847731350237 0
6.077386906336699 5.321859999180091 0
5.419858917603008 2.400039623050382 0
5.363288639926989 2.496296500754016 0
5.308181303232955 2.399117008859209 0
5.646009508379742 2.01472981583866 0
3.697364451853829 3.074961926926337 0
3.640098828011082 3.175192206389254 0
3.581810203978962 3.075286372738463 0
5.512996442384329 4.122148038522947 0
5.457327860530764 4.024405629881986 0
5.400513099892585 4.121422934113211 0
5.344872844053178 4.030483603385121 0
5.288110853430444 4.121786324931207 0
5.227160244554956 4.027632747202119 0
5.174885716964861 4.127646123529314 0
5.231146728192996 4.218986806215629 0
5.118876128914788 4.218309995477706 0
5.174519489652589 4.31434503422903 0
5.060389344725106 4.116051609214842 0
5.066097066910227 4.311692592708805 0
5.118358110571226 4.411022857648844 0
5.865662681286244 3.165069171023665 0
8.747237730186008 5.164277954918113 0
8.746527081495817 5.280660340985596 0
8.64574893963559 5.221972225648366 0
8.645220902514311 5.338950159659049 0
8.746151233048181 5.397054792943067 0
4.596182253815 4.721141892915837 0
8.7543778878756 4.243827113801382 0
1.220505599033128 2.236730769269001 0
1.27883136228603 2.135084258956339 0
1.337739545356706 2.236590346971361 0
1.396214627913897 2.134595841089996 0
5.230326987816424 4.412020025387277 0
5.177604714512972 4.506830777607865 0
5.068200273148566 4.525814837316781 0
8.750486598527074 4.70076505814967 0
5.907227067126901 4.024640115919997 0
5.286016826134393 4.509973193454115 0
4.161245292208906 3.265300910432543 0
8.760026688434824 3.793519804152901 0
5.457941297155457 1.185759011925092 0
3.642377290370537 0.5818047474254284 0
6.128691195055291 3.638535395738003 0
9.02557227018008 2.493425021493437 0
9.416606462549959 2.592505757851697 0
4.211923843855866 2.178341960179638 0
5.348334594350439 0.7970477541980397 0
5.405837013954157 0.6992558610208326 0
0.1020881080843902 2.885849590232726 0
6.506578947368416 0.1025556399218412 0
0.576515491506751 3.976092932672446 0
0.6354738778906162 3.873752822813862 0
8.205882352931374 1.898114658374908 0
8.377723428543092 0.5911216730040167 0
8.530795855786089 0.09528647600046032 0
5.925025616427016 2.114274047598002 0
5.379147664088929 5.16856181987233 0
5.973032657423293 2.789214731866852 0
9.894592401124195 2.282157134810995 0
3.102746288287947 2.173015130643879 0
1.899475373624963 2.679655958395465 0
3.980769230760128 0.09992600812845952 0
9.313951997571433 0.5906055464169904 0
9.196463147205382 0.5905820726497405 0
9.431654869755354 0.5907225670187242 0
5.901073113452985 5.421845522150423 0
5.783841486159835 5.421017622069566 0
5.235546873930415 4.601772503502232 0
6.431301923099581 5.121216116214566 0
6.371682657634385 5.223234414114808 0
1.455303476396235 2.236260780910303 0
8.644773827643062 5.456056029506361 0
8.543287846329161 5.397072694529134 0
9.470646454123637 2.880357479536235 0
9.417602057027722 2.975157990903147 0
1.957627118643241 5.897251223279863 0
1.762173340496237 5.41210147619441 0
5.280611945431771 3.612461708819707 0
4.66536402560826 3.903783712297689 0
9.248312415568614 5.45497167469354 0
5.980155077758931 2.211634547851408 0
1.449928531581599 1.430870161803863 0
1.391695993239664 1.53189012554824 0
3.512710979864 0.7708244748504141 0
3.580121022952302 0.8817092492772407 0
5.447747768330025 3.322570675360211 0
5.251602701470603 2.495453549657834 0
5.306736653498668 2.592633111347761 0
9.526645957441449 2.977133421330258 0
9.470409005596569 3.074025057372782 0
9.527061376737937 2.786468930563688 0
3.530951889507526 0.5784781955084464 0
8.745973073497371 5.514156219696352 0
0.103466395791089 1.936298365604956 0
5.699220932370779 1.920114573609772 0
5.802649750147447 1.918198397971841 0
5.59001310508862 1.917459373971492 0
0.5175517436680521 4.078411181215463 0
0.5177439643830032 4.488233668881498 0
3.521812307514726 1.978514658095616 0
6.48667301048755 4.217068277494795 0
6.428228173800138 4.116328377112687 0
1.461504962331849 2.847823913149425 0
1.403212570562169 2.950173649571492 0
1.464442669261804 4.283043521648636 0
0.5171986100189834 2.644379544468531 0
9.478538856629756 2.101618338735885 0
3.524376235292431 3.175911258784469 0
3.582982496233879 3.275515243874337 0
5.913972653582237 0.9893610185648561 0
5.856382674813087 0.8893839839594881 0
3.929970594244607 3.471629851538414 0
3.815106768624392 3.472501501798988 0
4.044602059212966 3.470936885337232 0
6.602839071684936 3.174824017050183 0
9.043089045912872 3.09671854039493 0
6.22003160208301 1.507911442046765 0
6.163294447237503 1.606265326182288 0
3.585208792419224 0.4807527008355126 0
0.9191056753096429 0.5291006457797871 0
1.035573560024274 0.5281628501036092 0
1.09471665089605 0.6286382173458304 0
1.152269021938316 0.5271255125551402 0
1.211518478398004 0.6279160012878391 0
1.26919002411687 0.5260254392818309 0
1.3286104433175 0.6271451355833743 0
1.386467913510224 0.5250013346818213 0
0.8026847142018279 0.5301223418617271 0
1.445943295033181 0.6262112047766395 0
1.38795285040754 0.7284224993784343 0
1.505487191278107 0.7275732578915536 0
1.446660636356782 0.8293877802400829 0
8.204959808432063 1.299736023422271 0
8.146711672006665 1.400909454370096 0
4.5528845956055 3.12765710021119 0
4.496538224427862 3.030194934548541 0
8.669399790994575 1.90339621397793 0
5.378359427040143 5.053697953647098 0
6.489907405446045 5.223892021375013 0
6.430146368599516 5.326061305624498 0
0.5174113552120004 3.873864772305903 0
0.5763407657878492 3.771564776191836 0
4.269111873258641 2.079676351085086 0
5.981933596737034 1.099103627573074 0
5.0012211497246 2.934224704860648 0
6.036883115821287 2.115335863447488 0
4.787556365713852 0.5993531467079892 0
4.732538344166322 0.5025009547708794 0
5.086303795206002 0.113929597259486 0
1.509171914244928 1.531622049074469 0
1.450482841476573 1.632914198632201 0
8.670835962281348 0.4892947503081945 0
8.788097786481689 0.4894669846315943 0
4.670799497665174 1.18562554497827 0
5.342069920715386 4.608213819550509 0
6.54864880058048 5.326776386700573 0
6.488736029997149 5.429044899562791 0
8.969868327667637 2.589272797604675 0
6.312044705207244 4.116551118609577 0
6.370103728376167 4.016273250676811 0
6.485840102776642 4.016013686000081 0
6.42759750193203 3.916119913992997 0
6.542848196752564 3.919084041716744 0
0.1064605790392127 4.77968840593218 0
6.490826457878374 5.019213340333866 0
9.147659182128077 5.512612416902781 0
3.466945021048233 3.276556125900755 0
3.525691183124623 3.3764914208232 0
1.513853632904049 2.134140678999684 0
8.14282189868424 0.7947647954803532 0
8.084213278516895 0.692993563463169 0
8.14294945685306 0.5911552786661545 0
8.025331964413811 0.591271423682225 0
9.191226923606562 2.776091726344846 0
6.558955013086582 3.450620844588576 0
3.465892269247673 3.075819415140298 0
3.523504956365834 2.975057303820659 0
1.520998426514525 2.950443707808463 0
1.462716114838439 3.052819142273351 0
0.4651118730428837 1.936595701936518 0
0.5227615262937562 1.837047809376859 0
1.503938097919173 0.5239620839429324 0
5.196411993949321 2.398240201136277 0
5.253087165109473 2.3018216650205 0
6.562047976734606 0.5040311954019185 0
6.6803105427869 0.5070201502826734 0
6.4426180836637 0.4977836332945658 0
6.738713898728354 0.6084791549641883 0
6.797461443342389 0.5071524049358196 0
1.524313134185282 5.000731306598823 0
8.542869250382815 5.514779722138622 0
0.6386699993210028 2.237405451658199 0
0.5222280877264321 2.237627016227854 0
1.50806093892804 1.329029848588345 0
8.914855915206928 2.49369301644805 0
8.263205194051451 1.198584894961219 0
9.018563919085157 1.501168159276697 0
9.079722388840498 0.7941237249208619 0
1.396680145753282 2.338385131658205 0
5.970725962684186 0.8913783511444416 0
5.913203766299743 0.7904357690989127 0
5.799307655832075 0.7900853597438512 0
5.857081164897661 0.6894371866537236 0
0.08937621012732908 0.2778403685119015 0
4.046594411108453 0.4858232483935142 0
4.16166155922794 0.4867161355546128 0
4.218330872688931 0.5861587784594793 0
4.276157360336194 0.4877445055832779 0
9.25522546374857 0.4887517534252482 0
1.514520343776664 2.338105957480325 0
6.253527010460838 4.617640469382464 0
9.547703253710031 5.056189950086438 0
9.547466665099677 4.941740679393927 0
9.448667936295118 4.882981925848431 0
9.548718905001412 4.827025406514085 0
9.449165832512895 4.769330750193786 0
9.549381968105793 4.713567407602582 0
9.450227907511007 4.656314365777597 0
9.549902454924968 4.600436442620947 0
9.451905192280668 4.54338165268969 0
9.550649053186127 4.487567356135809 0
9.452839311346928 4.430606379985033 0
9.550820578532264 4.374889255630696 0
9.448951140541311 4.317996666111402 0
9.550590059388066 4.262405125753665 0
9.448802778579132 4.205596055365931 0
9.549922971377242 4.150072630330016 0
9.452251940823487 4.093246892401329 0
9.550923648512356 4.03780649463897 0
9.453487601580019 3.980923460444225 0
9.551843994200858 3.925479537093226 0
9.455036912937887 3.868606394084423 0
9.552814175068294 3.813107993382057 0
9.455917137933231 3.756045306663844 0
9.553846724571365 3.700447212887188 0
9.456729534984103 3.643189772941037 0
9.554695813568211 3.587645243998328 0
9.457576741854028 3.530348791533455 0
9.555637409306556 3.474819293803336 0
0.4583191860549164 3.77166242839855 0
0.5172345795657418 3.669389839687162 0
3.283416984824989 3.897475772434337 0
5.971392514095916 0.6903741136916353 0
5.914427817424332 0.5895446028150514 0
5.799406412960981 0.5888483121579623 0
6.030350997884895 0.5898012738408249 0
1.465054645137909 5.514766353355895 0
1.34636365183912 5.514752177554415 0
5.503215116272861 3.418846906392389 0
2.059422338787576 5.515125972080519 0
2.178281256383324 5.515133349080426 0
1.448943406732521 1.227841197335895 0
5.684690738184174 0.9902419956383244 0
1.454629825408173 2.032725665498976 0
8.205336584576465 1.502013517265832 0
8.089157957148281 1.502660937726388 0
0.4588166721076609 4.79517959251371 0
0.5176636982487856 4.897952381523837 0
5.856741407983622 0.4920707548169798 0
5.740883864122326 0.4895527349873917 0
8.146433689189806 1.198698686899335 0
6.50539666590268 3.54321227261613 0
4.325879852444068 2.178471833242849 0
4.268956048642345 2.276952218761177 0
1.518802557359864 2.74475298607641 0
9.452516078283299 3.418899276215057 0
3.465851381591736 0.8831036298424667 0
3.523206679245688 0.9838108999085839 0
5.841681064332424 5.522966207390659 0
5.959117579859315 5.52396688270611 0
5.724399174229235 5.521996633858258 0
8.084104145195248 0.4893295165874527 0
7.966423919103769 0.4894376069936516 0
7.907680612311539 0.5914513177574539 0
7.842104113842123 0.4899521746181065 0
7.789967878692384 0.5916531760353531 0
7.719918435691381 0.4920921171411792 0
7.671494703702802 0.5926651279137838 0
7.6111867771109 0.49077766309193 0
7.553809549851651 0.5922363113028337 0
7.494873651029492 0.493458487120519 0
7.436264562055234 0.592704465704073 0
7.377371044712256 0.494109888786184 0
7.318672836168976 0.5929995802632435 0
7.259700041745323 0.4911858160141902 0
7.201002178682236 0.5926297838413368 0
4.386913272010999 3.805156016427012 0
1.523727211089739 4.180267624132806 0
1.464333118034171 4.077524156269841 0
3.472898076387082 0.4778195374785807 0
9.535875856845523 2.201627583724728 0
5.666626863813951 5.420061305109853 0
5.607221500201939 5.520594061947094 0
4.333116129565224 0.5874004365363111 0
4.390935351852179 0.4897740423026582 0
8.686266597277848 2.885958542868707 0
3.463680232124416 2.078828355240539 0
3.521638965587032 2.179398352492267 0
9.359020220554834 3.698555826047806 0
0.4582169947661838 2.746222980971513 0
0.5170504320819211 2.848086458995873 0
0.7512520050886962 1.233336661888281 0
0.6943335954000975 1.333550512602762 0
0.6363682372689574 1.234478351706387 0
0.579770449725666 1.334068553692044 0
0.5220415328188935 1.235368416858942 0
0.46405446907394 1.335408605540464 0
0.5225342698014772 1.435409541164542 0
4.212176801434373 1.980796262098118 0
9.196376958585386 1.199260049889112 0
9.313204751113702 1.199353826233688 0
6.079959523030576 2.981102117507675 0
5.282754884672266 4.996584059886389 0
5.377697658352727 4.938996486338985 0
5.785011825007707 5.218847407772701 0
5.16918327816947 3.225605444476346 0
5.225157543155647 3.129098491575421 0
5.336668371430362 3.129186833113421 0
5.281080967771695 3.032641717808891 0
5.392469042739965 3.032789665665469 0
2.237728986528587 5.412209277006218 0
2.29713937569241 5.515159416699562 0
7.611490966449944 1.316090662349323 0
7.66996459073955 1.417735117412497 0
7.552620826797721 1.417550895947255 0
7.61110702750152 1.519225072336273 0
7.493757205448399 1.519031535326526 0
7.728418245893936 1.519377128012403 0
1.287033668043124 5.411966896824582 0
1.227707370934491 5.514729957486243 0
1.168380110341742 5.411984321507687 0
1.109080735652187 5.514702581430882 0
1.049793852438459 5.412025598590472 0
0.9905302888046525 5.514675044796155 0
0.9312755211901088 5.412058043091396 0
0.8720312292961113 5.514649806428033 0
0.8127979099379137 5.412076445692884 0
0.7535915205602883 5.514635524461017 0
0.6944023437801257 5.412074507278875 0
0.7535788618137859 5.309585038301159 0
0.6352516247403746 5.309626401075015 0
0.576121401436489 5.412024836549685 0
0.5170179938186237 5.309656568376176 0
0.457900983482956 5.411986162053367 0
0.5169350240722038 5.514311581061378 0
0.6943741070570751 5.206819165387516 0
2.356591002285302 5.412249335622218 0
2.415981057365554 5.5152169156449 0
2.475449371266189 5.412286915627772 0
2.534811527067918 5.515299843841563 0
2.594308364703999 5.412316491444762 0
2.653679153358749 5.515315272976019 0
6.370277377271031 5.428264964675597 0
6.428798125154562 5.531245460935807 0
2.713164571372224 5.412375745651191 0
2.772557212097978 5.515367613516494 0
2.832029832142444 5.412394098755746 0
2.891398589387114 5.515514948192255 0
2.950885196912891 5.412467566953027 0
3.010272498203711 5.515466209265342 0
3.06974698812298 5.41250845414873 0
3.129145636619339 5.51550028949835 0
3.18861131347657 5.41250288188491 0
3.247991400864696 5.515668150296606 0
3.307468322371888 5.412593550268248 0
3.366852822601982 5.515647083541467 0
3.426328299093514 5.412641705784068 0
3.485728273488342 5.515614945536222 0
3.545192483274815 5.412610778351956 0
3.604595408343811 5.51551958332574 0
3.664053221091891 5.412668818112686 0
3.723382651628632 5.515521072596444 0
3.782901436777124 5.412708292167815 0
3.842402126770931 5.51580431809888 0
3.901777172798406 5.412718133332564 0
3.961358144993638 5.515967812170513 0
4.020665083651289 5.412877054447109 0
4.080112790018754 5.515764910718616 0
4.139494592566675 5.412727669247948 0
4.198623284040785 5.515444781301404 0
4.257937937137467 5.413356807362391 0
4.316595179030679 5.515156743505411 0
1.464896119222366 4.897996916700045 0
0.6358591071642212 4.897494217021258 0
9.371789916234894 1.098162280042368 0
9.4301638870696 1.199529728068934 0
9.488833629583969 1.098290531807213 0
9.547235032568723 1.19971648844251 0
9.488543329260818 1.300974367613436 0
3.700313163665422 0.4820960075515808 0
4.951686533836114 1.281221236236275 0
5.404634416824711 1.470095618689941 0
1.405154606223183 4.385812978614125 0
1.523809212676316 4.385778413149152 0
1.464494218256992 4.48856870000815 0
3.870989386198036 0.9835425849907891 0
3.579895845349525 1.878296092459328 0
3.463970219523239 1.877987741646957 0
3.522267067154019 1.77749554389196 0
6.310645613767086 5.530310370632538 0
4.88820278344388 4.88611917854097 0
4.675267035406858 0.5990064675666711 0
9.556918860104062 3.364428802530603 0
7.14204857389061 0.490779449870411 0
1.564068216979351 0.8278121523513385 0
6.558527740215526 1.707790156357905 0
6.080327480891306 4.317611521814342 0
9.137595371187503 0.4887260186714324 0
3.412192366374575 3.375799088300858 0
3.468564971436749 3.477472379848358 0
6.432231273202057 4.916586824804918 0
6.550353504634115 4.917085222808121 0
4.326101662897506 1.981142949822469 0
4.269405091331013 1.882418398110906 0
6.853877729000105 0.603824297805454 0
0.8600348739285155 0.428956826718614 0
0.7435010460750917 0.4299229750723431 0
9.135466002684389 3.149420784185063 0
5.19502584244903 2.591801532047617 0
1.216683495081065 0.423219625922658 0
5.676901411500914 4.615753652031943 0
8.441097354162881 5.455433185389452 0
8.441566500276794 5.337530976090942 0
9.135498161404636 3.256368658268139 0
0.4064238398234922 1.237409062501285 0
0.4641152412864523 1.137665127081684 0
8.771643873511881 3.35838537152159 0
6.404703527724478 2.057285061210817 0
6.545217495613914 4.318336514234487 0
5.397665191523377 3.929840462795601 0
9.582273832107649 3.074877874545448 0
4.902792361407262 0.4097518844512623 0
5.336923171267966 2.936261601606247 0
3.988030638399135 3.571414440083671 0
4.102486343496892 3.569615043558926 0
1.566333227775912 1.227106655299405 0
6.566241348438316 5.53442732588823 0
3.413253724133728 0.5805962922160696 0
5.558807516129772 3.322869074569487 0
5.634831694837466 1.828263384736193 0
5.530417005658845 1.822218525179236 0
5.477800343882111 1.916613221121559 0
6.106567083948121 1.50811131778724 0
6.04994948568043 1.606364609127869 0
9.247816323932138 5.570667498305935 0
9.348140351653081 5.512955278738417 0
4.98588131732464 4.829123991689238 0
4.887943314365313 4.773053922292021 0
6.603492553830552 4.217140591900565 0
3.40842591950012 1.778640559429735 0
3.464855765166397 1.676850506104739 0
0.4077939644002665 1.837226789942049 0
4.139600208307401 5.618267675770678 0
1.56835602323255 1.633282308238277 0
6.091808310303354 2.212672015308079 0
6.035175631206679 2.308823289905391 0
6.896330805027436 3.417634110194767 0
4.375363556124761 5.413809263953713 0
4.433703659279876 5.514957668264968 0
3.782619599238922 5.618716705387574 0
1.583024801037177 4.077444143406873 0
1.523585975334394 3.974695939732865 0
3.426208323414202 5.618645595876721 0
3.069588880483973 5.618597150004797 0
2.71297457273847 5.618410637694431 0
0.8127905381840457 5.617234360398385 0
0.4064016703552663 1.440071202580008 0
2.356488062463228 5.618135741177317 0
1.168361932854801 5.617422998081368 0
8.440668105315428 5.573335679989683 0
0.4073368719987484 2.036259118197271 0
0.3994104468887119 3.873920277997718 0
5.619773967818074 4.714202979919917 0
1.444334704464418 0.4226112709591334 0
1.563968928199631 0.4208465599865008 0
0.3997978290810627 4.693031058460019 0
9.360548851560996 3.473323451523241 0
9.602079002835001 1.303174123651834 0
9.546291380304504 1.402721434990943 0
9.356350074867837 3.923117993988861 0
1.571612695398837 2.032416886021005 0
8.729626276960435 0.3875081669659809 0
8.84397500879788 0.3923541348978461 0
8.611947148021075 0.3874951200580076 0
5.141203030632282 2.300941605348275 0
5.197946398674505 2.204427150852568 0
5.483792768797353 5.113259154022816 0
6.621869698391009 0.4032371942869158 0
0.3988508988227016 5.30970900139458 0
4.334164192522952 0.3900613306735907 0
4.447625212402723 0.3914975110207716 0
9.3436994844509 4.15251226177038 0
9.654350857962367 3.419623829185051 0
7.893271196306666 0.3947951826255076 0
1.582757383755016 3.051813014287674 0
1.522514370366578 3.15508555302087 0
5.224657449990943 3.709371495021736 0
5.112742152544576 3.709322580119943 0
9.349311433163937 4.377395253636757 0
4.44288207416297 3.129400946887998 0
4.386856740329291 3.039083171962015 0
4.440771708839131 2.934038365002095 0
4.311362875687733 2.951523765115185 0
4.38377509384915 2.833923433312707 0
1.581609331050736 4.487632184805223 0
3.407398199805266 2.17823460048358 0
3.463885414603939 2.279822075577764 0
5.124151454405944 0.4066338065592728 0
5.234759526821581 0.4062418673670695 0
3.409548659923777 2.976772608203237 0
3.465968909981836 2.875363607229238 0
1.583608450329407 4.897919898890213 0
3.348122125628231 1.676455252001382 0
3.405060665462005 1.57671320578189 0
9.35241016479954 4.599156364708556 0
3.407080017596888 0.9835851538896706 0
3.464895306733246 1.084582661758281 0
3.35562055643308 2.074153947133338 0
3.527639813698529 0.3797856473470462 0
3.4152672483532 0.3768803133394184 0
0.4649330148930395 1.738420957683282 0
4.10497026185295 0.3868217871801863 0
3.989729912996612 0.3857632608466245 0
9.593833518242374 2.101754229733097 0
4.383129185987187 1.882610578944298 0
4.326537226277706 1.783952108044771 0
9.350652831900215 4.825320108576579 0
6.312888274700885 3.916738296319505 0
6.369640267996581 3.817572247509411 0
7.846580494759814 0.9094913494052843 0
8.338934309910616 5.396034937486446 0
6.345804317226419 3.090375348780303 0
5.448215498291031 2.936511921970779 0
9.605928399147007 1.098388818427823 0
6.605117115461607 5.017331725962149 0
0.3993383588143226 2.644340212083691 0
0.5805431250501213 1.736815313030948 0
4.275117548485631 0.6853504057166466 0
0.4579193715933323 5.207398979886424 0
0.339853486660425 5.20744629818193 0
0.3994697582894985 4.89782673239403 0
5.053111973925553 2.840226475287998 0
6.613833331053173 3.543523740702482 0
0.4592394703277428 2.542501771626203 0
0.576603881983762 4.180586784162736 0
0.4585774558069022 4.180607646711004 0
9.42981897824914 1.402196401812305 0
9.488172027936443 1.503620051671423 0
9.6050142846382 1.503787246371434 0
9.546480927587407 1.604802721900177 0
0.812652936800752 5.207065552337452 0
0.7525955141142522 3.053631022914108 0
0.6938053881419135 3.155893973600475 0
0.635230757550119 3.669105024884073 0
0.576103739385843 3.567077074368211 0
0.458106177039115 3.567240282788056 0
0.5169886218029989 3.464980186308777 0
0.3990204600882899 3.46512548827288 0
0.4578742900407848 3.362894706634403 0
0.6349907305772968 3.464611464803678 0
8.439480994594403 1.701062452348277 0
1.404898279406961 3.974765238424171 0
1.464128281607868 3.871932571102966 0
1.576730870014833 3.874476583297006 0
1.517055175768296 3.772610572984139 0
1.40362462467759 3.769767994911423 0
1.462674985196237 3.667040535105436 0
1.592314178846384 3.678818900338287 0
1.524530886016106 3.565722418456789 0
1.166811575613747 3.155370867175425 0
1.226205370710216 3.257831925259269 0
1.62065291205809 1.330816576664198 0
1.404470353453179 3.564138478013621 0
6.36887387230263 5.633400875889729 0
6.251084609112425 5.631972686978651 0
4.84267545175531 0.6965176982847262 0
0.6941132036228936 2.542214590746232 0
8.495376087664974 0.9967785356360783 0
8.204752182901869 1.097645662896991 0
1.523597944568134 4.590879270559096 0
6.793169034330529 0.9079755867287862 0
9.047437176240869 5.454387876092327 0
9.046989189009679 5.570458264799051 0
1.159494080004448 1.733029901266387 0
1.218080992396016 1.833419585657529 0
8.846917071514532 0.5911902586918303 0
8.787308026947667 1.299550629571689 0
3.522698558724461 1.576221892537194 0
3.464756837338636 1.476430369205591 0
5.23377300775944 0.9913275170128459 0
0.3993555002846397 2.848194267130407 0
0.4582434449240826 2.950115932767626 0
5.342786103803665 4.412478120339641 0
1.15370420626838 0.7296483321278595 0
1.463634506028622 3.461237712538729 0
1.581214431095567 3.4610805710036 0
0.3987660792161368 5.514300453178565 0
7.31501517655482 0.3970288547480871 0
3.581162325433459 1.085055848586442 0
4.382699525181216 2.276930699857779 0
4.326142553220599 2.372608144140913 0
1.455766004343647 2.439863054467054 0
1.573865043032538 2.439598034903769 0
4.273262474090768 2.833838769518268 0
4.327337574797099 2.735639681908955 0
6.021453690226306 4.816591487620309 0
9.227704463658302 3.20511867152107 0
7.54171617164239 0.3948962458876986 0
8.030036989476493 1.404799058321539 0
8.088406683712297 1.098168461714644 0
5.686353861008223 0.5930064456391654 0
5.626788637512687 0.4922331141381974 0
5.683152355383532 0.3898180196081574 0
5.567896415498041 0.3899934098375545 0
6.396144030242828 3.543727263841992 0
1.507036261811737 1.126445075335974 0
1.389491230186322 1.12695422351143 0
8.147254867349329 1.603539567871353 0
8.03046797280043 1.603924099005817 0
6.491628219555211 4.814545551542714 0
1.509527210997962 1.734330018188639 0
5.462218314146115 0.7981251722130835 0
1.62013525444247 0.5244010371859489 0
5.503706324262762 3.033262167927737 0
5.085943641466123 2.203546605787284 0
5.142668869789579 2.112256903574873 0
5.2547688035051 2.108760382351819 0
5.199519888054289 2.010373891429772 0
5.422162306503816 1.818945274641379 0
6.146663056776323 2.309890875764089 0
6.090021610421406 2.405869918371282 0
6.201324703116901 2.406837001416176 0
6.144796928248889 2.502720552970072 0
9.196525441389591 0.3868337159413995 0
9.314206255626074 0.3868408245016644 0
3.523636424318588 1.184988244086119 0
3.408430435025512 1.181977899187938 0
4.491899196799283 5.41405281749541 0
4.550108374092515 5.514828892434897 0
4.492102750286575 5.615881812519355 0
4.608583488321451 5.615630955619585 0
4.666461805809442 5.514717484096147 0
4.72492762921688 5.615377199050858 0
4.782881081192908 5.51456331214909 0
4.841291901041136 5.615179771792858 0
1.642444384152772 4.180217778932704 0
0.8067637119933646 0.3318932501377699 0
6.609820208071252 4.814910796929889 0
3.337659781402299 3.088756445643421 0
5.281798433051106 4.88246024278371 0
5.664920072076445 5.623014989513256 0
5.546865022493479 5.620122687742187 0
1.624681180912039 1.125060973337119 0
1.632647802270746 2.337623978927375 0
8.859839429646488 2.589643192850263 0
8.914379520828483 2.684623002642302 0
8.804431970267441 2.494026361145359 0
8.859631015421737 2.397805855371699 0
9.135008214603129 3.042528372242702 0
5.899530943162057 5.62530319762018 0
9.65176819222393 3.308870902903303 0
2.118836264018643 5.618036863807757 0
2.000020528544303 5.618040522170208 0
9.348976174828813 5.625039456293604 0
9.448022025171333 5.570580675822541 0
9.243653838103986 5.693771258830323 0
7.669619569236473 1.620925484969829 0
5.614178429696921 3.418892845846469 0
5.558753115596516 3.514919386451673 0
1.627566111288681 1.734150068034304 0
8.542595241520523 5.632660176418067 0
9.638890508969995 2.977216831718304 0
6.563526425164572 3.636715672153322 0
0.3405017771333148 2.950227011684627 0
0.3993120752607709 3.05297592566617 0
9.64741176827123 4.20670720225236 0
5.549754457252384 5.418670643686768 0
5.250214270829405 2.68897505653485 0
0.4578214360518444 5.616707805484573 0
9.648569261240651 4.432167518442482 0
9.649120931998807 4.658532949695554 0
0.3507118696743779 1.138572432524878 0
0.4053163641889571 1.036077117839059 0
9.644359979736077 3.988666304158287 0
9.649328198080777 4.888179114571586 0
1.405695242449219 5.61755472640545 0
1.524385549658203 5.617572091557553 0
6.148651003315848 2.116413676657837 0
6.093694216765972 2.019023542087644 0
3.358034415890677 2.281934761132061 0
3.410325235562922 2.3827611801158 0
3.522575065237549 2.380854887786894 0
3.464636087554786 2.48170377643067 0
3.351296463160242 2.48361735386311 0
3.405600396427609 2.582211348186798 0
3.521912447871893 2.582027828711702 0
0.3510219108164183 1.738473405871608 0
3.335478663731531 3.474403955726612 0
3.410605350033375 3.578734468947281 0
3.526778262037571 3.577967096260765 0
3.349276301102604 0.8854987960530406 0
8.805253651512913 2.684934949140795 0
5.988266194328155 1.507915950955117 0
5.932136733075009 1.606775155274738 0
5.987638847619243 1.701625275044335 0
6.048977194310816 1.40981139831677 0
8.33952456172921 5.27769382101543 0
0.6904189934009708 0.3100009085374619 0
0.6282150590484675 0.4275851046619433 0
0.5660393447340277 0.3213780946960104 0
0.5112596260173634 0.4296062139094329 0
0.4575141029641897 0.33329433573591 0
0.3985638401929448 0.4333720709551263 0
0.4548786710375871 0.5313695004755625 0
0.3420550804305481 0.5334079424671825 0
0.3978803714430798 0.6309053111271771 0
0.2845411578246818 0.6316993061831927 0
0.3417078157088738 0.7296140598470494 0
5.477228769151341 1.723119939613943 0
5.066475065387791 2.401029223099911 0
0.3403666397181322 3.771786290491415 0
0.340649671536842 2.542519037847504 0
9.646330896189582 3.7597906003238 0
1.634298600570509 4.588991210439151 0
9.651261410177373 2.201979396582018 0
9.593186329470827 2.301912748865594 0
1.642747227325628 3.154216691388748 0
5.336565955383159 3.709403126768035 0
8.092901328985461 3.184086274175419 0
6.896560201457436 3.173588463320348 0
0.918494350713592 0.3280363398115101 0
9.695621100125063 3.075636898742167 0
4.219602239142494 2.732230248577315 0
4.269211004301722 2.637777492732138 0
4.381978446767226 2.642763122512069 0
4.724517198312782 5.414321936588705 0
3.333699105555334 2.875621339670489 0
1.639862232781497 2.946695007927103 0
4.84022193297874 5.414295144863084 0
7.78915774475237 1.618646605497841 0
5.669512456128193 3.322959216212361 0
3.346749583993335 1.476050471609709 0
9.823529411764685 5.898114658378302 0
5.885561286837181 1.708105364983828 0
0.3497546868504818 0.3275423051896624 0
8.110555575375296 5.816982828953944 0
3.092828453125091 0.1685346434080541 0
1.899678217339306 0.1833213996955727 0
6.898871126062218 5.815215831636571 0
0.1767864944785564 5.901972849253895 0
9.821446751186844 0.09585179181579212 0
8.670789758436296 0.2855017217332614 0
0.3396276651905677 5.616630342044909 0
9.457769995230423 5.694021657721158 0
9.551728420132577 5.625327005283834 0
9.548248346934455 5.513555600014234 0
9.647365628036569 5.571004892366718 0
9.646757682476274 5.457516042385127 0
5.514030699008879 0.4936510065989348 0
7.377576676504281 0.6942128963085702 0
9.663257357752761 1.605028594219598 0
9.602000403033664 1.7053257722662 0
7.612977432032416 0.6954801974216648 0
4.439436727776759 2.374816988034514 0
9.471340924134292 3.306036115147983 0
5.677220968845184 1.574906602173885 0
4.439707913028228 1.981202457948286 0
6.087272444307835 0.6953244439543528 0
6.148225349759799 0.5939811809681934 0
6.089089502381324 0.4896954309555392 0
6.207035553184896 0.490803996990384 0
6.147728622826645 0.3915067171727396 0
6.266005149231972 0.3898262193409849 0
1.688574530209991 1.631299443862473 0
9.429813535390835 1.604589710264464 0
4.434781988283198 5.31296695831846 0
9.650008331203066 5.680608080397349 0
4.390067373617542 0.6891059748148535 0
0.4553689655345334 0.7288984367883229 0
0.4013234177973879 2.440629804329532 0
4.081447181020757 5.309932305854762 0
9.079665456544038 2.201502672388682 0
0.7525125821505123 1.433395310049819 0
3.723910898213636 5.309631809778175 0
5.614341235358832 3.227208361052266 0
0.8116996303722704 1.734267330715588 0
0.7536604209312991 1.634226233885589 0
5.608924134148563 5.3185300710962 0
3.367372115859241 5.309545810703256 0
5.113191490256277 3.12885448282972 0
0.5765126090529757 5.000587878721032 0
0.6946938866396744 5.000402406150711 0
4.159851714893467 3.469587918477875 0
4.211610063120461 3.571548462746464 0
4.279045702954621 3.468348763858938 0
4.159550148103734 3.668243251106204 0
3.010668403187346 5.309445295182953 0
5.378275936090433 4.829531423733639 0
5.486930067903866 4.899738977173826 0
5.978690709610129 2.404933847184606 0
1.223714016312791 2.643128448934275 0
2.653965522292499 5.309341505997716 0
0.6948963886091117 4.385984362707449 0
0.3399484690150166 3.363039190322119 0
4.212346054784081 2.374001052721828 0
5.367159411890677 2.682553868343254 0
2.297291651124338 5.309234933514378 0
1.329790945656177 0.8305552173382712 0
4.212786951333852 1.783118908579555 0
4.269906014936517 1.68529227735879 0
4.383666232812341 1.685575288161111 0
4.327127104264543 1.586986408290672 0
4.440764888681213 1.587328681229182 0
4.384295059572013 1.488777933869515 0
4.499095842498662 1.487084653191425 0
0.3995436639447469 4.078411288902439 0
0.3406113934282136 4.180640622563631 0
0.399618914681465 4.282751984064711 0
9.254657067034234 1.300454445913602 0
0.7528681679465048 3.258392041128315 0
8.962508892442083 1.199002824899817 0
0.9904139532530222 5.30956326497234 0
8.848439398316909 1.805061904748753 0
4.999327163832647 2.741109285329702 0
4.213339343007354 1.585750896462794 0
0.3401704891981113 3.567392027347415 0
0.6943840746123469 5.617165802703932 0
5.001333344039119 3.321936516659469 0
4.727897012500456 0.8903580910493536 0
9.248462402092795 4.992538767286774 0
1.702581638917826 5.103330130025509 0
7.435230711048822 1.417293889275129 0
7.376308961992167 1.518778354564548 0
7.434881437959556 1.620608765853524 0
7.317454384984067 1.620388244487703 0
7.258938630183562 1.518561814550434 0
7.20006035297858 1.620126624412776 0
7.141537517718128 1.518287735091578 0
7.08274828856321 1.619779442025116 0
7.024214445074833 1.518260045802031 0
6.965651714054069 1.619398569977338 0
6.907193123264268 1.518360615447804 0
6.848935486417988 1.619238313003035 0
7.08308684966296 1.416876562617337 0
1.227195693545448 4.077867834132939 0
1.642520967221637 4.385708121932217 0
3.581218392343688 1.47647644250788 0
5.11364375532211 1.771049382028508 0
3.581327745343999 2.87473550737759 0
4.838463252446171 1.47512086641346 0
4.72689969090772 1.475033118591345 0
8.442244454805884 5.219675930261077 0
8.340217153386549 5.159382036639284 0
8.442993584388912 5.101252412125844 0
8.340975485843254 5.041060297593113 0
8.443703200837662 4.982621447840715 0
8.341744758434672 4.922749121880045 0
8.444373245196719 4.864362220175287 0
8.342489445566386 4.804612266597546 0
8.445027309435265 4.74627321761827 0
8.343227790025276 4.686582068524103 0
8.445669891191921 4.628288458127519 0
8.343976955103013 4.56865842642013 0
8.446308284730117 4.510434241916672 0
8.344728634711505 4.45086922455575 0
8.446892194003336 4.392719505263408 0
8.345511136385035 4.333268494081907 0
8.447453399434783 4.275259699394192 0
8.346339067085168 4.215901713135815 0
8.44792797519537 4.158161080819589 0
8.347284825871924 4.099107903392147 0
8.448389249077877 4.041590359878691 0
8.348205666057856 3.982795111326046 0
8.448769077451114 3.925629474254829 0
8.349773293346926 3.868481268671729 0
8.450872044077407 3.810015324454163 0
8.357012674757707 3.753714539623308 0
8.452576967966657 3.695275542933281 0
8.358423299646939 3.638066018716979 0
8.451655540149906 3.580676215516618 0
8.353423480505786 3.523957830493471 0
8.450446688109087 3.467219493812711 0
8.353469590719897 3.411226897867503 0
8.449512129540581 3.35597721355204 0
8.265991397760168 3.580065659750338 0
8.545579072492144 3.410202937151345 0
4.945113545121365 3.61233612453831 0
9.137881025928241 1.300339724892782 0
8.201771102090968 0.4892627006876662 0
8.142876457470615 0.3873101981826785 0
8.260420763065378 0.390489485936996 0
8.904334347662017 0.895485639280392 0
6.196708566483466 4.916603502959099 0
8.029033558855566 1.201993012623574 0
9.547540918434649 0.9969509462346791 0
9.664611030797737 0.9970425837238143 0
1.345850019235277 4.488469974986269 0
6.018526595354513 0.382689251456006 0
4.497027982368597 3.225741635374328 0
4.782822639747838 1.377515669308648 0
1.215035721723438 1.230005595063802 0
1.623098910744442 0.726574386306692 0
1.677709593239842 0.824550789649237 0
1.631694172137762 2.133790517577281 0
3.355238289806165 3.280084281500844 0
5.404592068502915 0.8959979022691004 0
6.608459868173709 5.224341736860179 0
6.667429015819299 5.327545978943578 0
9.606220007249126 0.8954474737643036 0
3.346051757606312 1.88011754525304 0
5.456121552439797 4.219217908864327 0
4.439471790209184 2.178391404535648 0
6.601704685006877 4.016257439855417 0
6.659031499544652 3.914828144856954 0
8.646743447428088 5.104893876965765 0
1.344781649451842 3.461619872835314 0
4.205043037695775 2.915114831685683 0
8.35428463022801 3.300694568362439 0
4.692895740883207 4.888114877690144 0
0.5803879233831484 2.338589977847967 0
5.907476722692405 4.220585525757333 0
1.403751282202008 3.358934140497477 0
8.320116658421624 0.8956062884924966 0
4.549981743051314 5.716616349056324 0
0.6962621090924208 2.338333663758923 0
9.53624026784885 2.002516979871398 0
9.651954172323849 2.001668637026866 0
4.385362846224719 3.226579181721875 0
4.440621809537334 3.323740167026254 0
9.079466896864734 0.5909340023834895 0
6.016850345013829 5.626634438728937 0
6.076055316114347 5.52574551584408 0
1.338141498307391 2.4399203680508 0
9.078686954847671 0.3867843191028353 0
6.667817023441147 3.45686398169447 0
6.664709092505719 4.318923798615915 0
6.718968206089038 4.214804507914467 0
6.603678258439378 4.41968535132208 0
4.671570234389624 1.380512463934331 0
5.291951425300124 0.504473387580329 0
9.043574356076462 2.992787602241903 0
6.551743230821724 4.712699492949062 0
6.669017192572404 4.712439240859426 0
8.551429332580646 3.634399800324282 0
5.180269760923682 0.3097034171444463 0
5.291701558823098 0.3096854743197716 0
5.074248133866344 0.3127912639515522 0
5.168634927741707 3.806326466134415 0
5.056662968457606 3.806284379733768 0
1.502571967452244 0.3199064095720213 0
1.620939047925624 0.3085217240723836 0
1.386819227434035 0.3225504505998941 0
8.546125949986811 4.806026037194213 0
6.37364348957284 4.81487255330942 0
8.088805896459688 1.705030048919685 0
8.549130429886986 3.868428268829572 0
5.563295413900797 4.61453662253258 0
6.672299742459176 3.632809539107053 0
8.547088952940289 4.570085488716036 0
7.083930515497217 0.5922892302554682 0
7.142384998810652 0.6941851939215146 0
7.024450191159558 0.4908090079154414 0
7.083067720109593 0.3888385553120661 0
6.965935000968597 0.3886705520182279 0
6.253779438247879 3.818868905979987 0
6.199611939644923 3.91599275243606 0
8.547909896912195 4.334660755570659 0
8.548393674485563 4.100422231836305 0
8.857993267845089 2.781044853535215 0
8.971796562302885 2.780369003045943 0
0.2940301140448437 1.836798143336577 0
6.750000000000004 3.086602540378443 0
3.469332009063761 3.678842898235786 0
3.585250267513473 3.67802157764083 0
3.355322931895246 3.680826669094891 0
4.985533873126279 4.716392188414802 0
4.887696575613362 4.660437898401225 0
5.083474037285448 4.772368312019909 0
8.206088598305676 1.703652483886744 0
4.671059120916047 1.575461415904218 0
7.972236119756049 1.706865997096919 0
6.204128541787715 2.019117163602758 0
5.555120192614614 2.939186150597297 0
6.906861312966095 1.720199490671445 0
9.228862055520782 3.311658375691777 0
7.025216355071127 0.6957831656162986 0
0.3997804767350178 0.829102457670863 0
7.141137421273744 1.72158887166109 0
7.84814978340156 1.51684118334689 0
0.284041197619728 5.516261852606363 0
9.723417693109138 0.8955543087785192 0
9.664959127706606 0.7939259772905194 0
0.2937032965926179 1.040644753957056 0
7.375993920396538 1.722250346083025 0
7.84820213725699 0.699871610824756 0
4.498172044719338 1.880196833891452 0
1.687727136916076 2.032458076443335 0
0.2951124087219256 1.236657148634882 0
4.435833249251891 5.716179761200305 0
8.586961032437763 2.059086761774226 0
0.4077975218325572 1.64002480982128 0
0.2945131325794751 1.640136637496961 0
4.441435867476402 1.39063094602875 0
4.328130372840869 1.38995113700568 0
4.619478484747611 0.5015120745585412 0
4.67900766145307 0.4027967577508939 0
4.783321156851107 5.716116780480717 0
8.025119398310538 0.7965948696315873 0
9.749673828061379 3.369560633304663 0
5.030652906050951 2.106093215945827 0
0.5143218229665167 0.828228558692557 0
8.44143298392021 5.689406235130917 0
8.338401805147889 5.631806816354662 0
1.875413688452187 5.003391269562375 0
4.39156983757572 0.293871413943848 0
4.508277618681093 0.296967031608817 0
4.278189103375734 0.292797460889809 0
6.790434572613854 1.71875501719683 0
6.732155451476084 1.617186543914231 0
1.689510362494866 2.438305685082529 0
1.633306365698206 2.541433364227523 0
0.8582061148659401 0.2269881161795282 0
5.368279773764677 1.72188912865471 0
5.294144443393711 1.821483560216184 0
0.7535516678771997 5.716677957644391 0
0.8720289789006549 5.719848214103605 0
0.6350818383733445 5.717986837594389 0
9.247111149485086 0.2863380855761574 0
9.363685518133522 0.2866101759026959 0
9.430538425918366 0.3872574714763304 0
9.48129166806536 0.2868059862175641 0
9.548214670819688 0.3874487286955144 0
9.599290196625638 0.2869579254703177 0
9.665797711943716 0.3874234476175177 0
9.60832700311186 0.4892835975721074 0
9.711928282677864 0.2830576148292161 0
9.722082311716052 0.4866764970629409 0
2.065036094648237 5.717634289013825 0
1.947232318372159 5.717097667736214 0
1.882333453253334 5.617419225542362 0
4.434740989883881 5.106088405954215 0
1.82884738767337 5.716918876629149 0
1.763640180144116 5.61715721009725 0
1.706993863553166 5.715042535662701 0
1.465207581562974 5.717214618822098 0
1.349564188102909 5.711902996814899 0
9.548186685847952 5.399930257194403 0
9.647095188319732 5.343942551606979 0
9.741493249763764 5.401107939316246 0
6.302188450818898 3.724497758142719 0
5.625126612509717 0.2918094536080816 0
5.508549610983632 0.301694415960682 0
5.740270322595102 0.2893168489445049 0
1.696406039229823 4.075941838809038 0
0.3989278936975152 3.260114967604533 0
0.2849969674273373 3.263216989051024 0
4.331558131580458 0.7854178374515477 0
3.097408976406637 3.823709372296257 0
0.5196740040256383 1.034131505312136 0
0.6930116275122867 1.134253370781346 0
0.3988624889438309 5.104527650909002 0
0.280888727455297 5.104464741827352 0
4.217591087985598 0.7840579399280785 0
4.900008408012765 5.715893665799777 0
4.957904111756413 5.614740739666628 0
5.016773595517861 5.712778277856687 0
5.074808159971026 5.613663951081005 0
5.133628013754574 5.711740720136133 0
5.191698663135439 5.612929527078414 0
5.250538137350262 5.712888151230482 0
5.308457696195971 5.61271322769704 0
5.367588086668308 5.714057438377438 0
4.04809460326212 0.2891153878229017 0
3.932808256598806 0.2884817678607493 0
3.642613329674456 3.576932799497286 0
3.700975936937774 3.676514566229014 0
8.749643708951607 2.398433314309608 0
8.805138315107463 2.302000113828319 0
8.552977887817054 0.2885742935766954 0
8.494138683783312 0.3876586532642633 0
8.430014537432783 0.2958333234538927 0
6.724427476148927 4.812701531119417 0
5.225479469433392 2.936038958202247 0
0.2888257064662163 0.8264612415591084 0
0.7524882793418565 2.848512798471237 0
4.040667713933153 1.88041702801792 0
5.18323379586292 4.940340851944265 0
5.620758725350539 4.516197711362075 0
0.5169747513876606 3.258971197039088 0
3.638951242076028 1.576663895467128 0
1.285733447691526 3.564230641894518 0
1.168402137060679 5.206625966969347 0
8.198663605592976 0.2907366669490639 0
8.07710245403428 0.2930226515607287 0
4.79035815504877 4.71760879979751 0
4.790601697467965 4.604640714834983 0
4.884440315502094 4.548985885869723 0
4.789920997494495 4.492289817095314 0
4.887020385253435 4.440361223485739 0
4.789669855727401 4.381009107467358 0
4.888418117550705 4.33532386179968 0
4.790132707297943 4.270359807632332 0
4.900294857678162 4.216043585679317 0
4.790456095120671 4.156993170194349 0
4.883474867635021 4.097403840358195 0
0.5173077001369981 3.052128459111102 0
7.848289501865897 1.313974046524473 0
4.692698610599351 4.327880373610441 0
0.7539293895873078 4.897582274364458 0
0.8129537733023519 5.001157571362675 0
6.252618935392957 5.426616793915594 0
7.970294991990957 1.099684735426749 0
5.392180937871229 3.612107935294937 0
5.448447418390248 3.709388894227596 0
3.756993788266406 3.373456856616105 0
1.285281223196529 3.155142328506105 0
1.225825381157962 3.052661757488475 0
0.2845916511910922 3.875343163462686 0
0.1727626597867152 0.1099329804690085 0
3.87458596047476 0.3852889283850204 0
3.817668207061012 0.2872022303602597 0
9.666094381144809 0.5907610972099349 0
9.792685553663981 0.589463205956384 0
4.609353973494365 2.836091452948839 0
4.553204395129841 2.738668891328917 0
8.14588296635373 0.9970348298034549 0
5.667147122766967 3.513382074720772 0
5.613889528543776 3.610793801221702 0
4.562795231702649 0.5986564924901562 0
4.618538783516431 0.6958497831210619 0
8.321332766463197 1.097781508334991 0
3.638072471248888 1.778425769059148 0
4.21998118698599 3.159699201151837 0
1.524163219859238 4.795224115515472 0
1.641723290187402 4.795868881787847 0
1.701290476556595 4.898437349340306 0
1.40536677130644 4.795572755783115 0
8.946529287836077 5.511974992970589 0
8.946319636004613 5.62848116238541 0
9.046067448936579 5.681723756932898 0
5.51924614092922 0.6999997510665331 0
5.576500887323863 0.7989071168791148 0
6.793503304434523 0.7078074940430346 0
1.219569957759395 2.034360128367031 0
1.275877955680609 1.732528736245571 0
1.334783957068013 1.833363683291026 0
1.216956349692166 1.632325581778237 0
9.195558383767633 1.401386362845613 0
8.947517651581446 5.396219506291422 0
3.639013631941702 1.185390141968524 0
3.69722726589027 1.08507505205818 0
1.398480619381025 2.540960805238774 0
5.312290131690999 2.01245751947358 0
5.366645620389074 2.109296585772692 0
8.915589074870557 2.301539103282183 0
8.85970150889292 2.204766466814801 0
7.493505067338945 1.722454050856101 0
9.705311285156954 2.30425284971996 0
9.649762387833356 2.402315268181035 0
9.535105382411571 2.400916437823309 0
9.592011800656367 2.500726197497716 0
1.581802466469461 3.258232826234817 0
1.70087784901697 3.257564968687043 0
3.292062320401392 2.583648525355999 0
5.5082719645154 4.513443488264107 0
9.704376427996035 2.500442412112975 0
9.648492989066529 2.599964885687304 0
8.753823275272518 2.20828863465198 0
8.804920364698317 2.107834813851771 0
5.605254086510767 5.724192558191042 0
4.791104515252279 4.04448385568274 0
4.885129369766151 3.988462268140784 0
6.147228692332128 1.923947599827461 0
6.028802707099008 1.899082959864074 0
1.739680480542593 2.533527318944891 0
1.687634195570403 2.639966079931736 0
1.750410749651314 2.334074131842026 0
8.915212037895365 2.107443537929612 0
8.85993617793323 2.009013449782694 0
6.194460525528567 0.2814513726440968 0
6.322324964807594 0.2887973007958867 0
9.594885861131928 1.903643982199217 0
9.71041502257845 1.901084601393457 0
4.498635700764277 1.683545523309671 0
3.470063301560987 0.2822115969954499 0
3.353802545887992 0.2819740970307553 0
3.585226190370021 0.280014918135945 0
3.297415289629195 0.3960744590191739 0
2.184776804847151 5.717127381510435 0
9.370449812720237 3.065037951651699 0
8.44741074953561 3.250382215920571 0
3.292233692390907 0.9823674810134544 0
1.387965366041146 0.9301271646486461 0
1.270864361586076 0.9304307771404116 0
0.2853213892256722 2.846106760170916 0
3.523163104873193 2.775103497505758 0
3.639098521163384 2.776213987899791 0
1.510847957719358 1.932341198632725 0
1.564874543959945 1.025485225979827 0
1.695663536578251 1.016683865207646 0
1.751842668853492 1.126003931124369 0
3.352331607649176 2.679800446122679 0
6.254580609458893 2.502868420384561 0
6.197853829203855 2.598421155763792 0
6.088222499901564 2.598367650660915 0
6.142860958439916 2.694815958157275 0
6.247366643220122 2.690060339187568 0
6.192179583648141 2.792548278366259 0
9.136836065735658 3.365340949343971 0
3.648245271198941 3.783316970878982 0
5.015634471723038 5.517663712721477 0
3.5820242063572 1.283780821208925 0
5.109083100927875 3.901284870813454 0
0.2843905740536155 3.05502417125637 0
5.478514163517092 5.321095635241321 0
0.2219054593164873 5.207345932279791 0
5.431377129480077 5.420609358071347 0
3.406499037564064 1.377732597159818 0
3.289220686889767 1.374970978039699 0
7.024170234584429 0.2899210013816692 0
6.906364986876984 0.2906663847776697 0
7.138240888782442 0.2923951334101702 0
5.722859944169999 5.725314688657114 0
6.717490296703634 4.419876047696535 0
4.15977526475331 2.637799995060791 0
9.75244884079016 3.477648425961573 0
8.237979483007896 5.09944856739085 0
6.608670822896695 4.612209134765257 0
6.717314453623793 4.608427622754823 0
4.27448637100692 3.666780084721382 0
4.22275221518629 3.750483144563486 0
8.239636435529132 4.862979245829863 0
8.241276974668684 4.626934793130189 0
5.504027735553038 2.840427112274078 0
9.781882112410575 2.213091015752284 0
6.634195984128329 3.734574954820748 0
6.731343543107549 3.738317464757342 0
0.2862860256996733 2.64174174172279 0
5.084248798236051 5.806135791214634 0
0.285879012238105 2.442983860324937 0
0.3423383218880769 2.339366749928001 0
8.238963467791429 5.340809757232862 0
0.2861427180347689 4.280212839832085 0
0.3414325410652961 4.384730407130167 0
9.739455434072477 5.284792207584933 0
9.646768931819576 5.230321731796989 0
9.743019946649571 5.171269735732601 0
0.2858337198312366 4.080851860535209 0
8.24623274691468 4.391370565706165 0
9.712710918597004 1.709106444850206 0
6.309148213233791 5.730358929716123 0
6.423742307296935 5.726380145448694 0
6.190685934219601 5.730180847705191 0
8.341825611320193 5.742303389364229 0
8.253705536782881 4.151348788009857 0
5.568138147760145 1.565617452809848 0
9.721943380857304 1.503973906247286 0
6.713222460386065 4.012457608663837 0
6.767492045709655 3.914410680242336 0
8.255926853814792 3.917716949241364 0
4.499583205830943 5.814599282919102 0
8.238653856812228 5.451870053433446 0
6.252937259109835 2.11567800478665 0
8.536436771459073 5.753401525403644 0
8.649615431388533 5.702537772076178 0
9.723118495379335 1.098575495024224 0
8.23538671116397 5.690838015912157 0
0.3986847217545484 5.719000082927433 0
0.2804561377440526 5.718964181108625 0
0.8178213812348467 5.815282613576068 0
5.249504463161784 5.516143429218051 0
3.234034068940071 0.8823858581472768 0
3.297589334014653 0.7757781941366851 0
9.755165407457856 2.982267743290289 0
9.694636253177617 2.885234514020774 0
9.808302502191472 3.086771654731944 0
8.945881224082912 5.739185874279553 0
8.847947275396599 5.681906719479131 0
8.834558586138931 5.796811346264154 0
5.281236689472071 4.774327926227638 0
9.137934244406841 2.938580381400343 0
7.728141640865601 1.722693277955602 0
8.262245311888035 3.354838713406949 0
8.269389634777628 3.246146807990897 0
9.744821324015676 3.155115193096173 0
6.095355492697752 1.824520482807479 0
5.957474915871433 5.725720275265974 0
3.426238777567184 3.785957775822079 0
9.225584363537017 2.994191786527535 0
6.308971506088822 2.407604735417064 0
5.936785573227758 1.802333942868084 0
5.507782531570308 4.709646802846791 0
0.5093006784414198 0.2316413988544549 0
0.212650048492189 4.373024911518509 0
0.2835764938169577 4.483958071375808 0
9.78372979108388 2.595156438519228 0
9.705708987908483 2.701518135916564 0
9.821047315658712 2.702357608578148 0
6.723808843903531 5.232262669401813 0
6.77925974858053 5.333495497434415 0
6.725552059149426 5.424404691167519 0
3.240092445911164 0.2842513151365605 0
4.381573129974413 2.463716192579291 0
4.500132813539202 2.462417688064095 0
1.734355892925547 0.7185731672218415 0
1.79239926628088 0.8265992304851598 0
4.330207604941592 3.332220184082002 0
5.728342154894092 3.611110631368815 0
4.213714016798079 2.538291094847624 0
3.755086116165232 3.774942605366909 0
3.815896133178846 3.67521390741067 0
5.236873542926573 0.212944443946066 0
1.777969288333273 4.172568335329967 0
9.741169248772797 5.62195282481178 0
9.742752330058952 5.729868158024436 0
5.608599974543568 3.041083318837519 0
5.07409476481318 4.654366707131806 0
6.361886208085162 5.827477417081678 0
4.550589962593548 5.321230311689893 0
8.700070930832563 2.492448125321408 0
6.418181686778414 3.721125225079736 0
5.270750386481218 2.843874092569387 0
3.527819880473193 0.1792522078249083 0
1.740716579420008 2.135844919746392 0
6.836328769578047 5.439817816222016 0
4.157672640602317 3.078101633331012 0
9.506203506777437 3.187486390326455 0
5.927970549000648 1.404526434248125 0
5.988974535535108 1.305448213762398 0
6.105771746944987 1.310221560932057 0
4.349061907375377 0.1963557101816273 0
9.228022750862918 3.420498354531912 0
5.723529553915125 3.235498288725904 0
5.779666609584241 3.328708218547517 0
6.049690155951992 1.212687230625524 0
6.163399435897461 1.212076357981204 0
6.101299910006088 1.106749571986224 0
6.219363826989395 1.112092559120773 0
6.155057959612792 1.006563386823065 0
4.976625762296857 2.194736121607831 0
5.605747462562428 2.86068637615219 0
5.415327386164114 1.635032341090256 0
5.300638122092305 1.622764381737206 0
1.751952855339211 1.732741441001939 0
1.686859345574188 1.837476115362586 0
1.80514544913672 1.837113783766234 0
5.139808025504314 2.673614993299411 0
5.086256947617665 2.579661047242263 0
5.624281607137608 1.665456871353013 0
9.300057751867648 3.25901371239409 0
5.729964511168806 1.646186627858731 0
5.674557032406647 0.1839733525632329 0
0.211885465161569 2.344280326262084 0
0.283056799649387 2.23803510113157 0
4.989028545953013 3.920033523278932 0
4.945385522820864 3.811107363268807 0
1.440025386589551 0.2173858858913142 0
4.785600723964618 5.293869786174143 0
4.893640400225364 5.3210790972837 0
9.839968942717654 3.419062891114785 0
3.223365687454558 2.478226640439834 0
8.161714265600194 3.298136165527433 0
8.913822745541442 2.873574580535281 0
8.750947047551453 2.779333580623011 0
4.104569767552673 3.763551546588593 0
3.87480937550866 0.1837340494224898 0
9.760071710873831 2.001036538041929 0
9.818486199332284 1.909573803646409 0
0.2301547568220644 0.5287086733110431 0
0.1706451590077653 0.6227116658130882 0
0.1879990565724139 0.4272661140496761 0
1.803819574039175 1.628545222265864 0
1.739625077606902 1.531463550479314 0
3.310160768433022 0.1853297018835672 0
1.75899872587251 4.804825810122445 0
6.26818007269802 0.6001117374833955 0
3.223899784238258 2.692327735081399 0
8.748094561911119 2.004842231861811 0
8.648052807466296 2.395925231141266 0
1.765707989042882 3.153905289376155 0
1.820660034014448 3.261986188340862 0
1.82357931447135 3.042975864911901 0
1.758313782643801 3.365854167728977 0
1.800402462130525 3.475228251573724 0
6.383495656392545 0.3912290647907224 0
6.440992582151483 0.2874763041646962 0
6.385623985802594 0.1838079913166095 0
4.787771978521087 3.930094758681974 0
3.660118718364266 0.1868177828745002 0
9.033849475325678 2.88060541540473 0
0.2110884374231168 3.769369426752871 0
8.684953185591997 2.675231599855999 0
8.632190869820786 2.779148323369841 0
8.8046209468186 2.877241004436856 0
7.063197251392619 0.1953441409891674 0
8.236718593258402 5.808546428588786 0
3.226215360569185 1.475169152922288 0
6.138467762781529 3.822465308039611 0
6.268657858451435 1.923093621466782 0
7.788662481028865 0.8070091606266845 0
5.656080993801329 3.715974678792409 0
3.873065447934192 3.779224521691375 0
8.150620651307657 5.397335970134916 0
0.3462938049564913 0.9322848761251216 0
0.2449203687791268 0.9217510321864961 0
5.551318507716599 5.217361426512588 0
4.395587850887791 3.431739797753909 0
4.502234204173149 3.420564447555259 0
4.36741743544161 3.527071156041674 0
0.4602255184948187 0.9333173966699368 0
6.84755151077562 0.3892890764612791 0
6.784908520394527 0.2954829260769214 0
6.846699760471592 0.1828840728130333 0
7.670897916767601 0.8053692403970132 0
0.3509008305665029 1.541420125671746 0
0.2444481750868207 1.545696506041474 0
0.4648805888861032 1.538429974357485 0
0.5802659162375572 1.534766502378244 0
7.084120941825004 0.7972375323511566 0
6.966366284465396 0.8015306256271006 0
7.201401410494922 0.7971976867909574 0
0.9751053509352119 0.225835814984515 0
1.038971574233496 0.3230237671687611 0
1.088625030767132 0.2136864929706571 0
7.849064695075442 1.716669329239707 0
5.21976008544051 3.912577473026624 0
5.356352675380682 0.2164679940749874 0
5.436860655669458 0.1421850081163074 0
4.099527092354714 2.547861489171265 0
4.385063153661157 1.291020196226038 0
4.271490479687222 1.291166752705792 0
4.499841148266343 1.289509040457951 0
7.906189889740524 1.213037468149545 0
8.134545373394328 0.186897769423822 0
9.647286476800959 5.116442107375581 0
9.742285389313531 5.061230003860996 0
9.829402152245725 5.110547920693818 0
5.392252423447787 3.810481992460991 0
5.504388003032056 3.793323815508503 0
6.402387548870888 2.93947119007826 0
6.328226437719907 2.892638018336683 0
4.103305198618437 2.740054684702045 0
3.173247362025187 1.36602272804389 0
3.166857679939219 1.580864905078628 0
3.235200614400538 1.26688172363065 0
3.193992796730671 1.156679662742918 0
4.270722554657455 3.073409466669421 0
3.702286014720102 3.877355530786944 0
0.1864266940215523 1.636877426162092 0
5.06558832454768 4.005441882623278 0
1.128132585993038 0.09946476475022478 0
1.205735792474807 0.2038213598650951 0
1.153854669596897 0.3202058748576275 0
0.4026817306533449 2.237699884656599 0
5.630931825131307 0.6964138818806794 0
9.080386988773695 2.776939823007776 0
5.807870854149026 1.393934673276372 0
5.850468000337603 1.506564355738524 0
5.46318528901966 0.6003311329603247 0
9.532299180703223 2.59562804210344 0
6.501069494531683 0.3921210717353084 0
6.577112446801204 0.285381659325986 0
5.832951744477146 1.80803624219529 0
6.897728521160538 3.2981538968729 0
6.798943446815597 3.246160392728621 0
0.5698205370075211 0.7283730854840393 0
6.084462212258495 2.790471384522057 0
6.800124874944485 3.352151764360982 0
6.701809287526992 3.297497190425429 0
6.7827313047062 3.468758224658026 0
6.895322273395207 3.538021129667112 0
6.789753674185919 3.610250763707088 0
1.322714872762433 0.2173851032933475 0
5.927459230122528 1.198769651735289 0
8.602763285806548 0.1897594307574263 0
8.719273402919244 0.1862085686554941 0
4.681794837247774 4.092588970165472 0
5.425738337889738 5.612365076726247 0
3.931319744471497 3.674786837074912 0
4.564713793631986 0.3977078517500491 0
4.627617755207159 0.3016552730568667 0
4.737253666454703 0.3084555931474006 0
4.572815483832571 0.2003831745782144 0
4.688743788000609 0.2036328671789739 0
4.806360077375288 0.2198771112009595 0
4.895616485727464 0.1461811236914864 0
4.924792943053252 0.2348462800846818 0
4.99013345304194 0.164275223119781 0
0.2944340535696527 1.444437838206361 0
3.310601463336607 3.78478337141038 0
3.242593212807313 3.689775707263678 0
8.54146992237856 3.305250559052494 0
8.638933129856996 3.354005621777215 0
8.641878617381813 3.462902388616824 0
4.505436139477972 0.4936439813144174 0
0.3437501955696541 2.136587644213786 0
0.2106957764341017 2.128228877475595 0
0.2827367626038898 2.034073420309998 0
4.505264882716649 0.6944184799084173 0
8.547827184915656 3.52139761652478 0
8.641380814246929 3.573582687604024 0
8.650800476783179 3.686157750053479 0
8.54979870240644 3.751904906090096 0
4.557071629239843 1.972675603494773 0
0.1661629615526053 5.11151200066154 0
0.2218864401336534 5.003171031496685 0
0.1660596607154534 4.89626245668082 0
4.553937862503141 2.372340407966997 0
8.103177226065439 3.898708197729332 0
0.3402916210378324 3.158321121300254 0
0.2118876418703795 3.166219876268658 0
7.906072074258487 0.8058696633992388 0
7.965725085411813 0.9030320336817133 0
9.900484431771966 3.940619067936914 0
9.804145654562092 3.883073660287742 0
9.801229147282156 3.768084176017809 0
9.80901566086418 4.000489757351812 0
9.817721540377647 4.110340297135565 0
9.901043537254534 3.706555484488733 0
9.808526057623601 3.644998840130909 0
3.699989316058961 3.473952366771963 0
6.132561116960724 2.890006989536301 0
0.5169197999981865 5.104895467370166 0
0.4618884259866464 2.339014964514981 0
0.5203856955772139 2.440375819227261 0
4.693332072167146 4.663377292365923 0
0.5744945618647613 0.9290600625929013 0
5.485200054793876 5.715617620590905 0
5.435304189335036 5.809391743105625 0
0.2272142884197027 3.365222126671629 0
5.666143097093869 3.141516967496531 0
0.3493514903358147 1.340981389632366 0
0.2452774597374196 1.339475821536985 0
4.273656639086658 0.8851217136516891 0
4.662627821874876 5.318488779116846 0
0.6963424902109338 1.735056784490539 0
0.7539034464487762 1.835157961809311 0
5.565535823776459 4.416225442343678 0
0.6379230923844126 1.636046172909524 0
5.559411976239573 3.131416202481677 0
4.219869375797194 3.357099337812406 0
6.674574933891702 1.90257691032203 0
8.098702724850437 3.665771067811754 0
8.181991183116065 3.738652117738287 0
8.096256820921862 3.55387420342191 0
9.647558603625487 5.003054625340357 0
9.745163030539945 4.948815839681419 0
9.74702876932777 4.834389300376158 0
9.64998650173022 4.774005132374678 0
9.745516528101859 4.720287288792012 0
9.743130115423462 4.605477047330438 0
9.70467917827896 5.904343574891262 0
8.548143932636814 3.983996241684686 0
8.648810752697507 3.930365684951409 0
9.653544957199093 4.545009821123205 0
9.745056745059848 4.492063956761204 0
9.741877310204941 4.379165542244451 0
0.7535719281702501 5.104034453843279 0
0.8719980574195697 5.104470405877715 0
0.931338957847186 5.001244783517149 0
0.2945636224531111 0.1068879210616896 0
0.2499043050543967 0.1831247965897517 0
0.3354946001545894 0.211913215064292 0
0.4580197025528152 5.001848543749389 0
8.547799089952363 4.217214147279543 0
8.649163486383181 4.158425558223853 0
4.607700726580408 5.416273370236984 0
6.905424395703211 3.777369343461725 0
0.458230020141508 3.155719098126235 0
1.62643787154318 1.531002666682383 0
5.667807225373953 5.218291820110776 0
5.607929128664139 5.116283753327171 0
5.551791803844854 5.012904498169981 0
5.668072262800034 5.01632137954747 0
5.612468249543507 4.91276590478428 0
5.785801796779533 5.017853802094306 0
8.547220868498245 4.452187988384189 0
8.649161794612924 4.400810731759588 0
9.782321162773222 0.7939415116676319 0
9.835362777015535 0.8914028921105208 0
0.09923219326531911 2.061061523588814 0
9.359843398648461 3.585783563358492 0
9.262489931428711 3.64136758805704 0
9.261484308043961 3.753457083936548 0
9.161752856104325 3.695304790625106 0
9.163676533997297 3.585432568930603 0
9.064967378518944 3.638436001658368 0
9.157982314113983 3.805482720829165 0
9.259155656849941 3.864926711480849 0
9.158494401356904 3.916142717942083 0
9.260684248856988 3.529376156468007 0
8.545541513132754 5.044284340201338 0
8.099826797702471 4.139479676327303 0
9.057094042984794 3.96529467345768 0
7.730367091580176 0.6986747522032092 0
7.552659838839682 0.7996653668320179 0
6.382951190448193 2.502070510522448 0
5.453181388957451 0.3922050786835505 0
9.470756432962659 5.898707062853752 0
9.523169465875434 5.800855671988364 0
6.884011164272151 3.906928086393611 0
4.498476866115785 2.075606178923742 0
8.546391493863954 4.687926845158936 0
8.648145399651622 4.63414297240447 0
9.478004466665254 2.300892475519658 0
9.419665979989732 2.398443838037879 0
0.2357791895191029 1.737447297077583 0
0.1701626750812248 1.833171047358823 0
0.217841984292011 1.92901329581451 0
0.569982902362563 0.5299374802661749 0
9.021385735465246 1.906274905132349 0
9.23890839787822 2.883504097887331 0
4.322509422828518 5.102410294084036 0
4.263388800096012 5.20529809651963 0
4.377539567489539 5.209786006532568 0
4.142249468061108 5.206694373857787 0
4.083191584618827 5.103643100060738 0
9.548573583898547 5.171897462273658 0
0.6862590531588777 0.529676518884418 0
8.794230482755264 1.906134602801872 0
0.2287536021969188 0.7250696980880097 0
8.324838792065693 1.898851797929913 0
4.318175126488601 5.311060549724996 0
0.6958559972506787 1.935866504528569 0
0.8119013655527718 1.93539823355806 0
8.546060760862439 4.925397413264219 0
8.647797691434361 4.869464568287183 0
9.741499103095913 5.510841649265751 0
9.826106011303139 5.451696187646208 0
8.962771835354561 1.805034573059885 0
0.458811800223209 4.385530723152525 0
4.328562702767911 1.189693605275621 0
9.883586040126616 2.994129606498135 0
6.254086760807131 4.21675380499048 0
6.196463099601528 4.116563742813665 0
6.13863837349749 4.216547350040194 0
6.080699103113948 4.117584656755046 0
6.140731325176452 4.017079400640663 0
6.023291669867043 4.021560314895619 0
6.022138131367827 4.219314320004884 0
9.648519323250731 4.320246496978651 0
9.737409659915038 4.269843162770472 0
4.159478639726781 0.8838303183261339 0
1.163458703745449 2.541276401803295 0
0.5401557073237765 0.1088552974425408 0
0.2470275043047465 1.130269350121141 0
0.6954647041425872 1.534831877373064 0
4.102585186978009 3.367883913950105 0
5.010289749461245 0.7948267450140272 0
9.54910517575831 0.5908744560166264 0
0.3504867232226299 1.936107343601182 0
6.479900344578882 3.823008695657569 0
4.16366471587861 0.2913219098763509 0
4.104851085749694 0.1856922462771169 0
6.255307178784532 4.016533093582712 0
1.212501427696976 0.8309988495056233 0
0.7496627544315567 1.032750255047092 0
9.412247299743015 5.797551251280154 0
9.296562306107012 5.800761174150279 0
9.236521863087027 5.898355469219421 0
9.181041486510626 5.801106873248441 0
9.118343617559731 5.90098948309374 0
4.557534435754572 1.186695044831032 0
5.132742854942519 5.518110795418337 0
5.188707032235317 5.409638196625573 0
3.757981263216277 3.574422536471467 0
4.795458902537797 5.901602985354164 0
4.257848584575607 5.617473515989568 0
4.197997995059154 5.719630380805341 0
4.082625332572785 5.719258643813749 0
4.142747876921353 5.815075524248298 0
6.79098486852519 1.518355967122283 0
6.848846590563125 1.417794421608168 0
6.675204295021005 1.513587819254824 0
6.965566848240084 1.417271244136416 0
6.906939308404194 1.316449412302268 0
6.789835068330587 1.317355857889907 0
6.849779104578484 1.213555324412511 0
7.024505541532537 1.315463022205744 0
7.141770332534465 1.315072221172617 0
7.200310666079764 1.416601678616618 0
5.44802604746268 3.129860259105001 0
3.704584050550585 0.286521623057554 0
4.972100514214014 5.404091041369188 0
9.255785547425045 3.979247691955347 0
9.151734335812336 4.031050077347381 0
9.145195793388288 4.149632017179077 0
9.246445161531856 4.096822344099511 0
9.238979304007625 4.212474021240022 0
9.345196452088377 4.265562392903066 0
9.249824838566152 4.329729592747505 0
9.2595885251328 4.441284213861666 0
9.154459418910697 4.382712133231902 0
9.158900353874987 4.494992730831395 0
5.136305003092146 0.2135803207397881 0
7.853935149447972 1.109118871359144 0
4.021397368423457 5.618544636415033 0
3.963896249596051 5.716375083105234 0
5.184253057650904 5.054152826197666 0
9.049934900351056 4.645915971264676 0
9.147304539695961 4.706396160610601 0
9.148287970037448 4.818596986558823 0
9.248252103039539 4.762222951718682 0
9.251493092171632 4.654508972273209 0
9.248622052403233 4.877461576411078 0
9.148489545500361 4.933294260340043 0
9.14830178901197 5.049000773844877 0
6.910448106251309 1.900643023565904 0
4.440638819860436 1.783471113239617 0
4.557731785848385 1.776201303874434 0
5.392195227781116 3.22610054646594 0
5.183088305916152 4.700051820664283 0
4.497970814562654 2.273157116932524 0
4.557310162287242 2.168067457239688 0
5.735409395626121 4.516799976884053 0
3.580584261353047 1.677530870594024 0
3.983075951977073 1.979630308109455 0
3.117731089739456 3.698798370551903 0
6.673675139951461 1.715112975076206 0
6.432870880856855 4.714428731492854 0
8.093379776927284 5.695375067539674 0
8.359208724097643 3.198408601697134 0
8.44129791603919 3.150301286593319 0
3.902183983487044 5.617902870523136 0
3.842361695474665 5.717308763598578 0
3.725405775231755 5.71904685474095 0
3.788654562709562 5.810692122013103 0
1.584505793437801 5.715795821305144 0
1.531618098880428 5.809767352278599 0
0.9905092960993193 5.104152706216145 0
3.117882826075394 0.2873939755897095 0
9.880925620274887 2.40694985066663 0
9.351336635113189 4.037645107443275 0
4.790427870200584 4.829711613561954 0
0.8113883967078288 2.542159071650835 0
1.644320633018158 5.615873790376606 0
4.557914687569578 1.580406124868398 0
8.099340832911048 4.621008983983232 0
8.094987759961956 4.382848796852669 0
1.70227268840681 3.048140217113602 0
1.758981983064487 2.939235434790029 0
1.692772125393204 2.841802722344007 0
1.805086180232613 2.832159384442655 0
7.317809229181835 1.417017869166327 0
4.039896841396574 2.277528635140788 0
0.6374802529096495 1.434337049543412 0
0.8107806216873701 1.533093120929187 0
6.201348183193964 2.213882027421054 0
8.085908477784985 0.8977633984774506 0
9.363240452213089 2.299473470035251 0
3.584342924644958 3.476180916249353 0
8.100519527913276 4.860110331256466 0
3.101791724744329 2.529249615523707 0
3.204701827599092 2.348527874909684 0
3.104489563897062 2.29141393653324 0
3.195512316205926 2.230383299264143 0
3.190799397716429 2.116327431678283 0
9.136257951760145 2.102654159789244 0
1.900009280404879 1.369225043619793 0
1.799767967369576 1.304550758475423 0
1.879943292031909 1.129455417130961 0
3.639230190909742 0.9842804229009914 0
4.095157343197132 2.371813201263576 0
3.697744624895022 1.283399790944795 0
6.236635343588778 3.451313903878062 0
5.912512180312746 0.1040984541854449 0
5.968104427618244 0.2019919696252929 0
6.08891207002148 0.2086479262555494 0
6.145632998295885 0.1009161493292027 0
5.862389386464557 0.2062105122511101 0
5.919122333173847 0.304541318444869 0
4.098448700797535 1.78190669223736 0
4.041287430945101 1.681715502061001 0
6.311994418667889 5.325121303016119 0
3.10375676345654 2.76339596304567 0
3.216015554075007 2.819512704972365 0
3.214106266315821 2.932629650312626 0
3.112123391945025 2.996326149128439 0
3.222985805438956 3.049803415801806 0
3.116760705488049 3.114590722757911 0
3.219975568283187 3.161736157632014 0
3.234866228632964 3.285613165797353 0
3.113417128159774 3.354048860370284 0
3.221149858018919 3.411813164861767 0
3.115614124104677 3.470627261356305 0
3.211745958532305 3.522631883849478 0
0.7717767537779745 0.1257915111296427 0
0.703988825695918 0.2013160436570486 0
6.195974875654221 4.31762917737188 0
4.099076225178199 1.583065849100726 0
4.041942744463432 1.482560463381927 0
4.156950425774366 1.485534948475 0
9.900025531090499 2.169092467488519 0
9.448731693625147 5.456002036989141 0
9.449029794066039 5.341516351860635 0
9.348410733457055 5.397857128586776 0
5.721877111836106 3.418038213435374 0
5.821575856162994 3.430055231479795 0
5.878989093473408 3.347188338069168 0
8.099236796213646 5.100087348711455 0
3.69760625344676 0.8836940792131603 0
6.103582313407101 1.723488242020521 0
6.324497533394049 0.4954797028550896 0
4.383124992992235 2.079081862593013 0
9.349101574210541 3.34843961934566 0
3.642919683105278 0.3812353625462973 0
9.348139203451012 5.282463228485343 0
8.993816341926079 0.1015331292496078 0
8.93754628925954 0.2025348522774055 0
9.052631649922407 0.2048463407614223 0
0.8704093233961518 2.440159183828319 0
6.901468914519694 4.860440552964107 0
6.789617926301963 4.918272789361991 0
6.792166902019506 5.045377741514311 0
6.895842529782992 5.09959335677469 0
1.897463004272337 0.2984071104131394 0
1.79880184758482 0.2391609066177303 0
1.807630078231535 0.1099783672321518 0
1.686730967448842 0.1928836145759864 0
1.799079306066999 0.3573496524020158 0
1.799245648676357 0.47595897196385 0
1.691305264778968 0.4164714737514476 0
1.898885004424318 0.535385741086329 0
1.794817190216696 0.608143166722094 0
9.312856446555768 1.401604043444966 0
6.032434844000829 2.694141060968595 0
5.976359552983505 2.597447326880239 0
6.033387939243994 2.501690150557342 0
5.922236334298475 2.500801607276941 0
5.866501735507328 2.403897748300285 0
0.7446913987281136 0.6304355015865822 0
0.8705807938981899 2.237075648054038 0
6.896117094632427 5.699930470133771 0
6.79124740795015 5.638096509705184 0
6.792759428475866 5.758699131694266 0
6.690724729591855 5.699512474916357 0
6.683123940784817 5.589350519313077 0
6.69160668517784 5.816901095134783 0
6.596010801723153 5.760703526705212 0
0.341739093696998 3.976807765963346 0
0.2125581188146916 3.985793772360669 0
3.579898567231709 2.279699163256444 0
3.638046881144267 2.379235695096617 0
3.580333830713717 2.480542569709204 0
3.638310578879658 2.580148589380451 0
6.805755931522222 5.888706460855273 0
0.6353065183813293 5.103607904273545 0
5.1571782432059 2.844558905536013 0
5.110398885989213 2.936510127273682 0
5.056838288852498 3.032038270112466 0
9.486614093569068 1.704981819419994 0
9.370897005303149 1.705068893425791 0
9.312679569985832 1.604014982109229 0
5.51393189125378 1.470377503246492 0
3.115695738846168 0.8831264853194893 0
1.822080492463347 5.514815764696942 0
0.8872178196375802 0.1062616426738706 0
4.692996642925647 4.439372573779913 0
9.079437755172957 1.199115663908922 0
9.020643236664332 1.300062011980966 0
8.903625220550945 1.299722031262959 0
5.725919530818922 5.319454801410682 0
5.41924279968346 2.592119977387829 0
5.48669868698016 2.683481334789455 0
1.458738334054669 2.642963027118375 0
9.077805117401903 1.400940944173704 0
9.894625551297873 0.9967012969414059 0
9.898114658378629 1.235294117644019 0
0.2812880624799786 3.669785938089396 0
5.336323527445634 3.515482961113628 0
9.899236340531001 1.576552670014256 0
6.631633552879905 0.0983127981349195 0
6.695676299391189 0.2084365698182687 0
9.371292539223276 1.503073581035605 0
4.041850483402216 3.074944799799586 0
4.106707103852974 2.971942430099304 0
4.120126654731409 2.85952598343163 0
6.314402580391874 4.916329605126732 0
6.2557735933374 4.814417577880233 0
6.137509604047265 4.816426066089275 0
0.290088176050724 5.901556925894969 0
1.227713984984175 5.309228203125878 0
9.080928907244932 2.396582150650313 0
5.621557363973302 5.902129259683034 0
5.014650814461875 4.215992316256153 0
9.898730662130271 1.352593583100103 0
9.793063010333675 1.28241014129005 0
9.78519096056071 1.405863766594647 0
6.678909703465663 0.7089867639740161 0
4.977792825149495 4.600472610630133 0
6.908706970985127 0.9065367024143614 0
0.8083480057769342 1.132636083608095 0
9.413074624506468 3.154168819274849 0
9.703974795634014 0.1007199052859414 0
6.898812535665602 4.63026867302995 0
6.88499328567168 4.506294934409623 0
6.901151071146741 4.260236231069738 0
6.791020535177889 4.31832868765659 0
6.898305875815017 4.148262630336104 0
3.985330780433324 3.908149248542502 0
3.639306994426813 2.975160745670332 0
3.637556574338627 2.178959316639018 0
3.964029275443305 5.103125275888024 0
3.903841137246133 5.206368162858453 0
3.785122268918796 5.206253831162826 0
5.675483450016315 4.814755195840038 0
9.230296813285475 0.1008536273932527 0
6.389554847508473 1.011517942180332 0
4.889418005993884 3.321735544964544 0
4.945573908320246 3.225098698567308 0
4.889431785694649 3.128026631687444 0
9.357827385197947 3.810784886033721 0
3.757665230337635 0.5831999542084105 0
0.3403298604713317 5.412347598928852 0
0.2106637240691371 5.412340649045947 0
0.2824652315236911 5.307814227029744 0
5.513710537681283 3.934438181367095 0
5.625998449482577 3.9354773634382 0
0.3399630994608076 4.999913779811529 0
4.953443984553053 0.891931138568865 0
3.101472811080979 0.5298025310802069 0
3.203484468722651 0.4705881485062605 0
3.203237966058391 0.5879174058523768 0
3.101274964938835 0.6460893177975 0
3.534749122185407 3.784103211182151 0
3.097607854091196 1.941921729005079 0
3.218298235646576 1.882652827258072 0
3.188699426744002 1.772093957515427 0
3.106663590900892 1.691313752700176 0
0.869871875394635 1.834595864089908 0
5.016183072768445 0.4089675445510673 0
8.40926497689262 0.09991291976452124 0
8.353068055471605 0.2018596974338247 0
0.6342128377841384 1.032861977095051 0
5.518231099225988 0.8970670657248454 0
5.459798330517268 0.9942657903623369 0
0.2214219550127847 5.61656555875663 0
0.1623118561375307 5.718859636868591 0
9.467160642428293 0.1025236666852378 0
4.097823032396299 1.980272865321198 0
7.259887871043142 0.6945439802733033 0
7.318549811838809 0.7972820077064332 0
7.377061428195038 0.903038994966706 0
7.143100241522778 0.9030764806506149 0
0.8723318138383821 4.693055500885546 0
4.214877813980457 1.18955866321153 0
0.2819736892975133 3.465576872703418 0
0.1692253662852304 3.467609857380094 0
0.2222660466095498 3.567431983773302 0
0.8115516331944119 2.951043339265467 0
0.6936758703844121 2.950761374536953 0
7.023845564509012 1.7209660477429 0
0.3408201327685123 4.795214628478409 0
0.2850453468337749 4.694926272747574 0
0.2229303974829086 4.795186455179605 0
0.3413713821139183 4.590562035069304 0
0.2115508144004518 4.589523926226664 0
0.3997419471166519 4.488726180169355 0
0.5767848036511911 4.385755261931258 0
0.6357698685690418 4.283527422150191 0
0.7538922180952822 4.283660556033677 0
0.6947935302831327 4.181030549431252 0
0.526219377547638 5.901764048152526 0
9.49043750704393 0.4891101638698028 0
9.489921037634391 0.6924973534992123 0
1.344800020256965 3.667015893134848 0
1.285926502562508 3.769520918838939 0
1.345243359973908 3.872271691811639 0
1.286254639440658 3.975140187045934 0
0.2323300470040899 4.179807335503114 0
0.9906769509409991 4.898171856432508 0
6.447760509972331 1.111140390191664 0
5.533838509689451 2.01389069693266 0
3.282902717695969 1.577696188294346 0
1.553534499450483 0.2061869682844094 0
1.905089001190254 2.565746127961605 0
1.346376280233313 5.309122985802371 0
1.903431442754741 2.081446309914369 0
1.878574968245469 2.328221951257309 0
1.897335768390866 4.464284023210092 0
1.797343732193609 4.525373612505751 0
1.805017361176435 4.636118350289172 0
1.900317208539894 4.693691252048222 0
1.777041310594376 4.396038035630522 0
1.898411050610234 3.988483647085118 0
1.803737401494638 3.929363694344721 0
1.796473709746749 3.809703938206062 0
1.897086537781422 3.750176420373758 0
1.794814486733033 3.691835023639597 0
1.698493750601018 3.747444985896918 0
1.896917368897061 4.226163402065779 0
8.750184982737157 2.590884474398394 0
0.2117861562514707 2.947344452765619 0
7.928697708469497 0.1013494033938567 0
8.004596926374045 0.1977375416624841 0
7.878032403486447 0.2031003469968441 0
7.810995161748832 0.1020044220741357 0
7.751960473616849 0.2045831328897507 0
7.631954142773033 0.2016802838538301 0
7.694653480541183 0.2984401033366935 0
7.816023792204517 0.3032186933339429 0
7.572443968843005 0.1019824692441434 0
7.513270008006029 0.2010967236985048 0
7.398319090881069 0.2023670979623278 0
7.469793115408238 0.2981561251320132 0
7.336416024036758 0.101706920544257 0
7.291810149271621 0.1999602010590639 0
4.21749225816274 3.908794251072158 0
1.109071108535956 5.309446016053299 0
1.820587563129573 5.103780335694915 0
2.238751224652874 5.617434628671251 0
2.301107924067481 5.718624838791357 0
2.416483769651653 5.71751289697862 0
2.366522657333034 5.812119298684896 0
2.475405653524386 5.617638374059838 0
2.537428833125206 5.715650907998686 0
2.59460827545646 5.61728277101845 0
2.656707199614013 5.718485679090735 0
2.772813367588297 5.717760691050921 0
2.719736849818148 5.810569383920943 0
2.831911791534432 5.617941594508016 0
2.89102784783144 5.72164903810484 0
2.950676495149154 5.618644613859852 0
3.00999216350094 5.718325282987195 0
3.127805617250482 5.720434571189473 0
3.070370483928486 5.814483261614042 0
3.188242915496547 5.618550839889926 0
3.246327407991374 5.717650203253378 0
3.30700231191128 5.618068891442135 0
3.366355246863863 5.717670028069291 0
3.484336033486461 5.720352744362388 0
3.426691919562914 5.814344440011102 0
3.544743958039671 5.618369329388868 0
4.888260456313797 2.351948257810832 0
4.952490902477096 2.453086419399942 0
4.886922794102455 2.548345371674938 0
4.942566656176085 2.644392729956027 0
8.088291214950123 1.898146944290496 0
0.4586952991528767 3.976251369842885 0
8.788137223150912 0.6926422599163982 0
8.905225105812733 0.6928847546978703 0
0.8710809805978635 3.258315927769406 0
0.8120597273452763 3.360763447059918 0
0.693777192310937 3.360812124731424 0
0.8713634012538727 3.46323305201072 0
0.8123338446487931 3.565908074130619 0
0.8716505976307833 3.668276647444057 0
0.8126013065245931 3.77080164991491 0
0.8718747409471274 3.873308657633807 0
0.8722019495662878 4.28323834708489 0
6.27258889443545 0.8100334121116946 0
6.211551220330058 0.7065724857009672 0
6.136083230901201 0.799570533585954 0
6.203292923001673 0.9035878536841371 0
6.385672159340034 0.6029901889525426 0
0.3992475223426659 3.669542801133666 0
1.346239600587944 4.898184946937532 0
0.7540571643195212 4.692951935118657 0
2.118990945972052 5.206163797622611 0
2.178520251301416 5.103091683837156 0
2.297567445200836 5.103110736798099 0
2.357142404725262 5.2061779555843 0
2.4760753262013 5.206180618454544 0
2.53563610439546 5.103086358049012 0
2.654701718936962 5.103132271171413 0
2.714285048694822 5.206177474664249 0
2.833165025733426 5.206196265804569 0
2.892753927555837 5.103079652327797 0
3.011844669931831 5.103132288975543 0
3.071427968195344 5.206177493351204 0
3.190255041284819 5.20621169294107 0
3.249872012009157 5.103072966669053 0
3.368987524273156 5.103132274053022 0
3.428570811025176 5.206177488283186 0
3.547345023539189 5.206227035775917 0
3.606982998653632 5.103062208559186 0
1.405088778878092 4.590843605639032 0
1.286584535467744 4.385765198766823 0
1.227285392725375 4.488373581911564 0
1.643254642882527 5.412057215315922 0
1.1264688474383 5.89848299488229 0
1.056314690982063 5.805790862182199 0
1.178378897386532 5.802867584636687 0
9.020628481469849 0.4921746984893243 0
5.811262822671471 2.306849405754869 0
5.754480364066543 2.402797227606666 0
5.385689206405979 2.847795896097593 0
4.78291005151079 1.184040429041163 0
9.901141688120529 0.6494380227623899 0
8.264109338732696 1.602720837414354 0
8.323140934994337 1.702937037755499 0
8.379713350625295 1.19868440799036 0
3.98970264354328 3.770949263997363 0
7.435630783736189 1.214130966368681 0
5.346852192176774 0.9933297744369304 0
9.253533844966825 1.502328590491354 0
4.889647129896106 2.739518105385264 0
1.287549271005676 5.612873054790367 0
4.890844571730127 1.960761697234348 0
5.009653370928265 1.978567873656369 0
1.048928764091989 5.613625299328469 0
9.371540743213876 1.300685468847821 0
5.309972837936908 2.205353430407684 0
8.322083685706108 1.501328565320787 0
5.151872580640623 5.903800561829804 0
6.408408085053034 2.726628677208108 0
1.881148561097414 5.412096152628012 0
1.287056947958134 5.206408067336532 0
0.8130150554527795 4.180878217686322 0
6.251196979148622 2.314211333823101 0
0.753634176408454 3.873523295234369 0
4.558298284608794 1.384426197871091 0
5.8579620949036 5.901380119426059 0
3.725969079013201 5.103061891195351 0
6.253773999145796 5.222429858981162 0
4.840527704968046 0.8908889537839315 0
0.1023278497127436 2.776238378242937 0
1.243838031586156 5.903441180389575 0
8.730013259149995 1.802655220490543 0
9.372333772942824 0.8955658647436512 0
0.6352501816898799 5.514526465645361 0
0.4631844969319436 2.136893951482732 0
0.7533435212222863 3.668720156109716 0
5.216437730555343 0.1040229222879353 0
8.72872693382692 1.400065521200303 0
8.844644486034106 1.400229735289139 0
7.144269257897521 1.903313057863764 0
7.379462351849645 1.90341079630898 0
7.614571762468288 1.903428613754496 0
7.853083890691412 1.901926731247641 0
0.871901015219554 5.309582026061895 0
2.076273848114812 5.900204652164664 0
8.729405516223503 0.7940855387184296 0
1.838856028725241 5.899947141571389 0
1.63645563854758 3.558516123900703 0
9.758363323569199 2.40363019305478 0
4.950718704327652 1.475768974675488 0
6.096866495363359 5.901161357100217 0
0.3418890133295148 2.745481719758217 0
9.902224801129027 0.5310189484345591 0
5.34362189680174 4.218677429413216 0
6.411425826343596 2.165970184369778 0
0.4588821689891052 4.590693435629375 0
7.201217734784064 1.213701066274526 0
0.1018853416226863 2.294117647061681 0
0.1152863164720926 2.535893046585787 0
0.1167490210206175 4.17842613609131 0
0.1018853416215563 3.941176470591094 0
0.101885341621556 3.000000000004167 0
0.1007666597219959 3.706512273943727 0
0.1013010453239132 3.231500505448887 0
0.1006957469405842 4.416139234006312 0
0.1008879870668703 4.648942129182844 0
5.292320145849949 1.493797636560356 0
7.552962525869664 1.214567360943857 0
8.845691146833753 1.1987292946201 0
1.940827829146972 5.514944130876448 0
0.5761315692648202 5.20700074772814 0
2.237923450202179 5.206162756620782 0
5.113158362277572 3.322148835477798 0
9.681743786354989 1.211039297884177 0
0.2137698501595217 2.73342288800014 0
0.6348774806518258 3.258684664572831 0
0.5176723408539935 4.283017572917625 0
5.923464459553632 2.307856006571916 0
9.899789397286899 0.3054750552082968 0
2.178372948253383 5.309187103341118 0
0.5759138444619172 3.361825724015033 0
1.583755779965698 5.103468229677995 0
4.615435782957097 0.8898114012562133 0
1.584018288492617 5.514522674036777 0
1.286782394518941 4.795674149215533 0
1.108732547189606 4.078070448759987 0
1.107365997143541 3.052981527962031 0
0.6944374008973195 3.771244620858127 0
0.9302705516666425 5.616145523397957 0
0.106291733841162 5.222623312160414 0
0.10013352351608 5.472537758586537 0
7.788032890077766 1.417025862507276 0
7.91103011312646 1.40998781561385 0
1.34571840543922 4.077672267481118 0
1.634477448257586 3.977316436611907 0
0.8130916519671093 4.385918765882791 0
8.436637139464189 0.8955905975674845 0
5.277561624309904 3.806546806143753 0
7.966307748115302 0.6948093305948817 0
1.167147021562333 3.360430795167017 0
1.476298328897873 0.1028570236796645 0
5.364812638261771 2.3028097629063 0
1.583136200671974 4.282993792320274 0
1.168111877081621 4.385599372975634 0
0.8705436902253603 2.848428843426034 0
8.55409047105813 1.097718944900497 0
8.438562442608582 1.500747438910091 0
1.703247929582833 5.514421355119651 0
3.753320077336117 2.378049815162531 0
9.426029859539643 1.804806279975203 0
0.6347696856313794 2.847987778148932 0
7.552282298838092 1.620781609096362 0
1.167186212373052 3.565159177363923 0
4.833295513108792 3.61288150434932 0
7.494098273913528 1.31588034229257 0
1.167484134014002 3.770283012160826 0
8.766523260766409 5.899506109470524 0
8.712445071577337 5.805177512522198 0
5.627926195535157 1.089166099322728 0
5.004746179683854 1.768123388167288 0
0.2344773495052129 2.540965867302109 0
3.873146331664242 0.5842971708919604 0
0.6949468217036996 4.795230097551098 0
3.396183267606634 3.897040407529724 0
8.553394135561037 0.489410390209174 0
2.41614725385327 5.309313743981911 0
4.998290000155879 4.405122706729311 0
8.08881872601542 1.301408035531582 0
3.753945742301853 2.577453356271217 0
5.027488959120113 2.28939784980353 0
7.258565453590603 1.721996741547309 0
1.336837037391646 2.033762941806247 0
0.5760581167722683 5.616657880297066 0
9.313496960064494 0.9968262696255963 0
1.279286075845304 2.338260702408919 0
5.007281167853614 1.378713555912401 0
4.721244227143082 3.805484970988818 0
4.837426027625696 3.810363603795623 0
2.535083046903593 5.309303930650886 0
1.270708440557697 0.729199373590822 0
1.095568879877195 0.8304468708639361 0
1.108914854273984 4.4881850711581 0
7.611851742707062 0.9068827410231897 0
0.7530824289158493 3.463264901699782 0
3.755378652426676 0.9852348879294849 0
3.813100438997498 1.084547768326552 0
1.037041560635926 0.7297778286883687 0
3.301941101959883 0.5269396060605678 0
3.304736511602436 0.6462102906285947 0
3.407745251457341 0.7031043196060885 0
5.867896890373014 2.016651869455317 0
1.166349484343972 2.950357269400187 0
8.64490674381217 5.574628977980259 0
5.232712278294436 1.185310879613448 0
3.873050857022458 3.57332817906302 0
1.167800824736679 3.975435064102821 0
4.554146119198382 3.322612881985697 0
5.177042146860857 1.087812700798807 0
1.642917464184988 5.000735054221572 0
7.199565202995217 0.3942793319675078 0
9.138218246135592 0.692475284188601 0
2.594973158318659 5.20610328222325 0
9.02117396539675 0.8954818832021518 0
3.931494117972425 0.4850848240425321 0
5.53421274374507 2.591600684295882 0
5.057392201077564 3.22543796757139 0
8.26043221091923 0.5910364008067122 0
8.531265670039787 5.880077395735203 0
0.08853918709102054 1.169107043878487 0
0.08652545935313441 1.390159013872126 0
5.138732587118651 2.494156346661964 0
8.021686177018736 0.3930787034006496 0
5.056941216816547 3.612426665163099 0
1.105820100479876 2.643435996504947 0
1.049900899158559 5.001122387940141 0
4.88989219030966 3.711456228010811 0
9.372719060434658 0.488897109824271 0
7.376754950772058 1.315570752222937 0
5.503527686659111 3.226937307516182 0
8.787506389836519 0.8954393200126656 0
5.476391730200927 2.303833757565873 0
5.447722080060743 3.515049123399925 0
8.496109820590704 1.198642171557433 0
5.568495482975523 4.220207319810896 0
8.589375887034725 2.169025726692408 0
8.781630799630008 0.2905892294053719 0
7.259368507316048 1.31530697242798 0
9.911114849825449 4.834163803018141 0
9.91210329712203 4.386032438318411 0
9.911258904919013 4.609703638319229 0
1.40358631040405 3.154925442212013 0
4.200248063420263 5.310482288842485 0
3.753076535383045 2.178553048827184 0
1.102797763942597 2.035012004905853 0
9.643529212051792 4.10278107084747 0
1.701872759629576 4.282947294126129 0
0.6386175551142163 1.835961424924297 0
8.786165291886006 1.50056855889085 0
5.168691107576453 3.032530341300404 0
9.660353468848037 1.40549302533299 0
8.494929474968792 0.5911184891580126 0
4.79084159137726 4.943141197203607 0
4.154318652024781 2.276175122368592 0
9.048967026963192 4.875543658923573 0
3.353804005233434 1.080866720362127 0
0.08874410376538747 0.9501452962093794 0
5.059860851635978 1.867682645537624 0
5.176133540801596 1.873165767243795 0
5.084928054433316 4.998041393854451 0
5.809840463650882 2.499571507949875 0
3.605789672875157 5.718350043822093 0
5.001122932678435 3.710488890139123 0
5.589540384164086 2.111383446977302 0
0.5168576884441922 5.717589493001583 0
2.772826320428759 5.309463216937413 0
7.083820902388835 1.213598122851159 0
1.330604300007752 0.4249691311766274 0
7.610823485543665 1.722444745235919 0
4.785426671364312 0.7933233524085276 0
3.81369686434657 3.273639611545982 0
1.760833129919171 5.001135541755876 0
2.89171496837287 5.309479020361058 0
8.496836388324112 1.600791961409331 0
3.928453241893572 1.083775412193228 0
4.596367627076471 4.832899736689383 0
5.679346275773607 4.41751063282622 0
9.350366988655804 4.711142252208068 0
8.543966569137911 5.279903139004258 0
6.482623186249893 5.630452923829113 0
8.31899877215473 0.489934383317555 0
0.1082562222727556 0.7230622339556381 0
6.132198645863514 3.076501451947844 0
6.184876476454259 3.171727727572441 0
6.240465237326491 3.082242940375867 0
6.390877086651141 1.211072729439615 0
4.901672335484374 5.51342228709372 0
6.226387019875188 1.714321031789384 0
4.665371386881569 2.933255027751302 0
2.95201871283475 5.206047579211266 0
1.331800006996727 1.228867005685125 0
4.271000823005565 1.4876001600967 0
4.61121817096392 2.642498372724501 0
6.620590707470786 0.809889677542168 0
1.563192577599049 0.6255341804980645 0
9.249809697219371 1.701599814610289 0
5.742089612764998 0.891649482347274 0
3.754543487088144 2.975123069956909 0
9.788710825402255 1.61851114839063 0
4.21980119886573 0.3892438549596379 0
1.284745989803805 2.95018677421726 0
4.72692990415454 1.671125091857793 0
4.499154929453381 2.644947185153145 0
6.607319120798675 5.429797261154823 0
9.349935614034065 4.938664329394506 0
0.8130855027996036 4.795244152788738 0
3.408509809553609 3.176547566847624 0
4.609376184795823 3.225027774190572 0
3.695392531378689 1.878940239444107 0
5.97982686327115 2.014160060947256 0
1.573127511448527 2.235902205129747 0
6.678152153221337 0.9100039271820628 0
6.136938441627473 4.617658898225276 0
6.035083362180959 0.9984808111608922 0
4.895103926128378 1.378139256035932 0
9.430499359277949 0.9969361326089539 0
1.098718057506135 1.231023281923314 0
3.129508957038039 5.309612298233525 0
3.406939144277988 1.97796059470487 0
5.286922097061027 4.315354055458307 0
4.954967531765551 0.6970555540508885 0
3.754063736338628 2.775996275664867 0
6.276717548670522 1.409219249228695 0
5.919255318038002 2.69286291800208 0
1.100864057218437 1.632940969627321 0
3.248398225383167 5.309617505516898 0
3.813565221782534 0.883999281231387 0
9.908265936611397 5.722569179208504 0
0.5227238765472983 1.63741728836346 0
1.697075812097397 1.237810198581732 0
9.547994332464201 5.285640267903435 0
1.344227931660492 3.05265151571145 0
4.4490444229529 0.591565099512235 0
0.9775269539657505 0.4273929611977414 0
3.309065737727672 5.20599206481726 0
9.048197244800111 5.338817222879478 0
6.01812332081076 5.422961180354837 0
5.782265216124029 5.624190264409576 0
1.168069452812922 4.590701481214711 0
6.548995030442652 5.121378846364883 0
3.753425124503167 1.779399260906273 0
5.972618180644388 0.4891762246591163 0
0.8722398182491187 4.898153615555874 0
4.898004432530273 0.7943396078047147 0
4.895952469416571 1.183785657762084 0
9.144058037956542 5.62448649939568 0
4.161073038459739 0.6848331970363244 0
6.025109158394024 2.88548873751834 0
5.814605665929237 3.067288437442193 0
0.5782372467827277 1.134793124805924 0
4.155218048537703 1.881488359060843 0
5.571159107944138 1.18658562153475 0
7.494659856952183 0.6951284991468807 0
3.664422844226324 5.617587264876944 0
0.931199645321646 5.207013782769935 0
8.777081048610645 3.249735458459039 0
6.136641254394428 5.220751584864193 0
3.486191534664069 5.309760086326773 0
0.6941808370500313 3.566447782666013 0
8.229126154674866 5.221475999030915 0
1.226809709910167 3.872678838994774 0
8.748323567657165 5.04836986759482 0
3.605067627475985 5.30974949264056 0
5.963681341102462 4.716801957221919 0
1.04979089378901 5.206800400258281 0
9.308277013918659 1.802916011287272 0
9.642843219344048 3.87632321114033 0
0.5759878350989744 2.950436180213651 0
9.489274287219679 0.8955408267262418 0
6.663779901228556 4.914394468923535 0
6.079550669320497 4.917108640546404 0
5.511078329872795 4.316938350745236 0
3.666014523020375 5.206039736560878 0
8.239063629703987 4.981163157269376 0
8.256878053604579 4.03163228989233 0
1.162346191598409 2.338218467684801 0
4.046017183433886 3.668791896157974 0
5.844076466788662 5.118420252234548 0
3.84264817013626 5.30997117701132 0
8.256308564438513 4.270512358824572 0
8.846223452498377 0.7940919708321338 0
5.345077797733887 1.186013283642386 0
0.6348889566025551 3.053275476118285 0
1.286524558806878 4.590733603385065 0
6.163123516017721 1.409727420523704 0
1.155773375674719 1.130107546018556 0
1.272224336129768 1.129404491140082 0
8.339001238244027 5.513586279529202 0
5.965069720752131 4.319075220498281 0
5.421420536185849 2.206754134363343 0
0.5760138115021353 3.155420955691353 0
0.8679672468930885 1.432777880998464 0
8.240756217356184 4.744902990465144 0
3.75395649145285 1.580079409133231 0
4.332622180594267 3.905094442190639 0
3.2034086807272 0.7044896549655677 0
3.961700478626204 5.309927036080317 0
9.775744905181252 0.9937424150211129 0
3.698470492505302 3.274322889624635 0
1.158473490406202 1.53214042954418 0
4.666375773791825 5.713596088689692 0
3.697024372946522 1.478774763063218 0
4.375629869816323 5.616008592075138 0
5.850525557903627 4.123314431260939 0
0.9794337929560971 0.8305176052698255 0
0.5127351076537479 0.6299232539998356 0
5.23597540749131 0.6013162102014344 0
0.2818549148084722 4.897929180673512 0
8.262193315917568 3.466605672845323 0
8.245657210470631 4.509089368788343 0
6.021463285290441 4.617381081963263 0
5.001179083445963 3.128442346280565 0
1.345950888985042 4.693194761864832 0
6.486582936778092 4.417763782334296 0
0.7538315281719857 2.439896983402154 0
4.387509875022048 0.8879633242204653 0
4.553025814102639 2.933206341322766 0
9.708259335314168 2.104996504262437 0
8.963085689118998 0.7941771667749669 0
3.816126894378246 0.4839461769940759 0
9.421341336768133 2.002934687504092 0
1.226568172457104 3.667369810887963 0
8.993417468080683 0.3061610699382636 0
9.548073610018527 0.7940588275219801 0
9.645957937621338 3.643405970880329 0
8.437657216727505 1.097725695516059 0
8.544539751421523 5.161996987367774 0
8.902133694102149 1.50075691050483 0
0.6288191093279143 0.6300950770361359 0
5.503344089710938 3.611549158179169 0
4.102872916058196 0.7839966807209368 0
1.160479769597909 1.934095870670938 0
6.544428720473757 4.116522813619589 0
5.477843204944393 2.110301295460488 0
5.368829656357659 5.519031524621441 0
5.793738701053215 0.3955718645570492 0
8.380702297493373 1.601598048859723 0
5.726449784235671 5.117669735847828 0
6.683086064266043 5.113276183555129 0
8.436098456830926 0.4895167478553817 0
1.689415179814326 2.235951133097964 0
3.69541898085105 2.278769055516618 0
5.840181901725684 5.724325567494665 0
6.182454544368985 3.545491258343569 0
9.138097504770812 0.2851161928161729 0
1.0958132124733 0.4248550986342562 0
0.7545608963803374 2.237158019795273 0
8.627386713731424 3.24907277420957 0
1.226146200887785 3.462411957015959 0
6.185009930500451 2.988500377748442 0
6.19470301400313 5.323690336939622 0
9.650369155054133 3.529138245672844 0
5.908152254765921 1.909743912216977 0
9.64042611832329 3.185751191248716 0
1.464567328745625 4.693146026503598 0
5.399131376098754 4.31561691716506 0
6.560608727548571 1.509261019085201 0
9.048750446744359 4.9912022743121 0
5.291118223810083 0.8944834952757656 0
3.641411700139021 3.374986615659932 0
3.759366326539217 0.3843817214824646 0
1.285169213857696 3.359770455212713 0
3.69665610188071 2.875432533535207 0
6.651265342409983 3.090541049886913 0
8.970397920147215 2.397278920450327 0
4.31799429051471 5.716404617028338 0
4.839497963042553 1.280642977074509 0
4.445420910025899 0.7901132195598457 0
8.759370662242265 3.904933182960861 0
1.581891795762744 4.693258846806281 0
4.945269771536367 3.031153373097679 0
8.379320803962743 0.996748604676996 0
8.947874822924238 5.280739692511629 0
1.344182822344122 3.257199197764499 0
1.56676153792275 1.43027461050954 0
4.497041620282222 2.835711970581376 0
9.043639089906932 3.308691313988575 0
5.348232448457832 0.5984266260879759 0
4.444768815356508 3.710153937892696 0
4.610692360815294 3.419248645574773 0
9.646730549116914 5.798466114694316 0
5.553980329502592 3.705654549238649 0
9.908631515661513 4.163367240157222 0
0.577061990548707 2.542690786361025 0
8.76295476229687 3.683055152990403 0
9.60697754756651 0.6925755667577014 0
6.502833984934807 1.607349634812609 0
5.365325454945432 1.916912855330273 0
9.582327817845773 2.882774153181439 0
7.43577290739662 0.7988107228643507 0
1.221177994100908 2.439653692952776 0
9.025583382091581 2.684003081237869 0
8.376775246413077 0.3914856140048955 0
8.224784951050255 5.569345617711073 0
8.262460073765062 0.9966881832277409 0
4.693096383929048 4.775946762955598 0
8.846783501257038 5.338321954455514 0
1.680552716176919 0.6244831128846211 0
3.696040585360818 1.678707050661342 0
5.42229054425691 2.013245362348542 0
3.293390186138155 1.978924222114972 0
1.2748506170942 1.531535236194776 0
9.72217942328531 0.6942102189353215 0
5.375195066595943 5.273857117878199 0
4.022680575220725 5.20636977671198 0
6.733613997210216 1.415742766094873 0
4.730688161377387 0.6959565779911814 0
9.361826964347392 2.495063102013257 0
6.219913648754953 1.310660384236594 0
4.663770293071368 0.09633549363840462 0
9.02155473701518 0.6928442194411792 0
8.774619365861497 3.46487906596669 0
1.037898467743291 0.9304921590085495 0
8.961235945639764 1.400479965414715 0
8.247563970612436 3.084793448548744 0
8.202988652866562 0.8960237092748371 0
5.08365481885167 4.884670646946645 0
6.73510902326067 0.8088974418828552 0
1.897639412355074 0.890398404849572 0
1.800727580850827 0.9509253287356538 0
4.55870986149287 3.515022206996325 0
6.291569320063976 3.175637995479369 0
4.615150452868834 3.994791374756468 0
1.393745421496037 1.932899697509397 0
6.343282411484751 3.451184216487657 0
1.677684779950221 1.432538900819026 0
6.134945145008423 5.424030747082421 0
4.440415343379819 2.738609047466195 0
4.155807444366426 1.683475020966704 0
6.193204166874061 5.527931276742156 0
1.462934694724375 3.257071946726244 0
8.647739570860665 4.045359023960406 0
4.596816056621586 4.608818110520245 0
4.727767866999942 1.28166533620539 0
0.8124017949907536 2.338509951241369 0
1.521946551095555 3.359044957151147 0
1.277065477710929 1.933537568533131 0
8.151553867789437 3.085457489341039 0
9.790451594618853 0.3732946182107619 0
3.695735095293801 2.478751522449248 0
1.333527485622417 1.632339059314391 0
1.640558843850022 3.35964016010399 0
9.136346800122116 2.683728762497507 0
8.846682540591139 5.454592127435859 0
8.951201506076869 3.046296191532039 0
5.289211602285974 1.088983173765643 0
6.133875381849133 5.628911545999656 0
8.647273625975249 4.987257972392879 0
8.962937765346272 0.592108443820775 0
6.238065044162486 3.634107677360141 0
9.220812268654043 3.099100508929072 0
6.676283852590054 1.309604181886705 0
5.181855138494013 4.826603080327672 0
6.277046597270802 1.211778162280702 0
4.693314497896854 4.551004823932839 0
6.07916208203939 4.716869850423087 0
3.87089352964789 1.183427402631677 0
9.47710362936094 2.497366241706306 0
6.846283715719729 3.081844215985441 0
6.073928707427903 5.724494178954695 0
8.903910189474828 0.4935705780034543 0
0.6372225361477055 2.439958665382469 0
6.65944482105929 4.115349164062872 0
9.135684804363756 1.501422998570901 0
1.39130115655129 1.732840477487323 0
5.488297683945878 5.51856555879918 0
8.846418734596126 5.570122920843552 0
4.59491800637233 4.38809962775023 0
1.153839368778019 0.9301296362960689 0
4.673459961777354 0.7928316903268624 0
6.454532859382909 5.907846476272952 0
8.748856409432044 4.81404301336423 0
1.280951473530302 2.541483981830991 0
9.025565393100013 2.300402671274963 0
3.755189509943748 1.18420477582371 0
6.734455230580377 1.21220589495574 0
8.647256729826804 4.750762077961319 0
1.213146990619519 1.030106978744329 0
4.596517629374193 4.275150515682011 0
8.382428126522814 1.800609883129908 0
8.756263003201827 4.127874569924314 0
6.3338150650398 1.112502891230516 0
1.341342802366253 2.643176994119858 0
8.693180146203069 2.108597197573913 0
5.387460661471875 4.714992358370684 0
8.645946107303097 4.276355557832666 0
4.559930253920284 0.7919966132049443 0
4.692435571319688 4.214300189663487 0
8.750986053411721 4.583598449845505 0
4.214710038104248 1.388064761196432 0
8.64816141143544 4.516788064609522 0
3.696907942054444 2.677362014737688 0
8.74506059425096 5.629626303093977 0
6.271577739756872 1.009287730294 0
6.314887589203023 4.715951655892757 0
5.453725600000332 4.413321351330177 0
8.752517785578794 4.353430533251025 0
5.96522637534529 4.121166560765635 0
0.6284901314385178 0.8271728751372297 0
1.51622149751205 2.54139005041459 0
5.40208697174048 1.090054712672687 0
9.473325593587944 2.690106767834433 0
8.969916369604004 2.204766343866466 0
6.074128450238935 3.733899092071831 0
4.536957132168125 0.09944991654944581 0
6.968334420803151 0.5928196379451509 0
6.549472008701373 3.263862134286617 0
6.082820745811962 3.921707914129471 0
1.574686695883335 2.641836941786554 0
6.28963165894536 3.542048371881962 0
5.397514960904471 4.511530745456352 0
9.051274069256376 5.79737699504658 0
5.965133556315177 3.927089296702251 0
6.910240940703261 0.4890519913485143 0
6.618452431665248 3.350920510186603 0
6.787320010514632 4.103504941887204 0
1.450180349357496 1.832457830602455 0
6.489255718379145 4.614170446923804 0
3.754932192834155 1.381597348497825 0
4.157501495407835 1.287323768215797 0
5.514838513494458 1.09055984022884 0
8.265957948731527 1.802081198142182 0
6.19629972011923 4.716494086315515 0
5.452219350257655 4.611754499799573 0
3.580550136794319 2.678197765740387 0
4.614756432020909 5.810812652697756 0
1.329681912715997 1.029946463588729 0
3.464334867657051 2.678513389605099 0
6.79200961460589 4.699139870316779 0
6.735419136585166 0.4063915964708419 0
9.050357030921711 4.424322828708621 0
6.371885246578827 4.61621862023982 0
4.789290214259984 0.4078516567970172 0
9.046880336264474 3.41826655367577 0
3.409725583229128 2.776854641716684 0
9.587162414104686 2.693986750670801 0
1.447359889058701 1.02866469502393 0
5.74302140173435 0.6923226810932179 0
5.401699363065815 0.4985907724334272 0
6.303726980786747 2.989141253129551 0
1.50482446235162 0.9281956780485329 0
1.57789292158096 2.845339080042683 0
1.903851117768005 0.7719835834064408 0
6.026941382013893 0.793680670727224 0
6.307820988054895 2.787302259756011 0
9.025192668600859 2.105743005180301 0
8.147649420988998 1.801387237866646 0
9.479876843216431 1.904344890136726 0
7.970853179832977 1.306041450344164 0
9.054980236793183 3.745738286595722 0
1.620024605668438 0.9227078858275971 0
5.573422742101663 0.5959392220473057 0
7.971042112870125 1.507449886341571 0
7.910019738109328 1.611732850088124 0
5.571126463146706 0.9932924491974106 0
7.909677217895668 1.005255401918747 0
8.030856280332269 1.801684982308847 0
1.798278465079041 1.428695387163693 0
9.801807765454157 1.172180018325749 0
6.312088422002383 2.217856840468952 0
8.027649237191575 1.000156476837126 0
1.568479571233281 1.833875339957562 0
1.692942825164222 3.873984060803453 0
5.563450005822094 4.80904053281828 0
3.095769965458445 2.058823529419638 0
9.355920150585963 4.488904635220184 0
1.626609892418659 1.932796091500232 0
0.9889743716922215 5.713829461548876 0
0.9382647153315398 5.812522063640022 0
3.639406807780802 1.38086936687209 0
9.54035012554297 1.804561579802246 0
1.596553811913997 5.905552167714498 0
1.815779309332374 4.901884392222359 0
5.628639868785647 0.8948360765855238 0
6.617167556524575 1.611714691416829 0
8.643982963143774 3.8171527499458 0
4.614301911280741 1.284738938046344 0
3.523617347594588 1.380795140581728 0
9.652316320606513 1.806404143035878 0
9.144040306760479 3.483016537193901 0
9.88777122883153 1.81741574057346 0
3.464604466901218 1.280922617199237 0
1.747870632436046 1.936675300862441 0
8.968534476657444 2.008925960899354 0
9.887374677523617 0.1843919959333405 0
4.505556281378352 5.210714931125049 0
9.049515735771067 4.200080596007598 0
8.294505806717424 5.907723498478941 0
3.167600326569421 3.901437409882895 0
9.765253840013317 1.811585921746361 0
4.614139643481737 1.480487329060134 0
9.913500919593826 5.831446929476859 0
0.08307800007632843 0.1700676770388302 0
3.350700745501913 1.276917742907438 0
8.69978364688799 2.304173008688077 0
6.087602251612168 0.8980277508485104 0
2.427650470216651 5.906372170391215 0
5.686748541928705 0.7940357664216102 0
2.790907902327541 5.90178746826351 0
8.179981042629219 5.907904613823568 0
3.168265907657203 0.08652565050484531 0
1.633417225104822 2.740516142950693 0
8.909752108647973 1.908725520318816 0
6.85045975110161 0.8063725706480309 0
0.1001795486376962 5.816106818446862 0
8.595117679156358 2.494949140685606 0
1.691610041430456 3.459451173203447 0
3.857661498371179 5.902391376214851 0
6.894463072069408 5.338407238549415 0
1.709388125456269 4.68983315906998 0
4.613832619072791 1.676264132024001 0
3.191939538866341 5.813122062306515 0
4.463998102623396 0.1972486193207985 0
6.705049636671907 3.188390168249221 0
3.551350473705113 5.815391540117457 0
6.614833047853889 1.806266443448365 0
9.759004282089217 2.790032961593166 0
6.765938434550578 5.524534941285786 0
4.260877007089797 5.815444046693035 0
5.828320577001877 1.621246092612877 0
8.882352941176492 5.906887093092636 0
0.1834049926249311 1.446032462938235 0
4.61327124684933 1.871827971905153 0
6.545812518255024 4.514747012245393 0
0.1824278917008541 1.228492463043256 0
9.885265128419606 2.775706346940722 0
3.093066539173265 1.118484852439939 0
0.293026299768786 0.4346245877770678 0
5.106474394006273 1.954198712856495 0
6.909626307479318 0.7013562986141781 0
0.09122722000753826 0.3887272847602395 0
1.799181649463122 2.046710428082421 0
4.938320421671015 2.069034230462267 0
8.266748033473442 3.802128211421103 0
5.269482691777206 1.926878718738721 0
4.612875074617217 2.067219936995968 0
9.642650188643952 2.790002574324405 0
4.880466217708803 2.162495247425321 0
1.741982076474201 2.739425732067496 0
6.660969158166415 4.514035096545937 0
5.212427911192901 1.567493038736979 0
5.268666722831459 1.724622345929043 0
7.91357782349376 1.804601587641953 0
6.302198809346631 2.595491586980667 0
6.410176226942321 2.385470771889278 0
9.909374977706838 3.117647058821213 0
5.041844578042166 2.497994427320027 0
6.310344066880782 2.032465263430704 0
6.588333553695795 5.655201217777472 0
4.307986841860687 0.0983169360503523 0
1.693364320298096 4.491220650064522 0
6.732138822742238 1.808757809886471 0
6.682997220312618 0.3197859891957868 0
5.343253825511335 0.4026226424432536 0
4.612203647892477 2.264278123577029 0
1.904738146985238 3.513457081430826 0
5.70621274308481 2.871029346470439 0
9.909979659203902 5.383717406467947 0
1.803935768793963 4.046540997986988 0
4.693088070930513 5.217151427968249 0
0.1832724198435392 1.014771557685636 0
9.89965889546934 2.645951089287728 0
3.298677324052623 1.172831705487866 0
4.990839621669294 5.281261547505482 0
4.619900837481687 2.452855977782839 0
5.39943093878261 0.3088916922307297 0
6.189220056884169 3.728729022888715 0
0.08561587017058886 1.610225328487588 0
5.541308501820785 0.2082878534239711 0
4.560159692659671 2.550454272057239 0
4.228571698119592 0.1979705794302128 0
6.849330769078608 1.808830401405014 0
6.501696046003025 0.2091118745681835 0
9.148507173787634 4.269613283516645 0
8.441379006084929 5.798648978372936 0
1.24712730840898 0.1038830950817479 0
1.908641540958244 2.797173515428869 0
3.293705214840911 2.174706502388223 0
6.966110540135168 1.809453849394667 0
1.804362408397963 3.583485622727768 0
1.799185984431774 2.232728192075522 0
8.200000000000083 3.168150290706549 0
1.913783452026721 1.84248933928328 0
9.914631146012933 5.056341477365735 0
1.809567922141292 4.285128645273241 0
1.803457889659319 2.632288649034439 0
3.290672462097545 3.592200162122689 0
6.800946670741119 5.154389198720637 0
4.885439176510715 5.219196001883084 0
4.094798168251202 0.07592782426884653 0
1.274656774276429 0.324429756773329 0
5.977096470532294 3.354387495274518 0
9.253024877801113 4.547393561915979 0
7.083229441710142 1.810007419633839 0
3.190994315749721 2.005689748616597 0
3.198076916700201 3.786892172746277 0
3.304245280856898 2.983478963228353 0
4.973142294427072 4.043726080922527 0
7.200690319055161 1.810269673494677 0
4.855456348426638 0.3164821307498421 0
3.988266510375881 0.2093898919023435 0
7.318204347433902 1.810435256053885 0
4.566576720467497 5.912062608711246 0
7.435734974154702 1.810538199517192 0
6.705287015169124 3.542441249973824 0
3.232872280832526 1.680613416039514 0
7.553207436509556 1.810580741421944 0
4.44789269378616 5.910809450313274 0
4.32674311058663 2.549580080218275 0
7.670556095847739 1.810587432456014 0
5.674670747677766 0.07918569646580845 0
4.383540723449157 5.812987238033951 0
3.867269567402727 0.07671721313578808 0
4.035897916132146 2.466321324923594 0
7.789935351519315 1.809303884063526 0
5.921771940431512 3.453372777203177 0
4.725224968526804 5.801519479123899 0
6.349170371044409 3.631840424575394 0
3.188716434229303 2.585826100873298 0
9.763930331550327 0.1856171546020104 0
4.844186167099116 5.803703571687166 0
4.205418313565101 5.907682963036045 0
3.294290629972166 1.780379644648841 0
9.644815588561826 0.1876408394692295 0
4.043742001910322 2.655181762496897 0
4.96725753962866 5.809278857131663 0
4.441623687163419 2.552313090097352 0
8.960905023238755 0.4041289474893559 0
5.034013344794733 5.903583274756302 0
9.317139001134471 3.153533664236906 0
9.565291814511028 3.268402122204995 0
9.526320530390974 0.1874963464221022 0
4.708237161899646 3.993148534316868 0
5.197812718974968 5.804088228629905 0
4.0898883512277 5.906663438666166 0
9.407945311491646 0.1873397901957333 0
5.319952150879749 5.810219744359689 0
9.171090420122288 0.1872029655155461 0
9.289477284013588 0.1872380987537021 0
0.6099287511741651 0.2122347667911231 0
0.2226157231502366 5.805971238239557 0
3.76143607029543 0.208840338768559 0
6.456555971409294 3.631685975707137 0
5.757524310663587 3.503944326109955 0
0.3414025479879346 5.805917201773493 0
4.270645227263075 2.457387962733515 0
9.8190744969225 2.088991363967876 0
9.842694715465036 3.316196670677832 0
8.75842725547805 0.08662546477711765 0
0.4589876921464904 5.805088740184406 0
3.909549540843712 5.810664914940738 0
4.026601477892741 5.812054299373242 0
8.645137444860964 0.09042295817392305 0
8.479814099867781 0.1952043568311367 0
0.8852586524829704 5.908101933505417 0
1.804490161809306 1.208681973332 0
3.492556787553251 5.907677128351001 0
4.154547941754871 2.4592793542769 0
0.5785119748701962 5.806875280603936 0
6.858986998275767 0.07694529612625195 0
6.768595970531362 4.511562362827104 0
3.135911174925278 5.906579042690487 0
1.794552805067779 2.430387646438292 0
3.667444395677115 5.813355451406686 0
4.027826618081212 2.880610892056199 0
1.91048469162457 1.603674307431997 0
3.406634649606067 0.8036618828977391 0
0.6942905966097798 5.80355199186823 0
4.972248828009341 0.3181102588177317 0
6.96282874205742 0.212921388413988 0
0.7694202847769637 5.913360743235918 0
1.652930045929402 5.81046963129886 0
7.102274928693979 0.0915811295735541 0
2.484097063838497 5.811687280160539 0
6.387982522231799 0.07870203161052694 0
1.7063275893716 3.637421205882062 0
2.831421887941495 5.805194552310355 0
3.191794621513386 0.3705460322739391 0
3.371495320126194 5.905768644554946 0
9.148532821170726 4.600320129314809 0
4.89839528471629 3.893088525191155 0
1.110262362317074 5.705048195879085 0
8.169385600157822 0.08958920538134475 0
8.314780371510757 0.299032892399541 0
1.229059746289949 5.703426161138798 0
3.013541401213733 5.905698443611902 0
6.270401070219267 0.2096760402966265 0
3.733471524574616 5.90599322633857 0
7.246789831290043 0.2959805869958557 0
1.294866910963825 5.805216016805565 0
2.6603379186748 5.906028261091273 0
1.480017609649523 5.91030790951693 0
2.251908185913314 5.814172546248844 0
7.948452158237449 0.2974921865966928 0
2.134566904917875 5.813342438842025 0
2.31135983893044 5.906610782836397 0
2.016949152541503 5.813954008082962 0
1.898305084744987 5.81398180431874 0
5.819661532741638 3.656142395574516 0
7.76966142075368 0.3962942929761209 0
1.776788057745885 5.811882521125536 0
7.580629642594403 0.2957432785525058 0
2.600774131713081 5.811145879862678 0
1.413809121985434 5.809962506283716 0
3.621066689545675 0.09109062500431753 0
7.428869046700049 0.3989131503270397 0
5.906139105867013 0.4008750841620122 0
3.309853525157159 5.812253874557568 0
4.988175393100701 0.0791270475630331 0
2.95018930536194 5.804849729981912 0
6.090283386343511 0.3106765428106706 0
3.311785081312831 3.365542731237487 0
8.892054427578854 0.2980429862786229 0
8.827819162149908 0.1936204111220933 0
8.96015689729399 2.954916278002202 0
3.518238852462477 0.07405376819144346 0
9.816107705690296 2.885397443483701 0
0.07779349915520113 0.6111111111100868 0
4.343668104265769 3.137351627809427 0
8.581458266245262 2.702613175077711 0
3.413138530039475 0.2057387223725344 0
5.755829366498904 3.730328365974706 0
9.320328070727459 2.96655683127051 0
4.282026201620116 3.241024566571499 0
9.918967783002817 1.941176470583159 0
8.581706574031495 2.855564708781636 0
9.80522400363696 2.490528821382045 0
5.387937676360067 5.904741923708549 0
9.826865486013359 4.89036654570668 0
6.597452516523109 3.832241649723172 0
9.828682235500574 5.225751115698744 0
0.1905767293087851 0.8177096929041294 0
4.45534740132199 3.521753865634296 0
6.358129206492004 1.878817462393223 0
3.284030288442211 0.08439939182087375 0
3.249237298558122 1.071306888684186 0
9.826781716036061 5.003049545806796 0
6.524968821430434 3.729892028856947 0
3.303417234007731 2.381303377353567 0
0.1820538162624885 2.235294117649344 0
0.1822673893985019 3.058823529415849 0
8.242751269421449 0.1942139735655836 0
1.920413971056385 3.269088029763938 0
0.1822978064705942 3.881146493587427 0
0.1831435538291996 4.70417811635391 0
0.1861579945236608 2.020237427718793 0
9.914555554717422 5.167113987623741 0
9.824011412025671 5.340834236749956 0
4.963148759841894 4.504151452806337 0
6.708382233351836 3.83093461820015 0
5.593010502444174 3.782700300491248 0
4.385202978916145 3.620651266647764 0
9.734007688337494 4.163350533107753 0
8.519403780645501 3.103024061212621 0
3.311810787582804 2.774423162569271 0
6.188799222742287 1.819792319459808 0
5.545758950924728 5.802893138923985 0
6.700701859883078 5.918201680457583 0
9.826258221429004 4.549589080743223 0
7.652489078446136 0.3969408524627205 0
1.70129542871102 0.07988016315618454 0
9.913088085495026 5.509211411289181 0
3.198617223630898 0.1870635062299209 0
0.1835326598817536 4.476189657582006 0
0.1831879598020641 5.297695882347367 0
0.1833826100955133 5.525521064457132 0
3.077936924979592 1.354405627193334 0
5.075289558845938 5.43700818952332 0
5.665725265231169 5.805581211695941 0
5.310269773492945 5.432296485604977 0
1.719371286761051 0.3028774742839128 0
7.35843273501764 0.2987343360373979 0
9.739124071076176 3.57168671020845 0
9.826306826298641 5.562045968260801 0
1.805493381234228 1.046321621276176 0
8.530945334152005 3.200543817243116 0
9.824306618596784 4.32470207145252 0
9.825728764502042 4.663759608433415 0
6.498326405210319 5.80476785387545 0
3.192603821433863 0.9763543020969441 0
9.826394963028916 4.779270606364067 0
9.804168111577683 2.31983158689888 0
9.830866025542173 5.781062033162298 0
9.702352595722466 1.315561371770115 0
5.456473863121596 5.001494473858578 0
8.694129928217261 3.191057501791331 0
9.820038766856735 0.7045939547297583 0
3.612693256984914 3.906454632110646 0
9.744790892770599 3.25096714109505 0
7.177168740519654 0.1955466994391971 0
5.315543110021812 3.887033310897012 0
9.822003426485956 4.21778025833471 0
5.780715206915796 5.803587816450037 0
4.345033151210632 3.722665533509235 0
9.827839496906703 5.669167111679714 0
0.1853638356386184 3.656905889335109 0
9.731655761465642 4.055666112142131 0
5.148336153282588 3.981987985958299 0
0.1860485142432447 2.835380106594682 0
9.825564362594685 4.436482569038195 0
6.818502675525401 4.204646163659863 0
5.900592572607056 5.806172622833142 0
8.153286498239499 5.490915651948375 0
1.717211214858282 0.5298915525015924 0
9.732630611518081 3.944255578401305 0
8.759764732045793 2.958618187305838 0
9.828822407440786 3.530021672481235 0
6.809665569102249 3.822448878515448 0
1.923622506739882 3.035714285711302 0
5.742213741242852 1.823397760437377 0
9.354592115180562 5.722786790966325 0
5.455640101524766 5.222287490822472 0
0.1899682171608765 2.454167658315041 0
6.017175896453336 5.806042440561665 0
9.81667741709501 1.516766299220404 0
3.374874771582125 0.4667720294514875 0
9.820639757271792 0.4743576816665699 0
5.830458345554614 3.25017349617597 0
4.289303241150124 3.816538519469857 0
4.966390435785446 4.137843486486206 0
4.97355017135137 4.296835012634654 0
9.728642189967559 3.705577813427033 0
0.2538158779503086 0.3605797337832937 0
6.827351051598272 3.721622728850676 0
6.816579134266043 4.433360098182604 0
3.190108021601002 0.7977562730962796 0
9.132568600116196 2.84732087828891 0
0.1863873947121232 3.277099042671372 0
6.706753581855536 5.001730581863423 0
9.726858678727011 3.823933243804519 0
6.226068616685508 2.90624718776165 0
6.822263790008458 4.800078128266617 0
0.1900082148745718 4.09512993191341 0
5.925391001390104 3.25764455918658 0
0.07268471243310673 4.882352941178012 0
5.77250064516325 3.154374052110983 0
8.657182229218755 1.995301716932774 0
8.614321362140318 5.8102299212854 0
5.285880490301179 4.679871685663069 0
6.386997467407451 1.967399323666758 0
3.072016640555253 1.588235294124259 0
6.144197740491135 5.810884885237777 0
5.71056028846061 3.054691212853288 0
6.800000000000037 3.155159369598535 0
0.07308547272723272 1.83270551361187 0
0.1753979640809714 0.3251207298566396 0
4.580308400255152 4.076495217992006 0
8.153502342560291 5.303193111965138 0
5.147706986464257 4.597767329244594 0
0.07134442240033201 5.117647058824744 0
9.918034831197215 3.471832014155567 0
8.758238537944807 5.722515568545703 0
5.657119548772926 2.956526017007026 0
0.1901415315761823 4.26325340133575 0
0.07303252694040747 3.470055077668021 0
5.557456462713304 2.772424670415684 0
3.085908178640516 3.913503212543033 0
0.07101557913597469 5.705882352941582 0
5.448500476527432 0.2355053927613355 0
6.248632289345971 5.799126148070633 0
8.701549643151555 3.299812129987817 0
1.912986021465227 0.08738260630409142 0
6.912284624446213 5.911927487063712 0
9.913179584269336 0.08661506283591108 0
9.819353895220605 1.076756473975264 0
5.193863346085113 2.755516132235658 0
9.927564133979772 3.354417531266229 0
1.912849930382246 4.912853110365508 0
5.438492310986704 2.766606885295129 0
5.311763957758201 2.760217342412545 0
6.347457627118962 5.929057585188116 0
8.069737130159307 3.300000000000004 0
5.465615048370671 4.793686439376441 0
0.190566841319746 2.622505599011237 0
9.132162245628809 5.717685800603098 0
5.653917031372155 2.777261282008711 0
0.08395051118518837 5.916047168891127 0
3.313613754762095 3.196776817574911 0
3.494344283393112 0.6662127253023089 0
4.528542489647871 5.109162803926783 0
4.980953809698067 2.561676862615518 0
8.665896870813123 2.216199882571441 0
9.810539328678344 1.729622153692053 0
3.079331022667407 0.07925682045770355 0
8.084246640660194 5.915945689527967 0
9.928735377880791 0.8838151419787919 0
6.398126777177575 3.024513708825651 0
5.565108495269956 1.737900711034593 0
5.513735885491981 1.642715718830987 0
8.28603864626003 3.157915698552476 0
6.808541154083155 3.996521836378065 0
9.563521094785029 5.715865564605256 0
8.937825351225062 5.833277923983005 0
5.092607158996254 2.036659882883157 0
9.923876654506998 5.92369009534881 0
0.07912002814161456 0.07918117672400003 0
4.922119840656608 2.269553802886204 0
5.034915696347124 2.659021867468436 0
5.681833727407144 1.740125281930128 0
4.974197231297859 2.363189307651536 0
5.09128060576873 2.754026699423794 0
5.203498576466314 1.780363011694318 0
1.717304916523648 0.9082934199810586 0
5.464074053524056 1.55702371399092 0
5.373478187393479 1.556474427232097 0
1.834294537335292 2.744285922006123 0
9.810694856731512 0.2663672877567251 0
6.335194715930256 2.673117542336064 0
9.749711498952337 5.822370907830122 0
8.704360696050543 3.408572553309347 0
8.195669548655397 3.412232112207187 0
3.798985573000114 3.863886047791969 0
6.009544548861843 0.2853231379502247 0
6.928302339958416 5.455736905589443 0
8.168857862307753 3.839764415628152 0
3.190067974480452 3.610825307027832 0
1.726299896588047 3.980629405711221 0
9.831553447378012 3.187397624845406 0
8.06885790713865 3.07571492261552 0
6.928568783435434 3.07508653586084 0
6.027458423991109 1.788774549700997 0
8.170041574526255 5.040135329083938 0
5.826664842253245 0.3056205712487105 0
8.170516833115727 4.921292010622276 0
1.828712600578787 0.7141503103774007 0
0.1575121884821256 1.548050439065178 0
3.162325967949028 1.064134219629878 0
6.633114311631815 3.25193161466174 0
8.169765226471982 3.960432564989227 0
6.189600646495151 0.1831702907377672 0
8.171684126784378 4.802765205984354 0
0.1590737060571245 1.111111111111112 0
0.4141861813564361 0.2462395340021499 0
8.669545199602968 2.573140231729418 0
5.768152716114868 0.2064168398745167 0
1.712760764818436 1.343939159752636 0
8.185112913753111 3.511445298614705 0
1.610279137486353 3.787390178637889 0
8.173641471699117 4.685172443167734 0
4.164018595180307 3.829524068724487 0
8.174590962645217 4.56687328632633 0
8.170407451490924 4.080866964815494 0
4.604908370061893 5.24758855748264 0
8.170398230999831 5.152677132160213 0
4.301535598498329 3.578287798046489 0
6.587005975460943 0.1823534425703954 0
6.33882737379832 2.329322508028742 0
8.173492164490309 4.204022279928203 0
8.176769578713284 4.449882115077863 0
8.176429423569274 4.32990590609126 0
8.44294651969941 3.069080938324999 0
0.2531734513799263 0.271308199974778 0
8.269468323260643 3.691420115118914 0
8.705232413013022 3.517669765372279 0
6.342775615984177 2.111111111111144 0
6.812345172019666 4.591138692667656 0
5.764416798732571 1.562269766256382 0
6.665989372853219 5.495543491296069 0
8.182920560610381 3.623538077075985 0
6.71526346546781 3.381331230880169 0
8.073209322716925 5.340296790725136 0
1.729696566951446 4.583242462291828 0
5.370970071359473 5.361316970212217 0
5.444444444444448 0.0604412197173177 0
1.726343509090918 3.540422773687528 0
8.069899530778249 5.457714707770351 0
6.819964761286001 5.253833678073669 0
5.045636925983715 0.2314441602221863 0
8.353845658810855 5.834688064783925 0
0.1628070280470417 0.2212677591822684 0
1.831294836137025 1.543592715853306 0
1.814090537672835 4.726526551753133 0
4.190142735032959 2.814533980324878 0
6.514608915105351 5.716117983724249 0
8.562747763174491 2.390432006277769 0
5.567670376097688 3.865044531022475 0
8.171177914073475 5.637825924390779 0
4.211221452032358 3.002677539548601 0
3.265196824871248 2.064447606605137 0
4.888882824648175 0.06057645685032994 0
3.265483893976779 2.287430039098391 0
1.832263287109241 2.14096031808649 0
0.1577419494956088 0.8958887400557871 0
4.047393868165994 3.834119032693173 0
8.704625685640551 3.627172836270989 0
8.17242574494793 5.744745551800445 0
4.059590580463027 2.807306217261803 0
0.7692797566776701 0.241763179075446 0
9.290862703354646 3.055684148523144 0
1.829338191862671 2.511684051596593 0
5.788836682416026 1.724592381142059 0
9.848461506879316 1.994674317542592 0
8.583557216309538 1.974531217111596 0
5.295149202070089 3.961981577574673 0
9.397493707513224 3.242062167367311 0
3.938404555307625 3.834946360970628 0
5.130933972279861 4.054966608682841 0
0.1526825883422971 1.333333333333334 0
5.462624517416434 3.869767746237171 0
$EndNodes
$Elements
25 9142 1 9142
1 1 1 17
1 1 25 
2 25 26 
3 26 27 
4 27 28 
5 28 29 
6 29 30 
7 30 31 
8 31 32 
9 32 33 
10 33 34 
11 34 35 
12 35 36 
13 36 37 
14 37 38 
15 38 39 
16 39 40 
17 40 5 
1 2 1 42
18 5 41 
19 41 42 
20 42 43 
21 43 44 
22 44 45 
23 45 46 
24 46 47 
25 47 48 
26 48 49 
27 49 50 
28 50 51 
29 51 52 
30 52 53 
31 53 54 
32 54 55 
33 55 56 
34 56 57 
35 57 58 
36 58 59 
37 59 60 
38 60 61 
39 61 62 
40 62 63 
41 63 64 
42 64 65 
43 65 66 
44 66 67 
45 67 68 
46 68 69 
47 69 70 
48 70 71 
49 71 72 
50 72 73 
51 73 74 
52 74 75 
53 75 76 
54 76 77 
55 77 78 
56 78 79 
57 79 80 
58 80 81 
59 81 6 
1 5 1 13
60 7 82 
61 82 83 
62 83 84 
63 84 85 
64 85 86 
65 86 87 
66 87 88 
67 88 89 
68 89 90 
69 90 91 
70 91 92 
71 92 93 
72 93 8 
1 6 1 9
73 8 94 
74 94 95 
75 95 96 
76 96 97 
77 97 98 
78 98 99 
79 99 100 
80 100 101 
81 101 9 
1 7 1 38
82 9 102 
83 102 103 
84 103 104 
85 104 105 
86 105 106 
87 106 107 
88 107 108 
89 108 109 
90 109 110 
91 110 111 
92 111 112 
93 112 113 
94 113 114 
95 114 115 
96 115 116 
97 116 117 
98 117 118 
99 118 119 
100 119 120 
101 120 121 
102 121 122 
103 122 123 
104 123 124 
105 124 125 
106 125 126 
107 126 127 
108 127 128 
109 128 129 
110 129 130 
111 130 131 
112 131 132 
113 132 133 
114 133 134 
115 134 135 
116 135 136 
117 136 137 
118 137 138 
119 138 10 
1 8 1 34
120 10 139 
121 139 140 
122 140 141 
123 141 142 
124 142 143 
125 143 144 
126 144 145 
127 145 146 
128 146 147 
129 147 148 
130 148 149 
131 149 150 
132 150 151 
133 151 152 
134 152 153 
135 153 154 
136 154 155 
137 155 156 
138 156 157 
139 157 158 
140 158 159 
141 159 160 
142 160 161 
143 161 162 
144 162 163 
145 163 164 
146 164 165 
147 165 166 
148 166 167 
149 167 168 
150 168 169 
151 169 170 
152 170 171 
153 171 14 
1 9 1 9
154 13 172 
155 172 173 
156 173 174 
157 174 175 
158 175 176 
159 176 177 
160 177 178 
161 178 179 
162 179 14 
1 10 1 9
163 13 180 
164 180 181 
165 181 182 
166 182 183 
167 183 184 
168 184 185 
169 185 186 
170 186 187 
171 187 15 
1 11 1 17
172 15 188 
173 188 189 
174 189 190 
175 190 191 
176 191 192 
177 192 193 
178 193 194 
179 194 195 
180 195 196 
181 196 197 
182 197 198 
183 198 199 
184 199 200 
185 200 201 
186 201 202 
187 202 203 
188 203 11 
1 13 1 25
189 11 204 
190 204 205 
191 205 206 
192 206 207 
193 207 208 
194 208 209 
195 209 210 
196 210 211 
197 211 212 
198 212 213 
199 213 214 
200 214 215 
201 215 216 
202 216 217 
203 217 218 
204 218 219 
205 219 220 
206 220 221 
207 221 222 
208 222 223 
209 223 224 
210 224 225 
211 225 226 
212 226 227 
213 227 16 
1 14 1 5
214 16 228 
215 228 229 
216 229 230 
217 230 231 
218 231 17 
1 15 1 9
219 17 232 
220 232 233 
221 233 234 
222 234 235 
223 235 236 
224 236 237 
225 237 238 
226 238 239 
227 239 18 
1 18 1 21
228 6 240 
229 240 241 
230 241 242 
231 242 243 
232 243 244 
233 244 245 
234 245 246 
235 246 247 
236 247 248 
237 248 249 
238 249 250 
239 250 251 
240 251 252 
241 252 253 
242 253 254 
243 254 255 
244 255 256 
245 256 257 
246 257 258 
247 258 259 
248 259 19 
1 19 1 9
249 19 260 
250 260 261 
251 261 262 
252 262 263 
253 263 264 
254 264 265 
255 265 266 
256 266 267 
257 267 20 
1 20 1 13
258 20 268 
259 268 269 
260 269 270 
261 270 271 
262 271 272 
263 272 273 
264 273 274 
265 274 275 
266 275 276 
267 276 277 
268 277 278 
269 278 279 
270 279 21 
1 21 1 34
271 21 280 
272 280 281 
273 281 282 
274 282 283 
275 283 284 
276 284 285 
277 285 286 
278 286 287 
279 287 288 
280 288 289 
281 289 290 
282 290 291 
283 291 292 
284 292 293 
285 293 294 
286 294 295 
287 295 296 
288 296 297 
289 297 298 
290 298 299 
291 299 300 
292 300 301 
293 301 302 
294 302 303 
295 303 304 
296 304 305 
297 305 306 
298 306 307 
299 307 308 
300 308 309 
301 309 310 
302 310 311 
303 311 312 
304 312 7 
1 23 1 9
305 22 313 
306 313 314 
307 314 315 
308 315 316 
309 316 317 
310 317 318 
311 318 319 
312 319 320 
313 320 23 
1 24 1 5
314 23 321 
315 321 322 
316 322 323 
317 323 324 
318 324 24 
1 25 1 25
319 24 325 
320 325 326 
321 326 327 
322 327 328 
323 328 329 
324 329 330 
325 330 331 
326 331 332 
327 332 333 
328 333 334 
329 334 335 
330 335 336 
331 336 337 
332 337 338 
333 338 339 
334 339 340 
335 340 341 
336 341 342 
337 342 343 
338 343 344 
339 344 345 
340 345 346 
341 346 347 
342 347 348 
343 348 12 
1 26 1 9
344 1 349 
345 349 350 
346 350 351 
347 351 352 
348 352 353 
349 353 354 
350 354 355 
351 355 356 
352 356 2 
1 27 1 9
353 2 357 
354 357 358 
355 358 359 
356 359 360 
357 360 361 
358 361 362 
359 362 363 
360 363 364 
361 364 3 
1 28 1 34
362 3 365 
363 365 366 
364 366 367 
365 367 368 
366 368 369 
367 369 370 
368 370 371 
369 371 372 
370 372 373 
371 373 374 
372 374 375 
373 375 376 
374 376 377 
375 377 378 
376 378 379 
377 379 380 
378 380 381 
379 381 382 
380 382 383 
381 383 384 
382 384 385 
383 385 386 
384 386 387 
385 387 388 
386 388 389 
387 389 390 
388 390 391 
389 391 392 
390 392 393 
391 393 394 
392 394 395 
393 395 396 
394 396 397 
395 397 4 
1 29 1 59
396 4 398 
397 398 399 
398 399 400 
399 400 401 
400 401 402 
401 402 403 
402 403 404 
403 404 405 
404 405 406 
405 406 407 
406 407 408 
407 408 409 
408 409 410 
409 410 411 
410 411 412 
411 412 413 
412 413 414 
413 414 415 
414 415 416 
415 416 417 
416 417 418 
417 418 419 
418 419 420 
419 420 421 
420 421 422 
421 422 423 
422 423 424 
423 424 425 
424 425 426 
425 426 427 
426 427 428 
427 428 429 
428 429 430 
429 430 431 
430 431 432 
431 432 433 
432 433 434 
433 434 435 
434 435 436 
435 436 437 
436 437 438 
437 438 439 
438 439 440 
439 440 441 
440 441 442 
441 442 443 
442 443 444 
443 444 445 
444 445 446 
445 446 447 
446 447 448 
447 448 449 
448 449 450 
449 450 451 
450 451 452 
451 452 453 
452 453 454 
453 454 455 
454 455 12 
1 30 1 17
455 18 456 
456 456 457 
457 457 458 
458 458 459 
459 459 460 
460 460 461 
461 461 462 
462 462 463 
463 463 464 
464 464 465 
465 465 466 
466 466 467 
467 467 468 
468 468 469 
469 469 470 
470 470 471 
471 471 22 
2 1 2 8671
472 3661 3139 4329 
473 1223 3031 4004 
474 2630 1240 4506 
475 1377 2839 4049 
476 1240 2630 2982 
477 2547 3262 4361 
478 274 273 2785 
479 2749 2750 3210 
480 317 316 2934 
481 1603 2102 3142 
482 3031 3030 4004 
483 2785 273 4485 
484 528 2683 4056 
485 2750 523 3210 
486 2047 2045 4213 
487 3498 3224 4032 
488 2706 797 2707 
489 2625 767 3262 
490 2628 2800 3826 
491 2800 1433 3826 
492 767 2625 3548 
493 2511 2628 3826 
494 2183 3321 3620 
495 3224 3498 4357 
496 2572 1396 3130 
497 2625 2827 3548 
498 2628 2511 4494 
499 2827 1579 3548 
500 1336 2665 2666 
501 2820 3978 4086 
502 4099 4090 4290 
503 2644 2132 2744 
504 1612 1831 4273 
505 2611 2970 4290 
506 3333 3338 4267 
507 2719 530 3078 
508 1396 2572 4355 
509 1486 2825 4541 
510 3139 2623 4329 
511 2132 2644 2878 
512 4062 1579 4169 
513 2839 1377 3858 
514 3978 1206 4086 
515 2288 3156 3312 
516 3262 767 4361 
517 640 2700 2731 
518 2654 1372 3227 
519 2074 3113 3114 
520 481 2780 2782 
521 2790 2760 3819 
522 2692 2509 4171 
523 477 2649 2764 
524 607 2633 4135 
525 1481 2672 2674 
526 1279 2650 3328 
527 4362 4221 4491 
528 531 2718 2720 
529 2810 2789 4164 
530 667 4099 4290 
531 2649 477 3461 
532 1376 2878 4297 
533 1481 2674 3687 
534 1579 2827 4169 
535 913 916 4198 
536 2136 2910 2912 
537 1253 2681 2683 
538 2707 797 4291 
539 2810 685 4149 
540 1372 2654 4422 
541 2102 2664 4568 
542 2035 3121 3123 
543 2674 2676 3687 
544 1838 1840 2784 
545 3032 1486 4541 
546 2714 3112 3113 
547 3124 2359 3194 
548 2677 2347 4106 
549 2677 4106 4111 
550 2789 2790 4164 
551 2359 3124 4561 
552 2714 1251 3112 
553 2045 3125 4213 
554 2789 2810 4149 
555 2784 1840 4551 
556 2668 4123 4144 
557 2431 2771 3332 
558 2771 1271 3332 
559 3142 2102 4568 
560 867 2695 4162 
561 4221 777 4491 
562 2359 2759 3194 
563 4018 2545 4404 
564 2759 576 3194 
565 509 3454 3499 
566 4123 487 4144 
567 3269 3270 4227 
568 2438 2436 3551 
569 1486 3032 3461 
570 3024 4060 4147 
571 508 2834 2918 
572 1416 2725 3561 
573 3021 1157 4137 
574 2650 1279 4132 
575 1850 4179 4196 
576 2665 1336 2794 
577 2681 1253 2709 
578 576 2759 2761 
579 2934 316 4118 
580 2778 4018 4404 
581 1265 3208 3672 
582 1831 3338 4273 
583 2041 2040 2795 
584 2698 475 3090 
585 3338 1831 4267 
586 576 2761 2788 
587 964 962 2794 
588 3032 2649 3461 
589 2944 493 2945 
590 2525 3259 3572 
591 509 3499 4447 
592 2295 2574 2809 
593 3156 2288 4344 
594 1399 2991 4163 
595 3316 2514 4236 
596 2991 1399 4174 
597 3118 636 3119 
598 2780 481 4340 
599 1281 2750 4243 
600 2970 667 4290 
601 2750 1281 4233 
602 2040 2665 2795 
603 2689 1246 4142 
604 1265 3672 4456 
605 3573 2610 3574 
606 2683 528 4156 
607 473 2821 2822 
608 3236 480 3989 
609 475 2698 3091 
610 2695 867 4133 
611 2672 1481 2811 
612 1986 3116 3118 
613 626 2703 4186 
614 1246 2689 4184 
615 1140 966 2811 
616 2664 2102 4204 
617 3842 1377 4049 
618 2703 626 4215 
619 3561 2725 3562 
620 2631 1307 3489 
621 916 2779 4198 
622 1829 3025 3026 
623 2645 828 4217 
624 1965 3632 4102 
625 2438 3551 4394 
626 1814 2669 2928 
627 2057 3372 4120 
628 933 2662 4091 
629 2786 493 2944 
630 1336 2666 2811 
631 2680 3491 4114 
632 1757 2790 3819 
633 3632 1965 4108 
634 1208 3391 3967 
635 3372 2057 4473 
636 287 286 3117 
637 828 2645 4272 
638 2347 3437 4106 
639 2633 607 4300 
640 3687 2676 4069 
641 3491 2680 4478 
642 1829 3026 3027 
643 2718 531 4316 
644 2664 3230 4568 
645 1501 2844 3292 
646 674 676 2924 
647 3437 2347 4467 
648 2923 766 2924 
649 3098 2538 4229 
650 2669 1814 3142 
651 2910 2136 4358 
652 2662 933 4487 
653 3321 2183 4124 
654 1246 2765 4142 
655 2538 3098 4348 
656 3264 2247 4196 
657 2925 2922 4023 
658 2918 2834 4319 
659 1296 317 2934 
660 2730 233 4299 
661 2680 608 4115 
662 608 2680 4114 
663 2701 1633 2731 
664 2361 3632 4108 
665 233 2730 4293 
666 1387 2724 4146 
667 2611 2613 2970 
668 2878 2644 4297 
669 2247 3264 3874 
670 2308 2945 2946 
671 40 39 3155 
672 497 3562 3600 
673 528 4056 4105 
674 454 455 3183 
675 1561 1563 3027 
676 3121 2035 4285 
677 3117 636 3118 
678 3424 4442 4443 
679 3632 2361 4475 
680 4442 2143 4443 
681 766 674 2924 
682 3989 480 4464 
683 2891 3842 4049 
684 2825 1486 4282 
685 2787 2692 4171 
686 1633 2701 2730 
687 512 3178 3485 
688 1814 1603 3142 
689 3270 2418 4227 
690 2821 473 3883 
691 2307 2700 2727 
692 2525 3572 4389 
693 1157 3021 4341 
694 3620 3321 4158 
695 2820 2821 3883 
696 2308 2944 2945 
697 3592 2601 4148 
698 2809 2574 4397 
699 3151 3812 4161 
700 2509 2692 4254 
701 3041 4166 4253 
702 4179 3265 4196 
703 1240 2900 4506 
704 2694 685 2810 
705 920 2891 3905 
706 1206 2668 4086 
707 1474 2715 2957 
708 4419 4525 4543 
709 3050 2845 4128 
710 2820 3883 3978 
711 3030 734 4004 
712 1307 2631 4427 
713 734 3030 4147 
714 685 2694 3525 
715 2891 920 3842 
716 1474 2957 3456 
717 3068 2639 4336 
718 2945 1431 2946 
719 2668 1206 4123 
720 3827 1998 4362 
721 1305 2690 3482 
722 183 4131 4335 
723 4142 2765 4432 
724 2694 3312 3525 
725 3115 287 3117 
726 797 2706 2708 
727 2761 2760 2790 
728 2066 2699 4155 
729 2848 510 3488 
730 530 2719 4382 
731 2939 3051 4109 
732 1192 2660 4289 
733 2660 1192 4294 
734 2925 713 2927 
735 3312 1318 3525 
736 2553 2842 3514 
737 3274 1314 3275 
738 950 3503 3912 
739 3330 1386 3486 
740 713 2925 4023 
741 3796 2271 3818 
742 3119 2242 4451 
743 3113 524 3114 
744 4165 3136 4189 
745 2687 3142 4568 
746 4166 3031 4253 
747 4210 602 4301 
748 2946 2835 2988 
749 2958 3655 4305 
750 3147 3796 3818 
751 2713 2106 3389 
752 3174 1774 4122 
753 2077 2762 4027 
754 3294 513 3490 
755 3136 3135 4189 
756 1308 2728 3487 
757 920 3905 3954 
758 2655 625 4444 
759 625 2655 4433 
760 2724 1387 4248 
761 3112 524 3113 
762 2444 3517 4022 
763 531 2720 2721 
764 2106 2105 3389 
765 3905 2903 3954 
766 962 1165 2794 
767 2514 3316 4154 
768 2781 3266 4179 
769 972 2713 3389 
770 2844 1501 4408 
771 2824 4242 4541 
772 1336 964 2794 
773 2866 4210 4301 
774 2330 2741 2742 
775 2074 3114 4170 
776 1986 3118 4451 
777 632 2916 2917 
778 4060 734 4147 
779 529 3316 4236 
780 40 3155 4435 
781 3022 3025 3070 
782 2333 2841 4096 
783 3183 455 4436 
784 3252 684 3515 
785 3156 1318 3312 
786 2330 2020 2741 
787 2700 2306 2731 
788 2660 2726 4278 
789 2660 4278 4289 
790 2870 2335 4098 
791 2601 3592 4411 
792 2633 2635 4135 
793 284 283 3122 
794 2825 2824 4541 
795 4327 3060 4349 
796 1774 3174 4531 
797 1191 3175 3176 
798 2521 3047 4084 
799 766 2923 4053 
800 3124 3125 4561 
801 286 636 3117 
802 2722 1524 2798 
803 966 1336 2811 
804 481 2782 2783 
805 3851 2796 4012 
806 3391 2676 3967 
807 3541 2616 3542 
808 3912 3503 4480 
809 3812 3151 4402 
810 1481 1140 2811 
811 420 4072 4264 
812 1277 2717 2718 
813 1524 1522 2798 
814 2958 2707 3655 
815 3266 2781 4414 
816 3388 3390 3391 
817 2308 2946 2988 
818 429 4081 4261 
819 2695 2696 4162 
820 2717 1277 2719 
821 2231 2449 2770 
822 2937 2091 2995 
823 3178 512 4406 
824 1949 2096 4025 
825 2741 2020 2747 
826 796 4327 4349 
827 3574 2610 4240 
828 2927 713 2931 
829 575 3419 4042 
830 3419 4041 4042 
831 3388 3389 3390 
832 2762 2318 4027 
833 2676 3391 4069 
834 482 3232 4002 
835 4272 2645 4295 
836 2018 2887 2888 
837 2864 2396 3271 
838 3078 530 3080 
839 2869 2335 2870 
840 288 287 3115 
841 3118 3119 4451 
842 3517 1946 4022 
843 3285 511 3286 
844 2309 3837 4087 
845 3026 3024 4147 
846 2645 2738 4295 
847 4099 161 4135 
848 3635 4088 4237 
849 3562 2693 3600 
850 3120 284 3122 
851 497 3561 3562 
852 1563 1829 3027 
853 2567 2568 4367 
854 2642 3161 3871 
855 2689 485 4184 
856 2084 3068 4336 
857 2306 2701 2731 
858 4137 872 4162 
859 1365 2903 3959 
860 2307 2727 2793 
861 2845 560 4128 
862 1836 1561 3027 
863 2700 640 4288 
864 2152 3074 4064 
865 969 1157 3002 
866 2332 2849 3523 
867 4131 2966 4335 
868 3959 2915 3970 
869 2332 2737 2849 
870 1253 2683 4156 
871 1365 3959 3970 
872 2635 4090 4099 
873 4367 2568 4392 
874 2622 3827 4362 
875 2967 2160 4076 
876 2302 2387 4140 
877 1824 2743 2909 
878 1522 1825 2798 
879 3113 2074 4328 
880 3051 564 4109 
881 2699 2621 4155 
882 1644 1762 2869 
883 1840 2254 4551 
884 1208 3388 3391 
885 2713 972 3392 
886 3624 3225 4357 
887 294 293 3092 
888 3122 1144 3123 
889 787 2756 2757 
890 4173 1769 4242 
891 2546 4007 4053 
892 3473 3069 4355 
893 3630 4134 4556 
894 273 586 4485 
895 2630 2047 4213 
896 2903 1365 3954 
897 1421 3574 4240 
898 2769 3449 4050 
899 3275 1314 4431 
900 3210 2799 4126 
901 3514 2842 4423 
902 3958 2629 3997 
903 3025 1829 3070 
904 2758 1325 3279 
905 2747 2396 2864 
906 2665 2794 2795 
907 2957 2160 3456 
908 4199 663 4202 
909 4472 4383 4564 
910 2017 2893 2894 
911 2770 2449 3033 
912 2235 3108 4280 
913 2215 2213 2840 
914 487 2991 4144 
915 2353 2818 2820 
916 2576 4199 4202 
917 632 2917 4459 
918 4346 3798 4395 
919 2610 3573 3769 
920 285 284 3120 
921 2018 2886 2887 
922 729 731 3280 
923 2796 2096 4012 
924 2618 2626 2949 
925 2096 2796 4025 
926 725 727 3281 
927 1613 1615 2932 
928 2841 568 4096 
929 1812 1960 3159 
930 721 723 3228 
931 2696 3021 4137 
932 3328 2650 4158 
933 2734 1257 2781 
934 2111 2681 2709 
935 485 2689 4508 
936 2933 789 3567 
937 2928 2669 4053 
938 1524 2722 3140 
939 3055 2828 4489 
940 2511 2623 4494 
941 3574 1421 4452 
942 4346 2857 4380 
943 3839 4092 4185 
944 1804 2752 2754 
945 2848 3488 4401 
946 640 2731 4379 
947 1645 1804 2754 
948 3092 3091 3093 
949 4002 3232 4529 
950 3047 573 4084 
951 4308 4074 4336 
952 2022 2883 2884 
953 1075 1074 3972 
954 2573 4303 4323 
955 2931 1235 3023 
956 2136 2912 4037 
957 2517 3105 4284 
958 3022 3023 3025 
959 2460 3426 3477 
960 3265 3264 4196 
961 2342 2343 2817 
962 2839 2840 4049 
963 2622 4362 4491 
964 2022 1550 2883 
965 1554 1552 2886 
966 1824 2909 2910 
967 1851 2079 3311 
968 2976 3981 3986 
969 2799 3210 4519 
970 2345 2849 2850 
971 789 2933 3863 
972 2991 487 4163 
973 2342 2817 2832 
974 746 748 3000 
975 2923 2928 4053 
976 2594 3225 3624 
977 2857 574 4380 
978 2603 3498 4032 
979 2723 2798 2799 
980 955 2767 2769 
981 2974 2976 3971 
982 3655 590 4305 
983 2922 2924 4023 
984 4325 2567 4367 
985 2690 1305 4386 
986 1832 2064 3077 
987 2242 3119 4285 
988 2849 2345 3523 
989 502 2724 4248 
990 2391 2650 4132 
991 638 3661 4329 
992 3389 2105 3390 
993 283 1144 3122 
994 2727 2700 4288 
995 1257 2734 2780 
996 4525 2899 4543 
997 2113 2952 2960 
998 2274 2273 3235 
999 3896 2814 4206 
1000 971 1158 3392 
1001 4134 2742 4556 
1002 1075 2864 3271 
1003 2035 3123 4160 
1004 2574 2573 4323 
1005 2323 3979 4103 
1006 534 2712 4046 
1007 2724 502 4260 
1008 1558 1556 2892 
1009 2821 2819 2822 
1010 750 752 2969 
1011 3108 2235 4486 
1012 2835 1808 2988 
1013 3056 2356 4048 
1014 2111 2709 2710 
1015 687 689 2931 
1016 2213 2293 2840 
1017 2969 752 3283 
1018 1614 1612 4273 
1019 2996 2003 2998 
1020 2941 3962 3964 
1021 752 754 3283 
1022 2348 2324 2747 
1023 2952 2951 2960 
1024 2666 2672 2811 
1025 2751 2100 2933 
1026 2017 2892 2893 
1027 2567 4325 4518 
1028 2345 2850 3086 
1029 886 943 3033 
1030 2989 4303 4311 
1031 2353 2817 2818 
1032 2808 2807 2809 
1033 2785 2547 4361 
1034 2711 4308 4336 
1035 1645 2754 2755 
1036 2273 2561 3235 
1037 524 288 3115 
1038 3981 846 3986 
1039 2833 1808 2835 
1040 2772 1549 2955 
1041 3074 2317 4064 
1042 2470 1376 4297 
1043 2924 676 4023 
1044 3962 940 3964 
1045 4072 3357 4264 
1046 2857 4346 4395 
1047 1549 1199 2955 
1048 3332 3333 4267 
1049 2091 2937 4465 
1050 940 2915 3964 
1051 2737 2332 2932 
1052 1998 3827 4204 
1053 2022 2884 2885 
1054 527 4246 4363 
1055 3161 2642 4498 
1056 1399 2703 4174 
1057 3703 3097 4229 
1058 1762 2335 2869 
1059 2324 2741 2747 
1060 634 329 2808 
1061 2703 1399 4186 
1062 2784 2470 4292 
1063 4081 3064 4261 
1064 2823 2825 4282 
1065 1989 2815 2865 
1066 2160 2957 4076 
1067 3077 2719 3078 
1068 597 2716 4068 
1069 3467 4116 4188 
1070 1172 969 3002 
1071 2777 2778 4013 
1072 912 913 4198 
1073 2110 2108 3140 
1074 2751 2933 3567 
1075 2828 3055 4169 
1076 4292 2470 4297 
1077 2976 1374 3971 
1078 2698 3090 4192 
1079 2618 2949 4400 
1080 1191 3176 4352 
1081 473 2822 2823 
1082 2635 4099 4135 
1083 2288 1812 3159 
1084 2100 2751 2932 
1085 1386 3330 4372 
1086 2752 1804 2826 
1087 1836 3028 3029 
1088 2736 4121 4413 
1089 3449 2276 4050 
1090 4307 2736 4413 
1091 626 2726 4215 
1092 3105 2517 4503 
1093 636 285 3120 
1094 2867 1306 3285 
1095 293 475 3092 
1096 1238 3059 3060 
1097 1752 3979 3987 
1098 2814 3896 4420 
1099 3874 3264 4168 
1100 4304 2582 4321 
1101 4088 772 4237 
1102 1104 2699 4445 
1103 1397 294 3092 
1104 2130 2878 2985 
1105 2876 2755 3702 
1106 2818 2819 2821 
1107 787 2757 3228 
1108 2756 787 3281 
1109 2927 2931 3023 
1110 1526 1752 3987 
1111 4007 766 4053 
1112 2833 2791 3459 
1113 2815 2409 2865 
1114 2041 2795 4093 
1115 2378 2952 4059 
1116 1325 2758 3281 
1117 2735 846 3981 
1118 3119 636 3120 
1119 1431 2945 4418 
1120 3345 4392 4513 
1121 2744 2132 2746 
1122 2639 3068 4251 
1123 1804 1644 2869 
1124 4392 2568 4513 
1125 1935 4279 4345 
1126 1808 2833 3459 
1127 3487 2728 4369 
1128 3042 2167 3678 
1129 2837 2281 2838 
1130 4063 4054 4456 
1131 3135 828 4189 
1132 2915 940 3970 
1133 2018 1554 2886 
1134 3069 3473 4300 
1135 2748 2749 4003 
1136 2964 2963 3921 
1137 3279 1325 3280 
1138 1836 3027 3028 
1139 3542 2616 4425 
1140 2699 2066 4445 
1141 2326 2077 4027 
1142 100 99 3461 
1143 4245 708 4274 
1144 1325 729 3280 
1145 3517 2326 4026 
1146 2770 2444 4022 
1147 2353 2820 4086 
1148 1562 1560 2978 
1149 3213 2254 3214 
1150 2864 1075 3972 
1151 2381 4245 4274 
1152 4258 3420 4263 
1153 828 3135 4217 
1154 2332 1613 2932 
1155 4026 2326 4027 
1156 2383 4258 4263 
1157 846 2735 3977 
1158 1615 2100 2932 
1159 2824 4173 4242 
1160 3337 4275 4333 
1161 634 2808 2809 
1162 757 759 3993 
1163 513 3294 4337 
1164 731 789 3280 
1165 787 725 3281 
1166 3280 789 3863 
1167 169 574 2856 
1168 4416 1116 4426 
1169 1550 1549 2883 
1170 2466 2342 2832 
1171 2696 4137 4162 
1172 2217 2281 2837 
1173 1918 721 3228 
1174 727 1325 3281 
1175 2609 3192 4353 
1176 3041 3040 3651 
1177 4058 2088 4193 
1178 4241 631 4244 
1179 3100 4187 4231 
1180 948 2964 3921 
1181 4182 2072 4200 
1182 511 3285 4428 
1183 329 328 2808 
1184 2607 4241 4244 
1185 2387 3923 4140 
1186 2872 2695 4133 
1187 2020 2396 2747 
1188 723 787 3228 
1189 1491 746 3000 
1190 475 3091 3092 
1191 2791 1530 3459 
1192 1852 3041 3651 
1193 1794 2801 2805 
1194 2653 4416 4426 
1195 1632 1631 3706 
1196 3023 1235 3024 
1197 2277 3851 4012 
1198 2859 2804 3721 
1199 2726 626 4278 
1200 955 2769 3000 
1201 3837 1452 4087 
1202 1552 2022 2886 
1203 2767 955 2969 
1204 2964 3945 3950 
1205 1905 3327 4249 
1206 713 687 2931 
1207 1850 1851 3311 
1208 1530 2791 2861 
1209 748 955 3000 
1210 2017 1558 2892 
1211 1744 2977 3762 
1212 499 14 2851 
1213 1192 2711 4294 
1214 949 722 3015 
1215 14 171 2851 
1216 2791 2578 2861 
1217 3225 3224 4357 
1218 2281 2215 2840 
1219 2755 2754 3702 
1220 1556 2018 2892 
1221 2079 2734 3311 
1222 955 750 2969 
1223 1775 3573 3574 
1224 2911 842 2912 
1225 2013 2978 2979 
1226 1549 2772 2883 
1227 2578 2117 2861 
1228 1649 2859 3721 
1229 2075 1832 3077 
1230 33 576 2788 
1231 2816 1771 3579 
1232 34 33 2788 
1233 2856 574 2857 
1234 2064 2717 3077 
1235 1392 3269 4227 
1236 2838 2281 2839 
1237 1199 1222 2955 
1238 972 971 3392 
1239 2648 2816 3579 
1240 2805 2802 2806 
1241 423 4235 4259 
1242 2117 1881 2862 
1243 637 4265 4277 
1244 2167 3042 3043 
1245 2823 4282 4553 
1246 639 4304 4321 
1247 2627 2934 4118 
1248 2115 2836 3706 
1249 2705 4054 4063 
1250 847 841 2913 
1251 2729 936 4293 
1252 426 4230 4252 
1253 1222 3132 3704 
1254 2801 2802 2805 
1255 2912 842 3243 
1256 3057 3991 4005 
1257 1539 4011 4071 
1258 689 1235 2931 
1259 2803 1078 3802 
1260 1373 2941 3950 
1261 2861 2117 2862 
1262 1507 3086 3889 
1263 477 2764 2765 
1264 2853 2856 2857 
1265 2711 1192 4308 
1266 525 4256 4315 
1267 3945 1373 3950 
1268 1382 2797 3931 
1269 2348 2747 2864 
1270 492 4222 4287 
1271 2813 4222 4226 
1272 1158 1524 3392 
1273 2798 1825 2799 
1274 2748 1526 3987 
1275 3123 1144 4489 
1276 4058 4193 4480 
1277 2812 2813 4226 
1278 1794 327 2801 
1279 943 2770 3033 
1280 754 757 3283 
1281 4029 2449 4034 
1282 1743 3056 4048 
1283 2851 2852 2854 
1284 1864 3040 3042 
1285 3114 524 3115 
1286 3069 1396 4355 
1287 588 17 589 
1288 887 886 3033 
1289 4265 3066 4277 
1290 2982 2630 4213 
1291 3040 1864 3651 
1292 3097 3703 4509 
1293 2466 2832 3706 
1294 2836 2115 3841 
1295 2330 2742 4134 
1296 232 17 588 
1297 3013 949 3015 
1298 3353 4247 4276 
1299 2804 1395 3721 
1300 2130 2132 2878 
1301 2878 1376 2985 
1302 3003 2648 3579 
1303 3952 2445 3961 
1304 1395 2804 3163 
1305 2712 534 4545 
1306 1355 2787 4171 
1307 4247 775 4276 
1308 2983 2330 4134 
1309 2108 2713 3140 
1310 2847 2551 2848 
1311 23 320 2777 
1312 3132 1222 3144 
1313 432 4195 4208 
1314 2413 2648 3003 
1315 722 720 3015 
1316 3049 1405 4422 
1317 2977 2258 3762 
1318 2724 2723 4146 
1319 2012 2551 2847 
1320 1526 2748 4003 
1321 1948 1949 4025 
1322 3893 2537 4348 
1323 698 3952 3961 
1324 1154 3879 3925 
1325 2817 2343 2818 
1326 2432 2863 3869 
1327 2850 4029 4034 
1328 2955 1222 3704 
1329 2392 2426 2906 
1330 3150 2419 3743 
1331 4235 3363 4259 
1332 2722 2110 3140 
1333 2832 1632 3706 
1334 890 1143 3044 
1335 1395 3163 3697 
1336 1874 2873 2876 
1337 2801 2067 2802 
1338 3879 3014 3925 
1339 1874 2876 3702 
1340 2554 2552 4536 
1341 3327 1905 4511 
1342 2765 1246 4537 
1343 1565 1567 3070 
1344 3892 47 4016 
1345 2863 1364 3869 
1346 2552 3877 4536 
1347 1987 2617 3926 
1348 2399 2398 3256 
1349 1864 3042 3678 
1350 1850 3311 4179 
1351 2960 2951 3616 
1352 3808 2815 3939 
1353 4246 2732 4363 
1354 1775 3572 3573 
1355 2430 4257 4315 
1356 4230 3369 4252 
1357 2699 1104 4484 
1358 3163 3164 3697 
1359 3534 3189 3739 
1360 2013 1562 2978 
1361 2554 3808 3939 
1362 784 3190 3433 
1363 1492 3958 3997 
1364 2900 2082 4506 
1365 684 3252 4338 
1366 753 751 2871 
1367 3294 3490 4318 
1368 1560 2017 2978 
1369 2845 2641 4138 
1370 1744 2973 2977 
1371 2018 2888 2892 
1372 1097 3534 3739 
1373 2817 1828 2832 
1374 4092 770 4185 
1375 1154 3011 3879 
1376 170 169 2856 
1377 2555 4055 4067 
1378 949 3013 3016 
1379 1511 1151 3916 
1380 3979 1752 4103 
1381 514 2842 2843 
1382 3093 3091 4554 
1383 2219 2217 2837 
1384 477 100 3461 
1385 841 842 2913 
1386 499 2851 2854 
1387 1828 1632 2832 
1388 2793 1511 3916 
1389 1946 3517 4026 
1390 3658 3657 3895 
1391 4303 2573 4311 
1392 326 325 2067 
1393 3051 3050 4128 
1394 3252 3515 4339 
1395 99 1486 3461 
1396 3433 2485 3937 
1397 3222 2440 4394 
1398 842 2911 2913 
1399 2118 2953 3878 
1400 753 2871 2980 
1401 523 2750 4233 
1402 2820 2818 2821 
1403 4090 2634 4110 
1404 4055 1974 4067 
1405 3906 2863 3928 
1406 2559 4262 4363 
1407 102 9 1246 
1408 3630 1326 4134 
1409 227 226 2066 
1410 1131 3164 3166 
1411 1138 2943 3087 
1412 2941 1373 3962 
1413 2906 2426 3764 
1414 1595 1878 2901 
1415 3011 1154 3830 
1416 3275 4078 4214 
1417 220 1209 2846 
1418 326 2067 2801 
1419 2749 3210 4126 
1420 2797 2498 3931 
1421 223 2880 2882 
1422 2836 2466 3706 
1423 3047 2333 4096 
1424 2816 3430 3750 
1425 222 577 2880 
1426 2477 2614 3985 
1427 539 195 2999 
1428 3812 2636 4161 
1429 2167 3043 3044 
1430 268 478 3768 
1431 755 753 2980 
1432 4138 2641 4143 
1433 3189 3669 3739 
1434 936 2729 4507 
1435 3127 3110 3902 
1436 3430 2702 3750 
1437 171 1224 2851 
1438 2717 2719 3077 
1439 479 3906 3928 
1440 2231 2770 4022 
1441 3189 3190 3669 
1442 2387 2658 4191 
1443 831 2875 3650 
1444 2012 2847 2906 
1445 3074 2521 4084 
1446 3892 2643 3893 
1447 847 2913 3751 
1448 2716 597 4548 
1449 2841 2939 4109 
1450 1869 3658 3895 
1451 2868 2653 2877 
1452 2847 2392 2906 
1453 1074 1078 3972 
1454 1078 3168 3802 
1455 2794 1165 2795 
1456 4415 625 4433 
1457 3164 1131 3697 
1458 268 20 478 
1459 1497 1865 2992 
1460 2653 1961 2877 
1461 2788 2761 2789 
1462 2669 2546 4053 
1463 2880 577 2881 
1464 2875 2425 3650 
1465 2815 1989 3939 
1466 3975 1428 4009 
1467 2951 2953 3616 
1468 2255 2221 2528 
1469 2929 2191 3800 
1470 3283 757 3993 
1471 2943 2942 3087 
1472 22 515 516 
1473 3181 3182 3913 
1474 2589 2655 4352 
1475 3195 2445 3941 
1476 8 93 1206 
1477 2973 1744 3126 
1478 3190 784 3669 
1479 4017 1537 4069 
1480 2115 2394 3841 
1481 2984 2120 3083 
1482 2343 1485 4006 
1483 2017 2894 2978 
1484 2303 2975 2992 
1485 2910 2909 2911 
1486 3086 2463 3889 
1487 2829 2223 2830 
1488 330 634 2905 
1489 2124 1056 3084 
1490 1505 3088 3833 
1491 2111 2710 2907 
1492 2412 2413 3003 
1493 2844 2843 3781 
1494 1518 1227 3621 
1495 792 755 2980 
1496 3841 763 3960 
1497 2843 3256 3781 
1498 1143 2167 3044 
1499 3127 2162 3129 
1500 478 1624 3768 
1501 3545 3483 4447 
1502 195 194 2999 
1503 2252 2929 3800 
1504 470 1210 2879 
1505 2128 1595 2901 
1506 2777 476 2778 
1507 2447 2129 2895 
1508 4195 3008 4208 
1509 2447 2895 2896 
1510 2654 3049 4422 
1511 1829 1565 3070 
1512 3203 3197 3887 
1513 2923 2920 2928 
1514 2977 2974 3971 
1515 3991 1228 4005 
1516 2738 844 4295 
1517 3475 625 4415 
1518 2860 2128 2901 
1519 1631 2115 3706 
1520 2851 1224 2852 
1521 1771 2816 3750 
1522 2950 2951 2952 
1523 1507 2345 3086 
1524 19 259 2378 
1525 3941 2445 3952 
1526 4350 1334 4365 
1527 3020 3143 3834 
1528 3449 2152 4064 
1529 189 2080 2889 
1530 2865 2409 2866 
1531 2873 1874 3621 
1532 1683 3184 3495 
1533 2617 3049 3926 
1534 884 792 3804 
1535 2715 1474 4410 
1536 1281 2732 4246 
1537 2293 2211 2890 
1538 2872 2656 2904 
1539 22 471 515 
1540 478 20 483 
1541 2220 2219 2221 
1542 2862 1881 3857 
1543 1131 3166 3634 
1544 2221 2223 2829 
1545 328 1794 2808 
1546 3133 3132 3144 
1547 1948 2792 4011 
1548 1240 2898 2900 
1549 3166 3167 3634 
1550 2826 1804 2869 
1551 2105 1580 4017 
1552 2412 2858 3088 
1553 2220 2221 2255 
1554 2072 1942 3901 
1555 2640 4182 4200 
1556 1321 3592 4148 
1557 1156 1417 3133 
1558 2858 2412 3003 
1559 2843 2399 3256 
1560 2897 3308 3716 
1561 2022 2885 2886 
1562 2953 2118 3616 
1563 2926 1817 3249 
1564 2994 1075 3271 
1565 3809 4280 4496 
1566 864 890 3044 
1567 3140 2713 3392 
1568 3187 2127 3623 
1569 2293 2890 2891 
1570 171 170 1224 
1571 870 937 3633 
1572 2426 3500 3764 
1573 2128 2860 3184 
1574 2398 2901 3256 
1575 3442 602 4207 
1576 2734 2781 3311 
1577 3192 2609 4399 
1578 3014 3015 3949 
1579 1979 2073 2904 
1580 2655 3944 4352 
1581 456 18 504 
1582 2732 1281 4243 
1583 2994 2397 3229 
1584 2305 2902 2903 
1585 3000 2769 4050 
1586 2120 2984 3084 
1587 3925 3014 3949 
1588 2755 2876 2984 
1589 1640 1642 3083 
1590 3129 2162 3665 
1591 577 221 2846 
1592 3109 2423 3724 
1593 2305 2207 2902 
1594 3119 3120 3121 
1595 2950 862 2951 
1596 1567 1817 3070 
1597 2487 3101 3948 
1598 3293 2632 3294 
1599 1794 2805 2807 
1600 2572 3130 4220 
1601 2394 2871 3789 
1602 2898 2899 2900 
1603 514 2843 2844 
1604 3195 479 3928 
1605 2877 1961 3019 
1606 222 221 577 
1607 707 661 2967 
1608 2874 2961 2962 
1609 1636 2919 2920 
1610 716 864 3831 
1611 2823 2822 2824 
1612 4116 2762 4188 
1613 4279 3342 4345 
1614 1524 3140 3392 
1615 661 2160 2967 
1616 2920 2919 2928 
1617 2307 2793 3865 
1618 1994 2657 3329 
1619 2990 1859 3673 
1620 1487 1791 2907 
1621 1645 2755 3083 
1622 2304 2914 2915 
1623 792 2980 3804 
1624 1652 2908 3199 
1625 1240 27 2898 
1626 3390 2105 4017 
1627 2933 2100 3726 
1628 1076 1181 3168 
1629 1865 2303 2992 
1630 2962 1049 3267 
1631 2814 698 3961 
1632 257 256 2954 
1633 1104 224 2882 
1634 2939 2249 3051 
1635 2221 2219 2223 
1636 2304 2203 2914 
1637 2755 2984 3083 
1638 949 3016 3640 
1639 3432 2243 3832 
1640 1791 2111 2907 
1641 4191 2658 4216 
1642 4207 602 4210 
1643 365 508 2918 
1644 1652 3751 3811 
1645 2751 2737 2932 
1646 1817 2926 3022 
1647 194 2997 2999 
1648 2968 2581 3295 
1649 2984 2124 3084 
1650 3029 3028 3030 
1651 4003 2749 4126 
1652 2458 3020 3834 
1653 2895 2129 3184 
1654 2528 2221 2829 
1655 1738 3071 3626 
1656 1417 1783 3133 
1657 3071 2256 3626 
1658 2963 2929 3921 
1659 2218 2217 2219 
1660 2162 3127 3902 
1661 3767 865 3775 
1662 2073 2872 2904 
1663 2230 3217 3744 
1664 3059 2528 3060 
1665 1879 1482 3186 
1666 1048 1049 2962 
1667 330 329 634 
1668 2339 2786 2944 
1669 2447 2896 2897 
1670 2211 2209 2890 
1671 1216 3202 3956 
1672 3138 3569 3700 
1673 2942 1207 3087 
1674 2797 3975 4009 
1675 2427 3053 3872 
1676 3167 3423 3634 
1677 2733 2083 4073 
1678 2296 2940 2941 
1679 1436 2968 3295 
1680 3023 3024 3025 
1681 2146 3109 3724 
1682 1224 170 2856 
1683 2901 1878 3256 
1684 1636 1573 2919 
1685 225 224 1104 
1686 258 862 2950 
1687 3185 1879 3186 
1688 1496 1497 2992 
1689 3751 2913 3811 
1690 3067 992 3599 
1691 3179 3180 3815 
1692 194 193 2997 
1693 2386 2965 2966 
1694 3027 3026 3028 
1695 1733 3569 3570 
1696 784 3433 3937 
1697 1249 3128 3129 
1698 3427 3428 3810 
1699 627 192 2936 
1700 3016 3017 3640 
1701 2818 2343 2819 
1702 2296 2199 2940 
1703 2394 3789 3841 
1704 516 537 538 
1705 2621 2255 3059 
1706 1874 1518 3621 
1707 1390 457 2959 
1708 2898 2456 2899 
1709 3167 3422 3423 
1710 2447 2897 3716 
1711 2891 2890 3905 
1712 600 589 601 
1713 2290 2963 2964 
1714 1636 2921 3249 
1715 3114 3115 3116 
1716 1078 1076 3168 
1717 2217 2215 2281 
1718 1993 2039 2306 
1719 1713 1711 3061 
1720 2386 2095 2965 
1721 3035 3061 3062 
1722 218 521 2930 
1723 4275 1945 4333 
1724 1951 2389 2935 
1725 2971 1496 2972 
1726 2421 2055 2958 
1727 2534 2186 3836 
1728 3184 2860 3495 
1729 2272 2807 4533 
1730 3088 2858 3833 
1731 2290 2195 2963 
1732 328 327 1794 
1733 2354 2990 3673 
1734 1976 1979 2904 
1735 223 222 2880 
1736 1642 1645 3083 
1737 1185 3865 3916 
1738 3071 2432 3869 
1739 2302 1866 2387 
1740 2874 2962 3267 
1741 3217 1943 3744 
1742 871 870 3633 
1743 3770 2118 3878 
1744 627 2936 2995 
1745 3481 3017 3611 
1746 3788 3148 3908 
1747 3186 3187 3623 
1748 1534 3203 3887 
1749 3428 1898 3810 
1750 3857 1914 3935 
1751 2218 2219 2220 
1752 1711 1797 3061 
1753 1056 1057 3084 
1754 1156 3133 3144 
1755 2207 2205 2902 
1756 3182 3553 3913 
1757 1251 2714 4192 
1758 2961 2874 3621 
1759 4224 771 4225 
1760 2548 3021 3660 
1761 2953 2954 3878 
1762 2306 2039 2701 
1763 499 2854 2855 
1764 3287 2422 3288 
1765 480 332 2938 
1766 1057 1059 3765 
1767 2859 1649 3823 
1768 2427 3767 3775 
1769 1276 4129 4153 
1770 2322 2669 3142 
1771 2138 2981 3598 
1772 1865 1499 1866 
1773 1628 1207 2942 
1774 2938 2596 4464 
1775 1683 2895 3184 
1776 479 3195 3941 
1777 1989 1630 3939 
1778 2121 3242 3746 
1779 3288 2422 3535 
1780 3318 3321 4124 
1781 833 830 3052 
1782 3190 3211 3433 
1783 1733 3570 3648 
1784 2177 2181 3012 
1785 1376 1166 2985 
1786 2425 3052 3650 
1787 2230 3215 3216 
1788 2897 3067 3599 
1789 1497 1499 1865 
1790 937 3036 3633 
1791 1927 3432 3832 
1792 327 326 2801 
1793 189 188 2080 
1794 3012 2181 3016 
1795 1236 190 2889 
1796 26 2456 2898 
1797 1167 1151 1511 
1798 2643 3892 4016 
1799 3383 3568 3732 
1800 2921 2926 3249 
1801 850 944 3126 
1802 3002 1157 4341 
1803 26 25 2456 
1804 2034 2339 2944 
1805 648 29 2982 
1806 2632 3293 3295 
1807 2954 256 3240 
1808 3569 1733 3700 
1809 220 219 1209 
1810 502 107 3106 
1811 1249 761 3128 
1812 2936 2937 2995 
1813 2113 1975 2656 
1814 1187 1496 2971 
1815 1135 1136 1137 
1816 2871 751 3789 
1817 1718 1719 1795 
1818 2397 2994 3271 
1819 1465 1754 2956 
1820 1397 3092 3093 
1821 1744 850 3126 
1822 3031 1223 4253 
1823 2249 2939 3141 
1824 2104 1750 3141 
1825 1993 1992 2039 
1826 2230 3216 3217 
1827 2307 2306 2700 
1828 2209 2305 2890 
1829 331 330 2905 
1830 1227 2961 3621 
1831 1865 1866 2302 
1832 2892 2888 2893 
1833 2943 3881 3931 
1834 2213 2211 2293 
1835 3241 3242 3752 
1836 2758 2756 3281 
1837 1249 3129 3963 
1838 864 3044 3831 
1839 2875 831 3745 
1840 1884 3162 3211 
1841 2877 3019 3603 
1842 2826 2869 2870 
1843 2993 1931 3565 
1844 2976 2975 3981 
1845 2119 1134 3095 
1846 3019 3048 3603 
1847 947 1211 3095 
1848 3881 1382 3931 
1849 2581 2632 3295 
1850 2687 2322 3142 
1851 1069 2994 3229 
1852 2792 1948 4025 
1853 2548 2404 3001 
1854 1795 1796 1975 
1855 3211 3162 3433 
1856 8 1206 3978 
1857 1149 1148 1185 
1858 2947 3779 3802 
1859 3422 3167 3502 
1860 1800 3367 3368 
1861 1209 219 2930 
1862 3101 877 3948 
1863 2203 2201 2914 
1864 2834 2833 2835 
1865 3241 3752 3770 
1866 2126 3411 3708 
1867 1133 1134 1135 
1868 2913 2911 3811 
1869 1881 1443 3857 
1870 2048 2049 2050 
1871 1134 1096 3095 
1872 1495 1992 1993 
1873 3500 2426 3505 
1874 2175 2173 3018 
1875 1496 1439 1497 
1876 2216 2215 2217 
1877 2964 948 3945 
1878 1101 1652 3199 
1879 761 769 3128 
1880 2212 2211 2213 
1881 2236 3581 3681 
1882 2497 2942 2943 
1883 2910 2911 2912 
1884 1170 3422 3502 
1885 2048 2051 2947 
1886 3303 2428 3795 
1887 1241 437 3004 
1888 2210 2209 2211 
1889 3034 1713 3061 
1890 2402 2548 3660 
1891 2095 2094 2965 
1892 4011 2792 4071 
1893 3562 2725 4254 
1894 2423 3054 3277 
1895 2936 1236 2937 
1896 1135 1134 1136 
1897 2797 1382 3975 
1898 1499 1500 2989 
1899 2911 2909 3811 
1900 3381 3500 3505 
1901 331 2905 2938 
1902 1575 1603 1814 
1903 2120 1640 3083 
1904 1218 1048 2962 
1905 2205 2304 2902 
1906 2728 1308 4317 
1907 2214 2213 2215 
1908 1703 1701 3366 
1909 1212 2138 3598 
1910 2968 1436 3296 
1911 783 707 2967 
1912 1931 2993 3564 
1913 2397 3271 3723 
1914 1716 1717 1718 
1915 1223 702 3037 
1916 1181 1465 3168 
1917 1071 1075 2994 
1918 1465 2956 3168 
1919 3412 3411 3731 
1920 3736 2121 3746 
1921 2209 2207 2305 
1922 2093 2384 3131 
1923 1196 1167 2949 
1924 224 223 2882 
1925 1482 548 3844 
1926 2423 897 3054 
1927 2051 2050 2052 
1928 1187 1439 1496 
1929 3271 2396 3723 
1930 2002 2093 3131 
1931 836 833 3052 
1932 3204 2917 3771 
1933 2054 2706 2707 
1934 1801 3361 3362 
1935 191 1236 2936 
1936 2971 2973 3126 
1937 1427 2527 3230 
1938 2073 2076 2695 
1939 1497 1498 1499 
1940 2205 2203 2304 
1941 862 257 2954 
1942 2922 2920 2923 
1943 844 2738 4324 
1944 2504 2498 2797 
1945 3013 3012 3016 
1946 3082 3100 3627 
1947 3865 2793 3916 
1948 851 847 3751 
1949 1862 2333 3046 
1950 1293 1423 3048 
1951 947 883 1211 
1952 3100 2142 3627 
1953 2422 3287 3529 
1954 2789 2761 2790 
1955 2919 1814 2928 
1956 2308 2034 2944 
1957 1133 1096 1134 
1958 1517 1518 1789 
1959 2819 2343 4006 
1960 3381 1897 3568 
1961 3412 3731 3736 
1962 2118 1716 3616 
1963 2974 2975 2976 
1964 221 220 2846 
1965 1636 2920 2921 
1966 3065 2381 3073 
1967 1736 2469 3053 
1968 1222 1161 3144 
1969 2208 2207 2209 
1970 2093 2092 2094 
1971 2381 2380 3073 
1972 2094 2651 2965 
1973 2019 2330 2983 
1974 1167 1511 2949 
1975 2496 2063 2497 
1976 2714 3113 4328 
1977 2886 2885 2887 
1978 2521 3046 3047 
1979 3181 2033 3182 
1980 1139 1148 1149 
1981 1311 1313 3299 
1982 2101 2845 3050 
1983 3483 509 4447 
1984 163 667 2970 
1985 579 651 3661 
1986 3018 2173 3081 
1987 1795 1975 2113 
1988 2046 2047 2048 
1989 2973 2972 2974 
1990 3242 2121 3752 
1991 2429 992 3738 
1992 2002 2092 2093 
1993 3084 1057 3765 
1994 3046 2333 3047 
1995 281 2395 3055 
1996 191 190 1236 
1997 2050 2049 2082 
1998 2999 2998 3985 
1999 2030 2033 3181 
2000 504 18 582 
2001 1951 2388 2389 
2002 1166 1178 2985 
2003 2134 3407 3663 
2004 945 1168 3215 
2005 1161 958 3144 
2006 1800 3366 3367 
2007 3301 2367 3601 
2008 1543 1544 1545 
2009 1718 1717 1719 
2010 2054 2052 2706 
2011 1573 1575 2919 
2012 1364 2863 3906 
2013 2230 945 3215 
2014 1697 1695 3360 
2015 1789 2034 2308 
2016 2199 2197 2940 
2017 2974 2972 2975 
2018 2255 2528 3059 
2019 869 1738 3626 
2020 2922 2923 2924 
2021 1789 1858 2034 
2022 1095 947 1096 
2023 1220 1218 2961 
2024 2723 2799 4146 
2025 1427 1412 2527 
2026 3581 540 3681 
2027 2423 3277 3724 
2028 1795 2113 2960 
2029 333 480 3236 
2030 1402 2987 3301 
2031 2921 2920 2922 
2032 166 165 777 
2033 2339 2753 2786 
2034 992 3067 3738 
2035 2063 1628 2942 
2036 3201 1123 3589 
2037 2093 2094 2095 
2038 3733 609 4421 
2039 1180 1187 2971 
2040 2048 2050 2051 
2041 2939 2104 3141 
2042 1226 1227 1517 
2043 2053 2052 2054 
2044 169 168 574 
2045 235 234 936 
2046 2096 1951 2935 
2047 1979 1981 2073 
2048 2987 1402 3302 
2049 470 469 1210 
2050 2201 2296 2914 
2051 163 162 667 
2052 2201 2199 2296 
2053 1132 1096 1133 
2054 336 635 3233 
2055 2225 3197 3203 
2056 2046 2048 2947 
2057 1650 2424 3036 
2058 2206 2205 2207 
2059 2836 3841 3960 
2060 2971 2972 2973 
2061 107 106 3106 
2062 1897 3381 3505 
2063 1701 3364 3366 
2064 946 883 947 
2065 3676 2072 3901 
2066 1374 2976 3986 
2067 1148 1137 3220 
2068 1801 3360 3361 
2069 1715 1713 3034 
2070 2195 2193 2963 
2071 190 189 2889 
2072 3017 3018 3611 
2073 1139 1137 1148 
2074 3412 3736 3746 
2075 1859 1543 3673 
2076 2073 2695 2872 
2077 1948 1597 1949 
2078 3699 2126 3708 
2079 3408 3407 3691 
2080 30 648 3124 
2081 1254 3103 3104 
2082 3779 2803 3802 
2083 2385 2095 2386 
2084 2034 2338 2339 
2085 2978 2894 2979 
2086 662 4306 4325 
2087 2397 1639 3229 
2088 2874 2873 3621 
2089 607 159 3069 
2090 2496 2497 2498 
2091 1795 1719 1796 
2092 3124 648 3125 
2093 28 1240 2982 
2094 2385 2386 2582 
2095 2903 2902 3959 
2096 599 342 3152 
2097 954 206 3058 
2098 2282 2649 3032 
2099 3035 4224 4225 
2100 1642 1643 1644 
2101 3296 3297 3501 
2102 1750 1480 3141 
2103 3200 3201 3589 
2104 1517 1227 1518 
2105 216 1250 3076 
2106 1250 215 3075 
2107 1914 1231 3072 
2108 2908 1652 3811 
2109 2600 2025 3085 
2110 2355 2180 2356 
2111 3061 1797 3062 
2112 1640 1641 1642 
2113 633 3160 3161 
2114 1785 2432 3071 
2115 1226 1220 1227 
2116 1143 958 1161 
2117 2339 2752 2753 
2118 1644 1643 1762 
2119 1993 2306 2307 
2120 3305 3304 3734 
2121 3073 2380 3532 
2122 2968 3296 3501 
2123 2352 1828 2353 
2124 1827 1632 1828 
2125 937 968 3036 
2126 2197 2195 2290 
2127 1639 1064 3229 
2128 2387 1866 2658 
2129 3180 3533 3815 
2130 310 931 3068 
2131 2335 2019 2983 
2132 1221 1639 1640 
2133 1968 2137 3165 
2134 1545 1631 1632 
2135 1642 1641 1643 
2136 1762 2019 2335 
2137 3020 2524 3143 
2138 3308 2897 3599 
2139 1071 1074 1075 
2140 2741 2421 2742 
2141 3408 3691 3699 
2142 905 908 3082 
2143 1582 1597 1948 
2144 1409 1528 3577 
2145 897 899 3054 
2146 1036 1035 1037 
2147 2691 2791 2833 
2148 2497 2063 2942 
2149 28 27 1240 
2150 1640 1639 1641 
2151 890 958 1143 
2152 1545 1544 1631 
2153 1162 1161 1199 
2154 1789 2308 2988 
2155 1800 1703 3366 
2156 1069 1071 2994 
2157 3001 2608 3002 
2158 2908 2125 3199 
2159 944 1180 3126 
2160 468 507 3045 
2161 1143 1161 1162 
2162 2773 2584 2774 
2163 1062 1064 1221 
2164 3172 3171 3173 
2165 1505 1747 3088 
2166 2129 2128 3184 
2167 922 3212 3213 
2168 1863 1862 3046 
2169 2197 2290 2940 
2170 1381 1148 3220 
2171 1783 2001 2002 
2172 1543 1174 1544 
2173 2671 3135 3136 
2174 2100 1617 3726 
2175 3082 908 3100 
2176 892 893 3110 
2177 3411 2126 3731 
2178 635 3234 3235 
2179 1252 50 3098 
2180 520 52 3096 
2181 1827 1828 2352 
2182 2524 1856 3143 
2183 2048 2047 2049 
2184 1221 1064 1639 
2185 3104 3107 3108 
2186 2125 1629 3199 
2187 212 1258 3089 
2188 3103 485 3107 
2189 193 627 2997 
2190 1701 1699 3364 
2191 291 1251 3090 
2192 1211 2948 4057 
2193 882 783 883 
2194 1200 1199 1549 
2195 1788 1736 3053 
2196 1707 1705 3370 
2197 892 3110 3127 
2198 193 192 627 
2199 1229 2663 3212 
2200 2193 2191 2929 
2201 1882 3297 3299 
2202 2094 2114 2651 
2203 1037 1039 3148 
2204 633 45 3160 
2205 2303 2302 2735 
2206 3219 2429 3346 
2207 2139 3403 3586 
2208 2150 2521 3074 
2209 4187 2766 4231 
2210 3131 2384 3132 
2211 2324 2055 2421 
2212 1695 3358 3360 
2213 1396 157 3130 
2214 1801 1697 3360 
2215 2178 2179 2180 
2216 1294 1293 3048 
2217 873 959 961 
2218 704 735 3037 
2219 2055 2054 2958 
2220 3170 3171 3172 
2221 1054 2123 3267 
2222 1451 1772 2130 
2223 2448 1690 3111 
2224 1046 1047 1048 
2225 2073 1981 2076 
2226 1415 2450 3207 
2227 2204 2203 2205 
2228 1254 105 3103 
2229 3741 2443 3756 
2230 1194 1193 3268 
2231 702 704 3037 
2232 1185 1381 1495 
2233 1210 469 3045 
2234 3037 735 3038 
2235 2193 2929 2963 
2236 2014 2125 2552 
2237 2002 2091 2092 
2238 1817 1569 3249 
2239 1575 1814 2919 
2240 941 1229 3212 
2241 3104 3103 3107 
2242 2294 2425 2502 
2243 2191 2189 3800 
2244 3153 2085 3154 
2245 1718 1795 2960 
2246 1937 2101 3050 
2247 1402 3301 3601 
2248 1251 290 3112 
2249 3260 3258 3261 
2250 2612 4090 4110 
2251 3292 2844 3781 
2252 3297 1882 3501 
2253 2130 1772 2131 
2254 873 961 2986 
2255 3153 3154 3157 
2256 2051 2052 2053 
2257 1949 1951 2096 
2258 3408 3699 3708 
2259 2123 2874 3267 
2260 2823 2824 2825 
2261 546 543 3248 
2262 3207 2450 3606 
2263 438 663 3004 
2264 2086 3170 3172 
2265 2502 2425 2875 
2266 1463 1461 3564 
2267 1162 1199 1200 
2268 1082 2158 3196 
2269 1552 1550 2022 
2270 3248 3785 3844 
2271 2839 2281 2840 
2272 968 1175 3036 
2273 2402 2404 2548 
2274 2552 2125 2743 
2275 2380 3193 3532 
2276 4159 3313 4563 
2277 3568 1897 3732 
2278 2695 2076 2696 
2279 2130 2131 2132 
2280 3385 3460 3512 
2281 2656 1975 2904 
2282 3154 2085 3155 
2283 1039 1042 3148 
2284 2127 3187 3785 
2285 1542 1174 1543 
2286 1961 1657 3019 
2287 2406 2608 3001 
2288 2961 1218 2962 
2289 1258 211 3137 
2290 1545 1632 1827 
2291 1571 1636 3249 
2292 1884 1726 3439 
2293 2404 2406 3001 
2294 2585 3177 3178 
2295 3164 3165 3166 
2296 2170 2169 3081 
2297 883 783 2948 
2298 1924 3198 3493 
2299 1789 1518 1858 
2300 1975 1796 1976 
2301 3767 2427 3872 
2302 2208 2209 2210 
2303 1313 1882 3299 
2304 3287 1029 3529 
2305 1043 1045 1046 
2306 1748 1957 2291 
2307 2873 2124 2876 
2308 1650 1987 2424 
2309 1054 1056 2123 
2310 2943 1138 3881 
2311 2210 2211 2212 
2312 1096 947 3095 
2313 1970 1968 3165 
2314 1200 1549 1550 
2315 3017 3481 3640 
2316 3038 3040 3041 
2317 2946 1431 4319 
2318 3196 2158 3197 
2319 2973 2974 2977 
2320 595 1474 3456 
2321 1571 1573 1636 
2322 3202 2489 3956 
2323 1311 3299 3446 
2324 2294 1758 2425 
2325 3179 2029 3180 
2326 890 957 958 
2327 2691 2833 2834 
2328 2014 1629 2125 
2329 1175 1650 3036 
2330 1754 2045 2046 
2331 130 492 3145 
2332 2225 3196 3197 
2333 3162 1884 3439 
2334 3172 3175 3183 
2335 1229 1166 1376 
2336 3145 492 3146 
2337 3646 2134 3663 
2338 2384 2095 2385 
2339 1138 1137 1139 
2340 3664 1954 3760 
2341 42 2085 3153 
2342 3404 3403 3639 
2343 1738 1785 3071 
2344 3165 2137 3166 
2345 339 482 3149 
2346 1975 1976 2904 
2347 1769 1194 3268 
2348 3726 2097 3863 
2349 27 26 2898 
2350 2178 2177 2179 
2351 822 820 3255 
2352 299 298 3266 
2353 1430 1409 3577 
2354 3258 308 3261 
2355 2123 1056 2124 
2356 2355 2356 3056 
2357 1650 1651 1987 
2358 1936 2488 3099 
2359 1695 1693 3358 
2360 3121 3120 3122 
2361 1092 1145 3138 
2362 2086 347 3170 
2363 3298 3387 3446 
2364 2054 2707 2958 
2365 605 595 3456 
2366 1093 884 3804 
2367 1987 2135 2617 
2368 2585 2153 3177 
2369 1762 1763 2019 
2370 2086 3172 3183 
2371 2378 2950 2952 
2372 3333 3335 3338 
2373 1802 3355 3356 
2374 1781 2042 3139 
2375 1175 1475 1650 
2376 864 889 890 
2377 941 1166 1229 
2378 954 3867 4376 
2379 2173 2170 3081 
2380 2034 1858 2338 
2381 2019 2020 2330 
2382 2097 3278 3279 
2383 1810 1758 2294 
2384 1397 3093 3094 
2385 3272 2243 3273 
2386 30 29 648 
2387 1174 1093 3720 
2388 1248 1646 3277 
2389 2502 2875 3969 
2390 1037 1038 1039 
2391 1556 1554 2018 
2392 2432 2433 2863 
2393 3407 2134 3691 
2394 31 3124 3194 
2395 1034 1035 1036 
2396 436 437 1241 
2397 1229 1376 2470 
2398 1802 3354 3355 
2399 764 1729 3191 
2400 3335 3337 3338 
2401 438 439 663 
2402 205 2083 3058 
2403 2202 2201 2203 
2404 205 204 2083 
2405 820 844 3255 
2406 1036 1037 3072 
2407 3242 3451 3746 
2408 2437 2445 3195 
2409 1630 1629 2014 
2410 3096 1252 3097 
2411 1418 1170 3502 
2412 2053 2054 2055 
2413 1567 1569 1817 
2414 312 311 2084 
2415 2356 3009 3011 
2416 1101 927 1652 
2417 2406 2408 2608 
2418 148 501 3205 
2419 838 836 1758 
2420 1034 1033 1035 
2421 441 442 602 
2422 1785 2314 2432 
2423 1783 2002 3131 
2424 1877 2553 3253 
2425 2084 311 3068 
2426 1645 1644 1804 
2427 1054 1055 1056 
2428 2123 2124 2873 
2429 1461 1931 3564 
2430 3038 3039 3040 
2431 3404 3639 3646 
2432 2448 3900 3903 
2433 1272 3149 3150 
2434 3241 3770 3878 
2435 1776 2005 2078 
2436 2333 2104 2841 
2437 3206 2163 3286 
2438 1480 1383 1600 
2439 3215 2291 3216 
2440 1248 1247 1383 
2441 164 163 2970 
2442 1145 1422 3138 
2443 478 483 484 
2444 281 280 2395 
2445 875 764 3191 
2446 1844 2029 3179 
2447 3411 3410 3708 
2448 3138 3099 3569 
2449 769 892 3128 
2450 2249 1937 3050 
2451 1862 2104 2333 
2452 1423 1586 1776 
2453 1237 904 1247 
2454 2545 2804 2859 
2455 1248 1383 1480 
2456 1657 1655 3019 
2457 2005 2464 3134 
2458 192 191 2936 
2459 2249 3050 3051 
2460 1237 1247 1248 
2461 2282 2283 2649 
2462 700 702 1223 
2463 3333 3334 3335 
2464 2320 1961 2653 
2465 1716 1715 1717 
2466 3460 1891 3512 
2467 1237 1248 3277 
2468 1062 1063 1064 
2469 1422 3099 3138 
2470 1107 1105 3656 
2471 2150 2148 2521 
2472 1738 1784 1785 
2473 2432 2314 2433 
2474 3145 3146 3147 
2475 1144 282 3055 
2476 2339 2338 2752 
2477 1168 1748 3215 
2478 1018 1019 3382 
2479 2583 2582 2584 
2480 1862 1750 2104 
2481 1976 1978 1979 
2482 158 1396 3069 
2483 1957 2279 3057 
2484 1071 1072 1074 
2485 2131 2133 2567 
2486 2862 3857 3935 
2487 1069 1070 1071 
2488 2180 2179 3009 
2489 1150 1149 1151 
2490 1254 3104 3105 
2491 476 3443 4018 
2492 1603 1740 2102 
2493 1600 1937 2249 
2494 3154 3155 3156 
2495 2152 2150 3074 
2496 474 3263 3264 
2497 1180 2971 3126 
2498 2101 2641 2845 
2499 2897 2896 3067 
2500 3193 1414 3532 
2501 2291 1957 3057 
2502 786 1208 3245 
2503 902 904 1237 
2504 941 1079 1166 
2505 2986 3694 3717 
2506 2708 2706 4101 
2507 1217 1048 1218 
2508 1802 1689 3354 
2509 1051 1053 1054 
2510 1797 1709 3727 
2511 2206 2207 2208 
2512 3374 554 3434 
2513 1575 1576 1603 
2514 342 341 3152 
2515 3188 2112 3189 
2516 2200 2199 2201 
2517 1589 1954 3664 
2518 1495 1532 1992 
2519 3212 2663 3213 
2520 2321 2180 2355 
2521 930 3223 3225 
2522 869 871 1738 
2523 3404 3646 3663 
2524 2324 2421 2741 
2525 931 3258 3259 
2526 1293 1295 1423 
2527 1242 444 3221 
2528 2429 3219 3445 
2529 2161 3374 3434 
2530 3186 1482 3187 
2531 214 522 3075 
2532 521 217 3076 
2533 1137 1136 3220 
2534 1193 1845 3268 
2535 2670 2078 2671 
2536 2410 1859 2990 
2537 2122 2078 2670 
2538 2144 3399 3496 
2539 1560 1558 2017 
2540 3695 2534 3836 
2541 635 335 3234 
2542 3048 1423 3603 
2543 1046 1045 1047 
2544 2266 2744 2745 
2545 3299 3298 3446 
2546 896 2423 3109 
2547 704 706 735 
2548 2460 2459 3876 
2549 598 306 3192 
2550 1417 1782 1783 
2551 2179 2177 3012 
2552 2184 1925 2427 
2553 2181 2175 3018 
2554 961 959 1146 
2555 2216 2217 2218 
2556 1754 2046 2956 
2557 3170 933 3171 
2558 180 4157 4320 
2559 2262 3788 3908 
2560 1826 1877 3253 
2561 1187 1438 1439 
2562 1689 1687 3354 
2563 3407 3406 3663 
2564 2753 2752 2826 
2565 1517 1789 2988 
2566 2547 2311 3262 
2567 1018 3382 3383 
2568 2212 2213 2214 
2569 1219 1218 1220 
2570 3288 3741 3756 
2571 3234 334 3236 
2572 689 691 1235 
2573 1243 1245 3239 
2574 320 476 2777 
2575 2042 2081 2628 
2576 1264 270 3345 
2577 1037 1035 1038 
2578 2772 2584 2773 
2579 2353 1828 2817 
2580 110 1387 3209 
2581 522 213 3089 
2582 2284 2282 3032 
2583 1705 1800 3370 
2584 1887 2112 3188 
2585 1344 1342 3238 
2586 2046 2045 2047 
2587 2424 1987 3926 
2588 2691 2578 2791 
2589 1608 1404 1629 
2590 1048 1047 1049 
2591 1699 1801 3364 
2592 2743 2908 2909 
2593 4211 2365 4212 
2594 475 292 3090 
2595 3172 3173 3175 
2596 1178 1451 2985 
2597 1231 1036 3072 
2598 1785 2313 2314 
2599 2948 783 2967 
2600 1870 1657 1961 
2601 3121 3122 3123 
2602 158 157 1396 
2603 2176 2177 2178 
2604 3427 2316 3428 
2605 482 338 3232 
2606 2531 2145 2993 
2607 1451 1771 1772 
2608 49 519 3098 
2609 51 1252 3096 
2610 3158 3157 3159 
2611 1936 2487 2488 
2612 3072 1037 3148 
2613 3324 3326 3327 
2614 1551 1550 1552 
2615 3187 1482 3844 
2616 1225 1220 1226 
2617 1845 2282 2284 
2618 1404 1101 3199 
2619 1792 1418 1793 
2620 1455 1781 3139 
2621 1267 3153 3157 
2622 3232 337 3233 
2623 716 863 864 
2624 1631 1875 2115 
2625 1074 1076 1078 
2626 2522 1856 2524 
2627 1600 1601 1937 
2628 3198 1924 3463 
2629 3368 3367 3369 
2630 1084 1082 3196 
2631 3009 2179 3010 
2632 2163 3206 3393 
2633 2319 2025 2600 
2634 3223 3224 3225 
2635 2883 2773 2884 
2636 1885 1884 3211 
2637 3173 3171 3174 
2638 2196 2195 2197 
2639 896 897 2423 
2640 1937 1938 2101 
2641 2198 2197 2199 
2642 2428 3537 3795 
2643 1870 1961 2320 
2644 2986 961 3694 
2645 1414 3193 3444 
2646 1605 1936 3099 
2647 29 28 2982 
2648 151 930 3208 
2649 2628 2081 2800 
2650 2412 2311 2413 
2651 2101 2640 2641 
2652 219 218 2930 
2653 2530 2145 2531 
2654 1623 2298 3278 
2655 45 44 3160 
2656 2298 2758 3278 
2657 902 903 904 
2658 1422 1605 3099 
2659 1423 1295 1586 
2660 2037 2311 2412 
2661 2075 3077 3078 
2662 104 485 3103 
2663 3175 3173 3176 
2664 1245 1635 3239 
2665 3010 3013 3014 
2666 2305 2903 3905 
2667 1160 1201 3302 
2668 1514 1344 3238 
2669 1967 1793 1968 
2670 2042 2041 2081 
2671 1159 973 3226 
2672 132 1255 3244 
2673 2487 2549 3101 
2674 2435 2437 3195 
2675 1553 1552 1554 
2676 791 881 3521 
2677 2194 2193 2195 
2678 2167 1162 3678 
2679 218 217 521 
2680 216 215 1250 
2681 214 213 522 
2682 2176 2175 2177 
2683 946 947 1095 
2684 930 150 3223 
2685 1272 3150 3151 
2686 1776 1586 2005 
2687 1936 1973 2487 
2688 1747 2036 2037 
2689 2029 2030 3181 
2690 1582 1596 1597 
2691 961 1146 1147 
2692 2533 2186 2534 
2693 1646 1480 1750 
2694 1221 1640 2120 
2695 2545 2543 2804 
2696 1094 1091 3250 
2697 2148 1863 3046 
2698 782 707 783 
2699 160 159 607 
2700 3403 3402 3586 
2701 923 925 941 
2702 1065 1069 3229 
2703 845 1744 3762 
2704 474 3264 3265 
2705 3116 3115 3117 
2706 1178 1449 1451 
2707 1304 1339 3200 
2708 1781 2041 2042 
2709 270 269 3345 
2710 1459 1182 3571 
2711 289 524 3112 
2712 1561 1560 1562 
2713 1650 1475 1651 
2714 1049 1051 3267 
2715 1959 2243 3272 
2716 2663 2470 2784 
2717 1569 1571 3249 
2718 31 30 3124 
2719 400 1274 3218 
2720 693 697 734 
2721 1751 1750 1862 
2722 1042 1041 1043 
2723 293 292 475 
2724 2876 2124 2984 
2725 2480 1525 3226 
2726 196 195 539 
2727 3219 3314 3445 
2728 1059 1061 1062 
2729 1446 1505 3833 
2730 3362 3361 3363 
2731 740 873 2986 
2732 148 147 501 
2733 2437 2439 2445 
2734 1955 2316 3427 
2735 2192 2191 2193 
2736 437 438 3004 
2737 2648 2739 2816 
2738 1230 1036 1231 
2739 2433 2434 2435 
2740 523 3209 3210 
2741 1065 1067 1069 
2742 1792 1793 1967 
2743 2756 2323 2757 
2744 2037 2310 2311 
2745 1155 1151 1167 
2746 136 1273 3231 
2747 2993 2145 3564 
2748 2356 2180 3009 
2749 678 645 3493 
2750 1810 2294 2629 
2751 332 331 2938 
2752 2522 2524 2660 
2753 3383 3382 3568 
2754 4222 2813 4287 
2755 2099 1887 3188 
2756 2544 2543 2545 
2757 1508 1510 3523 
2758 1478 1809 3376 
2759 1987 1651 2135 
2760 1992 1994 3329 
2761 2972 1496 2992 
2762 1555 1554 1556 
2763 1559 1558 1560 
2764 2311 2310 3262 
2765 2298 2323 2756 
2766 638 2736 4307 
2767 759 1249 3993 
2768 1690 1477 3111 
2769 3306 2182 3518 
2770 1573 1574 1575 
2771 1635 3179 3239 
2772 1655 1294 3048 
2773 3403 2139 3639 
2774 1681 1826 3251 
2775 769 866 892 
2776 3177 2153 3376 
2777 1239 822 3255 
2778 2186 1514 3238 
2779 1379 1094 3250 
2780 838 1758 1810 
2781 1095 1096 1132 
2782 49 48 519 
2783 51 50 1252 
2784 53 52 520 
2785 1737 1690 2448 
2786 3341 3343 3344 
2787 1979 1980 1981 
2788 210 609 3137 
2789 893 895 896 
2790 271 1264 3237 
2791 1255 3145 3147 
2792 1182 1077 3571 
2793 42 41 2085 
2794 3197 2158 3198 
2795 3346 2429 3738 
2796 1199 1161 1222 
2797 3259 3258 3260 
2798 1800 3368 3370 
2799 2541 2542 2543 
2800 3563 2139 3586 
2801 2495 2063 2496 
2802 1525 1159 3226 
2803 659 668 3309 
2804 2298 2297 2323 
2805 283 282 1144 
2806 1714 1715 1716 
2807 1469 1467 2145 
2808 3400 3399 3550 
2809 1856 1456 3143 
2810 2648 2647 2739 
2811 1557 1556 1558 
2812 1629 1404 3199 
2813 3343 527 3344 
2814 1142 921 3452 
2815 474 297 3263 
2816 1717 1790 3005 
2817 543 542 3248 
2818 291 290 1251 
2819 1926 1925 2184 
2820 348 347 2086 
2821 1623 2297 2298 
2822 1000 3387 3520 
2823 2103 2593 2686 
2824 2190 2189 2191 
2825 2090 2327 3274 
2826 917 919 922 
2827 2937 1236 3854 
2828 156 610 3130 
2829 1180 1186 1187 
2830 1561 1562 1563 
2831 334 333 3236 
2832 71 1276 3325 
2833 2866 1242 4330 
2834 106 1254 3106 
2835 913 915 916 
2836 759 761 1249 
2837 2450 2451 3803 
2838 534 80 3320 
2839 2413 2647 2648 
2840 3216 3968 3996 
2841 905 907 908 
2842 1402 1160 3302 
2843 899 902 3054 
2844 1811 2289 3641 
2845 130 129 492 
2846 106 105 1254 
2847 108 107 502 
2848 104 103 485 
2849 1758 836 3052 
2850 1293 1291 1295 
2851 1748 2291 3215 
2852 909 911 912 
2853 303 302 481 
2854 3324 3325 3326 
2855 212 211 1258 
2856 627 2995 2996 
2857 838 1810 3243 
2858 337 336 3233 
2859 1185 1148 1381 
2860 1949 1950 1951 
2861 3386 3385 3448 
2862 282 281 3055 
2863 3336 3339 3340 
2864 1605 1854 1936 
2865 1635 1844 3179 
2866 1392 126 3269 
2867 2369 2367 3301 
2868 1255 131 3145 
2869 1925 1788 3053 
2870 899 901 902 
2871 2014 2552 2554 
2872 882 883 946 
2873 1693 1802 3358 
2874 745 2166 3507 
2875 853 2230 3744 
2876 3251 1826 3253 
2877 1848 1514 2186 
2878 336 335 635 
2879 333 332 480 
2880 339 338 482 
2881 2947 2051 3779 
2882 2008 2601 2602 
2883 1816 1884 1885 
2884 1310 1009 3386 
2885 1272 340 3149 
2886 1136 1134 2119 
2887 2616 3541 4094 
2888 2097 1621 3278 
2889 3025 3024 3026 
2890 661 628 2160 
2891 1844 2028 2029 
2892 3399 3398 3496 
2893 645 1924 3493 
2894 2030 2032 2033 
2895 2149 2148 2150 
2896 1227 1220 2961 
2897 1687 3352 3354 
2898 1899 3305 3306 
2899 3116 3117 3118 
2900 1195 1167 1196 
2901 443 444 1242 
2902 931 309 3258 
2903 893 896 3110 
2904 255 861 3240 
2905 3333 3331 3334 
2906 3128 3127 3129 
2907 2204 2205 2206 
2908 2025 1792 3085 
2909 1915 791 3521 
2910 2413 2547 2647 
2911 1994 2414 2657 
2912 3284 3285 3286 
2913 2103 963 2593 
2914 1039 1040 1041 
2915 1727 1379 3250 
2916 1038 1035 3598 
2917 2071 1942 2072 
2918 1078 2803 3972 
2919 3019 1655 3048 
2920 3254 1239 3255 
2921 1147 1146 1193 
2922 679 604 3491 
2923 3052 830 3650 
2924 1212 1214 2138 
2925 922 923 3212 
2926 1353 1355 3222 
2927 501 147 3204 
2928 3200 2143 3201 
2929 1090 884 1093 
2930 3339 1280 3340 
2931 1781 2040 2041 
2932 1656 1655 1657 
2933 1899 1900 3305 
2934 1135 1137 1138 
2935 1801 3362 3364 
2936 3288 3535 3741 
2937 3304 3540 3734 
2938 3 365 2918 
2939 923 941 3212 
2940 1267 43 3153 
2941 207 206 954 
2942 3325 1276 3326 
2943 1738 871 1784 
2944 1717 1715 1790 
2945 2485 2225 3203 
2946 289 288 524 
2947 335 334 3234 
2948 1752 1525 2480 
2949 1816 1726 1884 
2950 1019 1022 3382 
2951 1480 1600 3141 
2952 1263 1436 3480 
2953 346 933 3170 
2954 1687 1685 3352 
2955 904 905 3082 
2956 1887 1885 2112 
2957 1851 1788 1925 
2958 1726 1723 3439 
2959 307 598 3261 
2960 1776 2078 2122 
2961 2435 2436 2437 
2962 2156 1647 2225 
2963 3331 121 3334 
2964 958 1156 3144 
2965 3342 1945 4275 
2966 2951 862 2953 
2967 3261 598 3769 
2968 471 470 2879 
2969 1969 1968 1970 
2970 1009 1011 3386 
2971 1747 2037 3088 
2972 2345 1508 3523 
2973 855 2351 3347 
2974 1233 1231 1914 
2975 2660 2524 2726 
2976 3615 1516 3705 
2977 1051 1054 3267 
2978 2521 2148 3046 
2979 305 1256 3192 
2980 1454 652 3696 
2981 1736 1734 2469 
2982 1267 3157 3158 
2983 997 1259 3282 
2984 1323 1194 1769 
2985 2151 2150 2152 
2986 638 579 3661 
2987 295 294 1397 
2988 2948 2967 4076 
2989 310 309 931 
2990 3448 3385 3512 
2991 256 255 3240 
2992 2541 1970 2542 
2993 2147 1863 2148 
2994 604 594 3491 
2995 2690 2578 2691 
2996 2481 1367 3556 
2997 298 297 474 
2998 301 300 1257 
2999 2441 2508 2814 
3000 616 614 3462 
3001 1559 1560 1561 
3002 3284 2867 3285 
3003 3038 735 3039 
3004 1451 2130 2985 
3005 1363 1430 3917 
3006 286 285 636 
3007 1783 3131 3133 
3008 1762 1643 1763 
3009 3387 3298 3520 
3010 1456 1379 1727 
3011 3400 3563 3586 
3012 3269 525 3270 
3013 2769 2340 3449 
3014 1483 1418 1792 
3015 3823 3658 4013 
3016 2141 2867 3284 
3017 668 718 3309 
3018 3656 1105 3657 
3019 1356 1353 3222 
3020 1785 1784 2313 
3021 718 3245 3309 
3022 3040 3039 3042 
3023 1014 3384 3385 
3024 3223 3205 3224 
3025 134 629 3276 
3026 1913 3643 3717 
3027 542 536 3246 
3028 210 209 609 
3029 786 879 1208 
3030 2037 2036 2310 
3031 1170 1129 3422 
3032 305 304 1256 
3033 159 158 3069 
3034 116 527 3343 
3035 1889 3287 3288 
3036 3278 2758 3279 
3037 1211 883 2948 
3038 398 399 2087 
3039 2156 2225 2485 
3040 118 1280 3339 
3041 542 3246 3247 
3042 2076 1981 3660 
3043 2340 2152 3449 
3044 215 214 3075 
3045 217 216 3076 
3046 1455 1780 1781 
3047 1857 1856 2522 
3048 2177 2175 2181 
3049 1292 1291 1293 
3050 338 337 3232 
3051 970 1661 3516 
3052 3400 3550 3563 
3053 1425 2015 2143 
3054 718 786 3245 
3055 1817 3022 3070 
3056 3340 3341 3342 
3057 3110 3109 3902 
3058 1967 1968 1969 
3059 1265 152 3208 
3060 1811 2287 2289 
3061 2087 399 3218 
3062 157 156 3130 
3063 611 601 612 
3064 3062 1797 3063 
3065 2590 1912 3920 
3066 595 582 1474 
3067 3180 2029 3181 
3068 1014 1015 3384 
3069 2313 2654 3227 
3070 3081 2169 3602 
3071 1903 3303 3304 
3072 1845 2284 3268 
3073 1623 1741 2297 
3074 2059 1881 2117 
3075 2443 2906 3764 
3076 1790 1715 3034 
3077 2606 3274 3275 
3078 1339 1425 3200 
3079 1436 1262 3296 
3080 1043 1044 1045 
3081 2639 2523 2711 
3082 2543 2542 3163 
3083 1589 1953 1954 
3084 1173 1093 1174 
3085 153 152 1265 
3086 2062 1628 2063 
3087 2310 2625 3262 
3088 1809 3177 3376 
3089 1288 1289 1291 
3090 110 109 1387 
3091 149 3205 3223 
3092 1407 1142 3452 
3093 1393 1170 1418 
3094 3198 2158 3493 
3095 695 3257 3453 
3096 1271 3331 3332 
3097 1641 1639 2397 
3098 1592 3427 3441 
3099 1346 1239 3254 
3100 1608 1629 1630 
3101 962 875 963 
3102 1600 1383 1601 
3103 52 51 3096 
3104 50 49 3098 
3105 206 205 3058 
3106 1286 1287 1288 
3107 1914 3072 3788 
3108 2385 2582 2583 
3109 1654 1294 1655 
3110 1143 1162 2167 
3111 1619 1621 2097 
3112 1436 3295 3480 
3113 3728 2159 3738 
3114 1247 904 3082 
3115 1592 1955 3427 
3116 2485 3203 3937 
3117 523 111 3209 
3118 402 631 3300 
3119 1349 1348 1350 
3120 1230 2422 3529 
3121 1969 2627 3447 
3122 1388 1478 3376 
3123 1165 963 2103 
3124 3372 558 3373 
3125 1122 1120 3423 
3126 3335 3336 3337 
3127 1770 1657 1870 
3128 292 291 3090 
3129 3356 3355 3357 
3130 2093 2095 2384 
3131 1411 1196 1412 
3132 2120 3084 3765 
3133 2088 137 3231 
3134 2451 2776 3855 
3135 2437 2438 2439 
3136 2841 2104 2939 
3137 576 32 3194 
3138 1349 1350 1351 
3139 861 254 3451 
3140 1022 3380 3382 
3141 213 212 3089 
3142 2371 2369 2372 
3143 1590 1141 3670 
3144 132 131 1255 
3145 2413 2311 2547 
3146 1642 1644 1645 
3147 651 1454 1455 
3148 1401 2267 3585 
3149 341 340 1272 
3150 1720 2474 3394 
3151 311 310 3068 
3152 3290 1813 3291 
3153 55 54 1253 
3154 963 875 3191 
3155 3240 861 3241 
3156 1304 3200 3589 
3157 586 272 3237 
3158 1469 2145 2530 
3159 2122 2670 2868 
3160 782 783 882 
3161 1147 1193 1194 
3162 958 957 1156 
3163 105 104 3103 
3164 290 289 3112 
3165 2427 1925 3053 
3166 1415 2065 2450 
3167 149 148 3205 
3168 3340 1280 3341 
3169 2090 1934 2327 
3170 2444 3516 3517 
3171 1039 1038 1040 
3172 138 137 2088 
3173 72 71 3325 
3174 1166 1079 1178 
3175 80 79 3320 
3176 1615 1617 2100 
3177 890 889 957 
3178 1031 1033 1034 
3179 1425 2143 3200 
3180 1783 1782 2001 
3181 2444 970 3516 
3182 1909 3848 3899 
3183 2433 2314 2434 
3184 1347 1346 1348 
3185 43 42 3153 
3186 211 210 3137 
3187 32 31 3194 
3188 1347 1348 1349 
3189 1494 1477 1690 
3190 1621 1622 1623 
3191 2058 1577 3393 
3192 824 822 1239 
3193 273 272 586 
3194 1133 1135 3087 
3195 2606 2090 3274 
3196 1477 1407 3111 
3197 3322 532 3323 
3198 1456 1727 3143 
3199 2542 1970 3165 
3200 1278 3317 3318 
3201 3016 2181 3017 
3202 3021 2076 3660 
3203 131 130 3145 
3204 1968 1793 2137 
3205 1873 1443 1881 
3206 1903 1904 3303 
3207 908 907 909 
3208 904 903 905 
3209 1621 1623 3278 
3210 1937 1601 1938 
3211 1022 3379 3380 
3212 2487 1973 2549 
3213 3635 3063 3727 
3214 892 866 893 
3215 2174 2173 2175 
3216 347 346 3170 
3217 1034 1036 1230 
3218 2981 1038 3598 
3219 340 339 3149 
3220 445 486 3221 
3221 3206 2058 3393 
3222 1284 1285 1286 
3223 694 649 739 
3224 3005 1790 3006 
3225 2577 2117 2578 
3226 2101 1938 2640 
3227 3168 2956 3802 
3228 1353 1351 1355 
3229 896 895 897 
3230 2915 2914 3964 
3231 2435 2434 2436 
3232 2664 1427 3230 
3233 2327 3251 3252 
3234 1082 1080 2158 
3235 1691 1690 1737 
3236 1959 1384 2243 
3237 2174 2175 2176 
3238 2767 2340 2769 
3239 3308 1007 3716 
3240 1301 1303 3518 
3241 2448 3111 3824 
3242 1248 1480 1646 
3243 1087 1084 1647 
3244 1594 1813 3290 
3245 1805 3349 3350 
3246 2852 1224 2853 
3247 1557 1558 1559 
3248 856 242 3398 
3249 941 925 1079 
3250 1934 1681 3251 
3251 629 133 3244 
3252 1188 3444 3494 
3253 1126 1122 3423 
3254 307 306 598 
3255 2439 2440 2441 
3256 857 245 3402 
3257 859 248 3406 
3258 860 251 3410 
3259 3039 735 3628 
3260 3063 1797 3727 
3261 2019 1763 2020 
3262 308 307 3261 
3263 1348 1346 1767 
3264 2374 2372 2459 
3265 1054 1053 1055 
3266 995 997 3282 
3267 1936 1854 1973 
3268 3371 558 3372 
3269 2044 1760 2189 
3270 3422 1126 3423 
3271 3334 526 3335 
3272 3219 1666 3314 
3273 1266 2157 3379 
3274 856 3398 3399 
3275 1098 1204 2260 
3276 1600 2249 3141 
3277 1262 2140 3296 
3278 1564 1562 2013 
3279 1649 1107 3656 
3280 297 296 3263 
3281 2223 2219 2837 
3282 1266 1028 1889 
3283 857 3402 3403 
3284 859 3406 3407 
3285 860 3410 3411 
3286 2342 1485 2343 
3287 902 1237 3054 
3288 1619 1620 1621 
3289 975 1414 3444 
3290 2540 1970 2541 
3291 1895 2141 3284 
3292 2921 2922 2925 
3293 1899 3306 3518 
3294 1164 953 3377 
3295 1681 1680 1826 
3296 2425 1758 3052 
3297 2671 3134 3135 
3298 1528 2008 3577 
3299 1679 1678 1680 
3300 1563 1562 1564 
3301 3282 1259 3395 
3302 1289 1415 3207 
3303 2154 2585 3307 
3304 125 525 3269 
3305 993 1007 3308 
3306 1886 1885 1887 
3307 1611 1613 2332 
3308 694 739 740 
3309 3189 2112 3190 
3310 3295 3293 3480 
3311 1317 1482 1879 
3312 2371 2372 2374 
3313 864 863 889 
3314 2917 2328 3771 
3315 1129 1126 3422 
3316 1467 1463 3564 
3317 1666 1203 3314 
3318 1261 1268 3395 
3319 956 1177 3441 
3320 2571 2320 2678 
3321 2975 2972 2992 
3322 2553 2399 2842 
3323 2236 2266 3581 
3324 902 901 903 
3325 346 345 933 
3326 444 445 3221 
3327 2301 2558 2748 
3328 1043 1041 1044 
3329 44 43 1267 
3330 2327 1934 3251 
3331 3416 3415 3528 
3332 2743 2125 2908 
3333 1026 1266 3379 
3334 779 778 886 
3335 1341 3310 3637 
3336 2214 2215 2216 
3337 61 529 3313 
3338 1288 1291 1292 
3339 1368 1366 3559 
3340 1563 1564 1565 
3341 554 551 3434 
3342 1542 1543 1859 
3343 3242 861 3451 
3344 1889 1028 3287 
3345 3370 3635 3727 
3346 1792 1967 3085 
3347 1266 1889 1890 
3348 1893 2163 3393 
3349 1967 1969 3447 
3350 57 528 3315 
3351 529 60 3316 
3352 1278 78 3317 
3353 73 532 3322 
3354 533 76 3328 
3355 2647 2547 2785 
3356 3290 3291 3292 
3357 1648 1647 2156 
3358 559 558 3371 
3359 298 474 3266 
3360 1259 1261 3395 
3361 880 790 3470 
3362 1676 1677 1678 
3363 1805 3348 3349 
3364 3273 2243 3432 
3365 151 150 930 
3366 3500 1890 3764 
3367 1848 2186 2533 
3368 1679 1680 1681 
3369 1200 1550 1551 
3370 1273 135 3276 
3371 1668 3219 3346 
3372 1271 122 3331 
3373 127 126 1392 
3374 733 732 778 
3375 1567 1568 1569 
3376 2366 4209 4212 
3377 3373 554 3374 
3378 2593 963 3191 
3379 156 155 610 
3380 1767 1346 3254 
3381 112 111 523 
3382 1551 1552 1553 
3383 2310 2312 2625 
3384 1969 1970 2540 
3385 3385 3384 3460 
3386 1826 1876 1877 
3387 3014 3013 3015 
3388 2459 2372 2987 
3389 896 3109 3110 
3390 2029 2028 2030 
3391 1676 1678 1679 
3392 1815 1726 1816 
3393 309 308 3258 
3394 1675 1674 1676 
3395 1042 1043 3169 
3396 1229 2470 2663 
3397 1877 2399 2553 
3398 1923 1164 3377 
3399 3332 3331 3333 
3400 1647 1084 3196 
3401 922 919 923 
3402 916 915 917 
3403 1999 2526 3348 
3404 553 551 554 
3405 542 3247 3248 
3406 1845 1846 2282 
3407 1028 1029 3287 
3408 1900 1903 3305 
3409 1877 2398 2399 
3410 1676 1679 3458 
3411 571 572 580 
3412 1802 3356 3358 
3413 1039 1041 1042 
3414 3029 3030 3031 
3415 1571 1572 1573 
3416 1047 1045 3618 
3417 2037 2412 3088 
3418 3785 3187 3844 
3419 2441 2442 2508 
3420 558 555 3373 
3421 1865 2302 2303 
3422 562 559 3371 
3423 458 457 1390 
3424 46 45 633 
3425 557 555 558 
3426 1588 1999 3348 
3427 1018 3383 3384 
3428 111 110 3209 
3429 1232 1231 1233 
3430 2726 2524 3020 
3431 571 570 572 
3432 1317 548 1482 
3433 1555 1556 1557 
3434 136 135 1273 
3435 1261 1260 1262 
3436 1263 1262 1436 
3437 561 559 562 
3438 1261 1262 1263 
3439 1033 1032 1212 
3440 1313 1312 1388 
3441 565 563 566 
3442 1313 1388 1435 
3443 1259 1260 1261 
3444 1553 1554 1555 
3445 1007 995 3282 
3446 2455 2058 2728 
3447 569 567 570 
3448 2154 2153 2585 
3449 1311 1312 1313 
3450 1809 2058 2455 
3451 1483 1792 2025 
3452 1259 999 1260 
3453 1878 1594 3290 
3454 979 1202 3417 
3455 2011 2532 3330 
3456 117 116 3343 
3457 1883 2153 2154 
3458 1311 1310 1312 
3459 3160 3158 3161 
3460 1809 1577 2058 
3461 441 602 3442 
3462 119 118 3339 
3463 241 3397 3398 
3464 123 122 1271 
3465 1646 1750 1751 
3466 2163 3284 3286 
3467 979 978 980 
3468 2356 3011 4048 
3469 981 980 982 
3470 2163 1895 3284 
3471 247 3405 3406 
3472 1034 1230 3529 
3473 250 3409 3410 
3474 244 3401 3402 
3475 1011 1014 3386 
3476 271 270 1264 
3477 2182 1301 3518 
3478 1274 401 3300 
3479 3317 533 3321 
3480 1284 1286 2165 
3481 125 124 525 
3482 1008 1311 3446 
3483 912 911 913 
3484 3399 2144 3550 
3485 1594 1269 1813 
3486 2075 3078 3079 
3487 2169 3539 3602 
3488 3379 2157 3380 
3489 306 305 3192 
3490 845 850 1744 
3491 993 995 1007 
3492 2503 2498 2504 
3493 2580 2154 3307 
3494 1284 2165 3246 
3495 1216 1602 3202 
3496 1883 1435 2153 
3497 1015 1018 3384 
3498 997 999 1259 
3499 977 976 978 
3500 2103 2686 2688 
3501 1008 1310 1311 
3502 3444 3193 3494 
3503 1478 1577 1809 
3504 2178 2180 2321 
3505 1315 3475 4387 
3506 133 132 3244 
3507 1026 1028 1266 
3508 2098 1887 2099 
3509 1497 1439 1498 
3510 1056 1055 1057 
3511 1751 1862 1863 
3512 1046 1048 1217 
3513 3062 3063 3064 
3514 469 468 3045 
3515 1665 2077 2326 
3516 2541 2543 2544 
3517 1893 1895 2163 
3518 744 1491 3425 
3519 3054 1237 3277 
3520 1910 2253 2428 
3521 2402 2403 2404 
3522 1823 1521 3440 
3523 3776 3005 3839 
3524 1043 1046 3169 
3525 1230 1231 1232 
3526 1732 2234 3414 
3527 1676 1674 1677 
3528 977 979 3417 
3529 1685 1805 3352 
3530 3335 526 3336 
3531 1748 1749 1957 
3532 3380 2157 3381 
3533 2094 2092 2114 
3534 977 978 979 
3535 3246 2165 3247 
3536 3323 532 3324 
3537 1278 3318 3319 
3538 3318 3317 3321 
3539 764 679 1729 
3540 1617 1618 1619 
3541 400 401 1274 
3542 2469 1734 3682 
3543 990 993 3308 
3544 1585 1667 3435 
3545 1062 1061 1063 
3546 2508 2509 2725 
3547 732 3431 3492 
3548 3348 2526 3349 
3549 2692 2286 2693 
3550 541 536 542 
3551 1851 1925 1926 
3552 3252 3251 3253 
3553 2172 2170 2173 
3554 2141 2393 2867 
3555 92 91 487 
3556 3350 3349 3351 
3557 975 976 977 
3558 2649 2283 2764 
3559 3387 1005 3446 
3560 2370 2369 2371 
3561 1673 1672 1674 
3562 979 980 981 
3563 593 594 603 
3564 545 543 546 
3565 3291 3293 3294 
3566 343 342 599 
3567 152 151 3208 
3568 1302 1300 3415 
3569 2141 2392 2393 
3570 1781 1780 2040 
3571 1434 1779 3310 
3572 987 986 988 
3573 555 554 3373 
3574 1671 1670 1672 
3575 484 483 488 
3576 1208 879 3388 
3577 150 149 3223 
3578 1873 1881 2059 
3579 2437 2436 2438 
3580 1627 1456 1856 
3581 603 604 618 
3582 953 880 3470 
3583 3364 3362 3365 
3584 134 133 629 
3585 2289 2694 2810 
3586 2298 2756 2758 
3587 1064 1065 3229 
3588 1169 1129 1170 
3589 993 994 995 
3590 995 996 997 
3591 990 991 993 
3592 1388 1389 1478 
3593 1268 1263 1269 
3594 982 983 984 
3595 1669 1668 1670 
3596 2393 2847 2848 
3597 547 546 548 
3598 3177 2455 3178 
3599 1882 1435 1883 
3600 2155 2154 2580 
3601 997 998 999 
3602 1667 1806 3435 
3603 2234 3415 3416 
3604 1957 1985 2279 
3605 943 2444 2770 
3606 2243 1384 3832 
3607 1008 1009 1310 
3608 1478 1479 1577 
3609 1893 1894 1895 
3610 1654 1655 1656 
3611 984 985 986 
3612 2581 2580 2631 
3613 1826 1680 1876 
3614 3394 2474 3509 
3615 2849 1867 2850 
3616 1895 1896 2141 
3617 1923 3377 3378 
3618 1005 1006 1008 
3619 2368 2367 2369 
3620 1026 1027 1028 
3621 2225 1647 3196 
3622 137 136 3231 
3623 2165 1286 3497 
3624 1401 1745 2267 
3625 241 240 3397 
3626 2374 2459 2460 
3627 1910 1932 2253 
3628 247 246 3405 
3629 242 241 3398 
3630 1050 1047 3618 
3631 120 526 3334 
3632 253 252 3413 
3633 250 249 3409 
3634 3036 2424 3633 
3635 244 243 3401 
3636 2941 2940 3950 
3637 1678 1677 1683 
3638 114 113 1281 
3639 981 982 3314 
3640 1031 1032 1033 
3641 892 3127 3128 
3642 1310 3386 3448 
3643 1667 1666 1668 
3644 248 247 3406 
3645 245 244 3402 
3646 126 125 3269 
3647 251 250 3410 
3648 988 989 990 
3649 2627 2540 2934 
3650 881 1098 3521 
3651 1730 1302 3415 
3652 3900 2269 3903 
3653 272 271 3237 
3654 399 400 3218 
3655 853 945 2230 
3656 1982 2401 2402 
3657 1595 1594 1878 
3658 1398 62 3313 
3659 3241 861 3242 
3660 2842 2399 2843 
3661 2551 2011 3330 
3662 1292 1293 1294 
3663 1270 1269 1594 
3664 402 403 631 
3665 1000 1002 3387 
3666 1631 1544 1875 
3667 2816 2739 3430 
3668 1672 1670 2159 
3669 1877 1876 2398 
3670 1080 678 3493 
3671 742 3425 3718 
3672 3314 982 3445 
3673 458 1390 3375 
3674 1288 1292 3497 
3675 1064 1063 1065 
3676 1725 1723 1726 
3677 644 677 3530 
3678 886 778 935 
3679 944 1179 1180 
3680 3296 2140 3297 
3681 873 874 959 
3682 856 3399 3400 
3683 1275 58 3315 
3684 59 1275 3316 
3685 77 533 3317 
3686 1279 74 3322 
3687 75 1279 3328 
3688 857 3403 3404 
3689 859 3407 3408 
3690 860 3411 3412 
3691 984 986 987 
3692 549 548 1317 
3693 3099 2488 3569 
3694 987 988 992 
3695 121 120 3334 
3696 1679 1682 3458 
3697 1808 1517 2988 
3698 1014 3385 3386 
3699 929 855 3347 
3700 1585 1666 1667 
3701 1578 1892 1893 
3702 1585 1203 1666 
3703 886 935 943 
3704 2297 1741 2299 
3705 1022 1023 3379 
3706 1203 981 3314 
3707 1904 1910 3303 
3708 1904 1906 1910 
3709 1900 1902 1903 
3710 1015 1017 1018 
3711 1023 1025 1026 
3712 1002 1004 1005 
3713 1019 1021 1022 
3714 2234 1730 3415 
3715 1011 1013 1014 
3716 547 548 549 
3717 928 929 974 
3718 1999 2000 2375 
3719 1626 1799 1899 
3720 2933 3726 3863 
3721 854 855 928 
3722 984 987 3445 
3723 1588 1587 1999 
3724 1189 1188 1587 
3725 1152 974 1188 
3726 928 1152 3396 
3727 1656 1657 1770 
3728 63 62 1398 
3729 3496 3396 3504 
3730 1903 3304 3305 
3731 1069 1067 1070 
3732 2804 2543 3163 
3733 2011 1928 2532 
3734 1023 1026 3379 
3735 570 567 3436 
3736 732 730 3431 
3737 2583 2584 2772 
3738 3458 1682 3557 
3739 1720 2471 2474 
3740 1732 1730 2234 
3741 2491 1964 3440 
3742 3291 1813 3293 
3743 2123 2873 2874 
3744 1435 1388 3376 
3745 1677 1674 3468 
3746 1577 1578 3393 
3747 2490 1964 2491 
3748 975 929 976 
3749 3643 3453 3717 
3750 1002 1005 3387 
3751 122 121 3331 
3752 1672 2159 3468 
3753 1243 3239 3617 
3754 2189 1760 3652 
3755 987 2429 3445 
3756 2393 2392 2847 
3757 135 134 3276 
3758 1669 1670 1671 
3759 3569 2488 3570 
3760 2439 2438 2440 
3761 147 146 3204 
3762 1667 1668 1669 
3763 1510 1611 3523 
3764 1711 1709 1797 
3765 1705 1703 1800 
3766 855 6 2351 
3767 1699 1697 1801 
3768 1693 1689 1802 
3769 3293 1813 3480 
3770 1685 1659 1805 
3771 505 459 3375 
3772 59 58 1275 
3773 77 76 533 
3774 69 68 531 
3775 79 78 1278 
3776 67 66 1277 
3777 81 80 534 
3778 75 74 1279 
3779 71 70 1276 
3780 65 64 530 
3781 73 72 532 
3782 61 60 529 
3783 57 56 528 
3784 1671 1672 1673 
3785 2532 1928 3476 
3786 2450 2065 2451 
3787 975 977 1414 
3788 1966 2360 2361 
3789 569 570 571 
3790 1578 1893 3393 
3791 1888 1677 3468 
3792 1352 1351 1353 
3793 2141 1896 2392 
3794 1659 1588 3348 
3795 1776 2122 3603 
3796 1328 3436 3437 
3797 1341 1434 3310 
3798 1955 2292 2316 
3799 2364 2164 3557 
3800 79 1278 3320 
3801 532 72 3325 
3802 974 929 975 
3803 2059 2117 2577 
3804 2404 2405 2406 
3805 928 855 929 
3806 982 980 983 
3807 405 406 575 
3808 2144 3496 3504 
3809 1569 1570 1571 
3810 2147 2148 2149 
3811 1499 1498 1500 
3812 974 975 3444 
3813 565 566 567 
3814 1999 1587 2000 
3815 1623 1622 1741 
3816 3358 3356 3359 
3817 1414 977 3417 
3818 1286 1285 1287 
3819 1059 1062 3765 
3820 1673 1674 1675 
3821 401 402 3300 
3822 1071 1070 1072 
3823 2375 2000 2376 
3824 2172 2173 2174 
3825 535 1284 3246 
3826 1668 1666 3219 
3827 1563 1565 1829 
3828 1189 1587 1588 
3829 561 562 563 
3830 1152 1188 1189 
3831 1202 981 1203 
3832 1151 1149 3916 
3833 1917 1732 3414 
3834 854 928 3396 
3835 622 616 3462 
3836 1999 2375 2526 
3837 536 535 3246 
3838 928 974 1152 
3839 1181 1457 1465 
3840 1805 1659 3348 
3841 2550 2286 2692 
3842 3347 2351 3645 
3843 1339 1424 1425 
3844 1678 1683 3495 
3845 1345 1346 1347 
3846 1177 1592 3441 
3847 988 986 989 
3848 145 144 632 
3849 2479 1959 3272 
3850 254 253 3451 
3851 1049 1050 1051 
3852 1090 1093 1173 
3853 253 3413 3451 
3854 1354 1353 1356 
3855 557 558 559 
3856 854 6 855 
3857 1719 1717 3005 
3858 1345 1239 1346 
3859 1262 1260 2140 
3860 1434 1778 1779 
3861 1876 1680 3495 
3862 651 1455 3661 
3863 1425 1756 2015 
3864 2728 2058 3206 
3865 3418 407 3455 
3866 2002 2001 2091 
3867 1388 1312 1389 
3868 978 976 2168 
3869 1661 1665 3516 
3870 1809 2455 3177 
3871 2772 2773 2883 
3872 1313 1435 1882 
3873 1584 1203 1585 
3874 1261 1263 1268 
3875 1286 1288 3497 
3876 2116 2055 2324 
3877 2153 1435 3376 
3878 1883 2154 2155 
3879 1168 1502 1748 
3880 3508 3073 3532 
3881 1288 1287 1289 
3882 2166 743 3453 
3883 580 581 584 
3884 2202 2203 2204 
3885 567 566 3436 
3886 1615 1616 1617 
3887 2453 3615 3705 
3888 445 446 486 
3889 1910 2428 3303 
3890 3565 1931 3571 
3891 3398 3397 3496 
3892 575 406 3418 
3893 993 991 994 
3894 1669 1671 3438 
3895 62 61 3313 
3896 1964 1823 3440 
3897 995 994 996 
3898 943 970 2444 
3899 2379 2380 2381 
3900 650 649 694 
3901 3377 953 3470 
3902 553 554 555 
3903 58 57 3315 
3904 60 59 3316 
3905 78 77 3317 
3906 74 73 3322 
3907 76 75 3328 
3908 1139 1149 1150 
3909 1895 1894 1896 
3910 1587 1188 3494 
3911 997 996 998 
3912 1951 1950 2388 
3913 990 989 991 
3914 585 592 593 
3915 749 747 763 
3916 984 983 985 
3917 820 818 844 
3918 1478 1389 1479 
3919 999 998 1000 
3920 1173 1174 1542 
3921 2253 1932 2259 
3922 2367 1972 3601 
3923 1577 1479 1578 
3924 575 3418 3419 
3925 1008 1006 1009 
3926 1893 1892 1894 
3927 2155 2580 2581 
3928 1028 1027 1029 
3929 1269 1263 3480 
3930 44 1267 3160 
3931 258 257 862 
3932 243 242 856 
3933 240 6 854 
3934 246 245 857 
3935 249 248 859 
3936 255 254 861 
3937 252 251 860 
3938 3657 804 3895 
3939 2372 2369 3301 
3940 2581 2631 2632 
3941 985 1720 3394 
3942 3085 1967 3447 
3943 2156 2485 3162 
3944 120 119 526 
3945 116 115 527 
3946 118 117 1280 
3947 1102 1088 3457 
3948 1682 1681 1934 
3949 1033 1212 3598 
3950 1903 1902 1904 
3951 1465 1753 1754 
3952 1910 1906 1932 
3953 2382 2023 2383 
3954 3111 1407 3452 
3955 2078 2005 3134 
3956 1005 1004 1006 
3957 806 804 3657 
3958 1014 1013 1015 
3959 1018 1017 1019 
3960 1022 1021 1023 
3961 1026 1025 1027 
3962 1490 1164 1923 
3963 2008 2349 2601 
3964 1899 1799 1900 
3965 2023 1585 3435 
3966 2587 2099 4052 
3967 33 32 576 
3968 982 984 3445 
3969 2160 628 3456 
3970 1266 1890 2157 
3971 535 1283 1284 
3972 628 605 3456 
3973 440 441 3442 
3974 1087 1647 1648 
3975 3163 2542 3164 
3976 2112 1885 3211 
3977 3247 2165 3590 
3978 837 836 838 
3979 3420 3418 3455 
3980 3352 3350 3353 
3981 1268 1269 1270 
3982 2149 2150 2151 
3983 1714 1716 2118 
3984 1234 1233 1443 
3985 2376 2377 2379 
3986 1175 1394 1475 
3987 778 732 3492 
3988 2860 1876 3495 
3989 1683 1888 2895 
3990 779 886 887 
3991 2366 1972 2367 
3992 1816 1885 1886 
3993 1357 1356 3551 
3994 1621 1620 1622 
3995 1284 1283 1285 
3996 962 963 1165 
3997 1455 1454 1780 
3998 3366 3365 3367 
3999 1403 1101 1404 
4000 733 778 779 
4001 3492 3431 3539 
4002 1805 3350 3352 
4003 632 144 3426 
4004 979 981 1202 
4005 1494 1690 1691 
4006 2289 2287 2694 
4007 246 857 3405 
4008 252 860 3413 
4009 249 859 3409 
4010 243 856 3401 
4011 3360 3359 3361 
4012 1584 1585 2023 
4013 1163 1489 3549 
4014 1911 1737 1912 
4015 1979 1978 1980 
4016 2441 2440 2442 
4017 1270 1594 1595 
4018 1658 1588 1659 
4019 2279 2280 2565 
4020 1495 1381 1532 
4021 744 746 1491 
4022 240 854 3397 
4023 1670 1668 3346 
4024 935 778 3492 
4025 1176 621 3429 
4026 1637 1443 1873 
4027 3380 3381 3568 
4028 580 572 581 
4029 1803 1675 2164 
4030 3354 3353 3355 
4031 318 1296 3443 
4032 341 1272 3152 
4033 1714 1713 1715 
4034 1712 1711 1713 
4035 1710 1709 1711 
4036 1708 1707 1709 
4037 1706 1705 1707 
4038 1704 1703 1705 
4039 1702 1701 1703 
4040 1700 1699 1701 
4041 1698 1697 1699 
4042 2016 1934 2090 
4043 1696 1695 1697 
4044 1694 1693 1695 
4045 1692 1689 1693 
4046 1688 1687 1689 
4047 1202 1203 1584 
4048 1686 1685 1687 
4049 1684 1659 1685 
4050 3516 2326 3517 
4051 2383 2023 3435 
4052 2012 2011 2551 
4053 1005 1008 3446 
4054 3065 2382 3066 
4055 1317 1879 2161 
4056 1303 1626 3518 
4057 488 483 1416 
4058 545 546 547 
4059 1565 1566 1567 
4060 1806 1669 3438 
4061 1201 1102 3457 
4062 90 89 1399 
4063 318 317 1296 
4064 541 542 543 
4065 198 197 3541 
4066 2410 2990 2991 
4067 2532 3476 3499 
4068 1188 974 3444 
4069 2024 2023 2382 
4070 1969 2540 2627 
4071 2362 2164 2364 
4072 486 446 3450 
4073 763 747 3507 
4074 742 744 3425 
4075 1029 1031 3529 
4076 2151 2152 2340 
4077 1883 2155 3501 
4078 2115 1875 2394 
4079 319 318 3443 
4080 476 319 3443 
4081 2164 1675 3458 
4082 1316 1367 2481 
4083 3539 3431 3602 
4084 2182 3306 3580 
4085 1528 1807 2008 
4086 406 407 3418 
4087 1667 1669 1806 
4088 1247 3082 3627 
4089 535 517 1283 
4090 603 618 630 
4091 572 570 1328 
4092 2379 2377 2380 
4093 630 618 641 
4094 3364 3365 3366 
4095 2267 1745 3421 
4096 983 980 3506 
4097 2398 2860 2901 
4098 2376 2000 2377 
4099 2550 2692 2787 
4100 1619 1618 1620 
4101 101 100 477 
4102 320 319 476 
4103 1092 3138 3700 
4104 459 458 3375 
4105 978 2168 3506 
4106 2723 2722 2798 
4107 2748 2558 2749 
4108 1536 1368 3559 
4109 1372 1357 3551 
4110 856 3400 3401 
4111 1601 1383 3627 
4112 860 3412 3413 
4113 859 3408 3409 
4114 857 3404 3405 
4115 2567 2133 2568 
4116 1682 2016 3557 
4117 3381 2157 3500 
4118 1907 2454 3511 
4119 1613 1614 1615 
4120 3143 1727 3834 
4121 999 1000 3520 
4122 1292 1653 3497 
4123 987 992 2429 
4124 682 687 713 
4125 1584 2023 2024 
4126 1234 1443 1637 
4127 3358 3359 3360 
4128 2987 2372 3301 
4129 3417 3508 3532 
4130 144 143 3426 
4131 1674 1672 3468 
4132 2024 2382 3065 
4133 3043 3039 3628 
4134 1189 1588 1658 
4135 2508 2442 2509 
4136 3384 3383 3460 
4137 854 3396 3397 
4138 1371 1357 1372 
4139 1278 3319 3320 
4140 3324 532 3325 
4141 1675 1676 3458 
4142 1299 2182 3510 
4143 407 408 3455 
4144 371 372 1386 
4145 408 409 637 
4146 1098 1099 1204 
4147 3256 1878 3781 
4148 757 758 759 
4149 3396 1152 3504 
4150 408 637 3455 
4151 968 1171 1175 
4152 3162 2485 3433 
4153 731 732 733 
4154 2620 2255 2621 
4155 990 3308 3599 
4156 677 737 3530 
4157 3352 3353 3354 
4158 2140 1260 3520 
4159 1204 1205 1507 
4160 446 447 3450 
4161 728 726 3481 
4162 1611 1612 1613 
4163 1660 935 3492 
4164 1328 570 3436 
4165 2159 1670 3346 
4166 2131 1772 2133 
4167 3419 3418 3420 
4168 3438 1671 3513 
4169 1232 1233 1234 
4170 1658 1659 1684 
4171 1939 1536 2270 
4172 1712 1713 1714 
4173 1710 1711 1712 
4174 1708 1709 1710 
4175 1706 1707 1708 
4176 1704 1705 1706 
4177 1702 1703 1704 
4178 1700 1701 1702 
4179 1698 1699 1700 
4180 1696 1697 1698 
4181 1694 1695 1696 
4182 1692 1693 1694 
4183 1688 1689 1692 
4184 1686 1687 1688 
4185 1684 1685 1686 
4186 745 743 2166 
4187 3341 1280 3343 
4188 1160 1102 1201 
4189 731 730 732 
4190 1507 1508 2345 
4191 3166 2137 3167 
4192 1821 2416 2417 
4193 1664 1662 2169 
4194 526 119 3339 
4195 1280 117 3343 
4196 2605 2090 2606 
4197 551 549 3434 
4198 2633 2504 2634 
4199 943 935 970 
4200 2155 2968 3501 
4201 2370 2371 2373 
4202 645 622 1924 
4203 740 741 873 
4204 549 1317 3434 
4205 608 591 2185 
4206 1083 1082 1084 
4207 2588 1912 2590 
4208 143 142 3477 
4209 976 929 3347 
4210 967 1590 3543 
4211 986 985 3394 
4212 1929 1928 2011 
4213 1081 1080 1082 
4214 3297 3298 3299 
4215 1578 1891 1892 
4216 3250 1091 3546 
4217 1992 1532 1994 
4218 1085 1084 1087 
4219 2368 2369 2370 
4220 1000 1001 1002 
4221 447 1315 3450 
4222 1904 1905 1906 
4223 1900 1901 1902 
4224 1009 1010 1011 
4225 1725 1726 1815 
4226 2233 1871 2603 
4227 1015 1016 1017 
4228 1527 983 3506 
4229 1029 1030 1031 
4230 1100 927 1101 
4231 1019 1020 1021 
4232 1023 1024 1025 
4233 1312 1310 3448 
4234 985 1527 1720 
4235 2226 3591 3654 
4236 2158 1080 3493 
4237 1716 1718 3616 
4238 1813 1269 3480 
4239 96 95 473 
4240 2005 2006 2464 
4241 1564 2013 3619 
4242 1779 1778 1966 
4243 1002 1003 1004 
4244 1683 1677 1888 
4245 460 459 505 
4246 464 463 506 
4247 466 465 1298 
4248 467 466 3464 
4249 468 467 507 
4250 465 464 3465 
4251 463 462 3466 
4252 462 461 1297 
4253 461 460 3467 
4254 1011 1012 1013 
4255 1626 1798 1799 
4256 413 414 1413 
4257 1842 1732 1917 
4258 992 988 3599 
4259 414 415 3469 
4260 412 413 3471 
4261 1591 1818 2535 
4262 1226 1517 1808 
4263 1510 1610 1611 
4264 430 431 771 
4265 427 428 772 
4266 421 422 774 
4267 433 434 770 
4268 411 412 708 
4269 424 425 773 
4270 415 416 776 
4271 418 419 775 
4272 881 952 1098 
4273 1907 2453 2454 
4274 1720 1849 2471 
4275 2577 2578 2690 
4276 1870 2320 2571 
4277 3417 1202 3508 
4278 370 371 3454 
4279 372 373 3486 
4280 2176 2178 3289 
4281 1661 1663 1665 
4282 1731 1730 1732 
4283 1393 1418 1483 
4284 3079 3078 3080 
4285 3426 143 3477 
4286 2046 2947 2956 
4287 759 760 761 
4288 2266 2644 2744 
4289 2024 3065 3073 
4290 1680 1678 3495 
4291 2064 1833 2499 
4292 1451 1449 1771 
4293 824 1239 1345 
4294 2830 2223 2831 
4295 3298 2140 3520 
4296 1299 1301 2182 
4297 1679 1681 1682 
4298 1673 1675 1803 
4299 737 791 1915 
4300 2895 1888 2896 
4301 670 3541 3542 
4302 1303 1625 1626 
4303 447 448 1315 
4304 2701 2039 2729 
4305 1793 1418 3502 
4306 1832 1516 1833 
4307 1422 1604 1605 
4308 1442 1302 1730 
4309 2718 2500 2720 
4310 2701 2729 2730 
4311 2380 2377 3193 
4312 1803 2164 2362 
4313 1617 1616 1618 
4314 3402 3401 3586 
4315 835 833 836 
4316 2603 1871 3498 
4317 593 603 3560 
4318 738 678 1080 
4319 3416 3528 3566 
4320 841 839 842 
4321 1386 372 3486 
4322 371 1386 3454 
4323 1007 3282 3679 
4324 730 932 3431 
4325 1540 1581 1582 
4326 2464 2465 2645 
4327 593 592 594 
4328 980 978 3506 
4329 584 581 585 
4330 1665 2326 3516 
4331 2395 4062 4169 
4332 2406 2407 2408 
4333 1193 1282 1845 
4334 1660 3492 3539 
4335 2000 1587 3494 
4336 1515 1441 1516 
4337 1189 1658 3504 
4338 1132 1133 1207 
4339 1949 1597 1950 
4340 1317 2161 3434 
4341 1929 2011 2012 
4342 2392 1896 2426 
4343 2398 1876 2860 
4344 1468 1467 1469 
4345 1931 1459 3571 
4346 1747 2035 2036 
4347 748 750 955 
4348 1928 1637 3476 
4349 3336 526 3339 
4350 1993 2307 3865 
4351 1924 3462 3463 
4352 3591 1391 3654 
4353 1882 1883 3501 
4354 315 314 472 
4355 2518 2110 2722 
4356 1745 2271 3421 
4357 1665 2004 2077 
4358 1584 2024 3508 
4359 2366 2367 2368 
4360 2282 1846 2283 
4361 1367 1369 3556 
4362 1729 679 3491 
4363 3297 2140 3298 
4364 2285 1835 2286 
4365 743 695 3453 
4366 1638 1637 1928 
4367 367 368 1305 
4368 366 367 3482 
4369 365 366 508 
4370 368 369 3483 
4371 389 390 514 
4372 385 386 513 
4373 373 374 510 
4374 375 376 1306 
4375 377 378 511 
4376 379 380 1308 
4377 369 370 509 
4378 381 382 512 
4379 382 383 3484 
4380 383 384 1307 
4381 380 381 3485 
4382 374 375 3488 
4383 378 379 3487 
4384 384 385 3489 
4385 1637 1873 3476 
4386 386 387 3490 
4387 1708 1710 2121 
4388 1702 1704 2126 
4389 1696 1698 2134 
4390 1688 1692 2139 
4391 1658 1684 2144 
4392 2157 1890 3500 
4393 1152 1189 3504 
4394 387 388 1501 
4395 2236 2265 2266 
4396 1425 1424 1756 
4397 1254 3105 3106 
4398 652 654 3696 
4399 1505 1746 1747 
4400 1202 1584 3508 
4401 1489 1821 3549 
4402 2224 1283 3538 
4403 1664 2169 2170 
4404 989 986 3394 
4405 1835 3597 3636 
4406 1123 1119 3589 
4407 740 2986 3257 
4408 1169 1170 1393 
4409 994 991 1073 
4410 460 505 3467 
4411 466 1298 3464 
4412 464 506 3465 
4413 507 467 3464 
4414 1298 465 3465 
4415 506 463 3466 
4416 462 1297 3466 
4417 1297 461 3467 
4418 747 745 3507 
4419 1721 1595 2128 
4420 2625 2312 2827 
4421 1389 1312 3448 
4422 1285 1283 2224 
4423 1605 1853 1854 
4424 1349 1351 1352 
4425 1000 998 1001 
4426 965 3543 3725 
4427 2360 2679 2680 
4428 985 983 1527 
4429 3397 3396 3496 
4430 1894 1892 1897 
4431 1009 1006 1010 
4432 2168 976 3347 
4433 1413 414 3469 
4434 413 1413 3471 
4435 1904 1902 1905 
4436 1029 1027 1030 
4437 415 776 3469 
4438 708 412 3471 
4439 1924 622 3462 
4440 1578 1479 1891 
4441 474 3265 3266 
4442 1932 1906 1933 
4443 1626 1899 3518 
4444 1900 1799 1901 
4445 2363 2362 2607 
4446 1015 1013 1016 
4447 1019 1017 1020 
4448 1023 1021 1024 
4449 1723 1648 3439 
4450 603 594 604 
4451 2155 2581 2968 
4452 1446 1504 1505 
4453 1724 1725 1871 
4454 1963 1823 1964 
4455 1662 1660 3539 
4456 3476 2575 3499 
4457 3597 2224 3636 
4458 1803 2362 2363 
4459 1770 1870 3424 
4460 2024 3073 3508 
4461 1429 1379 1456 
4462 3044 3043 3831 
4463 3188 3189 3534 
4464 1098 2260 3521 
4465 1658 2144 3504 
4466 754 756 757 
4467 2377 2000 3494 
4468 2082 2900 4525 
4469 1768 2664 3827 
4470 1611 2332 3523 
4471 2310 2036 2312 
4472 518 535 536 
4473 1295 1291 3207 
4474 1440 1215 1441 
4475 932 728 3481 
4476 2200 2201 2202 
4477 1260 999 3520 
4478 2192 2193 2194 
4479 1857 2522 2523 
4480 1653 1294 1654 
4481 1025 1024 1907 
4482 2077 2619 2762 
4483 448 449 3475 
4484 2253 2259 3835 
4485 1671 1673 3513 
4486 1002 1001 1003 
4487 1011 1010 1012 
4488 1461 1459 1931 
4489 2194 2195 2196 
4490 1842 1917 2061 
4491 1004 1003 1299 
4492 1031 1030 1032 
4493 2171 2331 2494 
4494 761 768 769 
4495 730 728 932 
4496 2471 1849 2472 
4497 1731 1732 1842 
4498 893 894 895 
4499 491 490 495 
4500 3259 3260 3572 
4501 2385 2583 3704 
4502 1720 1527 1849 
4503 142 950 3477 
4504 1270 1595 1721 
4505 1626 1625 1798 
4506 142 141 950 
4507 1724 1723 1725 
4508 1966 2056 2360 
4509 2178 2321 3289 
4510 1291 1289 3207 
4511 2459 2987 3859 
4512 518 517 535 
4513 1442 1730 1731 
4514 965 967 3543 
4515 391 392 3514 
4516 2064 2499 2500 
4517 1051 1052 1053 
4518 1906 1905 3472 
4519 2458 2411 2703 
4520 839 838 3243 
4521 970 935 1660 
4522 1526 1525 1752 
4523 2190 2191 2192 
4524 1832 1833 2064 
4525 1627 1856 1857 
4526 1369 1506 1591 
4527 2015 1756 2684 
4528 1799 1798 3519 
4529 1212 1213 1214 
4530 496 495 517 
4531 842 839 3243 
4532 1135 1138 3087 
4533 1523 1159 1525 
4534 2285 2286 2550 
4535 141 140 3503 
4536 2829 2830 3821 
4537 1615 1614 1616 
4538 1691 1737 1911 
4539 1754 1984 2045 
4540 4256 2771 4315 
4541 1834 1290 1835 
4542 509 370 3454 
4543 373 510 3486 
4544 3193 2377 3494 
4545 269 268 3768 
4546 1871 1725 3498 
4547 3497 1653 3590 
4548 552 551 553 
4549 1873 2059 2575 
4550 2657 2414 2716 
4551 2443 2012 2906 
4552 1515 1516 1832 
4553 769 865 866 
4554 1682 1934 2016 
4555 3304 3303 3795 
4556 642 641 649 
4557 1074 1072 1076 
4558 2172 2174 3555 
4559 1873 2575 3476 
4560 1234 1637 1638 
4561 2171 2170 2172 
4562 1324 887 1867 
4563 568 567 569 
4564 1017 1016 3537 
4565 2196 2197 2198 
4566 1638 1928 1929 
4567 3463 3462 3622 
4568 869 870 871 
4569 1013 1012 3540 
4570 897 898 899 
4571 2916 2328 2917 
4572 3415 1300 3528 
4573 1415 1834 2065 
4574 1267 3158 3160 
4575 2737 1867 2849 
4576 564 563 565 
4577 1916 1533 2468 
4578 3388 972 3389 
4579 1834 1835 2285 
4580 1962 2347 2677 
4581 1886 1887 2098 
4582 1613 1612 1614 
4583 905 906 907 
4584 2428 2253 3822 
4585 560 559 561 
4586 1870 2571 3424 
4587 831 825 3608 
4588 1440 1441 1515 
4589 970 1660 1661 
4590 2589 2588 2655 
4591 1470 1176 1533 
4592 3440 1521 3526 
4593 1021 1020 3524 
4594 3245 1208 3967 
4595 926 851 927 
4596 1184 1094 1379 
4597 1933 1906 3472 
4598 1724 1871 2232 
4599 1360 1362 1363 
4600 1721 2129 2446 
4601 489 488 490 
4602 1907 1024 1908 
4603 3018 3081 3611 
4604 3010 3012 3013 
4605 2472 1849 2473 
4606 1731 1842 2183 
4607 581 572 3544 
4608 2313 2315 2654 
4609 2408 2409 2815 
4610 1798 1625 1983 
4611 1665 1663 2004 
4612 2671 2078 3134 
4613 1299 1003 1300 
4614 392 393 684 
4615 1673 1803 3513 
4616 2417 2416 2418 
4617 1024 1021 3524 
4618 3572 3260 3573 
4619 3756 2443 3764 
4620 2016 2090 2605 
4621 1907 1908 2453 
4622 2064 2500 2717 
4623 1896 1894 3505 
4624 1663 1662 1664 
4625 991 989 3509 
4626 2142 1601 3627 
4627 1901 1799 3519 
4628 727 729 1325 
4629 1212 1032 1213 
4630 585 593 3474 
4631 1027 1025 3511 
4632 1664 2170 2171 
4633 1515 1832 2075 
4634 2472 2473 2712 
4635 2122 2877 3603 
4636 1798 1983 2391 
4637 1299 1300 1301 
4638 1803 2363 3513 
4639 1745 1971 2271 
4640 1006 1004 3510 
4641 1533 1176 3429 
4642 1301 1302 1303 
4643 99 98 1486 
4644 2391 1983 2650 
4645 1303 1442 1625 
4646 1965 1964 2490 
4647 909 910 911 
4648 900 898 3682 
4649 1962 1823 1963 
4650 1301 1300 1302 
4651 367 1305 3482 
4652 1305 368 3483 
4653 508 366 3482 
4654 369 509 3483 
4655 385 513 3489 
4656 510 374 3488 
4657 512 382 3484 
4658 383 1307 3484 
4659 1308 380 3485 
4660 381 512 3485 
4661 379 1308 3487 
4662 511 378 3487 
4663 375 1306 3488 
4664 1307 384 3489 
4665 1303 1302 1442 
4666 1025 1907 3511 
4667 1929 2012 2443 
4668 513 386 3490 
4669 314 313 3479 
4670 1721 2128 2129 
4671 2171 2494 3536 
4672 3460 3383 3732 
4673 2030 2031 2032 
4674 387 1501 3490 
4675 1204 1099 1205 
4676 1479 1389 3512 
4677 2198 2199 2200 
4678 1083 1084 1085 
4679 2717 2500 2718 
4680 2171 2172 2331 
4681 556 555 557 
4682 1081 1082 1083 
4683 1648 2156 3439 
4684 1145 1421 1422 
4685 3395 1268 3547 
4686 1611 1610 1612 
4687 1507 1205 1508 
4688 449 450 625 
4689 1004 1299 3510 
4690 1315 448 3475 
4691 2420 1770 2659 
4692 3406 3405 3663 
4693 1119 1121 3589 
4694 1046 1217 3169 
4695 1414 3417 3532 
4696 3306 3305 3734 
4697 1289 1290 1415 
4698 2285 2550 2763 
4699 1844 2027 2028 
4700 1230 1232 2422 
4701 550 549 551 
4702 1121 1124 1304 
4703 1661 1660 1662 
4704 2044 2189 2190 
4705 1098 952 1099 
4706 1216 1440 1602 
4707 2314 2313 3227 
4708 3067 3728 3738 
4709 1020 1017 3537 
4710 1178 1320 1449 
4711 2266 2745 3581 
4712 3190 2112 3211 
4713 3608 2248 3745 
4714 1472 1837 2236 
4715 694 740 3257 
4716 2446 2129 2447 
4717 1466 1463 1467 
4718 1811 1812 2287 
4719 1322 1194 1323 
4720 899 900 901 
4721 2299 2300 2301 
4722 738 1080 1081 
4723 1125 1122 1126 
4724 2145 1467 3564 
4725 2098 2099 2587 
4726 517 495 3538 
4727 1520 1822 2057 
4728 1401 1546 1745 
4729 393 394 3515 
4730 1016 1013 3540 
4731 3457 1088 3558 
4732 1963 1964 1965 
4733 1962 1963 2347 
4734 516 515 537 
4735 737 1915 3530 
4736 1635 1843 1844 
4737 967 1141 1590 
4738 1816 1886 3624 
4739 1343 1445 1446 
4740 2174 2176 2325 
4741 1363 1409 1430 
4742 1073 991 3509 
4743 1722 1723 1724 
4744 998 996 3566 
4745 1003 1001 3528 
4746 1966 1778 2056 
4747 2144 1684 3550 
4748 1434 1777 1778 
4749 585 581 591 
4750 2426 1896 3505 
4751 1894 1897 3505 
4752 1086 1089 1535 
4753 1725 1815 3498 
4754 1214 1215 1216 
4755 1423 1776 3603 
4756 1822 1521 1823 
4757 1609 1509 2226 
4758 2165 3497 3590 
4759 1593 1471 1946 
4760 1030 1027 3511 
4761 2812 2089 2813 
4762 1847 1514 1848 
4763 1340 1338 3526 
4764 585 591 592 
4765 1598 1947 2231 
4766 1727 3250 3793 
4767 1661 1662 1663 
4768 572 1328 3544 
4769 592 591 608 
4770 1010 1006 3510 
4771 1520 1340 1521 
4772 1606 1404 1608 
4773 1821 2417 3549 
4774 917 918 919 
4775 2077 2004 2619 
4776 36 35 685 
4777 2780 2556 2782 
4778 1891 1479 3512 
4779 584 585 3474 
4780 1850 1788 1851 
4781 876 875 962 
4782 923 924 925 
4783 765 764 875 
4784 827 825 831 
4785 1347 1349 3478 
4786 913 914 915 
4787 1153 1400 1401 
4788 1031 1034 3529 
4789 1389 3448 3512 
4790 1684 1686 3550 
4791 1798 2391 3519 
4792 2079 1926 2555 
4793 1465 1457 1753 
4794 1163 953 1164 
4795 2227 2226 2228 
4796 1688 2139 3563 
4797 3382 3380 3568 
4798 540 536 541 
4799 544 543 545 
4800 1489 1164 1490 
4801 3557 2016 3638 
4802 603 630 3560 
4803 2032 2501 2539 
4804 989 3394 3509 
4805 1722 1648 1723 
4806 1221 2120 3765 
4807 1908 1024 3524 
4808 1819 1490 1820 
4809 951 880 953 
4810 3006 3007 3008 
4811 2232 1871 2233 
4812 1341 1432 1434 
4813 2169 1662 3539 
4814 394 395 1314 
4815 1448 1538 1539 
4816 1653 2127 3590 
4817 1339 1340 1424 
4818 1822 1823 1962 
4819 2016 2605 3638 
4820 1617 1619 3726 
4821 2164 3458 3557 
4822 1268 1270 3547 
4823 1493 1477 1494 
4824 1527 3506 3583 
4825 1400 1160 1402 
4826 1304 1338 1339 
4827 2360 2056 2679 
4828 2040 2043 2665 
4829 1921 2482 2484 
4830 1292 1294 1653 
4831 3474 593 3560 
4832 1177 1176 1470 
4833 831 3608 3745 
4834 2185 591 3544 
4835 2287 2288 3312 
4836 680 679 764 
4837 2008 1807 2349 
4838 3583 2168 3645 
4839 1035 1033 3598 
4840 1653 1654 2127 
4841 702 703 704 
4842 823 822 824 
4843 1085 1087 3558 
4844 1245 1634 1635 
4845 885 884 1090 
4846 2108 2106 2713 
4847 2693 2286 3636 
4848 1272 3151 3152 
4849 1216 1215 1440 
4850 2451 2775 2776 
4851 3017 2181 3018 
4852 1345 1347 2248 
4853 2562 2071 2646 
4854 2010 4216 4311 
4855 1045 1044 1316 
4856 1283 517 3538 
4857 779 887 1324 
4858 731 733 789 
4859 1513 1344 1514 
4860 2270 1536 3559 
4861 2008 2602 3577 
4862 879 972 3388 
4863 1415 1290 1834 
4864 1352 1353 1354 
4865 1686 1688 3563 
4866 1787 1736 1788 
4867 1607 2268 2269 
4868 2329 2328 2916 
4869 1849 1527 3583 
4870 3694 1913 3717 
4871 472 314 3479 
4872 2246 2233 2328 
4873 2070 1942 2071 
4874 677 736 737 
4875 1324 2737 2751 
4876 1988 1630 1989 
4877 1300 1003 3528 
4878 2609 2038 2610 
4879 3506 2168 3583 
4880 1087 1648 1722 
4881 624 612 3729 
4882 613 605 628 
4883 1153 1102 1160 
4884 2231 1947 2449 
4885 2026 2025 2319 
4886 1424 1340 1520 
4887 37 36 3525 
4888 1130 1183 1341 
4889 1147 1194 1322 
4890 1735 1734 1736 
4891 1001 998 3566 
4892 956 3441 3531 
4893 950 141 3503 
4894 591 581 3544 
4895 2468 1533 3429 
4896 1941 1841 1942 
4897 670 198 3541 
4898 1442 1731 3527 
4899 495 490 497 
4900 1207 1133 3087 
4901 313 22 1765 
4902 2473 3583 3645 
4903 2475 1919 2486 
4904 2979 4350 4365 
4905 2301 2557 2558 
4906 1270 1721 3547 
4907 3593 4098 4505 
4908 2637 2245 2638 
4909 1983 1625 3527 
4910 1721 2446 3547 
4911 1419 1332 1420 
4912 716 788 863 
4913 1583 1580 2105 
4914 1625 1442 3527 
4915 2059 2577 3545 
4916 1520 1521 1822 
4917 1763 1643 3723 
4918 1117 1119 1123 
4919 2364 3557 3638 
4920 1618 1616 1945 
4921 2232 2233 2246 
4922 1450 2858 3003 
4923 2146 1863 2147 
4924 2065 1834 3522 
4925 710 711 716 
4926 1324 1867 2737 
4927 1858 1518 1874 
4928 2227 2430 2431 
4929 654 656 658 
4930 2325 2176 3289 
4931 2246 2328 2329 
4932 1953 1990 2536 
4933 199 198 670 
4934 1840 1839 1841 
4935 1568 1566 2021 
4936 3035 3034 3061 
4937 1664 2171 3536 
4938 580 584 1319 
4939 1663 1664 3536 
4940 1731 2183 3527 
4941 3550 1686 3563 
4942 1976 1977 1978 
4943 1860 1859 2410 
4944 927 851 3751 
4945 2512 2358 2513 
4946 1369 1591 3556 
4947 2684 1756 2685 
4948 1484 1323 1485 
4949 1911 1912 2588 
4950 1125 1127 1128 
4951 1983 3527 3620 
4952 392 684 3514 
4953 1641 2397 3723 
4954 2174 2325 3555 
4955 664 712 1534 
4956 1971 1546 1972 
4957 1508 1509 1510 
4958 3410 3409 3708 
4959 1521 1340 3526 
4960 1105 806 3657 
4961 2659 1770 3424 
4962 1939 2270 2489 
4963 449 625 3475 
4964 1510 1609 1610 
4965 1834 2285 3522 
4966 2463 3868 3889 
4967 2365 1972 2366 
4968 1354 1356 1357 
4969 1339 1338 1340 
4970 3511 2454 3576 
4971 2304 2915 3959 
4972 1104 2882 4510 
4973 88 87 626 
4974 1437 1244 1734 
4975 1565 1564 1566 
4976 2365 2366 4212 
4977 1214 1213 1215 
4978 538 578 579 
4979 1589 1773 1953 
4980 2021 1566 3619 
4981 2156 3162 3439 
4982 1232 1234 3535 
4983 1127 1126 1129 
4984 1289 1287 1290 
4985 1086 1085 1088 
4986 569 571 573 
4987 1745 1546 1971 
4988 620 616 622 
4989 813 811 828 
4990 1559 1561 1836 
4991 736 678 738 
4992 3527 2183 3620 
4993 1612 1610 1831 
4994 2331 2172 3555 
4995 677 645 678 
4996 2510 2319 2736 
4997 649 641 3582 
4998 276 275 767 
4999 2694 2287 3312 
5000 38 37 1318 
5001 1508 1205 1509 
5002 1622 1620 1935 
5003 1316 2481 3618 
5004 1470 1533 1598 
5005 737 790 791 
5006 1083 1085 1086 
5007 1609 2226 2227 
5008 966 964 1336 
5009 457 456 2959 
5010 3450 1315 4375 
5011 988 990 3599 
5012 1401 1400 1546 
5013 1089 1088 1102 
5014 3510 2182 3580 
5015 3468 2159 3728 
5016 3528 1001 3566 
5017 2139 1692 3639 
5018 1333 1531 1589 
5019 1707 3370 3727 
5020 1304 1124 1338 
5021 1598 1916 1947 
5022 738 1081 2229 
5023 1118 1115 1131 
5024 644 622 645 
5025 3378 3377 3754 
5026 2575 2059 3545 
5027 3600 2693 3636 
5028 1285 2224 3597 
5029 1973 1854 1974 
5030 1087 1722 3558 
5031 2062 2063 2495 
5032 1049 1047 1050 
5033 651 652 1454 
5034 2420 3185 3186 
5035 1464 1519 1811 
5036 1032 1030 3576 
5037 710 716 3831 
5038 1153 1160 1400 
5039 1962 2677 3554 
5040 3431 932 3602 
5041 1489 1819 1821 
5042 452 453 1191 
5043 2224 3538 3600 
5044 1656 1770 2420 
5045 1329 1331 2238 
5046 1489 1490 1819 
5047 1113 1395 3697 
5048 1598 1533 1916 
5049 1012 1010 3580 
5050 3401 3400 3586 
5051 480 2938 4464 
5052 791 880 881 
5053 1947 1916 2463 
5054 643 628 661 
5055 547 549 550 
5056 1696 2134 3646 
5057 2185 3631 3632 
5058 3909 1933 3915 
5059 3007 1790 3034 
5060 3239 3179 3815 
5061 704 705 706 
5062 2299 1741 2300 
5063 2518 2722 2723 
5064 2368 4205 4209 
5065 1057 1058 1059 
5066 2137 1793 3502 
5067 1099 952 1391 
5068 729 730 731 
5069 1981 1980 1982 
5070 3370 3368 3635 
5071 1100 1101 1403 
5072 2004 1663 3536 
5073 1177 1470 1471 
5074 2227 2228 2430 
5075 1510 1509 1609 
5076 1487 1420 1488 
5077 561 563 564 
5078 565 567 568 
5079 1982 2402 3660 
5080 2285 2763 3522 
5081 2779 3214 4546 
5082 557 559 560 
5083 757 756 758 
5084 2287 1812 2288 
5085 729 728 730 
5086 712 782 784 
5087 881 951 952 
5088 677 678 736 
5089 1125 1126 1127 
5090 1890 1889 3756 
5091 3818 2365 4211 
5092 1030 3511 3576 
5093 664 707 712 
5094 2420 2659 3185 
5095 2759 2068 2760 
5096 2431 2430 2771 
5097 644 645 677 
5098 1860 2410 2411 
5099 1383 1247 3627 
5100 781 868 869 
5101 739 649 3582 
5102 821 820 822 
5103 1328 3437 3631 
5104 1010 3510 3580 
5105 2057 1822 3554 
5106 1476 1407 1477 
5107 643 661 664 
5108 1460 1462 1757 
5109 724 722 949 
5110 1163 1164 1489 
5111 1086 1088 1089 
5112 684 393 3515 
5113 1748 1502 1749 
5114 1447 1140 1481 
5115 762 755 792 
5116 759 758 760 
5117 737 736 790 
5118 951 953 1163 
5119 1709 1707 3727 
5120 588 589 600 
5121 1971 1972 2365 
5122 1349 1352 3478 
5123 1821 2089 2416 
5124 3441 3427 3810 
5125 2341 2340 2767 
5126 1177 1471 1592 
5127 1756 1424 3595 
5128 664 661 707 
5129 1089 1102 1153 
5130 2507 1989 2865 
5131 1605 1604 1853 
5132 553 555 556 
5133 1520 2057 3595 
5134 2451 2065 2775 
5135 1838 1473 1839 
5136 2768 2767 2969 
5137 1791 1488 1958 
5138 1434 1432 1777 
5139 538 579 638 
5140 1543 1545 3673 
5141 1523 1525 1526 
5142 1193 1146 1282 
5143 2135 1651 2136 
5144 3007 3034 3035 
5145 2473 1849 3583 
5146 3248 3247 3785 
5147 630 641 642 
5148 2292 1956 2318 
5149 1086 1535 3587 
5150 1911 2588 2589 
5151 3835 2259 3847 
5152 2187 584 3474 
5153 596 595 605 
5154 712 707 782 
5155 1468 1469 1742 
5156 613 628 643 
5157 1065 1066 1067 
5158 956 621 1176 
5159 496 517 518 
5160 3180 3181 3913 
5161 1234 1638 3535 
5162 267 266 698 
5163 668 717 718 
5164 791 790 880 
5165 1180 1179 1186 
5166 1955 1956 2292 
5167 1920 2476 2477 
5168 1158 1522 1524 
5169 905 903 906 
5170 1886 2594 3624 
5171 200 199 3592 
5172 491 495 496 
5173 793 792 884 
5174 617 620 621 
5175 1422 1421 1604 
5176 1835 1290 3597 
5177 1822 1962 3554 
5178 2248 1347 3478 
5179 2402 2401 2403 
5180 2651 2114 2652 
5181 700 701 702 
5182 2422 1232 3535 
5183 2226 1509 3591 
5184 1141 1448 3670 
5185 897 895 898 
5186 2434 2314 3227 
5187 893 866 894 
5188 1130 1129 1169 
5189 733 779 3567 
5190 1429 1456 1627 
5191 3984 1492 3997 
5192 1955 1593 1956 
5193 723 725 787 
5194 1592 1593 1955 
5195 606 605 613 
5196 3006 1790 3007 
5197 1833 1516 3615 
5198 1441 1215 3674 
5199 909 907 910 
5200 1815 1816 3624 
5201 1432 1183 1433 
5202 1470 1598 3552 
5203 630 1728 3560 
5204 2681 2007 2682 
5205 2005 1586 2006 
5206 2394 2400 2871 
5207 3164 2542 3165 
5208 484 488 489 
5209 1821 1819 2089 
5210 1945 3342 4279 
5211 956 1176 1177 
5212 1516 1441 3705 
5213 881 880 951 
5214 2286 1835 3636 
5215 1184 1379 1429 
5216 2997 2996 2998 
5217 3167 2137 3502 
5218 1592 1471 1593 
5219 3414 2234 3757 
5220 541 543 544 
5221 1088 1085 3558 
5222 718 785 786 
5223 706 710 3628 
5224 1213 1032 3576 
5225 1341 1183 1432 
5226 1156 1190 1417 
5227 1591 1506 1818 
5228 489 490 491 
5229 620 622 644 
5230 1051 1050 1052 
5231 1121 1122 1124 
5232 2030 2028 2031 
5233 1466 1467 1468 
5234 3423 1120 3634 
5235 3547 2446 3679 
5236 617 621 956 
5237 3010 2179 3012 
5238 1938 1601 2142 
5239 2457 2411 2458 
5240 1110 1112 1116 
5241 2357 1940 2358 
5242 1244 900 3682 
5243 1153 1401 3585 
5244 2416 2089 2812 
5245 2759 2760 2761 
5246 2404 2403 2405 
5247 3081 3602 3611 
5248 1121 1304 3589 
5249 394 1314 3515 
5250 1424 1520 3595 
5251 1059 1060 1061 
5252 617 616 620 
5253 885 1090 1091 
5254 3602 932 3611 
5255 1535 1089 3585 
5256 761 760 768 
5257 1957 1749 1985 
5258 2583 2955 3704 
5259 1287 1285 3597 
5260 2775 2065 3522 
5261 2301 2300 2557 
5262 3730 1337 3824 
5263 2557 2300 2559 
5264 2685 1756 3595 
5265 2491 3440 3763 
5266 2591 2604 2733 
5267 615 617 3531 
5268 1370 1375 1930 
5269 606 613 614 
5270 2134 1698 3691 
5271 2357 2358 2512 
5272 1178 1079 1320 
5273 3395 3547 3679 
5274 1845 1282 1846 
5275 277 276 3548 
5276 630 642 1728 
5277 2040 1780 2043 
5278 490 488 3561 
5279 1471 1470 3552 
5280 706 709 710 
5281 2107 2109 2235 
5282 2749 2558 2750 
5283 1124 1122 1125 
5284 264 263 479 
5285 538 537 578 
5286 789 733 3567 
5287 1851 1926 2079 
5288 1091 1090 3546 
5289 313 1765 3479 
5290 2279 1985 2280 
5291 1121 1120 1122 
5292 3689 2232 3742 
5293 1860 2411 2457 
5294 518 536 540 
5295 1946 1471 3552 
5296 1119 1120 1121 
5297 786 878 879 
5298 1739 1485 2342 
5299 1692 1694 3639 
5300 583 582 595 
5301 1127 1129 1130 
5302 1702 2126 3699 
5303 1529 2257 2262 
5304 1598 2231 3552 
5305 2650 1983 3620 
5306 2290 2964 3950 
5307 3481 726 3640 
5308 1494 1691 1774 
5309 571 580 3675 
5310 3226 973 3667 
5311 1754 1753 1984 
5312 879 971 972 
5313 727 728 729 
5314 2813 2089 3610 
5315 917 915 918 
5316 735 706 3628 
5317 4021 2519 4044 
5318 3451 3413 3746 
5319 3544 1328 3631 
5320 913 911 914 
5321 545 547 3662 
5322 1090 1173 3546 
5323 3429 621 3607 
5324 85 84 1192 
5325 923 919 924 
5326 1055 1053 3698 
5327 1130 1169 1183 
5328 1487 2907 3848 
5329 779 1324 3567 
5330 2266 2265 2644 
5331 259 258 2950 
5332 1408 1368 1536 
5333 769 768 865 
5334 2185 3544 3631 
5335 2370 4197 4205 
5336 2053 2055 2116 
5337 36 685 3525 
5338 727 726 728 
5339 1319 584 2187 
5340 3556 3897 3910 
5341 596 605 606 
5342 1324 2751 3567 
5343 1446 1445 1504 
5344 695 694 3257 
5345 1854 1853 3629 
5346 1747 1746 2035 
5347 1603 1576 1740 
5348 1475 1394 1824 
5349 2557 2559 2732 
5350 2079 2555 2556 
5351 1505 1504 1746 
5352 2406 2405 2407 
5353 1694 1696 3646 
5354 550 551 552 
5355 1458 1182 1459 
5356 201 200 1321 
5357 1724 2232 3689 
5358 3197 3198 3887 
5359 362 363 493 
5360 359 360 3594 
5361 360 361 1327 
5362 358 359 494 
5363 901 900 1243 
5364 2480 3226 3891 
5365 1751 1863 2146 
5366 1406 1142 1407 
5367 2127 1654 3623 
5368 899 898 900 
5369 2313 1784 2315 
5370 1819 1820 3610 
5371 1555 1557 1852 
5372 1844 1843 2027 
5373 3536 2494 3642 
5374 697 699 700 
5375 1363 1362 1409 
5376 1741 1622 3584 
5377 1115 1113 3697 
5378 1217 1218 1219 
5379 805 806 807 
5380 819 818 820 
5381 2122 2868 2877 
5382 1400 1402 3601 
5383 1547 1940 1991 
5384 2236 1837 2265 
5385 1081 1083 3587 
5386 932 3481 3611 
5387 742 743 744 
5388 650 694 695 
5389 1403 1404 1606 
5390 1886 2098 2594 
5391 1205 1099 3591 
5392 2696 2076 3021 
5393 2032 2031 2501 
5394 641 618 3578 
5395 744 745 746 
5396 2531 2993 3942 
5397 1063 1061 3690 
5398 1891 3460 3732 
5399 1290 1287 3597 
5400 3470 790 3604 
5401 1175 1171 1394 
5402 1113 1111 1395 
5403 2147 2149 2162 
5404 1417 1503 1782 
5405 1991 2357 2514 
5406 1058 1055 3698 
5407 3639 1694 3646 
5408 837 838 839 
5409 994 1073 3712 
5410 1892 1891 3732 
5411 2536 1990 2537 
5412 926 927 1100 
5413 2464 2006 2465 
5414 1575 1574 1576 
5415 1455 3139 3661 
5416 1040 1038 2981 
5417 1169 1393 3575 
5418 2637 2638 2662 
5419 1608 1630 1988 
5420 3822 2253 3835 
5421 1185 1495 3865 
5422 2502 3969 3984 
5423 2227 2431 3596 
5424 3604 2229 3754 
5425 1831 1610 3596 
5426 1213 3576 3674 
5427 1449 1320 1450 
5428 495 497 3538 
5429 1847 1848 2074 
5430 3526 1338 3605 
5431 2238 3664 3760 
5432 823 824 825 
5433 2478 1959 2479 
5434 2539 2501 2714 
5435 2004 3536 3642 
5436 1125 1128 3605 
5437 3566 996 3712 
5438 1610 1609 3596 
5439 2168 3347 3645 
5440 1066 1063 3690 
5441 1513 1514 1847 
5442 2257 2861 2862 
5443 1787 1788 1850 
5444 1547 1536 1939 
5445 238 237 597 
5446 1953 1773 1990 
5447 1635 1634 1843 
5448 2126 1704 3731 
5449 2151 2340 2341 
5450 1053 1052 1921 
5451 3462 614 3622 
5452 725 724 726 
5453 725 726 727 
5454 1878 3290 3781 
5455 173 174 1335 
5456 175 176 498 
5457 179 14 499 
5458 177 178 1334 
5459 13 172 500 
5460 176 177 3613 
5461 172 173 3612 
5462 174 175 3614 
5463 642 649 650 
5464 961 1147 3694 
5465 784 782 3669 
5466 3067 2896 3728 
5467 1089 1153 3585 
5468 488 1416 3561 
5469 746 747 748 
5470 1586 1295 3606 
5471 717 669 719 
5472 925 924 939 
5473 719 669 720 
5474 1322 1323 1484 
5475 503 715 2256 
5476 2619 2004 3642 
5477 736 738 3604 
5478 1972 1546 3601 
5479 278 277 1579 
5480 1708 2121 3736 
5481 1522 1159 1523 
5482 644 3530 3607 
5483 1735 1736 1787 
5484 863 788 934 
5485 1130 1341 3637 
5486 835 836 837 
5487 2498 2497 3931 
5488 357 358 3593 
5489 738 2229 3604 
5490 907 906 3533 
5491 2188 2187 2237 
5492 3405 3404 3663 
5493 2953 862 2954 
5494 2562 2646 2766 
5495 1119 1118 1120 
5496 1583 2105 2106 
5497 1437 1734 1735 
5498 1318 37 3525 
5499 617 956 3531 
5500 3712 1073 3757 
5501 2070 2071 2562 
5502 1118 1131 3634 
5503 1509 1205 3591 
5504 1589 1531 1773 
5505 1083 1086 3587 
5506 2257 1530 2861 
5507 2229 1081 3587 
5508 1609 2227 3596 
5509 668 660 669 
5510 1338 1124 3605 
5511 1974 1854 3629 
5512 1061 1060 1329 
5513 716 711 788 
5514 1295 3207 3606 
5515 1173 1542 3588 
5516 3538 497 3600 
5517 1419 1420 1487 
5518 1329 1060 1330 
5519 1450 3003 3579 
5520 1483 2025 2026 
5521 827 831 3650 
5522 1476 1477 1493 
5523 619 604 679 
5524 2133 1772 3750 
5525 1319 2188 2317 
5526 1941 1942 2070 
5527 718 717 785 
5528 693 696 697 
5529 3330 3486 4314 
5530 2239 1742 2240 
5531 1099 1391 3591 
5532 1654 1656 3623 
5533 1441 3674 3705 
5534 748 749 750 
5535 552 553 3666 
5536 1429 1627 1775 
5537 1007 3679 3716 
5538 2654 2315 3049 
5539 1391 952 3625 
5540 2997 2998 2999 
5541 1092 1091 1094 
5542 762 793 1733 
5543 1853 2038 2529 
5544 2354 2352 2668 
5545 781 869 3626 
5546 1484 1485 1739 
5547 885 1091 1092 
5548 1811 1519 1812 
5549 3042 3039 3043 
5550 2752 2338 2754 
5551 723 722 724 
5552 2768 2969 3283 
5553 544 545 1309 
5554 2725 2509 4254 
5555 746 745 747 
5556 1840 1841 1941 
5557 1385 2478 2796 
5558 793 884 885 
5559 723 724 725 
5560 1057 1055 1058 
5561 748 747 749 
5562 762 792 793 
5563 1128 1127 3637 
5564 1853 1604 2038 
5565 2665 2043 2666 
5566 1457 1182 1458 
5567 1145 1094 1184 
5568 2921 2925 2926 
5569 1370 1357 1371 
5570 1076 1077 1181 
5571 262 261 1364 
5572 2224 3600 3636 
5573 2537 1990 2538 
5574 1991 1940 2357 
5575 2341 2767 2768 
5576 790 736 3604 
5577 1181 1182 1457 
5578 1551 1553 1864 
5579 3576 2454 3674 
5580 615 616 617 
5581 2408 2407 2409 
5582 621 620 3607 
5583 1546 1400 3601 
5584 1607 2269 3710 
5585 2121 1710 3752 
5586 3644 939 3772 
5587 1468 1742 2239 
5588 1462 1463 1464 
5589 2525 2523 2639 
5590 1812 1519 1960 
5591 2336 3776 3839 
5592 744 743 745 
5593 1322 1484 1913 
5594 1045 1316 3618 
5595 3238 1342 3671 
5596 1065 1063 1066 
5597 1367 1368 1369 
5598 750 749 751 
5599 2349 2350 2591 
5600 2565 2280 2566 
5601 911 910 3553 
5602 2420 3186 3623 
5603 1462 1461 1463 
5604 952 951 3625 
5605 2089 1819 3610 
5606 1117 1118 1119 
5607 742 695 743 
5608 2518 2723 2724 
5609 2228 2226 3654 
5610 2396 1763 3723 
5611 2517 2110 2518 
5612 750 751 752 
5613 1622 1935 3584 
5614 2107 2235 3715 
5615 1059 1058 1060 
5616 1162 1200 3678 
5617 620 644 3607 
5618 1433 1183 3575 
5619 1187 1186 1438 
5620 752 751 753 
5621 3282 3395 3679 
5622 825 824 3608 
5623 659 3309 3659 
5624 752 753 754 
5625 579 587 651 
5626 879 878 971 
5627 1838 1839 1840 
5628 786 785 878 
5629 3053 2469 3872 
5630 1866 1499 2989 
5631 2642 2240 2643 
5632 1124 1125 3605 
5633 1316 1366 1367 
5634 1460 1459 1461 
5635 1092 1094 1145 
5636 2079 2556 2734 
5637 1791 1958 2007 
5638 2300 1741 3584 
5639 1183 1169 3575 
5640 1369 1408 1506 
5641 2358 3973 3982 
5642 1522 1523 1825 
5643 1460 1461 1462 
5644 1448 1539 3670 
5645 1329 2238 3690 
5646 754 755 756 
5647 1487 1488 1791 
5648 782 882 3669 
5649 2 357 1326 
5650 1145 1184 1421 
5651 2926 2925 2927 
5652 1791 2007 2111 
5653 3848 2907 3899 
5654 1493 1494 3677 
5655 1567 1566 1568 
5656 1464 1466 1519 
5657 768 760 877 
5658 2896 1888 3728 
5659 2501 2031 2698 
5660 2496 2498 2503 
5661 1547 1939 1940 
5662 2681 2682 2683 
5663 754 753 755 
5664 1163 3549 3625 
5665 1464 1463 1466 
5666 1408 1536 1547 
5667 1656 2420 3623 
5668 2116 2324 2348 
5669 659 657 660 
5670 3131 3132 3133 
5671 1818 2241 2334 
5672 680 765 1378 
5673 740 739 741 
5674 2529 2038 2609 
5675 606 614 615 
5676 583 595 596 
5677 1582 1581 1596 
5678 1181 1077 1182 
5679 1773 1531 1909 
5680 1818 1506 2241 
5681 2477 2476 2614 
5682 1976 1796 1977 
5683 915 914 3695 
5684 756 755 762 
5685 1354 1357 1370 
5686 824 1345 3608 
5687 1067 1066 1068 
5688 1106 1108 1358 
5689 3558 1722 3689 
5690 2734 2556 2780 
5691 658 656 3659 
5692 1361 1359 2252 
5693 261 260 3649 
5694 199 670 3592 
5695 971 878 973 
5696 497 490 3561 
5697 891 849 3686 
5698 1722 1724 3689 
5699 1369 1368 1408 
5700 1243 900 1244 
5701 2394 1875 2400 
5702 3277 1646 3724 
5703 1566 1564 3619 
5704 668 669 717 
5705 1921 2484 3698 
5706 1698 1700 3691 
5707 2188 2237 2276 
5708 765 875 876 
5709 1927 739 3582 
5710 1450 1320 2452 
5711 2614 2615 2616 
5712 876 962 964 
5713 680 764 765 
5714 878 785 3667 
5715 550 552 2461 
5716 951 1163 3625 
5717 2334 2241 2661 
5718 1476 1493 2244 
5719 2408 2815 3808 
5720 2166 3453 3643 
5721 623 612 624 
5722 3581 2745 3853 
5723 1735 1787 2247 
5724 910 907 3533 
5725 1158 973 1159 
5726 724 949 3640 
5727 1929 2443 3741 
5728 965 966 967 
5729 2511 2510 2623 
5730 1403 1606 1607 
5731 919 918 3671 
5732 1331 1330 1332 
5733 1114 1115 1117 
5734 903 901 3617 
5735 573 571 3675 
5736 819 820 821 
5737 2239 2240 2642 
5738 1607 1997 2268 
5739 618 604 619 
5740 659 660 668 
5741 540 541 3681 
5742 3580 3306 3734 
5743 821 822 823 
5744 1607 1606 1997 
5745 651 587 652 
5746 1458 1459 1460 
5747 1529 1530 2257 
5748 939 924 1342 
5749 1158 1159 1522 
5750 1012 3580 3734 
5751 965 964 966 
5752 3457 3558 3689 
5753 2614 2476 2615 
5754 1464 1811 3641 
5755 1539 1538 1540 
5756 721 722 723 
5757 613 643 3622 
5758 1472 2236 3681 
5759 1771 1449 3579 
5760 1243 1244 1245 
5761 1333 1332 1419 
5762 1329 1330 1331 
5763 1513 1847 1986 
5764 3633 2424 3890 
5765 650 695 742 
5766 1370 1930 3693 
5767 3470 3604 3754 
5768 2827 2312 2828 
5769 3416 3566 3712 
5770 3015 720 3949 
5771 1528 1759 1807 
5772 901 1243 3617 
5773 914 911 3553 
5774 547 550 3662 
5775 2587 4052 4063 
5776 1117 1115 1118 
5777 2026 2510 2511 
5778 876 964 965 
5779 719 721 1918 
5780 1156 957 1190 
5781 918 915 3695 
5782 1700 1702 3699 
5783 1843 1634 1855 
5784 1860 2457 3588 
5785 1367 1366 1368 
5786 1450 2452 2858 
5787 356 2 3630 
5788 2926 2927 3022 
5789 1333 1589 3664 
5790 1757 1462 3641 
5791 1309 545 3662 
5792 1333 1419 1531 
5793 1449 1450 3579 
5794 1215 1213 3674 
5795 1942 1841 3901 
5796 1331 1332 1333 
5797 691 692 693 
5798 1994 1995 2414 
5799 260 19 503 
5800 2070 2562 2779 
5801 1498 1439 3806 
5802 1542 1860 3588 
5803 710 709 711 
5804 2378 4059 4453 
5805 2871 2400 2980 
5806 1746 1504 2242 
5807 1984 1753 2068 
5808 1988 1989 2507 
5809 2645 2465 2738 
5810 2268 1997 2624 
5811 1316 1044 1366 
5812 924 919 3671 
5813 615 614 616 
5814 3453 3257 3717 
5815 1542 1859 1860 
5816 2366 2368 4209 
5817 2461 552 2462 
5818 1245 1437 1634 
5819 1857 2523 2525 
5820 1127 1130 3637 
5821 2238 1331 3664 
5822 2559 2300 3584 
5823 3674 2454 3705 
5824 1245 1244 1437 
5825 3474 3560 3688 
5826 2384 2385 3704 
5827 614 613 3622 
5828 1734 1244 3682 
5829 657 655 1154 
5830 1840 1941 2254 
5831 276 767 3548 
5832 3691 1700 3699 
5833 1343 1342 1344 
5834 840 843 1943 
5835 1445 1344 1513 
5836 1375 1371 1405 
5837 656 657 659 
5838 939 1342 1343 
5839 2111 2007 2681 
5840 541 544 3681 
5841 1984 2068 2359 
5842 1530 1225 3459 
5843 553 556 3666 
5844 2244 1493 2245 
5845 1343 1344 1445 
5846 1120 1118 3634 
5847 544 1309 1472 
5848 1853 2529 3629 
5849 1112 1113 1114 
5850 1841 1839 3849 
5851 3846 934 3870 
5852 848 852 853 
5853 580 1319 3675 
5854 2273 1766 2275 
5855 2636 2245 2637 
5856 627 2996 2997 
5857 726 724 3640 
5858 1739 2466 2467 
5859 704 703 705 
5860 1406 1407 1476 
5861 619 679 680 
5862 1319 2187 2188 
5863 3457 3689 3742 
5864 1643 1641 3723 
5865 2486 1919 3709 
5866 3573 3260 3769 
5867 852 851 926 
5868 898 895 3714 
5869 1472 1473 1837 
5870 3720 1093 3804 
5871 2109 2108 2110 
5872 583 596 1898 
5873 3452 3730 3824 
5874 2638 2245 3677 
5875 2296 2941 3964 
5876 2454 2453 3705 
5877 2349 1807 2350 
5878 1409 1410 1528 
5879 2186 3238 3836 
5880 1569 1568 1570 
5881 2244 2245 2636 
5882 1103 891 1548 
5883 3022 2927 3023 
5884 1417 1190 1503 
5885 1112 1111 1113 
5886 853 921 945 
5887 1447 1481 3687 
5888 355 356 590 
5889 1168 1406 1502 
5890 2109 2110 2517 
5891 1494 1774 3677 
5892 1868 2579 2599 
5893 656 655 657 
5894 2237 2187 3688 
5895 945 1142 1168 
5896 826 829 2258 
5897 3409 3408 3708 
5898 1114 1113 1115 
5899 1109 1107 1649 
5900 996 994 3712 
5901 2359 2068 2759 
5902 721 720 722 
5903 1921 1052 1922 
5904 1343 1446 3772 
5905 2107 2106 2108 
5906 1868 1760 2044 
5907 1110 1111 1112 
5908 1691 1911 3653 
5909 971 973 1158 
5910 2026 2319 2510 
5911 1573 1572 1574 
5912 2460 3477 4390 
5913 866 865 3767 
5914 3803 2451 3855 
5915 906 903 3617 
5916 926 1100 1337 
5917 1131 1115 3697 
5918 1150 1151 1155 
5919 1076 1072 1077 
5920 1345 2248 3608 
5921 1472 1309 1473 
5922 1921 1922 2482 
5923 3780 960 3851 
5924 1583 2106 2107 
5925 3535 1638 3741 
5926 1529 1225 1530 
5927 2495 2496 3473 
5928 1759 1410 1760 
5929 1370 1371 1375 
5930 1147 1322 3694 
5931 1837 1473 1838 
5932 1727 3793 3834 
5933 1503 1190 1919 
5934 1988 2507 2560 
5935 1041 1040 3749 
5936 967 966 1140 
5937 2049 2047 2630 
5938 2666 2043 2667 
5939 1385 1384 1959 
5940 1911 2589 3653 
5941 1219 1220 1225 
5942 1739 2342 2466 
5943 925 939 3644 
5944 354 355 3655 
5945 1619 2097 3726 
5946 1360 1361 1362 
5947 654 655 656 
5948 3260 3261 3769 
5949 3043 3628 3831 
5950 1646 1751 3724 
5951 869 868 870 
5952 1545 1827 3673 
5953 2328 2233 3771 
5954 2760 2068 3707 
5955 1426 1412 1427 
5956 1888 3468 3728 
5957 702 701 703 
5958 654 658 3696 
5959 2583 2772 2955 
5960 1462 1464 3641 
5961 946 1095 1097 
5962 2478 2479 2792 
5963 1079 925 3644 
5964 2674 2675 2676 
5965 3316 1275 4154 
5966 2469 3682 3714 
5967 2520 2704 2705 
5968 2446 2447 3716 
5969 2322 1761 2546 
5970 1321 200 3592 
5971 2020 1763 2396 
5972 3546 1173 3588 
5973 1774 1691 3653 
5974 3682 898 3714 
5975 758 756 3648 
5976 1016 3540 3795 
5977 1981 1982 3660 
5978 1920 1919 2475 
5979 1714 2118 3770 
5980 2149 2151 3665 
5981 2672 2673 2674 
5982 1581 1580 1583 
5983 2263 2264 2519 
5984 202 4061 4073 
5985 2674 2673 2675 
5986 706 705 709 
5987 1168 1142 1406 
5988 807 806 815 
5989 1155 1167 1195 
5990 719 720 721 
5991 2098 2587 3672 
5992 1110 1109 1111 
5993 895 894 3714 
5994 2452 3644 3772 
5995 1553 1555 3651 
5996 2006 1586 3606 
5997 2482 1922 2483 
5998 2519 2264 2520 
5999 2001 1782 2003 
6000 1608 1988 3711 
6001 1719 3005 3776 
6002 1920 2475 2476 
6003 1749 1502 1872 
6004 2107 2108 2109 
6005 1393 1483 3683 
6006 1704 1706 3731 
6007 2666 2667 2672 
6008 2520 2264 2704 
6009 2415 2493 2505 
6010 548 546 3844 
6011 2777 4013 4460 
6012 596 606 3647 
6013 1503 1919 1920 
6014 1898 3647 3810 
6015 2256 3071 3869 
6016 182 181 639 
6017 1488 1420 3914 
6018 741 739 1927 
6019 840 839 841 
6020 1375 1405 1492 
6021 1780 1454 3758 
6022 2672 2667 2673 
6023 945 921 1142 
6024 641 3578 3582 
6025 1320 1079 3644 
6026 1706 1708 3736 
6027 3416 3712 3757 
6028 1544 1174 3720 
6029 1242 3221 4330 
6030 934 788 1359 
6031 1409 1362 1410 
6032 3414 3757 3786 
6033 1897 1892 3732 
6034 1982 2344 2401 
6035 3521 2260 3845 
6036 1061 1329 3690 
6037 1768 1427 2664 
6038 1571 1570 1572 
6039 2613 2069 2622 
6040 486 3450 4366 
6041 1606 1608 3711 
6042 2491 3763 3807 
6043 3010 3014 3879 
6044 1108 1109 1110 
6045 967 1140 1141 
6046 1950 1597 3809 
6047 601 589 796 
6048 843 841 847 
6049 1195 1196 1411 
6050 848 847 851 
6051 3540 1012 3734 
6052 3257 2986 3717 
6053 762 1733 3648 
6054 3731 1706 3736 
6055 1540 1580 1581 
6056 3147 3146 3796 
6057 1540 1538 1580 
6058 1568 2021 3740 
6059 360 1327 3594 
6060 494 359 3594 
6061 756 762 3648 
6062 2159 3346 3738 
6063 1466 1468 3668 
6064 1342 924 3671 
6065 934 1359 1360 
6066 2280 1985 2419 
6067 3917 1430 3940 
6068 1889 3288 3756 
6069 2190 2192 2564 
6070 3575 1393 3683 
6071 1920 2477 3719 
6072 2467 2466 2836 
6073 3786 2474 3828 
6074 1579 277 3548 
6075 1652 927 3751 
6076 1362 1361 3652 
6077 2599 2579 2740 
6078 877 3930 3948 
6079 1457 1458 3707 
6080 973 878 3667 
6081 2594 2098 3672 
6082 1960 1519 3668 
6083 3463 3622 3801 
6084 1141 1140 1447 
6085 853 852 921 
6086 1053 1921 3698 
6087 1108 1107 1109 
6088 2591 2350 2604 
6089 364 3 1431 
6090 837 839 840 
6091 1638 1929 3741 
6092 1448 1447 1537 
6093 1453 1996 2278 
6094 1753 1457 3707 
6095 1548 891 3686 
6096 1448 1537 1538 
6097 2462 552 3666 
6098 700 699 701 
6099 619 680 3755 
6100 1385 1959 2478 
6101 615 3531 3647 
6102 832 834 845 
6103 1890 3756 3764 
6104 2271 1971 3818 
6105 1331 1333 3664 
6106 656 659 3659 
6107 2245 1493 3677 
6108 1062 1221 3765 
6109 3578 619 3755 
6110 3413 3412 3746 
6111 1200 1551 3678 
6112 968 969 1171 
6113 1547 1991 3684 
6114 3509 2474 3786 
6115 3540 3304 3795 
6116 2162 2149 3665 
6117 4057 2948 4076 
6118 1146 959 3780 
6119 3656 3657 3658 
6120 3590 2127 3785 
6121 1988 2560 3711 
6122 1528 1410 1759 
6123 1319 2317 3675 
6124 1772 1771 3750 
6125 1519 1466 3668 
6126 3679 2446 3716 
6127 2187 3474 3688 
6128 1710 1712 3752 
6129 3605 1128 3763 
6130 2194 2196 2569 
6131 2232 2246 3742 
6132 830 827 3650 
6133 2234 3416 3757 
6134 550 2461 3662 
6135 1751 2146 3724 
6136 1728 642 3718 
6137 829 827 830 
6138 1141 1447 1448 
6139 1827 2352 2354 
6140 1352 1354 3693 
6141 358 494 3593 
6142 3560 1728 3688 
6143 1201 3457 3742 
6144 1106 1107 1108 
6145 1322 1913 3694 
6146 2503 2504 2633 
6147 3429 3607 3799 
6148 969 938 1157 
6149 832 830 833 
6150 3526 3605 3763 
6151 3148 1042 3908 
6152 2373 4193 4197 
6153 1868 2044 2579 
6154 834 833 835 
6155 3478 1352 3693 
6156 2151 2341 3665 
6157 1468 2239 3668 
6158 185 184 942 
6159 1759 1760 1868 
6160 3647 3531 3810 
6161 912 2766 4187 
6162 1506 1408 3684 
6163 3221 486 4342 
6164 1978 1977 2261 
6165 840 841 843 
6166 1110 1116 3722 
6167 544 1472 3681 
6168 1839 1473 3790 
6169 843 847 848 
6170 848 851 852 
6171 3452 921 3730 
6172 1504 1445 3680 
6173 1408 1547 3684 
6174 2269 2268 3920 
6175 1020 3537 3822 
6176 1555 1852 3651 
6177 711 709 948 
6178 498 176 3613 
6179 173 1335 3612 
6180 1335 174 3614 
6181 177 1334 3613 
6182 500 172 3612 
6183 175 498 3614 
6184 1309 3662 3790 
6185 2237 3688 3840 
6186 1994 1532 1995 
6187 870 872 937 
6188 2256 715 3626 
6189 3247 3590 3785 
6190 352 353 797 
6191 4077 2757 4103 
6192 845 849 850 
6193 2368 2370 4205 
6194 1225 1226 3459 
6195 1444 1861 2263 
6196 2039 1992 3329 
6197 1872 3713 3812 
6198 664 1534 3801 
6199 650 742 3718 
6200 937 938 968 
6201 715 780 781 
6202 2241 1506 3684 
6203 1454 3696 3758 
6204 2184 2427 3775 
6205 715 781 3626 
6206 2405 2403 2576 
6207 873 741 874 
6208 3132 2384 3704 
6209 1733 793 3700 
6210 697 696 699 
6211 1858 1874 3702 
6212 1982 1980 2344 
6213 826 825 827 
6214 2452 1320 3644 
6215 749 763 3789 
6216 1958 1488 3938 
6217 489 491 662 
6218 689 690 691 
6219 1513 1986 3680 
6220 1444 1207 1628 
6221 2009 2611 2612 
6222 2210 2212 2597 
6223 3637 3310 3807 
6224 1445 1513 3680 
6225 751 749 3789 
6226 3713 2244 3812 
6227 2198 2200 2570 
6228 885 1092 3700 
6229 717 719 3685 
6230 2462 3666 3676 
6231 1861 1628 2062 
6232 1782 1503 3719 
6233 850 891 944 
6234 2538 1990 3703 
6235 1100 1403 3710 
6236 1360 1359 1361 
6237 817 818 819 
6238 870 868 872 
6239 3752 1712 3770 
6240 2220 2255 2620 
6241 3607 3530 3799 
6242 2496 2503 3473 
6243 618 619 3578 
6244 3377 3470 3754 
6245 1395 1111 3721 
6246 1437 1735 3692 
6247 654 653 655 
6248 1966 2361 3861 
6249 815 806 1105 
6250 1898 596 3647 
6251 2459 3859 3876 
6252 793 885 3700 
6253 1864 1553 3651 
6254 781 867 868 
6255 1106 1105 1107 
6256 2278 2618 2727 
6257 2736 638 4329 
6258 1990 1773 3703 
6259 2068 1753 3707 
6260 2277 3780 3851 
6261 1403 1607 3710 
6262 823 825 826 
6263 2633 2634 2635 
6264 2489 3946 3956 
6265 1855 1634 3692 
6266 1354 1370 3693 
6267 1443 1233 3857 
6268 1634 1437 3692 
6269 1712 1714 3770 
6270 693 692 696 
6271 1483 2026 3683 
6272 1326 357 3593 
6273 719 1918 3685 
6274 2202 2204 2586 
6275 944 1103 1179 
6276 1378 765 3725 
6277 646 624 647 
6278 3606 2450 3803 
6279 2026 2511 3683 
6280 815 1105 1106 
6281 926 1337 3730 
6282 1742 4014 4024 
6283 1537 1447 3687 
6284 817 816 818 
6285 1773 1909 3703 
6286 2338 1858 3702 
6287 2233 2603 3771 
6288 2242 1504 3680 
6289 894 866 3767 
6290 2261 1977 2336 
6291 2069 1768 3827 
6292 2252 1359 3735 
6293 1794 2807 2808 
6294 2097 3279 3863 
6295 2206 2208 2592 
6296 2116 2348 2803 
6297 3669 882 3739 
6298 1735 2247 3692 
6299 1529 2262 3820 
6300 3537 2428 3822 
6301 2043 1780 3758 
6302 3302 1201 3797 
6303 1050 3618 3805 
6304 819 821 1374 
6305 606 615 3647 
6306 1171 969 1172 
6307 3559 1366 3749 
6308 2273 2275 2561 
6309 1551 1864 3678 
6310 1179 1103 1228 
6311 876 965 3725 
6312 785 717 3685 
6313 3440 3526 3763 
6314 1572 1570 2060 
6315 944 891 1103 
6316 1282 1146 3780 
6317 1364 261 3649 
6318 1358 1108 3722 
6319 3290 3292 3781 
6320 850 849 891 
6321 2506 2516 2715 
6322 1997 1606 3711 
6323 852 926 3730 
6324 2414 1995 2415 
6325 1649 3656 3823 
6326 680 1378 3755 
6327 2863 2433 3928 
6328 1410 1362 3652 
6329 642 650 3718 
6330 845 834 849 
6331 957 889 3709 
6332 3667 785 3685 
6333 652 653 654 
6334 3011 3009 3879 
6335 832 833 834 
6336 3414 3786 3828 
6337 3378 3754 3792 
6338 2702 2133 3750 
6339 1044 1041 3749 
6340 829 830 832 
6341 2388 2390 2689 
6342 3742 2246 3797 
6343 2959 504 3953 
6344 499 2855 3856 
6345 937 872 938 
6346 705 703 1373 
6347 3072 3148 3788 
6348 2261 2336 2598 
6349 1502 1406 3713 
6350 3622 643 3801 
6351 968 938 969 
6352 1591 2535 3897 
6353 1476 2244 3713 
6354 2 1326 3630 
6355 1411 1412 1426 
6356 652 587 653 
6357 1460 1757 3819 
6358 959 874 960 
6359 1052 1050 3805 
6360 3549 2417 3813 
6361 2241 3684 3814 
6362 826 827 829 
6363 2435 3195 3928 
6364 805 807 808 
6365 2267 3421 3922 
6366 1111 1109 3721 
6367 2003 1782 3719 
6368 481 2783 4100 
6369 805 804 806 
6370 2912 3243 4037 
6371 239 238 3609 
6372 960 1384 1385 
6373 2044 2190 3733 
6374 260 503 3649 
6375 3571 1077 3778 
6376 3684 1991 3814 
6377 1872 1502 3713 
6378 959 960 3780 
6379 1583 2107 3715 
6380 1201 3742 3797 
6381 696 692 1365 
6382 3565 3571 3778 
6383 2754 2338 3702 
6384 1912 1737 3903 
6385 1337 1100 3710 
6386 1073 3509 3786 
6387 814 813 816 
6388 1503 1920 3719 
6389 1406 1476 3713 
6390 1204 1507 3889 
6391 1581 1583 3715 
6392 1108 1110 3722 
6393 1077 1072 3778 
6394 2415 1995 2492 
6395 2568 2133 2702 
6396 3662 2461 3790 
6397 882 946 3739 
6398 2062 2495 2572 
6399 1444 1628 1861 
6400 1072 1070 3778 
6401 835 837 3737 
6402 1190 957 3709 
6403 2246 2329 3797 
6404 2295 2809 4178 
6405 1718 2960 3616 
6406 2263 1861 2264 
6407 2371 2374 3912 
6408 687 688 689 
6409 765 876 3725 
6410 1109 1649 3721 
6411 3537 1016 3795 
6412 503 19 714 
6413 1438 1766 1786 
6414 1219 1225 1529 
6415 3749 1040 3864 
6416 3757 1073 3786 
6417 503 714 715 
6418 1846 1282 2277 
6419 1760 1410 3652 
6420 1330 1060 3773 
6421 1875 1544 3720 
6422 2608 2408 3808 
6423 1438 1186 1766 
6424 1249 3963 3993 
6425 781 780 867 
6426 2709 1253 4239 
6427 1786 2273 2274 
6428 1132 1207 1444 
6429 814 846 3977 
6430 3868 2260 3889 
6431 186 185 3701 
6432 3688 1728 3840 
6433 826 2258 3777 
6434 2051 2053 3779 
6435 590 356 3630 
6436 840 1943 3737 
6437 2350 1807 3761 
6438 691 690 692 
6439 788 711 3735 
6440 812 811 813 
6441 3109 2146 3902 
6442 3707 1458 3819 
6443 3345 269 3768 
6444 2370 2373 4197 
6445 2667 2043 3758 
6446 3585 2267 3884 
6447 1330 3773 3875 
6448 48 47 3892 
6449 3530 1915 3799 
6450 643 664 3801 
6451 3763 1128 3807 
6452 2725 1416 4206 
6453 2579 2044 3733 
6454 701 699 940 
6455 3618 2481 3805 
6456 946 1097 3739 
6457 473 95 3883 
6458 2250 1498 3806 
6459 780 714 858 
6460 921 852 3730 
6461 1740 1830 1998 
6462 939 1343 3772 
6463 1985 1749 3743 
6464 1786 1766 2273 
6465 2192 2194 3747 
6466 1361 2252 3800 
6467 1919 1190 3709 
6468 1807 1759 3761 
6469 1779 3861 3873 
6470 848 853 3744 
6471 2400 1875 3720 
6472 1943 843 3744 
6473 3853 2745 3894 
6474 2189 3652 3800 
6475 3985 2614 4466 
6476 960 874 1384 
6477 1868 2599 3761 
6478 1596 1581 3715 
6479 863 934 3846 
6480 478 484 1624 
6481 1597 1596 3809 
6482 1066 3690 3759 
6483 715 714 780 
6484 1366 1044 3749 
6485 1068 1066 3759 
6486 1360 1363 3870 
6487 810 812 1380 
6488 1391 3625 3813 
6489 2474 2471 3828 
6490 3759 2238 3760 
6491 1420 1332 3875 
6492 2909 2908 3811 
6493 3807 3310 3873 
6494 3587 1535 3792 
6495 2499 1833 3904 
6496 1991 2514 3814 
6497 672 674 766 
6498 1500 2250 2251 
6499 3711 2560 3816 
6500 2463 1916 3868 
6501 355 590 3655 
6502 503 2256 3649 
6503 2721 2720 4080 
6504 2258 829 3762 
6505 686 681 1377 
6506 493 2786 4141 
6507 1154 655 3830 
6508 350 351 1541 
6509 1277 2718 4316 
6510 1997 3711 3816 
6511 2468 3429 3799 
6512 906 3617 3815 
6513 3897 2483 3910 
6514 682 686 687 
6515 2506 2493 2515 
6516 3615 3847 3904 
6517 515 471 2879 
6518 3922 3421 3934 
6519 2715 2516 2957 
6520 2275 1766 3787 
6521 3813 2417 3866 
6522 2760 3707 3819 
6523 1749 1872 3743 
6524 2956 2947 3802 
6525 1439 1438 3806 
6526 814 816 817 
6527 1381 3220 3838 
6528 2491 3807 3873 
6529 3095 1211 4019 
6530 2196 2198 3766 
6531 1060 1058 3773 
6532 837 840 3737 
6533 3686 849 3784 
6534 1599 1198 1952 
6535 2190 2564 3733 
6536 3828 2471 3843 
6537 1473 1309 3790 
6538 2229 3587 3792 
6539 3617 3239 3815 
6540 1385 2796 3851 
6541 546 3248 3844 
6542 3890 2424 3926 
6543 2465 2006 3803 
6544 2419 1985 3743 
6545 2415 2492 2493 
6546 2980 2400 3804 
6547 3690 2238 3759 
6548 2204 2206 3753 
6549 2346 1830 2563 
6550 2505 2493 2506 
6551 690 688 920 
6552 3693 1930 3829 
6553 1058 3698 3773 
6554 4165 815 4407 
6555 2658 1866 2989 
6556 1971 2365 3818 
6557 1932 1933 3909 
6558 1128 3637 3807 
6559 2053 2116 3779 
6560 843 848 3744 
6561 3575 3683 3826 
6562 1359 788 3735 
6563 1909 1531 3848 
6564 810 809 811 
6565 600 601 611 
6566 3478 3693 3829 
6567 2006 3606 3803 
6568 587 578 3860 
6569 2720 2500 3915 
6570 3718 3425 3840 
6571 3625 3549 3813 
6572 1796 1719 3776 
6573 1226 1808 3459 
6574 763 3507 3960 
6575 2388 1950 2390 
6576 3671 918 3836 
6577 1419 1487 3848 
6578 3654 1391 3813 
6579 1186 1179 3787 
6580 1980 1978 3774 
6581 3588 2457 3793 
6582 518 540 3853 
6583 1364 3649 3869 
6584 812 813 814 
6585 2251 2595 2596 
6586 4484 1104 4510 
6587 2564 2192 3747 
6588 2448 3824 3900 
6589 1922 1052 3805 
6590 2506 2515 2516 
6591 1841 3849 3901 
6592 3524 1020 3822 
6593 711 948 3735 
6594 2239 2642 3871 
6595 3792 1535 3884 
6596 3378 3792 3884 
6597 3652 1361 3800 
6598 3533 906 3815 
6599 2486 3846 3870 
6600 647 624 665 
6601 3861 2490 3873 
6602 808 807 809 
6603 579 578 587 
6604 3799 1915 3845 
6605 689 688 690 
6606 540 3581 3853 
6607 3801 1534 3887 
6608 179 499 3856 
6609 1334 178 3856 
6610 1759 1868 3761 
6611 832 845 3762 
6612 2194 2569 3747 
6613 2853 1224 2856 
6614 2471 2472 3843 
6615 3279 3280 3863 
6616 2661 2241 3814 
6617 238 597 3609 
6618 1602 4015 4075 
6619 1917 3414 3828 
6620 676 681 682 
6621 519 3892 3893 
6622 2060 1570 3740 
6623 3169 1217 3820 
6624 1914 3788 3935 
6625 803 805 3102 
6626 2200 2202 3783 
6627 1978 2261 3774 
6628 2417 2418 3866 
6629 1453 2278 3918 
6630 821 823 3777 
6631 1179 1228 3787 
6632 1458 1460 3819 
6633 671 665 1764 
6634 3250 3546 3793 
6635 1784 871 3890 
6636 2624 1997 3816 
6637 1977 1796 3776 
6638 1488 3914 3938 
6639 655 653 3830 
6640 1570 1568 3740 
6641 1740 1576 1830 
6642 2244 2636 3812 
6643 2208 2210 3748 
6644 3754 2229 3792 
6645 2322 2546 2669 
6646 834 835 3784 
6647 3546 3588 3793 
6648 3531 3441 3810 
6649 2499 3909 3915 
6650 2146 2147 3902 
6651 3793 2457 3834 
6652 2569 2196 3766 
6653 2929 2252 3921 
6654 1827 2354 3673 
6655 2488 2487 3948 
6656 797 2708 4104 
6657 2248 3478 3829 
6658 3820 2262 3908 
6659 1532 1381 3838 
6660 2486 3709 3846 
6661 2468 3799 3845 
6662 4375 1315 4387 
6663 2590 3920 3933 
6664 2303 2735 3981 
6665 3847 2259 3904 
6666 1917 3828 3843 
6667 3615 2453 3847 
6668 3773 2484 3875 
6669 877 3101 3992 
6670 814 817 846 
6671 3656 3658 3823 
6672 1236 2889 3854 
6673 3559 3749 3864 
6674 835 3737 3784 
6675 2481 3556 3910 
6676 2278 1996 2618 
6677 3111 3452 3824 
6678 3698 2484 3773 
6679 1097 1095 3794 
6680 1067 1068 3886 
6681 2198 2570 3766 
6682 3524 3822 3835 
6683 3845 2260 3868 
6684 803 804 805 
6685 810 811 812 
6686 1913 1484 3880 
6687 3643 1913 3880 
6688 1138 1139 3881 
6689 3507 2166 3943 
6690 1095 1132 3794 
6691 3228 2757 4077 
6692 2704 2264 3791 
6693 829 832 3762 
6694 675 673 888 
6695 1426 1427 1768 
6696 3968 1548 3996 
6697 2400 3720 3804 
6698 1136 2119 3947 
6699 1630 2014 3939 
6700 1739 2467 3880 
6701 3683 2511 3826 
6702 2531 3942 3951 
6703 2729 2039 3329 
6704 3203 1534 3937 
6705 2457 2458 3834 
6706 1433 3575 3826 
6707 1908 3524 3835 
6708 3654 3813 3866 
6709 483 20 3896 
6710 1861 2062 3791 
6711 2344 1980 3774 
6712 3628 710 3831 
6713 3745 2248 3829 
6714 2570 2200 3783 
6715 849 834 3784 
6716 687 686 688 
6717 2390 1950 3809 
6718 3309 3245 3955 
6719 871 3633 3890 
6720 1495 1993 3865 
6721 2061 1917 3843 
6722 2975 2303 3981 
6723 2116 2803 3779 
6724 18 239 2337 
6725 3709 889 3846 
6726 1766 1186 3787 
6727 1915 3521 3845 
6728 479 263 3906 
6729 2336 1977 3776 
6730 1820 1490 3934 
6731 611 612 623 
6732 2586 2204 3753 
6733 2622 2069 3827 
6734 2615 3940 3966 
6735 1908 3835 3847 
6736 1195 1411 1428 
6737 3714 894 3872 
6738 1500 1498 2250 
6739 1444 2263 3794 
6740 2453 1908 3847 
6741 1150 1155 1382 
6742 2277 1282 3780 
6743 918 3695 3836 
6744 2062 2572 3791 
6745 3057 2279 3991 
6746 1998 1830 2346 
6747 3310 1779 3873 
6748 4015 3079 4075 
6749 2350 3761 3867 
6750 178 179 3856 
6751 3772 1446 3833 
6752 2202 2586 3783 
6753 4280 3108 4496 
6754 451 452 3944 
6755 3238 3671 3836 
6756 1426 1768 2009 
6757 3005 3006 3839 
6758 803 801 804 
6759 2907 2710 3899 
6760 2206 2592 3753 
6761 674 675 676 
6762 889 863 3846 
6763 1171 1172 3877 
6764 531 2721 4129 
6765 823 826 3777 
6766 2667 3758 3882 
6767 3797 2329 3859 
6768 4330 3221 4342 
6769 2291 3057 3968 
6770 682 681 686 
6771 1572 2060 3798 
6772 1374 821 3777 
6773 496 518 3853 
6774 262 1364 3906 
6775 2264 1861 3791 
6776 2237 3840 3907 
6777 2210 2597 3748 
6778 808 809 810 
6779 1132 1444 3794 
6780 1728 3718 3840 
6781 3758 3696 3882 
6782 1233 1914 3857 
6783 2445 2439 3961 
6784 2346 2563 2697 
6785 1219 1529 3820 
6786 3903 2269 3920 
6787 741 1927 3832 
6788 3302 3797 3859 
6789 1217 1219 3820 
6790 2987 3302 3859 
6791 2009 2069 2611 
6792 3649 2256 3869 
6793 2009 1768 2069 
6794 2858 2452 3833 
6795 3425 1491 3907 
6796 623 624 646 
6797 1531 1419 3848 
6798 2611 2069 2613 
6799 805 808 3102 
6800 910 3533 3913 
6801 2954 3240 3878 
6802 1534 712 3937 
6803 1438 1786 3806 
6804 3463 3801 3887 
6805 2831 2837 2838 
6806 1995 1532 3838 
6807 2465 3803 3855 
6808 1574 1572 3798 
6809 185 942 3701 
6810 1576 1574 3825 
6811 2461 2462 3849 
6812 1779 1966 3861 
6813 1839 3790 3849 
6814 2592 2208 3748 
6815 2262 2257 3935 
6816 2441 2814 3961 
6817 2743 1824 4385 
6818 3004 663 4194 
6819 646 647 683 
6820 4366 3450 4375 
6821 3240 3241 3878 
6822 1144 3055 4489 
6823 578 1743 3860 
6824 3761 2599 3867 
6825 3432 1927 3919 
6826 1384 874 3832 
6827 2652 2114 3854 
6828 3778 1070 3886 
6829 1916 2468 3868 
6830 4342 486 4366 
6831 2490 2491 3873 
6832 3565 3778 3886 
6833 2251 2250 2595 
6834 657 1154 3925 
6835 2766 912 4198 
6836 2492 1995 3838 
6837 456 504 2959 
6838 3790 2461 3849 
6839 95 94 3883 
6840 2216 2218 2222 
6841 504 582 583 
6842 3009 3010 3879 
6843 2998 2003 4448 
6844 676 675 681 
6845 2790 1757 4164 
6846 662 491 3894 
6847 877 760 3930 
6848 2469 3714 3872 
6849 3880 2467 3943 
6850 799 795 1869 
6851 2270 3559 3864 
6852 2009 2612 3862 
6853 646 683 1453 
6854 2329 2916 3876 
6855 3577 2602 3966 
6856 1040 2981 3864 
6857 3789 763 3841 
6858 2452 3772 3833 
6859 2738 2465 3855 
6860 3946 2138 3956 
6861 3533 3180 3913 
6862 3169 3820 3908 
6863 2890 2305 3905 
6864 578 537 1743 
6865 3805 2481 3910 
6866 3930 3570 3948 
6867 3648 3570 3930 
6868 264 479 3941 
6869 484 489 3852 
6870 758 3648 3930 
6871 672 673 674 
6872 1394 1171 3877 
6873 3102 808 3817 
6874 2618 1996 2626 
6875 1786 2274 3936 
6876 802 801 803 
6877 3553 3182 3965 
6878 1960 3668 3871 
6879 1332 1330 3875 
6880 519 48 3892 
6881 2228 3654 3866 
6882 2563 1830 3825 
6883 3668 2239 3871 
6884 2260 1204 3889 
6885 3198 3463 3887 
6886 2323 2297 3979 
6887 934 1360 3870 
6888 2615 2476 3940 
6889 1453 1755 1996 
6890 2604 2350 3867 
6891 1922 3805 3910 
6892 3788 2262 3935 
6893 2348 2864 3972 
6894 1149 1185 3916 
6895 1214 1216 3956 
6896 1535 3585 3884 
6897 489 662 3852 
6898 3390 4017 4069 
6899 1484 1739 3880 
6900 3030 3028 4147 
6901 1943 3217 3929 
6902 810 1380 3817 
6903 720 669 3949 
6904 3990 2535 4035 
6905 698 266 3952 
6906 3840 3425 3907 
6907 874 741 3832 
6908 321 23 794 
6909 491 496 3894 
6910 674 673 675 
6911 3884 2267 3922 
6912 1070 1067 3886 
6913 2499 3904 3909 
6914 3667 3685 3891 
6915 653 587 3860 
6916 666 671 672 
6917 3886 1068 3942 
6918 496 3853 3894 
6919 3685 1918 3891 
6920 263 262 3906 
6921 2673 2667 3882 
6922 894 3767 3872 
6923 960 1385 3851 
6924 1737 2448 3903 
6925 2546 1761 3850 
6926 1927 3582 3919 
6927 647 665 666 
6928 2315 1784 3890 
6929 686 1377 3842 
6930 1755 683 1761 
6931 1830 1576 3825 
6932 1453 683 1755 
6933 1042 3169 3908 
6934 504 583 3953 
6935 1944 2322 2687 
6936 1574 3798 3825 
6937 2492 3838 3947 
6938 2218 2220 3782 
6939 1944 1761 2322 
6940 3849 2462 3901 
6941 2468 3845 3868 
6942 2489 3202 3973 
6943 1416 483 3896 
6944 3710 2269 3900 
6945 2489 2270 3946 
6946 2259 1932 3909 
6947 1377 681 3858 
6948 3578 3755 3919 
6949 1836 3029 4039 
6950 920 688 3842 
6951 2373 2371 3912 
6952 2268 2624 3933 
6953 3838 3220 3947 
6954 2831 2223 2837 
6955 665 624 3729 
6956 1855 3692 3874 
6957 1420 3875 3914 
6958 3859 2329 3876 
6959 3226 3667 3891 
6960 808 810 3817 
6961 3830 653 3860 
6962 2981 2138 3946 
6963 2252 3735 3921 
6964 2378 259 2950 
6965 3692 2247 3874 
6966 2147 2162 3902 
6967 2301 2748 3987 
6968 3735 948 3921 
6969 2440 2438 4394 
6970 1337 3710 3900 
6971 1582 1948 4011 
6972 1833 3615 3904 
6973 700 1223 4004 
6974 3556 1591 3897 
6975 672 671 673 
6976 2462 3676 3901 
6977 2337 239 3609 
6978 611 623 640 
6979 3696 658 3882 
6980 3024 1235 4060 
6981 3125 2045 4561 
6982 4262 3344 4363 
6983 2276 3449 4064 
6984 2500 2499 3915 
6985 1912 3903 3920 
6986 2484 2482 3914 
6987 948 709 3945 
6988 2276 2237 3907 
6989 3643 3880 3943 
6990 1139 1150 3881 
6991 3553 910 3913 
6992 2673 3882 3927 
6993 2629 2294 3997 
6994 3973 3202 3982 
6995 2295 2010 2573 
6996 666 665 671 
6997 2483 1922 3910 
6998 2634 2504 4009 
6999 675 888 3858 
7000 3129 3665 3963 
7001 705 1373 3945 
7002 1939 2489 3973 
7003 2358 1940 3973 
7004 4194 663 4199 
7005 1923 3378 3922 
7006 688 686 3842 
7007 3824 1337 3900 
7008 3882 658 3927 
7009 660 657 3925 
7010 2497 2943 3931 
7011 573 3047 4096 
7012 734 697 4004 
7013 800 799 801 
7014 1512 1198 1599 
7015 800 802 1197 
7016 3676 4143 4200 
7017 1880 1599 2010 
7018 3965 3182 3998 
7019 3192 1256 4353 
7020 2502 3984 3997 
7021 1952 1198 3898 
7022 794 23 795 
7023 914 3553 3965 
7024 4257 3270 4315 
7025 1512 1880 2272 
7026 1197 802 1198 
7027 2433 2435 3928 
7028 3665 2341 3963 
7029 2959 3953 3995 
7030 3870 1363 3917 
7031 2337 3609 3957 
7032 1241 3004 4190 
7033 3582 3578 3919 
7034 658 3659 3927 
7035 3378 3884 3922 
7036 1923 3922 3934 
7037 1624 484 3852 
7038 1365 692 3954 
7039 671 1764 3885 
7040 1271 2771 4256 
7041 1764 665 3729 
7042 2475 2486 3917 
7043 1197 1198 1512 
7044 588 600 1633 
7045 1411 1426 3862 
7046 3784 3737 3929 
7047 798 795 799 
7048 3049 2315 3926 
7049 4040 2334 4056 
7050 1398 3313 4159 
7051 2506 2715 3957 
7052 2220 2620 3782 
7053 2315 3890 3926 
7054 2258 2977 3971 
7055 1490 1923 3934 
7056 1755 1761 1944 
7057 3159 1960 4377 
7058 681 675 3858 
7059 888 673 3885 
7060 3875 2484 3914 
7061 3175 1191 4331 
7062 2295 2573 2574 
7063 760 758 3930 
7064 2250 3806 3936 
7065 1318 3156 4334 
7066 800 801 802 
7067 3940 1430 3966 
7068 1428 1411 3862 
7069 2032 2539 4001 
7070 2675 2673 3927 
7071 2993 3565 3942 
7072 3686 3784 3929 
7073 568 2841 4109 
7074 3897 2535 3990 
7075 3285 1306 4428 
7076 1373 703 3962 
7077 2600 3085 4033 
7078 3914 2482 3938 
7079 2657 2716 4079 
7080 690 920 3954 
7081 231 230 1238 
7082 2257 2862 3935 
7083 3817 1380 3923 
7084 1512 1599 1880 
7085 3205 501 4032 
7086 712 784 3937 
7087 1880 2010 2295 
7088 3593 494 4098 
7089 1150 1382 3881 
7090 3565 3886 3942 
7091 2014 2554 3939 
7092 265 264 3941 
7093 1426 2009 3862 
7094 1485 1323 4006 
7095 647 666 3850 
7096 2515 3976 4019 
7097 701 940 3962 
7098 2317 3074 4084 
7099 3919 3755 3974 
7100 2270 3864 3946 
7101 322 321 3837 
7102 683 647 3850 
7103 3904 2259 3909 
7104 1953 2536 4010 
7105 660 3925 3949 
7106 1633 2730 4299 
7107 3737 1943 3929 
7108 676 682 4023 
7109 803 3102 3898 
7110 2222 2218 3782 
7111 1539 1540 4011 
7112 1375 1492 3984 
7113 696 1365 3970 
7114 2595 2250 3936 
7115 2431 3332 4267 
7116 3507 3943 3960 
7117 1431 3 2918 
7118 768 877 3992 
7119 2482 2483 3938 
7120 2475 3917 3940 
7121 3864 2981 3946 
7122 2629 3958 4446 
7123 3808 2554 4343 
7124 1523 1526 4003 
7125 47 46 4016 
7126 709 705 3945 
7127 669 660 3949 
7128 2544 2545 4018 
7129 940 699 3970 
7130 2476 2475 3940 
7131 539 2999 3985 
7132 452 1191 3944 
7133 3920 2268 3933 
7134 1397 3094 4038 
7135 3091 2698 4312 
7136 2940 2290 3950 
7137 3570 2488 3948 
7138 3264 3263 4168 
7139 2970 2613 4119 
7140 2620 2621 2699 
7141 2515 2493 3976 
7142 2534 3965 3998 
7143 3955 3245 3967 
7144 2075 3079 4015 
7145 3263 296 4038 
7146 3094 3093 4151 
7147 798 799 800 
7148 819 1374 3986 
7149 2318 2762 4116 
7150 802 803 3898 
7151 1767 2775 4364 
7152 1602 1440 4015 
7153 1515 2075 4015 
7154 3324 3327 4036 
7155 1742 1469 4014 
7156 230 229 3888 
7157 1898 3428 3953 
7158 3759 3760 3951 
7159 3883 94 3978 
7160 2263 2519 4021 
7161 3543 1590 4028 
7162 3774 2261 3999 
7163 295 1397 4038 
7164 1838 2784 4292 
7165 2166 3643 3943 
7166 265 3941 3952 
7167 564 3051 4128 
7168 266 265 3952 
7169 3992 3101 4043 
7170 2486 3870 3917 
7171 2803 2348 3972 
7172 4089 2879 4125 
7173 4387 3475 4415 
7174 3220 1136 3947 
7175 3725 3543 3994 
7176 1810 2629 4037 
7177 673 671 3885 
7178 1103 1548 4005 
7179 2735 2302 4140 
7180 3953 3428 3995 
7181 1593 1946 4026 
7182 2783 2782 4136 
7183 1537 3687 4069 
7184 2902 2304 3959 
7185 2280 2419 4002 
7186 812 814 3977 
7187 646 1453 3918 
7188 3096 3097 4031 
7189 3806 1786 3936 
7190 4130 1114 4449 
7191 2840 2293 4049 
7192 794 795 798 
7193 3729 4359 4434 
7194 1198 802 3898 
7195 3273 3432 3974 
7196 2138 1214 3956 
7197 235 936 4079 
7198 804 801 3895 
7199 472 3479 4033 
7200 2865 2866 4330 
7201 583 1898 3953 
7202 2099 3188 4044 
7203 4028 1590 4047 
7204 2626 1996 3924 
7205 801 799 3895 
7206 623 646 3918 
7207 693 734 4060 
7208 3432 3919 3974 
7209 692 690 3954 
7210 1235 691 4060 
7211 3927 3659 3955 
7212 3534 4021 4044 
7213 2617 2135 3958 
7214 2074 1848 4008 
7215 3217 3216 3996 
7216 3116 1986 4170 
7217 1580 1538 4017 
7218 3942 1068 3951 
7219 3951 3760 4000 
7220 1996 1755 3924 
7221 1195 1428 3975 
7222 1901 3519 4036 
7223 799 1869 3895 
7224 2682 2007 4035 
7225 1382 1155 3975 
7226 2952 2113 4059 
7227 846 817 3986 
7228 2914 2296 3964 
7229 560 2845 4138 
7230 2675 3927 3955 
7231 3552 2231 4022 
7232 2757 2323 4103 
7233 410 411 4045 
7234 1068 3759 3951 
7235 3438 3513 4041 
7236 2439 2441 3961 
7237 640 623 3918 
7238 154 153 4054 
7239 3214 2779 4560 
7240 2478 2792 4025 
7241 2440 3222 4393 
7242 1761 683 3850 
7243 2530 4000 4010 
7244 703 701 3962 
7245 4014 2536 4024 
7246 3659 3309 3955 
7247 3645 2351 4046 
7248 1559 1836 4039 
7249 4332 498 4373 
7250 2555 1926 4051 
7251 1350 2763 4371 
7252 3266 3265 4179 
7253 323 322 2309 
7254 4190 3004 4194 
7255 586 2739 4485 
7256 1852 1557 4039 
7257 3980 1197 3988 
7258 2505 2506 3957 
7259 2341 2768 3963 
7260 274 2785 4361 
7261 1958 3938 3990 
7262 1430 3577 3966 
7263 1390 2959 3995 
7264 1818 2334 4040 
7265 2467 2836 3960 
7266 3216 2291 3968 
7267 140 139 4058 
7268 2050 2082 4101 
7269 2712 2473 4046 
7270 4111 562 4470 
7271 3777 2258 3971 
7272 1755 1944 3924 
7273 3695 914 3965 
7274 3273 3974 3994 
7275 1973 1974 4055 
7276 202 201 4061 
7277 3898 3102 3983 
7278 417 4070 4269 
7279 1590 3670 4047 
7280 2531 3951 4000 
7281 1952 3898 3983 
7282 1958 3990 4035 
7283 2556 2555 4067 
7284 3947 2119 3976 
7285 3365 4085 4281 
7286 417 418 4070 
7287 1820 4201 4286 
7288 672 766 4007 
7289 2530 2531 4000 
7290 2676 2675 3967 
7291 279 278 4062 
7292 699 696 3970 
7293 164 2970 4119 
7294 3929 3217 3996 
7295 3307 3484 4427 
7296 94 8 3978 
7297 3995 2316 4020 
7298 3968 3057 4005 
7299 2668 2352 4086 
7300 1242 2866 4301 
7301 2706 2052 4101 
7302 2949 1511 4400 
7303 1940 1939 3973 
7304 420 421 4072 
7305 1206 93 4123 
7306 154 4054 4298 
7307 3686 3929 3996 
7308 2297 2299 3979 
7309 1335 4351 4354 
7310 2945 493 4418 
7311 3080 530 4150 
7312 2716 2414 4068 
7313 3482 2690 4313 
7314 3658 1869 4013 
7315 3943 2467 3960 
7316 3976 2119 4019 
7317 344 343 4082 
7318 2472 2712 4083 
7319 429 430 4081 
7320 887 3033 4029 
7321 2534 3695 3965 
7322 3428 2316 3995 
7323 2188 2276 4064 
7324 2935 2389 4139 
7325 3171 933 4091 
7326 3775 3992 4043 
7327 777 165 4119 
7328 1155 1195 3975 
7329 196 539 4094 
7330 1380 812 3977 
7331 3979 2299 3987 
7332 1296 2934 4117 
7333 2449 1947 4034 
7334 2415 2505 4068 
7335 3202 1602 3982 
7336 3969 1930 3984 
7337 3745 3829 3969 
7338 1374 3777 3971 
7339 2875 3745 3969 
7340 2822 2819 4173 
7341 794 798 1452 
7342 2493 2492 3976 
7343 3755 1378 3974 
7344 4129 2721 4153 
7345 2513 2358 3982 
7346 321 794 3837 
7347 3963 2768 3993 
7348 410 4045 4265 
7349 2670 4391 4409 
7350 1867 887 4029 
7351 3829 1930 3969 
7352 2991 2990 4144 
7353 1930 1375 3984 
7354 3998 2033 4001 
7355 3365 3362 4085 
7356 1512 2272 3988 
7357 817 819 3986 
7358 3119 3121 4285 
7359 2882 2880 4532 
7360 3823 4013 4404 
7361 3541 197 4094 
7362 2299 2301 3987 
7363 3233 4234 4529 
7364 4078 2087 4214 
7365 303 481 4100 
7366 607 3069 4300 
7367 3974 1378 3994 
7368 229 228 3911 
7369 4047 3670 4071 
7370 2809 2807 4178 
7371 3426 2460 4360 
7372 3957 2715 4410 
7373 1256 304 4100 
7374 4061 2733 4073 
7375 2623 3139 4494 
7376 2533 3998 4001 
7377 1392 2812 4226 
7378 3594 1327 4095 
7379 4000 1954 4010 
7380 2279 2565 3991 
7381 2675 3955 3967 
7382 162 161 4099 
7383 324 323 3932 
7384 3438 4041 4255 
7385 3182 2033 3998 
7386 1548 3968 4005 
7387 1848 2533 4008 
7388 2537 3893 4476 
7389 3534 1097 4021 
7390 3635 3368 4088 
7391 2807 2272 4178 
7392 865 768 3992 
7393 2768 3283 3993 
7394 1390 3995 4020 
7395 3817 3923 3983 
7396 2850 1867 4029 
7397 2294 2502 3997 
7398 3437 3436 4106 
7399 2546 3850 4007 
7400 569 573 4096 
7401 2533 2534 3998 
7402 3102 3817 3983 
7403 4439 2659 4443 
7404 563 562 4111 
7405 2337 3957 4410 
7406 1197 1512 3988 
7407 3227 1372 4322 
7408 2537 2538 4348 
7409 2492 3947 3976 
7410 2319 2600 4121 
7411 3936 2274 3989 
7412 2812 1392 4227 
7413 3760 1954 4000 
7414 3775 865 3992 
7415 2033 2032 4001 
7416 1933 3472 4080 
7417 4010 2536 4014 
7418 2261 2598 3999 
7419 92 487 4123 
7420 3185 2659 4439 
7421 2870 4098 4571 
7422 1378 3725 3994 
7423 4019 1211 4057 
7424 3632 3631 4102 
7425 1097 3794 4021 
7426 3850 666 4007 
7427 3176 3173 4122 
7428 2566 2280 4002 
7429 3867 954 4550 
7430 2360 2680 4115 
7431 2934 2540 4117 
7432 3670 1539 4071 
7433 2541 2544 4117 
7434 4001 2539 4008 
7435 4097 2565 4113 
7436 1323 1769 4006 
7437 2463 3086 4034 
7438 3994 3543 4028 
7439 697 700 4004 
7440 186 3701 4065 
7441 1825 1523 4003 
7442 2504 2797 4009 
7443 3675 2317 4084 
7444 2682 4035 4040 
7445 344 4082 4487 
7446 4176 2598 4181 
7447 2720 3915 4080 
7448 565 568 4109 
7449 2096 2935 4012 
7450 1238 230 3888 
7451 3467 505 4116 
7452 315 472 4118 
7453 592 608 4114 
7454 4306 2746 4325 
7455 800 1197 3980 
7456 3924 4203 4562 
7457 3056 1743 4089 
7458 2659 3424 4443 
7459 350 1541 4066 
7460 1548 3686 3996 
7461 2212 2214 4107 
7462 2254 3213 4551 
7463 1540 1582 4011 
7464 2119 3095 4019 
7465 1954 1953 4010 
7466 3491 594 4114 
7467 3861 2361 4108 
7468 1491 3000 4050 
7469 2726 3020 4215 
7470 3201 2143 4442 
7471 2066 226 4445 
7472 4098 2983 4505 
7473 2483 3897 3990 
7474 2834 2835 4319 
7475 1228 1103 4005 
7476 2989 1500 4303 
7477 3839 3006 4092 
7478 1947 2463 4034 
7479 2240 1742 4024 
7480 3938 2483 3990 
7481 2545 2859 4404 
7482 3655 2707 4291 
7483 3830 3860 4048 
7484 666 672 4007 
7485 34 2788 4149 
7486 1842 2061 4124 
7487 2949 2626 4296 
7488 69 531 4129 
7489 1276 70 4129 
7490 3213 3214 4238 
7491 2682 4040 4056 
7492 520 3096 4031 
7493 1918 3228 4077 
7494 3375 1390 4020 
7495 1469 2530 4014 
7496 2274 3235 4374 
7497 3056 4089 4125 
7498 161 160 4135 
7499 1774 3653 4122 
7500 3595 2057 4120 
7501 505 3375 4030 
7502 1440 1515 4015 
7503 46 633 4016 
7504 352 797 4104 
7505 3619 4326 4370 
7506 2731 1633 4379 
7507 2778 476 4018 
7508 3322 3323 4132 
7509 798 800 3980 
7510 4054 1265 4456 
7511 3150 3743 4402 
7512 2316 2292 4020 
7513 561 564 4128 
7514 1123 3201 4429 
7515 3033 2449 4029 
7516 3101 2549 4043 
7517 3484 1307 4427 
7518 648 2982 4213 
7519 682 713 4023 
7520 4383 2800 4564 
7521 3619 2013 4326 
7522 3011 3830 4048 
7523 3375 4020 4030 
7524 2824 2822 4173 
7525 183 182 4131 
7526 1538 1537 4017 
7527 599 3152 4161 
7528 515 2879 4089 
7529 4043 2549 4051 
7530 2634 4009 4110 
7531 2309 322 3837 
7532 2565 2566 4113 
7533 1541 351 4104 
7534 4018 3443 4481 
7535 2061 3843 4083 
7536 1946 3552 4022 
7537 4107 2214 4526 
7538 2293 2891 4049 
7539 2796 2478 4025 
7540 1743 537 4089 
7541 3272 3273 4028 
7542 3893 2643 4476 
7543 1965 2490 4108 
7544 1257 2780 4340 
7545 2418 3270 4257 
7546 2536 2537 4024 
7547 1956 1593 4026 
7548 2309 4087 4417 
7549 2595 3936 3989 
7550 1956 4026 4027 
7551 2388 2689 4142 
7552 1112 1114 4130 
7553 4020 2292 4030 
7554 3907 1491 4050 
7555 3224 3205 4032 
7556 2318 1956 4027 
7557 2512 4159 4563 
7558 4157 2774 4320 
7559 3086 2850 4034 
7560 1246 9 4537 
7561 557 560 4138 
7562 3060 2528 4349 
7563 938 872 4137 
7564 3391 3390 4069 
7565 2292 2318 4030 
7566 3243 1810 4037 
7567 1196 2949 4296 
7568 2113 2656 4059 
7569 2719 1277 4382 
7570 2289 2810 4164 
7571 3323 3324 4036 
7572 4429 3201 4442 
7573 634 2809 4397 
7574 3794 2263 4021 
7575 3085 3447 4033 
7576 63 1398 4150 
7577 3944 1191 4352 
7578 609 3733 4517 
7579 3787 1228 4097 
7580 530 64 4150 
7581 3062 3064 4224 
7582 3821 796 4349 
7583 3753 4521 4523 
7584 2744 2746 4306 
7585 2834 508 4313 
7586 3259 2525 4251 
7587 4419 4396 4525 
7588 922 3213 4238 
7589 3442 2576 4202 
7590 2555 4051 4055 
7591 55 1253 4156 
7592 3272 4028 4047 
7593 3294 2632 4337 
7594 1846 2277 4127 
7595 3321 533 4158 
7596 2389 4142 4432 
7597 770 4181 4185 
7598 2099 4044 4052 
7599 685 35 4149 
7600 1327 361 4141 
7601 362 493 4141 
7602 2349 2591 4148 
7603 2007 1958 4035 
7604 3542 2602 4411 
7605 528 56 4156 
7606 3021 2548 4341 
7607 3891 1918 4077 
7608 1433 2800 4383 
7609 3827 2664 4204 
7610 2881 577 4488 
7611 296 295 4038 
7612 436 1241 4176 
7613 3774 3999 4190 
7614 1557 1559 4039 
7615 2278 2727 4288 
7616 102 1246 4184 
7617 440 3442 4202 
7618 1223 3037 4253 
7619 2806 2802 4087 
7620 4216 2658 4311 
7621 4041 2363 4042 
7622 2539 2714 4328 
7623 2535 1818 4040 
7624 485 103 4184 
7625 2363 2607 4042 
7626 3676 3666 4143 
7627 3513 2363 4041 
7628 4203 2687 4568 
7629 3100 908 4187 
7630 2373 3912 4480 
7631 180 13 4157 
7632 3273 3994 4028 
7633 487 91 4163 
7634 4078 3275 4431 
7635 4510 2882 4532 
7636 2686 2593 4462 
7637 90 1399 4163 
7638 3136 4165 4407 
7639 2027 1843 4151 
7640 2184 4043 4051 
7641 780 858 4133 
7642 2036 2035 4160 
7643 3300 631 4232 
7644 4461 2686 4462 
7645 411 708 4045 
7646 3188 3534 4044 
7647 4232 631 4241 
7648 663 439 4202 
7649 2288 3159 4344 
7650 2983 4134 4505 
7651 2334 2661 4105 
7652 2071 2072 4182 
7653 1252 3098 4229 
7654 3315 528 4105 
7655 3888 229 3911 
7656 794 1452 3837 
7657 909 912 4187 
7658 2533 4001 4008 
7659 2527 1412 4296 
7660 1926 2184 4051 
7661 2479 3272 4047 
7662 2538 3703 4229 
7663 2473 3645 4046 
7664 1274 3300 4223 
7665 3899 2710 4031 
7666 3218 1274 4218 
7667 2464 2645 4217 
7668 1452 798 3980 
7669 153 1265 4054 
7670 1824 2910 4358 
7671 2742 2421 4305 
7672 4054 2705 4298 
7673 3419 3420 4255 
7674 770 434 4181 
7675 2419 3150 4405 
7676 4127 2935 4139 
7677 2703 2411 4174 
7678 4255 3420 4258 
7679 2828 2312 4160 
7680 2807 2805 4533 
7681 2549 1973 4055 
7682 3230 4203 4568 
7683 1757 3641 4164 
7684 187 186 4065 
7685 349 350 4066 
7686 2519 2520 4052 
7687 2184 3775 4043 
7688 4228 2607 4244 
7689 2087 3218 4214 
7690 1255 3147 4211 
7691 3991 2565 4097 
7692 2788 2789 4149 
7693 2410 2991 4174 
7694 1399 89 4186 
7695 3503 140 4058 
7696 2683 2682 4056 
7697 225 1104 4445 
7698 828 811 4189 
7699 807 815 4165 
7700 2730 2729 4293 
7701 4070 3351 4269 
7702 3421 2271 4201 
7703 433 770 4195 
7704 4214 3218 4218 
7705 88 626 4186 
7706 3369 3367 4281 
7707 691 693 4060 
7708 1847 2074 4170 
7709 4085 773 4281 
7710 278 1579 4062 
7711 4052 2520 4063 
7712 201 1321 4061 
7713 492 129 4222 
7714 872 868 4162 
7715 2102 1740 4204 
7716 2386 2966 4321 
7717 1769 3268 4242 
7718 3068 931 4251 
7719 2781 1257 4414 
7720 431 432 4208 
7721 2479 4047 4071 
7722 2480 4077 4103 
7723 2530 4010 4014 
7724 4036 3519 4490 
7725 2677 4111 4470 
7726 3038 3041 4253 
7727 4045 3066 4265 
7728 4223 3300 4232 
7729 2842 514 4423 
7730 2678 4130 4449 
7731 2516 2515 4057 
7732 3363 3361 4283 
7733 53 520 4239 
7734 4218 1274 4223 
7735 2317 2188 4064 
7736 4041 3419 4255 
7737 2782 2556 4067 
7738 2520 2705 4063 
7739 3999 2598 4176 
7740 127 1392 4226 
7741 4521 521 4523 
7742 2662 2638 4091 
7743 108 502 4248 
7744 22 516 4413 
7745 2745 2744 4306 
7746 2354 2668 4144 
7747 1253 54 4239 
7748 2480 3891 4077 
7749 323 2309 3932 
7750 916 917 4238 
7751 3147 3818 4211 
7752 3345 3768 4392 
7753 3135 3134 4217 
7754 1387 109 4248 
7755 112 523 4233 
7756 418 775 4070 
7757 234 233 4293 
7758 405 575 4228 
7759 1281 113 4233 
7760 3340 3342 4275 
7761 2271 3796 4201 
7762 3860 1743 4048 
7763 2773 2774 4310 
7764 1172 3002 4343 
7765 2021 4370 4378 
7766 1787 1850 4196 
7767 114 1281 4246 
7768 2893 4332 4373 
7769 3337 3336 4275 
7770 631 403 4244 
7771 123 1271 4256 
7772 525 124 4256 
7773 527 115 4246 
7774 427 772 4230 
7775 2562 2766 4198 
7776 4266 2526 4268 
7777 2276 3907 4050 
7778 602 442 4301 
7779 2414 2415 4068 
7780 2584 2582 4304 
7781 2704 4220 4565 
7782 3350 3351 4247 
7783 424 773 4235 
7784 2637 2662 4082 
7785 2379 2381 4274 
7786 233 232 4299 
7787 539 3985 4466 
7788 3065 3066 4245 
7789 203 202 4073 
7790 2383 3435 4258 
7791 1228 3991 4097 
7792 83 82 4074 
7793 3349 2526 4266 
7794 538 638 4307 
7795 2610 2038 4240 
7796 425 426 4252 
7797 2607 2362 4241 
7798 2376 2379 4271 
7799 3001 3002 4341 
7800 4461 1777 4472 
7801 3420 3455 4263 
7802 3356 3357 4250 
7803 422 423 4259 
7804 2416 2812 4227 
7805 4234 3233 4398 
7806 4035 2535 4040 
7807 2522 2660 4294 
7808 2375 2376 4270 
7809 2576 3442 4207 
7810 419 420 4264 
7811 2792 2479 4071 
7812 421 774 4072 
7813 637 409 4265 
7814 4271 2379 4274 
7815 443 1242 4301 
7816 510 2848 4314 
7817 2711 2523 4294 
7818 776 416 4269 
7819 2526 2375 4268 
7820 2357 2512 4236 
7821 4270 2376 4271 
7822 2576 2403 4199 
7823 396 397 4078 
7824 3672 2587 4456 
7825 858 4059 4516 
7826 4259 3363 4283 
7827 4143 2641 4200 
7828 2661 3814 4154 
7829 1604 1421 4240 
7830 2750 2558 4243 
7831 2814 2508 4206 
7832 4082 2662 4487 
7833 610 155 4298 
7834 280 21 4430 
7835 598 3192 4399 
7836 4268 2375 4270 
7837 2405 2576 4207 
7838 2557 2732 4243 
7839 2516 4057 4076 
7840 844 818 4295 
7841 236 235 4079 
7842 4266 776 4269 
7843 2430 2228 4257 
7844 1486 98 4282 
7845 430 771 4081 
7846 1618 1945 4279 
7847 21 279 4430 
7848 2879 1210 4125 
7849 1380 3977 4140 
7850 1935 1620 4279 
7851 626 87 4278 
7852 4252 3369 4281 
7853 343 599 4082 
7854 3594 4095 4571 
7855 1879 3185 4474 
7856 2518 2724 4260 
7857 428 429 4261 
7858 813 828 4272 
7859 2829 3821 4349 
7860 3484 3307 4406 
7861 3362 3363 4085 
7862 2352 2353 4086 
7863 1474 582 4566 
7864 2746 2132 4518 
7865 3002 2608 4343 
7866 85 1192 4289 
7867 2957 2516 4076 
7868 573 3675 4084 
7869 1431 2918 4319 
7870 3355 3353 4276 
7871 531 68 4316 
7872 67 1277 4316 
7873 4012 2935 4127 
7874 2109 2517 4284 
7875 3596 2431 4267 
7876 3159 3157 4344 
7877 2035 1746 4285 
7878 3098 519 4348 
7879 3291 3294 4318 
7880 2602 2601 4411 
7881 3252 3253 4338 
7882 481 302 4340 
7883 3368 3369 4088 
7884 2374 2460 4390 
7885 1837 1838 4292 
7886 3472 1905 4249 
7887 2559 3584 4262 
7888 301 1257 4340 
7889 3341 3344 4345 
7890 3551 2436 4322 
7891 2028 2027 4312 
7892 2515 4019 4057 
7893 502 3106 4503 
7894 1428 3862 4110 
7895 2327 3252 4339 
7896 3843 2472 4083 
7897 3154 3156 4344 
7898 354 3655 4291 
7899 2277 4012 4127 
7900 698 2814 4420 
7901 2081 2041 4093 
7902 1241 3999 4176 
7903 1192 84 4308 
7904 3151 3150 4402 
7905 3715 2235 4280 
7906 3066 2382 4277 
7907 3174 3171 4091 
7908 2640 1938 4219 
7909 4351 2887 4354 
7910 2698 2031 4312 
7911 2458 2703 4215 
7912 2826 2870 4095 
7913 41 5 4435 
7914 797 353 4291 
7915 2917 3204 4459 
7916 473 2823 4553 
7917 451 3944 4444 
7918 3957 3609 4455 
7919 3158 3159 4377 
7920 4250 774 4283 
7921 3006 3008 4092 
7922 12 348 4436 
7923 5 40 4435 
7924 2728 3206 4369 
7925 3999 1241 4190 
7926 1616 1614 4333 
7927 299 3266 4414 
7928 455 12 4436 
7929 166 777 4440 
7930 2501 2698 4192 
7931 3063 3635 4237 
7932 2753 2826 4095 
7933 3915 1933 4080 
7934 184 183 4335 
7935 197 196 4094 
7936 3330 2532 4372 
7937 2336 3839 4185 
7938 2010 1599 4216 
7939 2510 2736 4329 
7940 2585 3178 4406 
7941 2635 2634 4090 
7942 4201 3796 4286 
7943 275 274 4361 
7944 3150 3149 4405 
7945 1475 1824 4358 
7946 3809 1596 4280 
7947 3155 2085 4435 
7948 2670 2671 4391 
7949 3055 2395 4169 
7950 639 181 4320 
7951 3079 3080 4112 
7952 2460 3876 4360 
7953 2650 3620 4158 
7954 3498 1815 4357 
7955 2086 3183 4436 
7956 1775 3574 4452 
7957 3977 2735 4140 
7958 1765 22 4413 
7959 2335 2983 4098 
7960 65 530 4382 
7961 1277 66 4382 
7962 10 138 4437 
7963 2763 2550 4371 
7964 3551 1356 4394 
7965 667 162 4099 
7966 2704 3791 4220 
7967 139 10 4437 
7968 2775 3522 4364 
7969 3255 844 4549 
7970 2136 1651 4358 
7971 2052 2050 4101 
7972 514 2844 4408 
7973 568 569 4096 
7974 2503 2633 4300 
7975 16 227 4492 
7976 2393 2848 4401 
7977 3214 2254 4546 
7978 1257 300 4414 
7979 2132 2131 4518 
7980 2083 2733 4559 
7981 325 24 4493 
7982 4051 2549 4055 
7983 4203 2527 4562 
7984 2678 2320 4426 
7985 3740 4378 4403 
7986 2577 2690 4386 
7987 537 515 4089 
7988 2593 3191 4477 
7989 4013 2778 4404 
7990 3139 2042 4494 
7991 2275 4097 4113 
7992 1432 1433 4383 
7993 2021 3619 4370 
7994 1880 2295 4178 
7995 304 303 4100 
7996 4044 2519 4052 
7997 633 3161 4498 
7998 3094 4151 4552 
7999 3209 1387 4519 
8000 351 352 4104 
8001 3323 4036 4490 
8002 3105 3104 4486 
8003 3866 2418 4257 
8004 3631 3437 4102 
8005 2729 3329 4507 
8006 2631 2580 4427 
8007 1752 2480 4103 
8008 3572 1775 4389 
8009 3204 146 4459 
8010 389 514 4408 
8011 1501 388 4408 
8012 1348 1767 4567 
8013 3372 3373 4454 
8014 534 3320 4545 
8015 1775 1627 4389 
8016 2275 3787 4097 
8017 3729 612 4359 
8018 1351 1350 4570 
8019 2881 4107 4526 
8020 207 954 4539 
8021 2351 6 4441 
8022 3185 4439 4474 
8023 3436 566 4106 
8024 1857 2525 4389 
8025 3944 2655 4444 
8026 2455 2728 4317 
8027 2572 2495 4355 
8028 6 81 4441 
8029 4009 1428 4110 
8030 20 267 4420 
8031 1371 1372 4422 
8032 514 390 4423 
8033 1820 3934 4201 
8034 23 2777 4460 
8035 377 511 4428 
8036 1306 376 4428 
8037 391 3514 4423 
8038 2739 2647 4485 
8039 4106 566 4111 
8040 145 632 4459 
8041 3235 3234 4374 
8042 933 345 4487 
8043 2602 3542 4425 
8044 1824 1394 4385 
8045 4042 2607 4228 
8046 3064 4081 4224 
8047 2688 4093 4530 
8048 2082 2049 4506 
8049 3499 2575 4447 
8050 625 450 4444 
8051 2655 2588 4433 
8052 566 563 4111 
8053 2092 2091 4465 
8054 2513 3982 4075 
8055 3982 1602 4075 
8056 1314 395 4431 
8057 1117 1123 4449 
8058 564 565 4109 
8059 1106 1358 4407 
8060 2597 2212 4107 
8061 3592 670 4411 
8062 3213 2663 4551 
8063 3924 1944 4203 
8064 2566 4002 4529 
8065 608 2185 4475 
8066 2103 2688 4530 
8067 1210 3045 4145 
8068 2643 2240 4476 
8069 96 473 4553 
8070 1963 1965 4467 
8071 1778 1777 4461 
8072 3041 1852 4166 
8073 1355 4171 4393 
8074 2799 1825 4126 
8075 493 363 4418 
8076 1905 1902 4511 
8077 3045 507 4152 
8078 512 3484 4406 
8079 1429 1775 4452 
8080 796 589 4327 
8081 2442 2440 4393 
8082 477 2765 4537 
8083 597 237 4548 
8084 2652 4356 4368 
8085 1421 1184 4452 
8086 1405 3049 4412 
8087 2045 1984 4561 
8088 2505 3957 4455 
8089 4045 708 4245 
8090 594 592 4114 
8091 2361 2360 4115 
8092 2540 2541 4117 
8093 2937 3854 4465 
8094 2579 3733 4421 
8095 316 315 4118 
8096 364 1431 4418 
8097 3235 2561 4398 
8098 3007 3035 4225 
8099 3867 2599 4376 
8100 3862 2612 4110 
8101 2561 2275 4113 
8102 2070 2779 4546 
8103 4075 3079 4112 
8104 4079 2716 4548 
8105 2003 2996 4384 
8106 101 477 4537 
8107 2490 3861 4108 
8108 2738 3855 4324 
8109 2254 1941 4546 
8110 575 4042 4228 
8111 796 3821 4359 
8112 165 164 4119 
8113 3896 20 4420 
8114 3173 3174 4122 
8115 1872 3812 4402 
8116 2835 2946 4319 
8117 1238 3060 4524 
8118 2736 2319 4121 
8119 2899 2456 4543 
8120 2685 3595 4120 
8121 2651 2652 4368 
8122 4462 2593 4477 
8123 2697 4424 4440 
8124 4 398 4450 
8125 3483 3545 4386 
8126 4107 2881 4488 
8127 2866 2409 4210 
8128 38 1318 4334 
8129 1191 453 4331 
8130 2551 3330 4314 
8131 4359 3821 4434 
8132 397 4 4450 
8133 3677 1774 4531 
8134 3066 4045 4245 
8135 2828 4160 4489 
8136 4125 1210 4145 
8137 4095 2870 4571 
8138 2003 3719 4448 
8139 2782 4067 4136 
8140 2183 1842 4124 
8141 3680 1986 4451 
8142 1633 600 4379 
8143 7 312 4457 
8144 204 11 4458 
8145 500 4302 4310 
8146 2355 3056 4125 
8147 93 92 4123 
8148 2027 4151 4554 
8149 4145 3045 4152 
8150 1306 2867 4401 
8151 472 4033 4520 
8152 2283 1846 4127 
8153 601 796 4359 
8154 19 2378 4453 
8155 82 7 4457 
8156 507 3464 4167 
8157 11 203 4458 
8158 3485 3178 4317 
8159 2544 4018 4481 
8160 3825 3798 4346 
8161 560 561 4128 
8162 3351 4070 4247 
8163 4152 507 4167 
8164 70 69 4129 
8165 4167 3464 4172 
8166 3464 1298 4172 
8167 611 640 4379 
8168 1297 3467 4188 
8169 188 15 4468 
8170 3466 1297 4183 
8171 25 1 4469 
8172 662 3894 4306 
8173 770 4092 4195 
8174 4343 2554 4536 
8175 1298 3465 4175 
8176 4172 1298 4175 
8177 3854 2114 4465 
8178 2965 2651 4347 
8179 3465 506 4177 
8180 506 3466 4180 
8181 3357 4072 4250 
8182 4183 1297 4188 
8183 4177 506 4180 
8184 714 19 4453 
8185 4175 3465 4177 
8186 501 3204 4438 
8187 2616 2615 4425 
8188 795 23 4460 
8189 773 4085 4235 
8190 2013 2979 4326 
8191 4093 2688 4564 
8192 772 4088 4230 
8193 4059 2656 4516 
8194 1116 1112 4130 
8195 4526 2222 4532 
8196 3966 2602 4425 
8197 2990 2354 4144 
8198 4070 775 4247 
8199 182 639 4131 
8200 2355 4125 4145 
8201 1279 3322 4132 
8202 160 607 4135 
8203 2848 2551 4314 
8204 3554 4470 4473 
8205 4091 2638 4531 
8206 4180 3466 4183 
8207 3499 3454 4372 
8208 3958 2135 4446 
8209 1157 938 4137 
8210 2283 4127 4139 
8211 3554 2677 4470 
8212 2513 4112 4159 
8213 2216 2222 4526 
8214 867 780 4133 
8215 4083 2712 4545 
8216 588 1633 4299 
8217 3204 3771 4438 
8218 1974 3629 4136 
8219 4424 167 4440 
8220 4302 2884 4310 
8221 556 557 4138 
8222 2764 2283 4139 
8223 2389 2388 4142 
8224 4031 3097 4509 
8225 3703 1909 4509 
8226 3740 2021 4378 
8227 15 187 4468 
8228 1 349 4469 
8229 1123 4429 4449 
8230 4072 774 4250 
8231 361 362 4141 
8232 2057 3554 4473 
8233 2596 2938 4381 
8234 1501 3292 4318 
8235 4059 858 4453 
8236 2653 2868 4416 
8237 1852 4039 4166 
8238 1729 3491 4478 
8239 4220 610 4565 
8240 2434 3227 4322 
8241 505 4030 4116 
8242 640 3918 4288 
8243 1334 3856 4365 
8244 2631 3489 4337 
8245 556 4138 4143 
8246 3028 3026 4147 
8247 2597 4488 4502 
8248 3666 556 4143 
8249 2591 2733 4542 
8250 2321 2355 4145 
8251 3130 610 4220 
8252 609 209 4534 
8253 4030 2318 4116 
8254 3286 511 4369 
8255 2966 4131 4321 
8256 3174 4091 4531 
8257 3985 2998 4448 
8258 83 4074 4308 
8259 2688 4472 4564 
8260 2690 2691 4313 
8261 2080 4065 4356 
8262 2601 2349 4148 
8263 35 34 4149 
8264 3488 1306 4401 
8265 2685 4454 4471 
8266 4410 1474 4566 
8267 4085 3363 4235 
8268 64 63 4150 
8269 2001 2003 4384 
8270 4056 2334 4105 
8271 4347 2651 4368 
8272 3923 1380 4140 
8273 2684 2685 4471 
8274 2684 4471 4474 
8275 1843 1855 4151 
8276 2321 4145 4152 
8277 3326 1276 4153 
8278 3289 2321 4152 
8279 4081 771 4224 
8280 635 3235 4398 
8281 1825 4003 4126 
8282 3748 4502 4515 
8283 533 3328 4158 
8284 3049 2617 4412 
8285 56 55 4156 
8286 2641 2640 4200 
8287 4036 3327 4511 
8288 4395 2060 4403 
8289 13 500 4157 
8290 4088 3369 4230 
8291 1305 3483 4386 
8292 2553 3514 4338 
8293 3114 3116 4170 
8294 4033 3447 4520 
8295 4304 639 4320 
8296 3059 1238 4463 
8297 3814 2514 4154 
8298 2739 586 4569 
8299 2067 325 4493 
8300 2512 2513 4159 
8301 3641 2289 4164 
8302 2600 4033 4528 
8303 2652 3854 4482 
8304 3289 4152 4167 
8305 2938 2905 4381 
8306 3983 3923 4191 
8307 2312 2036 4160 
8308 227 2066 4492 
8309 4095 1327 4499 
8310 3152 3151 4161 
8311 4181 2598 4185 
8312 2774 4157 4310 
8313 3980 3988 4501 
8314 3232 3233 4529 
8315 2595 3989 4464 
8316 3263 4038 4168 
8317 3923 2387 4191 
8318 2779 916 4560 
8319 2513 4075 4112 
8320 4079 936 4507 
8321 3155 39 4334 
8322 91 90 4163 
8323 1965 4102 4467 
8324 454 3183 4331 
8325 2885 2884 4302 
8326 4006 1769 4173 
8327 868 867 4162 
8328 4092 3008 4195 
8329 1358 4391 4407 
8330 4391 1358 4409 
8331 1314 3274 4339 
8332 3854 2889 4482 
8333 2775 1767 4572 
8334 3029 3031 4166 
8335 4120 3372 4454 
8336 809 807 4165 
8337 2325 3289 4167 
8338 2637 4082 4540 
8339 4115 608 4475 
8340 2714 2501 4192 
8341 3008 3007 4225 
8342 2642 2643 4498 
8343 2620 2699 4484 
8344 2325 4167 4172 
8345 4130 2678 4426 
8346 3230 2527 4203 
8347 2456 4066 4543 
8348 2509 2442 4171 
8349 396 4078 4431 
8350 2827 2828 4169 
8351 3555 2325 4172 
8352 3899 4031 4509 
8353 3672 3208 4388 
8354 3555 4172 4175 
8355 1986 1847 4170 
8356 435 4176 4181 
8357 2411 2410 4174 
8358 2783 4136 4309 
8359 1387 4146 4519 
8360 3035 3062 4224 
8361 574 168 4424 
8362 2331 3555 4175 
8363 435 436 4176 
8364 4082 599 4540 
8365 2331 4175 4177 
8366 498 3613 4373 
8367 2494 2331 4177 
8368 2691 2834 4313 
8369 2494 4177 4180 
8370 3326 4153 4249 
8371 3311 2781 4179 
8372 809 4165 4189 
8373 3090 1251 4192 
8374 2646 2071 4182 
8375 236 4079 4548 
8376 434 435 4181 
8377 2753 4095 4499 
8378 2854 2852 4378 
8379 2853 2857 4395 
8380 908 909 4187 
8381 3642 2494 4180 
8382 2868 2670 4409 
8383 2508 2725 4206 
8384 103 102 4184 
8385 89 88 4186 
8386 2762 2619 4188 
8387 2619 4183 4188 
8388 2619 3642 4183 
8389 2793 2727 4400 
8390 228 16 4492 
8391 4136 3629 4309 
8392 811 809 4189 
8393 24 324 4493 
8394 2081 4093 4564 
8395 3454 1386 4372 
8396 3642 4180 4183 
8397 4193 3231 4197 
8398 2088 3231 4193 
8399 2598 2336 4185 
8400 2763 1350 4567 
8401 3231 1273 4197 
8402 2693 3562 4254 
8403 4260 502 4503 
8404 4197 1273 4205 
8405 4039 3029 4166 
8406 3020 2458 4215 
8407 2979 2894 4350 
8408 432 433 4195 
8409 777 4221 4440 
8410 844 4324 4549 
8411 4067 1974 4136 
8412 3319 4083 4545 
8413 439 440 4202 
8414 4205 3276 4209 
8415 2247 1787 4196 
8416 1273 3276 4205 
8417 3225 2594 4388 
8418 2401 2344 4194 
8419 3244 1255 4211 
8420 4209 629 4212 
8421 3276 629 4209 
8422 3125 648 4213 
8423 1938 2142 4219 
8424 2074 4008 4328 
8425 3244 4211 4212 
8426 2779 2562 4198 
8427 2403 2401 4199 
8428 3134 2464 4217 
8429 4182 2640 4219 
8430 771 431 4208 
8431 2401 4194 4199 
8432 1740 1998 4204 
8433 4102 3437 4467 
8434 3610 4286 4287 
8435 629 3244 4212 
8436 4219 2142 4231 
8437 2733 4061 4542 
8438 2344 4190 4194 
8439 2344 3774 4190 
8440 2407 2405 4207 
8441 2142 3100 4231 
8442 1767 4364 4567 
8443 2061 4083 4535 
8444 2072 3676 4200 
8445 2606 3275 4214 
8446 3610 1820 4286 
8447 2272 1880 4178 
8448 2574 4381 4397 
8449 3208 930 4388 
8450 2409 2407 4210 
8451 1350 4371 4570 
8452 2868 4409 4416 
8453 589 17 4327 
8454 511 3487 4369 
8455 2606 4214 4218 
8456 520 4031 4544 
8457 2407 4207 4210 
8458 2888 2887 4351 
8459 2605 2606 4218 
8460 3503 4058 4480 
8461 1944 2687 4203 
8462 3236 3989 4374 
8463 3748 2597 4502 
8464 2813 3610 4287 
8465 2802 2067 4417 
8466 4031 2710 4544 
8467 4222 128 4226 
8468 2381 3065 4245 
8469 2787 1355 4570 
8470 2436 2434 4322 
8471 4013 1869 4460 
8472 129 128 4222 
8473 3097 1252 4229 
8474 128 127 4226 
8475 4105 2661 4555 
8476 4151 3093 4554 
8477 3344 4262 4345 
8478 2605 4218 4223 
8479 3638 2605 4223 
8480 931 3259 4251 
8481 404 405 4228 
8482 2364 4232 4241 
8483 2646 4219 4231 
8484 1901 4036 4511 
8485 1952 4191 4216 
8486 2418 2416 4227 
8487 426 427 4230 
8488 4284 3105 4486 
8489 917 922 4238 
8490 930 3225 4388 
8491 404 4228 4244 
8492 1599 1952 4216 
8493 2382 2383 4277 
8494 113 112 4233 
8495 3037 3038 4253 
8496 3268 2284 4242 
8497 423 424 4235 
8498 2692 2693 4254 
8499 3064 3063 4237 
8500 4312 2027 4554 
8501 1416 3896 4206 
8502 1614 4273 4333 
8503 2766 2646 4231 
8504 54 53 4239 
8505 2362 2364 4241 
8506 3357 3355 4276 
8507 3176 4122 4547 
8508 4033 3479 4528 
8509 3327 3326 4249 
8510 2364 3638 4232 
8511 3353 3350 4247 
8512 403 404 4244 
8513 2514 2357 4236 
8514 2346 2697 4221 
8515 115 114 4246 
8516 3638 4223 4232 
8517 3791 2572 4220 
8518 2038 1604 4240 
8519 3359 3356 4250 
8520 3934 3421 4201 
8521 2643 4016 4498 
8522 2558 2557 4243 
8523 109 108 4248 
8524 954 4376 4539 
8525 3338 3337 4273 
8526 772 428 4261 
8527 773 425 4252 
8528 776 4266 4268 
8529 124 123 4256 
8530 1806 3438 4255 
8531 3888 3911 4155 
8532 3336 3340 4275 
8533 3435 1806 4258 
8534 4159 4112 4479 
8535 774 422 4259 
8536 1806 4255 4258 
8537 2525 2639 4251 
8538 516 538 4307 
8539 3359 4250 4283 
8540 3455 637 4263 
8541 3351 3349 4266 
8542 775 419 4264 
8543 409 410 4265 
8544 2421 2958 4305 
8545 4160 3123 4489 
8546 416 417 4269 
8547 3469 776 4268 
8548 2517 2518 4260 
8549 1413 3469 4270 
8550 3469 4268 4270 
8551 1238 3888 4463 
8552 3471 1413 4271 
8553 2819 4006 4173 
8554 1413 4270 4271 
8555 87 86 4278 
8556 708 3471 4274 
8557 3471 4271 4274 
8558 2361 4115 4475 
8559 3584 1935 4262 
8560 1335 3614 4351 
8561 1831 3596 4267 
8562 1620 1618 4279 
8563 816 813 4272 
8564 3367 3365 4281 
8565 98 97 4282 
8566 2900 2899 4525 
8567 3361 3359 4283 
8568 3146 492 4287 
8569 3351 4266 4269 
8570 936 234 4293 
8571 3918 2278 4288 
8572 4286 3146 4287 
8573 4113 2566 4234 
8574 3489 513 4337 
8575 4278 86 4289 
8576 3988 2806 4501 
8577 2235 2109 4284 
8578 4038 3094 4168 
8579 86 85 4289 
8580 2966 2965 4347 
8581 1746 2242 4285 
8582 353 354 4291 
8583 816 4272 4295 
8584 2066 3911 4492 
8585 2060 3740 4403 
8586 1596 3715 4280 
8587 3932 2067 4493 
8588 3178 2455 4317 
8589 1412 1196 4296 
8590 3612 1335 4354 
8591 2894 2893 4373 
8592 1952 3983 4191 
8593 4378 2852 4403 
8594 2228 3866 4257 
8595 3796 3146 4286 
8596 2265 1837 4292 
8597 2523 2522 4294 
8598 774 4259 4283 
8599 3855 2776 4324 
8600 818 816 4295 
8601 2774 2584 4304 
8602 2685 4120 4454 
8603 2592 4515 4521 
8604 155 154 4298 
8605 4370 2854 4378 
8606 3988 2272 4533 
8607 2477 3985 4448 
8608 2265 4292 4297 
8609 3514 684 4338 
8610 3490 1501 4318 
8611 442 443 4301 
8612 2612 2611 4290 
8613 2644 2265 4297 
8614 2893 2888 4332 
8615 2727 2618 4400 
8616 453 454 4331 
8617 1500 2251 4303 
8618 3473 2503 4300 
8619 39 38 4334 
8620 773 4252 4281 
8621 2884 2773 4310 
8622 3515 1314 4339 
8623 4303 2251 4323 
8624 4326 2855 4370 
8625 2573 2010 4311 
8626 4249 4153 4538 
8627 84 83 4308 
8628 2574 4323 4381 
8629 2916 632 4360 
8630 2771 2430 4315 
8631 500 3612 4302 
8632 3270 525 4315 
8633 2657 4079 4507 
8634 2995 2091 4384 
8635 2853 4395 4403 
8636 68 67 4316 
8637 2582 2386 4321 
8638 3486 510 4314 
8639 2597 4107 4488 
8640 508 3482 4313 
8641 3629 2529 4309 
8642 3107 485 4508 
8643 2031 2028 4312 
8644 1308 3485 4317 
8645 4151 1855 4552 
8646 2806 3988 4533 
8647 4083 3319 4535 
8648 3233 635 4398 
8649 3292 3291 4318 
8650 2528 2829 4349 
8651 3344 527 4363 
8652 181 180 4320 
8653 2346 4221 4362 
8654 2609 2610 4399 
8655 1372 3551 4322 
8656 2251 2596 4323 
8657 2658 2989 4311 
8658 3911 2066 4155 
8659 4121 2600 4528 
8660 4024 2537 4476 
8661 3183 3175 4331 
8662 2548 3001 4341 
8663 2639 2711 4336 
8664 4131 639 4321 
8665 2610 3769 4399 
8666 4356 3701 4368 
8667 3156 3155 4334 
8668 4037 2629 4446 
8669 2623 2510 4329 
8670 3894 2745 4306 
8671 3253 2553 4338 
8672 3798 2060 4395 
8673 3237 4557 4569 
8674 4309 2529 4353 
8675 2091 2001 4384 
8676 2592 3748 4515 
8677 232 588 4299 
8678 2795 1165 4530 
8679 3315 4105 4555 
8680 2632 2631 4337 
8681 3274 2327 4339 
8682 4239 520 4544 
8683 2507 2865 4330 
8684 1945 1616 4333 
8685 3157 3154 4344 
8686 1116 4130 4426 
8687 1541 4419 4543 
8688 3108 3107 4496 
8689 302 301 4340 
8690 2552 2743 4385 
8691 3222 1355 4393 
8692 1511 2793 4400 
8693 942 184 4335 
8694 2905 634 4397 
8695 3614 498 4332 
8696 3852 662 4325 
8697 632 3426 4360 
8698 612 601 4359 
8699 2887 2885 4354 
8700 3342 3341 4345 
8701 2507 4330 4342 
8702 231 1238 4524 
8703 3234 3236 4374 
8704 4124 2061 4535 
8705 168 167 4424 
8706 2560 2507 4342 
8707 2765 2764 4432 
8708 519 3893 4348 
8709 3477 950 4390 
8710 2686 4461 4472 
8711 2529 2609 4353 
8712 3958 1492 4412 
8713 2080 4356 4482 
8714 1651 1475 4358 
8715 3206 3286 4369 
8716 4242 2284 4541 
8717 2608 3808 4343 
8718 2617 3958 4412 
8719 3613 1334 4350 
8720 2855 2854 4370 
8721 1815 3624 4357 
8722 767 275 4361 
8723 2889 2080 4482 
8724 2563 4346 4380 
8725 3522 2763 4364 
8726 2732 2559 4363 
8727 2495 3473 4355 
8728 2740 4534 4539 
8729 4032 501 4438 
8730 3753 2592 4521 
8731 4101 2082 4396 
8732 2560 4342 4366 
8733 2563 3825 4346 
8734 2550 2787 4371 
8735 2532 3499 4372 
8736 3856 2855 4365 
8737 4087 2802 4417 
8738 2080 188 4468 
8739 2846 1209 4502 
8740 3161 3158 4377 
8741 4557 3430 4569 
8742 2456 25 4469 
8743 4282 97 4553 
8744 1998 2346 4362 
8745 4139 2389 4432 
8746 3816 2560 4366 
8747 2621 3059 4463 
8748 3877 2552 4385 
8749 2996 2995 4384 
8750 2590 4415 4433 
8751 4534 208 4539 
8752 950 3912 4390 
8753 3876 2916 4360 
8754 66 65 4382 
8755 2742 4305 4556 
8756 2599 2740 4376 
8757 3769 598 4399 
8758 942 4347 4368 
8759 1777 1432 4383 
8760 521 3076 4523 
8761 3701 942 4368 
8762 3768 1624 4392 
8763 2671 3136 4391 
8764 4118 472 4520 
8765 4496 3107 4508 
8766 3545 2577 4386 
8767 3816 4366 4375 
8768 3912 2374 4390 
8769 2527 4296 4562 
8770 4502 1209 4515 
8771 4065 3701 4356 
8772 3852 4325 4367 
8773 2624 3816 4375 
8774 2697 2563 4380 
8775 1764 4434 4483 
8776 3076 1250 4522 
8777 599 4161 4540 
8778 1627 1857 4389 
8779 1624 3852 4367 
8780 1356 3222 4394 
8781 1960 3871 4377 
8782 4421 609 4534 
8783 2656 2872 4516 
8784 2594 3672 4388 
8785 4008 2539 4328 
8786 2867 2393 4401 
8787 2613 2622 4491 
8788 3149 482 4405 
8789 17 231 4524 
8790 2661 4154 4555 
8791 3871 3161 4377 
8792 4046 2351 4441 
8793 1394 3877 4385 
8794 2624 4375 4387 
8795 600 611 4379 
8796 2067 3932 4417 
8797 4058 139 4437 
8798 4098 494 4571 
8799 4090 2612 4290 
8800 3237 1264 4557 
8801 2852 2853 4403 
8802 4148 2591 4542 
8803 2561 4113 4234 
8804 3443 1296 4481 
8805 3307 2585 4406 
8806 2614 2616 4466 
8807 2710 2709 4544 
8808 1264 3345 4513 
8809 4122 3653 4547 
8810 1250 3075 4514 
8811 4002 2419 4405 
8812 4157 500 4310 
8813 4309 4353 4500 
8814 388 389 4408 
8815 2083 204 4458 
8816 312 2084 4457 
8817 4488 2846 4502 
8818 1764 3729 4434 
8819 4208 3008 4225 
8820 4133 858 4516 
8821 670 3542 4411 
8822 3329 2657 4507 
8823 1541 4104 4419 
8824 300 299 4414 
8825 3743 1872 4402 
8826 815 1106 4407 
8827 577 2846 4488 
8828 2395 280 4430 
8829 777 4119 4491 
8830 2136 4037 4446 
8831 2320 2653 4426 
8832 1492 1405 4412 
8833 3933 2624 4387 
8834 279 4062 4430 
8835 363 364 4418 
8836 4150 1398 4479 
8837 1358 3722 4409 
8838 398 2087 4450 
8839 1405 1371 4422 
8840 2580 3307 4427 
8841 2085 41 4435 
8842 267 698 4420 
8843 348 2086 4436 
8844 226 225 4445 
8845 4146 2799 4519 
8846 390 391 4423 
8847 3722 1116 4416 
8848 610 4298 4565 
8849 3076 4522 4523 
8850 4132 3323 4490 
8851 376 377 4428 
8852 4068 2505 4455 
8853 2838 2839 4558 
8854 954 3058 4550 
8855 2740 2579 4421 
8856 138 2088 4437 
8857 3075 522 4512 
8858 2571 2678 4429 
8859 395 396 4431 
8860 3058 2083 4559 
8861 167 166 4440 
8862 2588 2590 4433 
8863 2015 4439 4443 
8864 2143 2015 4443 
8865 2930 521 4521 
8866 3885 4483 4527 
8867 81 534 4441 
8868 2805 2806 4533 
8869 2015 2684 4439 
8870 3424 2571 4442 
8871 450 451 4444 
8872 2571 4429 4442 
8873 4094 539 4466 
8874 2859 3823 4404 
8875 916 4238 4560 
8876 4409 3722 4416 
8877 2135 2136 4446 
8878 4454 3374 4471 
8879 3373 3374 4454 
8880 4302 3612 4354 
8881 2575 3545 4447 
8882 3989 2274 4374 
8883 522 3089 4504 
8884 3089 1258 4497 
8885 3771 2603 4438 
8886 1114 1117 4449 
8887 146 145 4459 
8888 3719 2477 4448 
8889 1327 4141 4499 
8890 888 4527 4558 
8891 1184 1429 4452 
8892 3374 2161 4471 
8893 1624 4367 4392 
8894 3191 1729 4477 
8895 2056 1778 4461 
8896 4515 2930 4521 
8897 2885 4302 4354 
8898 3885 1764 4483 
8899 4117 2544 4481 
8900 586 3237 4569 
8901 4434 2830 4483 
8902 1209 2930 4515 
8903 4549 2776 4572 
8904 2679 2056 4462 
8905 2056 4461 4462 
8906 1398 4159 4479 
8907 2688 2686 4472 
8908 3371 3372 4473 
8909 1256 4100 4500 
8910 562 3371 4470 
8911 4470 3371 4473 
8912 2242 3680 4451 
8913 2347 1963 4467 
8914 2161 1879 4474 
8915 1258 3137 4495 
8916 2786 2753 4499 
8917 3821 2830 4434 
8918 2776 2775 4572 
8919 858 714 4453 
8920 2830 2831 4483 
8921 2590 3933 4415 
8922 4471 2161 4474 
8923 2185 3632 4475 
8924 4325 2746 4518 
8925 3313 529 4563 
8926 3104 3108 4486 
8927 2880 2881 4532 
8928 2680 2679 4478 
8929 4074 2084 4336 
8930 4236 2512 4563 
8931 3075 4512 4514 
8932 1869 795 4460 
8933 3137 609 4517 
8934 2647 2785 4485 
8935 2114 2092 4465 
8936 3609 597 4455 
8937 2646 4182 4219 
8938 2603 4032 4438 
8939 4527 2838 4558 
8940 2131 2567 4518 
8941 345 344 4487 
8942 2839 3858 4558 
8943 2042 2628 4494 
8944 1250 4514 4522 
8945 3614 4332 4351 
8946 209 208 4534 
8947 4550 3058 4559 
8948 3519 2391 4490 
8949 2774 4304 4320 
8950 2596 2595 4464 
8951 582 18 4566 
8952 3106 3105 4503 
8953 3210 3209 4519 
8954 4332 2888 4351 
8955 3447 2627 4520 
8956 771 4208 4225 
8957 2049 2630 4506 
8958 1902 1901 4511 
8959 4093 2795 4530 
8960 482 4002 4405 
8961 1165 2103 4530 
8962 4483 2831 4527 
8963 2831 2838 4527 
8964 2705 2704 4565 
8965 2284 3032 4541 
8966 3089 4497 4504 
8967 3319 3318 4535 
8968 2615 3966 4425 
8969 2881 4526 4532 
8970 208 207 4539 
8971 3479 1765 4528 
8972 1326 3593 4505 
8973 4497 2569 4504 
8974 3254 3255 4549 
8975 2638 3677 4531 
8976 2568 2702 4513 
8977 1765 4121 4528 
8978 2564 4495 4517 
8979 2564 3747 4495 
8980 3254 4549 4572 
8981 2663 2784 4551 
8982 4380 574 4424 
8983 1275 3315 4555 
8984 3747 2569 4497 
8985 522 4504 4512 
8986 3320 3319 4545 
8987 9 101 4537 
8988 1767 3254 4572 
8989 2689 2390 4508 
8990 237 236 4548 
8991 4512 2570 4514 
8992 2702 3430 4557 
8993 4495 3137 4517 
8994 2800 2081 4564 
8995 2569 3766 4504 
8996 1350 1348 4567 
8997 97 96 4553 
8998 1355 1351 4570 
8999 3733 2564 4517 
9000 3782 2620 4484 
9001 4522 2586 4523 
9002 2636 2637 4540 
9003 2214 2216 4526 
9004 3766 2570 4512 
9005 2390 3809 4496 
9006 1984 2359 4561 
9007 2570 3783 4514 
9008 3430 2739 4569 
9009 1941 2070 4546 
9010 4087 1452 4501 
9011 4495 3747 4497 
9012 2383 4263 4277 
9013 4237 772 4261 
9014 2733 2604 4559 
9015 3933 4387 4415 
9016 2586 3753 4523 
9017 1777 4383 4472 
9018 3877 1172 4536 
9019 3653 2589 4547 
9020 3783 2586 4522 
9021 888 3885 4527 
9022 590 3630 4556 
9023 4264 3357 4276 
9024 534 4046 4441 
9025 3064 4237 4261 
9026 1909 3899 4509 
9027 1258 4495 4497 
9028 4504 3766 4512 
9029 2604 4550 4559 
9030 494 3594 4571 
9031 2390 4496 4508 
9032 2679 4462 4477 
9033 4514 3783 4522 
9034 2222 3782 4510 
9035 3318 4124 4535 
9036 775 4264 4276 
9037 4263 637 4277 
9038 4080 3472 4538 
9039 2088 4058 4437 
9040 3782 4484 4510 
9041 2222 4510 4532 
9042 3858 888 4558 
9043 2604 3867 4550 
9044 1855 3874 4552 
9045 1264 4513 4557 
9046 4065 2080 4468 
9047 4066 2456 4469 
9048 4429 2678 4449 
9049 3091 4312 4554 
9050 4439 2684 4474 
9051 4121 1765 4413 
9052 3472 4249 4538 
9053 3932 2309 4417 
9054 2708 4101 4396 
9055 2721 4080 4538 
9056 2240 4024 4476 
9057 4119 2613 4491 
9058 597 4068 4455 
9059 18 2337 4566 
9060 2764 4139 4432 
9061 4062 2395 4430 
9062 4066 1541 4543 
9063 2806 4087 4501 
9064 2616 4094 4466 
9065 2627 4118 4520 
9066 2626 3924 4562 
9067 4073 2083 4458 
9068 2084 4074 4457 
9069 4100 2783 4500 
9070 3911 228 4492 
9071 4104 2708 4419 
9072 4221 2697 4440 
9073 2087 4078 4450 
9074 324 3932 4493 
9075 4335 2966 4347 
9076 4262 1935 4345 
9077 2587 4063 4456 
9078 4391 3136 4407 
9079 4016 633 4498 
9080 1296 4117 4481 
9081 4273 3337 4333 
9082 4134 1326 4505 
9083 4078 397 4450 
9084 3613 4350 4373 
9085 187 4065 4468 
9086 203 4073 4458 
9087 349 4066 4469 
9088 4074 82 4457 
9089 4350 2894 4373 
9090 1452 3980 4501 
9091 4154 1275 4555 
9092 3874 4168 4552 
9093 4381 2905 4397 
9094 4513 2702 4557 
9095 2872 4133 4516 
9096 2709 4239 4544 
9097 2517 4260 4503 
9098 2235 4284 4486 
9099 4171 2442 4393 
9100 4153 2721 4538 
9101 1321 4148 4542 
9102 2855 4326 4365 
9103 4112 3080 4479 
9104 4061 1321 4542 
9105 942 4335 4347 
9106 2391 4132 4490 
9107 4326 2979 4365 
9108 4161 2636 4540 
9109 2561 4234 4398 
9110 3080 4150 4479 
9111 4141 2786 4499 
9112 4168 3094 4552 
9113 4323 2596 4381 
9114 3888 4155 4463 
9115 4327 17 4524 
9116 2783 4309 4500 
9117 516 4307 4413 
9118 4155 2621 4463 
9119 4353 1256 4500 
9120 4193 2373 4480 
9121 529 4236 4563 
9122 4324 2776 4549 
9123 2697 4380 4424 
9124 2708 4396 4419 
9125 4234 2566 4529 
9126 4298 2705 4565 
9127 4296 2626 4562 
9128 4238 3214 4560 
9129 4364 2763 4567 
9130 1172 4343 4536 
9131 4305 590 4556 
9132 4356 2652 4482 
9133 4376 2740 4539 
9134 4371 2787 4570 
9135 3060 4327 4524 
9136 2679 4477 4478 
9137 4477 1729 4478 
9138 2589 4352 4547 
9139 4352 3176 4547 
9140 4396 2082 4525 
9141 2740 4421 4534 
9142 2337 4410 4566 
$EndElements
