Points:0,Points:1,C
5.5833333e+00,2.9411765e-02,9.2376989e-03
1.0828077e+00,3.0169386e-02,8.4931299e-10
3.3375000e+00,3.1490122e-02,2.9290642e-02
2.8090030e+00,3.5275486e-02,3.0307443e-02
3.8625000e+00,3.6676048e-02,3.2670877e-02
7.7940461e+00,3.6920620e-02,2.1387076e-02
2.2875000e+00,3.7272246e-02,3.1856499e-02
6.7559728e+00,3.7311784e-02,2.1281756e-02
7.4841588e-01,3.7395326e-02,5.0270250e-07
6.0833333e+00,3.9078925e-02,2.5140108e-02
9.3823529e+00,3.9191146e-02,1.8428489e-02
2.1296628e+00,3.9441444e-02,3.2583186e-02
9.7252239e+00,3.9750959e-02,1.0131035e-02
9.2993125e-01,4.0270347e-02,7.7918987e-08
8.1423821e+00,4.0378629e-02,2.2655797e-02
1.9375000e+00,4.0751404e-02,3.0129391e-02
5.7650662e+00,4.0752929e-02,1.2922597e-02
1.5787314e+00,4.1353947e-02,3.0353609e-03
8.8665366e+00,4.2071099e-02,2.0864724e-02
1.7747125e+00,4.2947772e-02,2.9013009e-02
3.0069141e+00,4.5430040e-02,3.3031864e-02
3.5165845e+00,4.5747178e-02,3.1737798e-02
7.2528885e+00,4.5752691e-02,2.1698289e-02
9.0386757e+00,4.5971044e-02,2.0745535e-02
6.4105325e+00,4.6066328e-02,2.4686746e-02
1.0294656e-01,4.7391006e-02,3.8679324e-07
6.6029162e+00,4.7713700e-02,2.3266486e-02
2.8252351e-01,4.7854552e-02,4.5203972e-07
3.9363462e-01,4.7854552e-02,4.2162795e-07
8.6608566e+00,4.8359608e-02,2.3042837e-02
5.9302576e-01,4.8525792e-02,5.4795385e-07
4.3814142e+00,4.8753710e-02,3.1392856e-02
4.8930782e+00,4.8795220e-02,2.5846061e-02
4.5891706e+00,4.9113774e-02,2.9801196e-02
4.7058372e+00,4.9113774e-02,2.8761128e-02
1.2295988e+00,4.9658157e-02,6.0016930e-08
4.2101997e+00,5.0888706e-02,2.6628015e-02
2.6233585e+00,5.1520444e-02,3.3718291e-02
3.6850261e+00,5.2171656e-02,3.3703078e-02
7.4190488e+00,5.2777124e-02,3.1141697e-02
1.3937019e+00,5.3202608e-02,2.3991912e-05
7.6322626e+00,5.3532374e-02,2.3307658e-02
6.9145603e+00,5.3773381e-02,2.0144670e-02
9.2058824e+00,5.3915793e-02,2.2191192e-02
5.9166667e+00,5.4280594e-02,1.4128650e-02
9.5662344e+00,5.5404614e-02,1.8155405e-02
2.4531986e+00,5.5831522e-02,2.7730821e-02
9.8831007e+00,5.8075760e-02,7.5632891e-03
6.2500000e+00,5.8235035e-02,2.4732056e-02
3.1785476e+00,5.8845483e-02,3.4555795e-02
7.0882353e+00,5.9655610e-02,1.5281415e-02
8.3025717e+00,6.1172443e-02,2.2749234e-02
7.9510659e+00,6.2877752e-02,2.4969386e-02
4.0375000e+00,6.3994561e-02,3.5504026e-02
8.4818170e+00,6.5553681e-02,2.3849180e-02
1.0127389e+00,7.0439734e-02,2.1084954e-08
2.2171628e+00,7.6713691e-02,3.2487039e-02
3.4290845e+00,7.7237300e-02,2.9409870e-02
1.1457398e+00,7.9827543e-02,1.5020105e-08
1.8622125e+00,8.3699176e-02,3.1115493e-02
6.6922224e+00,8.5025485e-02,2.3201030e-02
6.7477497e-01,8.5921118e-02,5.1640426e-07
2.7073614e+00,8.6795930e-02,3.3458897e-02
8.9640358e+00,8.8042143e-02,2.1338515e-02
5.5277778e+00,8.8235294e-02,1.2402456e-02
3.7725261e+00,8.8847704e-02,3.4277001e-02
5.6437489e+00,8.9648111e-02,1.3757451e-02
3.2660476e+00,9.0335605e-02,3.3298952e-02
7.7204263e+00,9.0452995e-02,2.1463910e-02
6.8371998e+00,9.1085166e-02,2.1037677e-02
2.3656986e+00,9.3103768e-02,2.7285609e-02
9.2941176e+00,9.3106939e-02,1.9441676e-02
6.0000000e+00,9.3359519e-02,1.6237872e-02
2.8714160e+00,9.4071484e-02,3.0428831e-02
1.4696555e+00,9.4556554e-02,8.6733190e-04
9.4779991e+00,9.4595759e-02,2.0418807e-02
5.8483995e+00,9.5033523e-02,1.3125387e-02
9.6443994e+00,9.5155573e-02,1.7531673e-02
2.1880341e-01,9.5245558e-02,3.9418783e-07
6.1666667e+00,9.7313960e-02,2.6039533e-02
9.7847952e+00,9.7826720e-02,1.6656710e-02
4.7739155e+00,9.7908994e-02,3.0387696e-02
3.6016106e+00,9.7918834e-02,3.2026455e-02
7.3189961e+00,9.8529814e-02,2.0186321e-02
4.2916139e+00,9.9642415e-02,3.1394375e-02
7.8627591e+00,9.9798372e-02,2.4024377e-02
9.1269110e+00,9.9886837e-02,2.1913421e-02
3.9500000e+00,1.0067061e-01,3.2044842e-02
5.7143707e+00,1.0098928e-01,1.4441467e-02
8.2096597e+00,1.0155107e-01,2.2543416e-02
1.2899673e+00,1.0286076e-01,2.1405272e-06
4.7391006e-02,1.0294656e-01,3.8653040e-07
8.1050943e-01,1.0299909e-01,5.3507705e-07
8.0346244e+00,1.0325638e-01,2.2496876e-02
2.9526605e+00,1.0422604e-01,3.3211927e-02
3.1104617e+00,1.0427552e-01,3.3033916e-02
6.3271992e+00,1.0430136e-01,2.5146766e-02
8.8108520e+00,1.0489433e-01,2.0995861e-02
7.1646532e+00,1.0540830e-01,2.1774098e-02
8.8091369e-01,1.0587411e-01,6.1192833e-07
1.6382769e+00,1.0707386e-01,3.4293980e-02
2.5265570e+00,1.0735197e-01,3.3793652e-02
2.0879489e+00,1.0746681e-01,3.4571356e-02
4.9514116e+00,1.0831903e-01,1.8791911e-02
1.7175914e+00,1.0866769e-01,3.3533492e-02
2.0124528e+00,1.0877677e-01,3.1323101e-02
8.7228190e+00,1.1118284e-01,2.3461682e-02
6.9995277e+00,1.1342899e-01,1.8897838e-02
8.5544383e+00,1.1391329e-01,2.2561746e-02
4.1226997e+00,1.1488327e-01,2.9491881e-02
9.9419242e+00,1.1689929e-01,2.0731902e-02
4.4025172e-01,1.1936009e-01,5.2835108e-07
5.2853175e-01,1.2003133e-01,5.4932106e-07
6.4737524e+00,1.2149200e-01,2.4873097e-02
4.4526411e+00,1.2183056e-01,3.1331323e-02
4.5437308e+00,1.2219063e-01,3.3443886e-02
6.5550249e+00,1.2313938e-01,2.4887304e-02
8.3726240e+00,1.2672612e-01,2.3066324e-02
7.4726228e+00,1.3193075e-01,2.9898743e-02
7.5681896e+00,1.3268600e-01,2.3085700e-02
1.0295374e+00,1.3989768e-01,2.5034315e-08
3.4166838e+00,1.4823975e-01,3.0683602e-02
5.5881933e+00,1.4847164e-01,1.5131453e-02
1.1069827e+00,1.4928549e-01,7.4406496e-08
2.7128147e+00,1.6073133e-01,3.1583722e-02
2.2435057e+00,1.6122936e-01,2.9176629e-02
3.3119802e+00,1.6133806e-01,3.1227072e-02
6.7200001e+00,1.6513856e-01,2.4063032e-02
2.8185359e+00,1.6800688e-01,3.0876307e-02
1.8679205e+00,1.6873445e-01,3.1985939e-02
8.9681417e+00,1.7040270e-01,2.0680282e-02
3.7911333e+00,1.7117815e-01,3.2338146e-02
6.8094221e+00,1.7119824e-01,2.3984856e-02
1.4650636e+00,1.7466268e-01,9.8656758e-04
2.4464303e-01,1.7664073e-01,3.9919194e-07
2.3337082e+00,1.7761944e-01,2.8423796e-02
6.0255663e+00,1.8033288e-01,2.4533248e-02
9.4635667e+00,1.8044111e-01,2.0186606e-02
4.7481220e+00,1.8153181e-01,2.9255674e-02
6.7818052e-01,1.8156351e-01,4.8985329e-07
9.2934116e+00,1.8193145e-01,2.0051119e-02
6.1366774e+00,1.8428732e-01,2.5572693e-02
8.1613766e+00,1.8710457e-01,1.9457053e-02
1.5753517e+00,1.8717999e-01,1.3162215e-02
8.8737813e+00,1.8725489e-01,2.0522443e-02
9.1146064e+00,1.8792422e-01,2.1171753e-02
8.0451649e+00,1.8880988e-01,1.9440326e-02
7.7369894e+00,1.8982461e-01,2.1628331e-02
2.1726252e+00,1.9198248e-01,2.9398442e-02
1.7816327e+00,1.9370296e-01,3.2847630e-02
1.9598275e+00,1.9381204e-01,3.1962712e-02
9.6629016e+00,1.9430050e-01,1.9415207e-02
7.2950374e+00,1.9446215e-01,2.3026963e-02
3.0056470e+00,1.9591178e-01,3.0758209e-02
3.1051149e+00,1.9596126e-01,3.0812812e-02
4.9195682e+00,1.9666776e-01,2.4587111e-02
9.1898937e-01,1.9680506e-01,5.2734989e-07
9.7444738e+00,1.9697165e-01,1.9291242e-02
4.2929950e+00,1.9778004e-01,3.3259283e-02
1.2621895e+00,1.9838977e-01,6.5605703e-06
5.8400208e+00,1.9841294e-01,2.0842728e-02
7.5835943e-01,1.9864148e-01,5.1372267e-07
3.9513954e+00,1.9891330e-01,3.1786697e-02
7.8204986e+00,1.9916999e-01,2.2806417e-02
3.5962945e+00,1.9918041e-01,3.0968663e-02
9.8480537e-01,2.0065923e-01,7.3881793e-08
7.1995181e+00,2.0134063e-01,2.2394543e-02
5.7615475e+00,2.0436869e-01,2.0751715e-02
8.6741651e+00,2.0970086e-01,2.0674483e-02
4.1305352e+00,2.1074262e-01,3.3491007e-02
9.9062087e+00,2.1127073e-01,1.0869855e-02
2.5225847e+00,2.1136890e-01,3.0928067e-02
9.2790132e-02,2.1207773e-01,3.6520583e-07
8.5646079e+00,2.1243131e-01,2.0605580e-02
9.3672145e+00,2.1386101e-01,1.9879043e-02
1.1630638e+00,2.1464511e-01,1.9656482e-06
9.0304769e+00,2.1636898e-01,2.0385584e-02
4.5934536e+00,2.1651576e-01,3.3617482e-02
3.8825025e+00,2.1724918e-01,3.2079544e-02
3.4988677e+00,2.1801121e-01,3.1174018e-02
3.9626243e-01,2.1985876e-01,4.9853239e-07
4.3956888e+00,2.1996819e-01,3.3741318e-02
4.8354414e+00,2.2076676e-01,2.9334462e-02
6.3271312e+00,2.2146932e-01,2.4903556e-02
3.2931323e+00,2.2434393e-01,3.0212051e-02
4.6714333e+00,2.2706172e-01,3.3413535e-02
5.6098343e+00,2.2821797e-01,1.9024927e-02
2.6248393e+00,2.2947277e-01,3.0321645e-02
6.8469018e+00,2.2970692e-01,2.4466320e-02
3.1992939e-01,2.2974839e-01,4.6960316e-07
7.4309323e+00,2.3021890e-01,2.4767068e-02
2.8353248e+00,2.3117265e-01,3.1240198e-02
6.9968061e+00,2.3131941e-01,2.3787403e-02
5.3282131e-01,2.3148576e-01,5.7824502e-07
6.5984984e+00,2.3360490e-01,2.5294917e-02
1.7418531e-01,2.3791735e-01,3.6827979e-07
6.6741674e+00,2.3829230e-01,2.5214924e-02
6.4634476e+00,2.3852208e-01,2.5074709e-02
3.7423696e+00,2.3900340e-01,3.1601355e-02
1.4043606e+00,2.3980083e-01,1.0264509e-03
2.3719272e+00,2.4405811e-01,3.0990833e-02
4.2194163e+00,2.4488569e-01,3.3621513e-02
3.1835195e+00,2.4502722e-01,3.0216055e-02
8.3447997e+00,2.4611494e-01,2.0064308e-02
7.3533996e+00,2.4699761e-01,2.3341366e-02
7.5966702e+00,2.4822346e-01,1.9128611e-02
2.9411914e+00,2.4892299e-01,3.0982630e-02
9.8070638e+00,2.5159213e-01,1.8209727e-02
8.1846522e+00,2.5428400e-01,1.9133229e-02
1.3256192e+00,2.5522371e-01,1.5332065e-04
6.0072087e-01,2.5562261e-01,5.7062651e-07
9.1558643e+00,2.5672163e-01,2.0921642e-02
9.2262864e+00,2.5750876e-01,2.0766174e-02
6.1735214e+00,2.5770480e-01,2.5123953e-02
3.6601130e+00,2.5793454e-01,3.1377742e-02
4.0467309e+00,2.5809660e-01,3.2255451e-02
5.9826429e+00,2.5846140e-01,2.5911375e-02
8.8316938e+00,2.6020975e-01,2.0794719e-02
9.5203631e+00,2.6177023e-01,2.0068517e-02
2.4582785e+00,2.6355937e-01,3.1353890e-02
1.5694571e+00,2.6408473e-01,1.3800704e-02
7.9704759e+00,2.6535969e-01,1.9200539e-02
4.9681566e+00,2.6692016e-01,2.4268760e-02
6.9275136e+00,2.6748426e-01,2.3802646e-02
7.6773063e+00,2.6844146e-01,2.1593007e-02
9.9642844e+00,2.7084203e-01,1.6781822e-02
2.1819747e+00,2.7207207e-01,2.8706831e-02
5.7125666e+00,2.7277386e-01,2.0715380e-02
1.0213064e+00,2.7409239e-01,4.4372741e-07
5.8931424e+00,2.7486746e-01,2.6366336e-02
9.6121212e+00,2.7506981e-01,1.9366643e-02
1.9610482e+00,2.7555087e-01,3.0585196e-02
4.5399126e-02,2.7579783e-01,3.8536010e-07
8.7201105e+00,2.7636722e-01,2.0588958e-02
7.1719713e+00,2.7737387e-01,2.2509391e-02
1.1221196e+00,2.7869046e-01,1.9441137e-06
8.6651574e-01,2.7917380e-01,4.5136472e-07
7.8588514e+00,2.7917781e-01,1.9483112e-02
6.4001597e+00,2.8026437e-01,2.5203333e-02
1.7848683e+00,2.8140702e-01,2.9998082e-02
4.5136181e-01,2.8345864e-01,5.6098672e-07
7.7629005e-01,2.8388525e-01,4.7146723e-07
5.5494187e+00,2.8562869e-01,1.8492542e-02
6.2589982e+00,2.8789940e-01,2.4549930e-02
8.2639344e+00,2.8811932e-01,1.9344019e-02
7.5109524e+00,2.9297924e-01,2.1793069e-02
8.9862954e+00,2.9349975e-01,2.0651256e-02
3.3747558e+00,2.9695183e-01,3.0116128e-02
4.8315684e+00,2.9800011e-01,3.1311483e-02
7.0755614e+00,2.9933196e-01,2.4676523e-02
6.5408329e+00,3.0292128e-01,2.5153046e-02
3.4757876e+00,3.0371742e-01,3.0957368e-02
8.5191934e+00,3.0374553e-01,1.9310999e-02
4.4109660e+00,3.0392832e-01,3.4503733e-02
1.4696066e+00,3.0485691e-01,3.6041909e-03
4.6899533e+00,3.0692913e-01,3.5308250e-02
2.7538277e+00,3.0869778e-01,2.9471035e-02
6.8170515e+00,3.1014312e-01,2.5096445e-02
9.3542030e+00,3.1205444e-01,2.0174374e-02
4.5666207e+00,3.1291439e-01,3.4501331e-02
2.6490634e+00,3.1427346e-01,2.9348175e-02
1.6276401e+00,3.1933695e-01,1.2846675e-02
3.1622649e+00,3.1942222e-01,2.9635360e-02
8.1156155e+00,3.2034163e-01,1.9206760e-02
8.8818727e+00,3.2048833e-01,2.0942446e-02
2.9621629e+00,3.2292236e-01,2.9896462e-02
8.4223759e+00,3.2461633e-01,1.8875806e-02
6.7337391e+00,3.2478818e-01,2.5389152e-02
2.1114377e+00,3.2556394e-01,2.8543835e-02
9.8110092e+00,3.2633585e-01,1.7719510e-02
4.0443626e+00,3.2838450e-01,3.1279612e-02
2.0278129e+00,3.2852314e-01,2.9398205e-02
8.0176509e+00,3.2971200e-01,1.9280880e-02
2.7105484e-01,3.3101460e-01,4.1737342e-07
1.7160848e+00,3.3173009e-01,2.2182587e-02
7.3517819e+00,3.3203833e-01,2.2733159e-02
3.8706306e+00,3.3315250e-01,3.0790479e-02
4.9156952e+00,3.3342491e-01,3.0180076e-02
6.1160949e+00,3.3411031e-01,2.5350610e-02
4.2167963e+00,3.3584781e-01,3.2862571e-02
9.8559285e-01,3.3598855e-01,4.3025472e-07
1.8723768e+00,3.3817733e-01,3.1811666e-02
4.7627689e+00,3.3863256e-01,3.5716529e-02
6.0363275e+00,3.3882135e-01,2.5450728e-02
3.7913049e+00,3.3941111e-01,3.0915557e-02
1.9377659e-01,3.3964711e-01,3.8777981e-07
9.2720984e+00,3.4097754e-01,2.0093413e-02
9.4411173e+00,3.4375019e-01,1.9771161e-02
2.3185455e+00,3.4398262e-01,2.9387577e-02
9.9101541e+00,3.4483798e-01,1.8435963e-02
8.9661816e-01,3.4492413e-01,4.5671803e-07
1.3109748e+00,3.4515366e-01,1.8538800e-04
6.8976633e+00,3.4792046e-01,2.5119471e-02
9.0971976e+00,3.4875545e-01,1.9914648e-02
5.9420805e-01,3.5110461e-01,5.7765661e-07
4.4969226e+00,3.5130310e-01,3.4550310e-02
3.6565837e+00,3.5159931e-01,3.0945953e-02
4.3541445e-01,3.5373395e-01,5.4713654e-07
2.4591921e+00,3.5520466e-01,2.9796521e-02
7.2658731e+00,3.5553611e-01,2.2902019e-02
9.0117582e+00,3.5708880e-01,1.9692584e-02
3.0603306e+00,3.5772159e-01,2.9232584e-02
2.2485054e+00,3.5980273e-01,2.9149872e-02
1.1508693e+00,3.6074495e-01,3.2003334e-06
6.8959833e-01,3.6228928e-01,5.7600246e-07
3.3451788e+00,3.6268102e-01,2.9451931e-02
3.2423007e+00,3.6446812e-01,2.9268485e-02
4.6280844e+00,3.6881872e-01,3.4922970e-02
5.7158294e+00,3.6976775e-01,1.9217480e-02
8.7039136e+00,3.6978968e-01,2.0274707e-02
4.1255469e+00,3.7199265e-01,3.1795017e-02
7.6884673e+00,3.7225810e-01,2.1600036e-02
7.5100055e+00,3.7230110e-01,2.2408762e-02
4.3056522e+00,3.7270230e-01,3.3134112e-02
2.8854067e+00,3.7335391e-01,2.8500287e-02
1.4593229e+00,3.7394689e-01,3.4374619e-03
8.2323679e+00,3.7618151e-01,1.9598691e-02
2.7829380e+00,3.7687968e-01,2.8788680e-02
3.5696851e+00,3.7855140e-01,3.0792041e-02
5.8758127e+00,3.7870687e-01,2.5514109e-02
9.6267738e+00,3.8004148e-01,1.9485655e-02
7.8347573e+00,3.8124150e-01,1.8980435e-02
8.1407862e+00,3.8402276e-01,1.9137981e-02
5.6130971e+00,3.8403539e-01,1.9517697e-02
3.9371551e+00,3.8510452e-01,3.0650550e-02
4.5399126e-02,3.8690894e-01,3.4192347e-07
6.2433264e+00,3.8871740e-01,2.5402830e-02
6.5228596e+00,3.8984470e-01,2.5083789e-02
1.2301611e+00,3.9017401e-01,4.7080651e-05
3.3144052e-01,3.9140028e-01,4.5666236e-07
9.7217294e+00,3.9234070e-01,2.0420117e-02
8.6125537e+00,3.9443755e-01,2.0076485e-02
7.4283677e+00,3.9458148e-01,2.2986180e-02
8.8493689e+00,3.9627504e-01,2.0605599e-02
6.4237626e+00,3.9654714e-01,2.5250942e-02
5.1036113e-01,3.9724308e-01,5.4969059e-07
1.3794325e+00,3.9882076e-01,1.2762678e-03
2.5889008e+00,4.0135358e-01,2.8815557e-02
3.7375278e+00,4.0291710e-01,3.1216601e-02
6.7040247e+00,4.0420335e-01,2.5070345e-02
6.1581901e+00,4.0618999e-01,2.4664879e-02
2.3713147e+00,4.0694375e-01,2.8933746e-02
7.9829274e+00,4.0860929e-01,2.0598541e-02
7.0760636e+00,4.0960386e-01,2.4872079e-02
6.9272418e+00,4.1099714e-01,2.5507019e-02
1.0078355e+00,4.1133191e-01,5.7637490e-07
2.5120971e+00,4.1250925e-01,2.9204081e-02
9.2397859e+00,4.1621377e-01,2.0339879e-02
5.7879699e+00,4.1872966e-01,2.4298108e-02
7.7634290e+00,4.2166208e-01,1.8832919e-02
9.9041198e+00,4.2332170e-01,1.7135421e-02
4.9475385e+00,4.2364762e-01,3.3624392e-02
9.1353072e+00,4.2477881e-01,1.9888409e-02
1.1238142e-01,4.2491860e-01,3.8727386e-07
8.9368414e+00,4.2719869e-01,2.0086026e-02
1.5938353e+00,4.2747598e-01,1.1215061e-02
6.0206269e+00,4.2810455e-01,2.5095135e-02
9.4615589e+00,4.2836613e-01,1.9873491e-02
4.7712768e+00,4.2862690e-01,3.5806061e-02
8.7829932e+00,4.2941893e-01,1.9969519e-02
1.8705796e+00,4.3013467e-01,3.3373246e-02
7.6068843e+00,4.3136196e-01,2.1589604e-02
1.0722988e+00,4.3149025e-01,2.3991912e-06
6.5867834e+00,4.3234286e-01,2.5349343e-02
7.1208665e-01,4.3461246e-01,6.4232166e-07
8.7929377e-01,4.3491378e-01,5.4958939e-07
2.0009654e+00,4.3543284e-01,2.9787703e-02
1.7345445e+00,4.3679315e-01,2.4151252e-02
7.2630476e+00,4.3715828e-01,2.3696190e-02
3.0596879e+00,4.4037029e-01,2.6887690e-02
8.0685925e+00,4.4091548e-01,1.9831013e-02
1.5253686e+00,4.4131374e-01,3.7812415e-03
2.1339105e+00,4.4156291e-01,2.8870035e-02
8.3799695e+00,4.4354527e-01,1.8144006e-02
3.2101575e+00,4.4381887e-01,2.7326645e-02
3.3638340e+00,4.4439260e-01,2.8591599e-02
6.2904343e+00,4.4445394e-01,2.6125671e-02
7.9116582e+00,4.4632067e-01,2.0933250e-02
7.0168902e+00,4.4671506e-01,2.5151573e-02
6.3791304e+00,4.4775000e-01,2.5229711e-02
4.4806258e+00,4.4951763e-01,3.3053344e-02
5.5636784e+00,4.5134788e-01,1.9591295e-02
9.5554574e+00,4.5135784e-01,1.9985657e-02
5.9496126e+00,4.5158400e-01,2.5452140e-02
4.3181933e+00,4.5161472e-01,3.2154268e-02
8.2708268e+00,4.5310607e-01,1.8399938e-02
2.9024426e+00,4.5772984e-01,2.6320075e-02
2.2029214e+00,4.5931139e-01,2.9010940e-02
4.6321259e+00,4.6017196e-01,3.4564980e-02
5.0866008e-01,4.6049123e-01,5.5756909e-07
3.5280404e+00,4.6114457e-01,2.9097218e-02
6.7525110e+00,4.6520965e-01,2.5453654e-02
3.9382443e+00,4.6590256e-01,3.0195475e-02
9.9582501e+00,4.6697280e-01,1.6166526e-02
7.1696481e+00,4.6926795e-01,2.4801424e-02
4.1201824e+00,4.6989430e-01,3.0325334e-02
6.1034340e+00,4.6995014e-01,2.4497402e-02
2.7594654e+00,4.7109877e-01,2.7337683e-02
8.1299168e-01,4.7152525e-01,4.9968272e-07
9.7376678e+00,4.7412828e-01,1.9106144e-02
1.9324036e+00,4.7441791e-01,3.0391098e-02
8.6123640e+00,4.7694085e-01,1.9984059e-02
4.8719196e+00,4.7821715e-01,3.6029575e-02
1.8015307e+00,4.7842741e-01,2.5592478e-02
9.5104340e-01,4.7854900e-01,6.4928245e-07
3.3852852e-01,4.7929792e-01,3.6704080e-07
1.6573371e+00,4.8000027e-01,1.4230721e-02
4.4072104e+00,4.8105527e-01,3.2498525e-02
3.1294790e+00,4.8142167e-01,2.6630748e-02
6.8912013e+00,4.8248429e-01,2.4864884e-02
1.3511966e+00,4.8623743e-01,9.9690659e-04
9.8209132e+00,4.8660715e-01,1.8348523e-02
3.2735052e+00,4.8678596e-01,2.7463454e-02
2.6285799e+00,4.8750126e-01,2.7120744e-02
4.7025026e+00,4.8827670e-01,3.4640254e-02
1.2449536e+00,4.8855377e-01,6.8811610e-05
2.9785562e+00,4.8994699e-01,2.6547924e-02
3.4171842e+00,4.9151571e-01,2.8921837e-02
8.9491199e+00,4.9265487e-01,2.0019978e-02
6.8267966e+00,4.9505898e-01,2.4857375e-02
2.0680036e+00,4.9696695e-01,3.0997686e-02
3.7214409e+00,4.9714587e-01,2.9893881e-02
9.2799037e+00,5.0010356e-01,2.0480591e-02
4.5543655e+00,5.0248217e-01,3.2959751e-02
4.4080139e-01,5.0487973e-01,3.6298764e-07
2.3826165e+00,5.0563086e-01,2.7528986e-02
9.3777551e+00,5.0650410e-01,2.0889520e-02
4.0400873e+00,5.0708419e-01,3.0893934e-02
7.4345076e+00,5.0739309e-01,2.2680860e-02
6.5660536e+00,5.0748582e-01,2.5404917e-02
8.5276631e+00,5.0932915e-01,1.9048619e-02
1.0964823e-01,5.1023187e-01,3.1335307e-07
2.4780903e+00,5.1089034e-01,2.8531378e-02
9.1069621e+00,5.1095106e-01,2.0472998e-02
8.4276821e+00,5.1279044e-01,1.9019810e-02
1.0857421e+00,5.1303545e-01,4.6724636e-06
6.6139923e-01,5.1592412e-01,7.5887311e-07
2.8380440e+00,5.1759481e-01,2.7326431e-02
2.7022752e+00,5.1914609e-01,2.5975284e-02
8.0649165e+00,5.2161205e-01,1.8580740e-02
7.5964963e+00,5.2234779e-01,2.0918030e-02
5.8253830e-01,5.2266112e-01,5.6397882e-07
7.3550963e+00,5.2647212e-01,2.3796005e-02
8.8077078e+00,5.2671695e-01,1.9857722e-02
4.2642478e+00,5.2678401e-01,3.0550267e-02
3.5988520e+00,5.2842125e-01,2.8991748e-02
6.4073517e+00,5.3171775e-01,2.5739208e-02
5.7773766e+00,5.3270629e-01,2.5385798e-02
3.8706068e+00,5.3289502e-01,2.8603711e-02
5.9361855e+00,5.3476046e-01,2.6429519e-02
9.0291063e+00,5.3544831e-01,2.0011549e-02
6.2774633e+00,5.3841121e-01,2.6236295e-02
7.9088537e+00,5.3877731e-01,2.0840577e-02
7.7590060e+00,5.3897318e-01,1.9446365e-02
5.6057680e+00,5.3958318e-01,1.8149727e-02
6.1273052e+00,5.3972289e-01,2.6313510e-02
1.1791052e+00,5.4066991e-01,5.4585062e-05
6.7221639e+00,5.4073403e-01,2.5081355e-02
2.2298943e+00,5.4322734e-01,2.7011255e-02
1.4824335e+00,5.4327749e-01,2.3272401e-03
4.1944632e+00,5.4349497e-01,3.0532912e-02
6.4850322e+00,5.4909328e-01,2.5941528e-02
7.0086750e+00,5.4935865e-01,2.5246688e-02
8.6842302e+00,5.5052199e-01,2.0532183e-02
2.8615159e-01,5.5214932e-01,2.8177381e-07
3.7741049e+00,5.5258436e-01,2.9399337e-02
6.6529478e+00,5.5487070e-01,2.5537933e-02
8.1162245e-01,5.5580402e-01,6.1762746e-07
9.5503792e+00,5.5715965e-01,2.0261880e-02
9.6811410e+00,5.5748670e-01,1.9908277e-02
1.9905216e-01,5.5819747e-01,2.7810767e-07
1.6802415e+00,5.5842106e-01,1.3705572e-02
3.2600464e+00,5.5847296e-01,2.7066561e-02
8.8863620e+00,5.5902925e-01,2.0067634e-02
8.2186199e+00,5.6134798e-01,1.8991357e-02
1.7750782e+00,5.6155473e-01,1.9491682e-02
2.3278229e+00,5.6160103e-01,2.7018177e-02
3.1230599e+00,5.6181673e-01,2.4502093e-02
1.3881519e+00,5.6332731e-01,1.0266578e-03
9.1974449e+00,5.6365969e-01,1.9973706e-02
9.9124327e+00,5.6388923e-01,1.8009270e-02
4.5383025e+00,5.6630927e-01,3.1634252e-02
9.6852570e-01,5.6806108e-01,1.0972938e-06
9.8292261e+00,5.6835115e-01,1.8275607e-02
6.9399990e+00,5.6880872e-01,2.5305339e-02
7.1962448e+00,5.6944652e-01,2.4517190e-02
6.7964495e+00,5.7058336e-01,2.4856975e-02
2.5920527e+00,5.7070071e-01,2.7545565e-02
1.9458271e+00,5.7089638e-01,3.0533556e-02
4.3934973e+00,5.7342531e-01,3.1971470e-02
6.2155117e+00,5.7459156e-01,2.6423715e-02
5.8517922e+00,5.7585995e-01,2.7186770e-02
7.5057573e+00,5.7609854e-01,2.1547825e-02
2.9857151e+00,5.7621792e-01,2.5017844e-02
4.8707911e+00,5.7655196e-01,3.7111140e-02
2.0393420e+00,5.7792810e-01,3.2284346e-02
7.2875246e-01,5.7883418e-01,7.3730910e-07
3.3933214e+00,5.7888263e-01,2.7094509e-02
4.6787177e-01,5.7959618e-01,3.0248798e-07
5.6979071e+00,5.8046864e-01,2.4119760e-02
6.3490662e+00,5.8049388e-01,2.5537036e-02
7.6736563e+00,5.8055504e-01,2.1029122e-02
7.9764468e+00,5.8176249e-01,1.9425300e-02
8.7587080e+00,5.8182464e-01,2.0287086e-02
1.0387612e+00,5.8238919e-01,4.7952464e-06
2.5183668e+00,5.8293412e-01,2.8074327e-02
4.2665941e-02,5.8333333e-01,3.0314249e-07
8.1267153e+00,5.8479200e-01,1.8258590e-02
9.4011675e+00,5.8717178e-01,2.0889102e-02
8.5499043e+00,5.8726653e-01,2.0219522e-02
7.8275298e+00,5.9100924e-01,2.0455488e-02
5.9897508e+00,5.9333678e-01,2.4814321e-02
5.5376549e-01,5.9515063e-01,3.2464945e-07
3.1902795e+00,5.9590094e-01,2.4328752e-02
6.0681015e+00,5.9736618e-01,2.5320265e-02
4.6975452e+00,6.0251069e-01,3.3321362e-02
2.8456651e+00,6.0277389e-01,2.7906202e-02
4.0159335e+00,6.0277810e-01,2.9547397e-02
9.6101834e+00,6.0287627e-01,2.0568550e-02
3.3265123e+00,6.0344653e-01,2.8615245e-02
4.4508498e+00,6.0571477e-01,3.2771559e-02
3.0604277e+00,6.0703629e-01,2.4319535e-02
1.6217691e+00,6.0860758e-01,7.6027670e-03
8.4083603e+00,6.0977748e-01,2.1443553e-02
4.3229797e+00,6.1001706e-01,3.0874377e-02
6.5039596e+00,6.1022021e-01,2.6068341e-02
3.9142901e+00,6.1029202e-01,2.8875094e-02
7.3072507e+00,6.1061878e-01,2.3920286e-02
3.5486718e+00,6.1084771e-01,2.7312255e-02
9.7603189e+00,6.1167390e-01,1.9604876e-02
8.6290890e+00,6.1188750e-01,2.0480931e-02
9.4798931e+00,6.1483562e-01,2.0227405e-02
1.5168418e+00,6.1505088e-01,2.3801607e-03
5.5420897e+00,6.1764706e-01,1.8193060e-02
7.0483891e+00,6.2181122e-01,2.5828887e-02
7.1347937e+00,6.2324172e-01,2.4781732e-02
2.1874673e+00,6.2381714e-01,2.7338465e-02
1.1894375e+00,6.2436917e-01,5.4230623e-05
9.9541826e+00,6.2632819e-01,1.7327956e-02
2.7105315e+00,6.2712774e-01,2.2888131e-02
2.9172226e+00,6.2917985e-01,2.7657872e-02
8.5390209e-01,6.3041200e-01,1.1393836e-06
3.4539973e+00,6.3093795e-01,2.6502776e-02
6.6459432e+00,6.3179323e-01,2.5978765e-02
6.8227206e+00,6.3805172e-01,2.5218382e-02
4.6111055e+00,6.3823305e-01,3.2428779e-02
2.0902931e+00,6.3933885e-01,3.0891258e-02
4.9464100e+00,6.4103005e-01,3.6105096e-02
4.7651909e+00,6.4119569e-01,3.4101598e-02
9.0035250e+00,6.4152125e-01,2.0021628e-02
8.4889857e+00,6.4290608e-01,2.1017617e-02
9.2082530e-01,6.4436032e-01,1.5389727e-06
6.5779763e+00,6.4553528e-01,2.6148596e-02
1.8127859e+00,6.4648479e-01,1.9081559e-02
3.7609107e+00,6.4809770e-01,2.9169999e-02
4.1614421e+00,6.4824935e-01,2.8617452e-02
9.2099501e+00,6.4834946e-01,1.9990725e-02
6.9018654e+00,6.4885176e-01,2.5262465e-02
3.4757985e-01,6.4913746e-01,1.7875434e-07
4.2702715e-01,6.5100250e-01,1.6554051e-07
1.0898788e+00,6.5132659e-01,1.9272557e-05
1.8967680e+00,6.5167434e-01,2.2538412e-02
8.9187472e+00,6.5290452e-01,1.9636306e-02
2.6359342e+00,6.5398799e-01,2.3733345e-02
2.3437194e+00,6.5407908e-01,2.7196055e-02
7.2420405e-01,6.5443629e-01,1.0043045e-06
8.2633057e+00,6.5571795e-01,1.9817586e-02
6.3694311e+00,6.5995448e-01,2.5981608e-02
1.8068595e-01,6.6082349e-01,2.6172307e-07
5.9548482e+00,6.6270938e-01,2.4118073e-02
5.8718628e+00,6.6336911e-01,2.5056222e-02
2.7753427e+00,6.6425951e-01,2.5492015e-02
8.3512219e+00,6.6474808e-01,2.0703120e-02
9.3158213e+00,6.6546101e-01,2.0798940e-02
9.1282023e-02,6.6841345e-01,2.9111814e-07
4.0630075e+00,6.7034258e-01,2.9486269e-02
6.0900478e+00,6.7085051e-01,2.5434347e-02
6.4466440e+00,6.7230527e-01,2.5586596e-02
1.3494747e+00,6.7522030e-01,9.2201988e-04
3.2064794e+00,6.7639255e-01,2.3792662e-02
7.3325448e+00,6.7722827e-01,2.3718175e-02
7.9637737e+00,6.7751767e-01,1.9384704e-02
3.8575727e+00,6.7934400e-01,2.9411128e-02
8.7648620e+00,6.8148429e-01,1.8926517e-02
3.2919139e+00,6.8157732e-01,2.7971812e-02
4.2915689e+00,6.8348683e-01,3.0584293e-02
6.2351510e+00,6.8433666e-01,2.6485524e-02
2.5101108e+00,6.8497866e-01,2.8601658e-02
5.6875583e+00,6.8685481e-01,2.4384790e-02
2.2474217e+00,6.8802688e-01,2.7321573e-02
7.4830543e+00,6.8861231e-01,2.1853272e-02
3.0724558e+00,6.8880759e-01,2.3728976e-02
8.6173516e+00,6.8916427e-01,1.8413397e-02
7.8132859e+00,6.8989240e-01,1.9630535e-02
1.2671202e+00,6.9020956e-01,1.2553785e-04
7.6525226e+00,6.9098863e-01,2.1594707e-02
9.7362951e+00,6.9146172e-01,1.9787635e-02
3.6007645e+00,6.9181139e-01,2.7443492e-02
7.9894070e-01,6.9305909e-01,1.0324455e-06
5.6770160e-01,6.9547505e-01,2.8147321e-07
9.1395096e+00,6.9650893e-01,1.9967235e-02
9.0463632e+00,6.9978096e-01,2.0451392e-02
1.4860072e+00,7.0316417e-01,2.9490176e-03
9.6279483e+00,7.0322032e-01,2.0337465e-02
9.4485317e+00,7.0408349e-01,2.0551267e-02
8.1023717e+00,7.0459516e-01,2.0075503e-02
5.5954192e+00,7.0479288e-01,2.1092145e-02
4.1998157e+00,7.0500816e-01,2.8162045e-02
1.6513720e+00,7.0708229e-01,7.6851908e-03
4.4523799e+00,7.0789127e-01,3.3002948e-02
3.4378312e+00,7.0799430e-01,2.5776338e-02
6.6981272e+00,7.1110308e-01,2.6060036e-02
3.6902151e+00,7.1164120e-01,2.8699405e-02
6.0152329e+00,7.1206637e-01,2.4757492e-02
8.5261636e+00,7.1257018e-01,1.7850371e-02
6.7697436e+00,7.1359248e-01,2.5560079e-02
2.4314355e+00,7.1369215e-01,2.7004471e-02
9.9045270e+00,7.1456348e-01,1.8317410e-02
8.8462469e+00,7.2025187e-01,1.9309923e-02
7.1875887e+00,7.2172028e-01,2.5074805e-02
6.4241805e-01,7.2254543e-01,3.9555023e-07
6.1688907e+00,7.2295232e-01,2.6020194e-02
1.0669736e+00,7.2333205e-01,1.9561633e-05
3.1512879e+00,7.2407965e-01,2.3519022e-02
4.5554681e+00,7.2602256e-01,3.3011757e-02
7.4046481e+00,7.2625301e-01,2.2988534e-02
9.3468884e+00,7.2651193e-01,2.0672060e-02
2.5955955e+00,7.2688342e-01,2.6209167e-02
6.5604941e+00,7.2740831e-01,2.6100057e-02
8.6786467e+00,7.2745840e-01,1.8680901e-02
6.3174676e+00,7.2761691e-01,2.6176682e-02
7.0414796e+00,7.2797124e-01,2.5975575e-02
2.9474744e+00,7.2821227e-01,2.8532583e-02
3.0781164e-01,7.3067030e-01,1.5075657e-07
9.6815557e-01,7.3069390e-01,7.0350092e-06
5.8339745e+00,7.3099001e-01,2.4360992e-02
4.9085123e+00,7.3157200e-01,3.5087458e-02
7.8819367e+00,7.3341564e-01,2.0039037e-02
3.3425568e+00,7.3406976e-01,2.6497103e-02
7.2743340e+00,7.3453458e-01,2.4159688e-02
2.2801718e-01,7.3630819e-01,1.8773397e-07
4.8029121e+00,7.3669193e-01,3.3193884e-02
8.0278998e+00,7.3717039e-01,2.0113342e-02
4.8045307e-01,7.3763320e-01,1.1185593e-07
6.4793078e+00,7.3865108e-01,2.6209556e-02
9.7972966e+00,7.3998970e-01,1.9290676e-02
8.1882037e+00,7.4027312e-01,1.9826593e-02
6.9188071e+00,7.4132877e-01,2.5243796e-02
1.7475522e+00,7.4182583e-01,8.8580955e-03
1.4129216e+00,7.4328377e-01,2.5652126e-03
7.5526596e+00,7.4529515e-01,2.2239693e-02
2.0509794e+00,7.4813191e-01,2.4796660e-02
7.7236284e+00,7.4828993e-01,2.1481999e-02
5.7456743e+00,7.4897725e-01,2.3632844e-02
4.8616082e-02,7.5174678e-01,2.7217658e-07
2.8042817e+00,7.5337182e-01,2.5756470e-02
3.9885752e+00,7.5381281e-01,3.0202756e-02
1.5697826e+00,7.5527538e-01,5.7194363e-03
3.8847839e+00,7.5530031e-01,2.8899943e-02
3.0279950e+00,7.5702164e-01,2.4543797e-02
4.3203619e+00,7.5783499e-01,3.1378595e-02
8.3930883e+00,7.5957066e-01,1.9107971e-02
1.9509693e+00,7.6749912e-01,2.2438307e-02
8.4874045e+00,7.7426416e-01,1.8183232e-02
7.6759981e-01,7.7436410e-01,6.5279623e-07
3.4795096e+00,7.7561098e-01,2.5461308e-02
7.1351253e+00,7.7584330e-01,2.5494148e-02
6.9902475e+00,7.7847612e-01,2.5575109e-02
3.5477684e+00,7.7951831e-01,2.8341499e-02
4.3943108e+00,7.8078306e-01,3.3233566e-02
7.3464372e+00,7.8355932e-01,2.4010426e-02
9.4890690e+00,7.8531822e-01,2.0572664e-02
6.8380047e+00,7.8571309e-01,2.5736987e-02
9.5836613e+00,7.8632940e-01,2.0688462e-02
9.1497918e+00,7.8663871e-01,1.9360551e-02
6.0208720e+00,7.9020766e-01,2.6508035e-02
1.2217696e+00,7.9051220e-01,2.6041964e-04
2.9048559e+00,7.9091863e-01,2.6647599e-02
4.1379345e+00,7.9241375e-01,2.7752383e-02
5.5533296e+00,7.9302817e-01,2.1674613e-02
2.2214376e+00,7.9312638e-01,2.5227586e-02
9.9503444e+00,7.9411765e-01,1.7903082e-02
1.1211817e+00,7.9667728e-01,3.8395003e-05
9.3830946e-01,7.9776570e-01,6.5078179e-06
9.3059286e+00,8.0025803e-01,1.9319057e-02
8.2372639e+00,8.0147929e-01,1.8795023e-02
4.9621023e+00,8.0482767e-01,3.4746861e-02
9.0086545e+00,8.0495721e-01,2.0231273e-02
6.6521708e+00,8.0496489e-01,2.5972430e-02
2.6472293e+00,8.0664952e-01,2.8391797e-02
6.6039536e-01,8.0681754e-01,1.7662075e-07
6.5825046e+00,8.0752807e-01,2.5927645e-02
4.5904239e+00,8.0832273e-01,3.2436117e-02
3.1907812e+00,8.1128545e-01,2.2853959e-02
8.3542323e+00,8.1174669e-01,1.9724594e-02
6.4429116e+00,8.1191691e-01,2.5658005e-02
3.4518221e-01,8.1224304e-01,1.0495635e-07
6.3582843e+00,8.1323354e-01,2.5905181e-02
6.1332096e+00,8.1337664e-01,2.7262893e-02
5.8746716e+00,8.1557802e-01,2.5036989e-02
3.2966157e+00,8.1609080e-01,2.4585990e-02
4.7864273e+00,8.1627651e-01,3.3481071e-02
2.4100225e+00,8.1670080e-01,2.4756333e-02
4.3837633e-01,8.1734089e-01,9.5127325e-08
8.2608651e-01,8.1873440e-01,1.8322893e-06
4.0251286e+00,8.1912517e-01,2.9630769e-02
8.8433022e+00,8.1934907e-01,1.9993879e-02
1.7642140e+00,8.1978028e-01,9.3595343e-03
8.6619899e+00,8.1987579e-01,1.9586319e-02
3.7259886e+00,8.2056193e-01,2.8239320e-02
2.7581195e+00,8.2536213e-01,2.7066404e-02
1.9930211e-01,8.2723148e-01,3.2352758e-07
9.2166807e+00,8.3161936e-01,1.8766686e-02
1.4364309e+00,8.3286315e-01,1.3737487e-02
3.8238954e+00,8.3297474e-01,2.8379338e-02
1.0930495e-01,8.3508012e-01,2.5916834e-07
7.9076851e+00,8.3766933e-01,2.0424945e-02
2.1221696e+00,8.3770970e-01,2.4849367e-02
7.5386752e+00,8.3821079e-01,2.2739388e-02
4.6972222e+00,8.3880280e-01,3.4166556e-02
5.9552295e+00,8.4241085e-01,2.6596210e-02
8.0063247e+00,8.4288252e-01,2.0021406e-02
9.0665380e+00,8.4400516e-01,1.9932057e-02
1.5871792e+00,8.4422289e-01,1.6662966e-02
7.7305479e+00,8.4469468e-01,2.1988882e-02
3.0605018e+00,8.4510098e-01,2.2812003e-02
9.7761546e+00,8.4569024e-01,1.9811314e-02
4.2802281e+00,8.4851415e-01,3.0410118e-02
5.7184898e+00,8.5449177e-01,2.3605044e-02
8.5062266e+00,8.5652942e-01,1.9689066e-02
1.2625173e+00,8.5787786e-01,1.2847826e-03
7.3415916e+00,8.5869640e-01,2.4129514e-02
3.5876039e+00,8.6107779e-01,2.8023565e-02
4.1895538e+00,8.6157158e-01,2.9216156e-02
2.2963223e+00,8.6218723e-01,2.4581472e-02
7.1462409e+00,8.6224015e-01,2.5478850e-02
3.1444559e+00,8.6409273e-01,2.3096606e-02
3.4481790e+00,8.6447835e-01,2.6096740e-02
2.5823374e+00,8.6549336e-01,2.7155987e-02
1.8373246e+00,8.6587128e-01,1.0040059e-02
1.9189458e+00,8.6695508e-01,1.3863308e-02
6.5081125e+00,8.6781915e-01,2.5809843e-02
6.8049239e+00,8.6810647e-01,2.5821780e-02
8.9229096e+00,8.6956069e-01,1.9262075e-02
4.8920275e+00,8.7068039e-01,3.4229232e-02
2.4685895e+00,8.7161334e-01,2.4290061e-02
8.7452605e+00,8.7299887e-01,2.0254542e-02
8.1841605e+00,8.7327929e-01,1.9496085e-02
1.3714862e+00,8.7346828e-01,1.6401761e-02
1.6854305e+00,8.7398424e-01,1.7379163e-02
9.8986248e-01,8.7484220e-01,9.1805917e-06
3.3605596e+00,8.7888271e-01,2.7538613e-02
9.8833849e+00,8.7908755e-01,2.0241958e-02
7.6454578e+00,8.8030902e-01,2.2483113e-02
5.6182842e+00,8.8060463e-01,2.2850833e-02
1.0739167e+00,8.8111563e-01,3.5242189e-05
1.5269131e+00,8.8169106e-01,4.0658528e-02
9.3761057e+00,8.8207618e-01,1.8882677e-02
3.6763736e+00,8.8229159e-01,2.8866859e-02
6.9962740e+00,8.8252017e-01,2.5464110e-02
8.5779539e+00,8.8289656e-01,1.9947660e-02
4.4077277e+00,8.8456523e-01,3.1990291e-02
6.1546507e+00,8.8700996e-01,2.6176898e-02
8.4181895e+00,8.8706822e-01,2.0543056e-02
4.7951157e-01,8.8763149e-01,6.4944753e-08
9.6222428e+00,8.8920610e-01,2.0970847e-02
9.4576028e+00,8.8956481e-01,2.0154150e-02
7.4394615e+00,8.8972927e-01,2.3727475e-02
6.6907064e+00,8.8984766e-01,2.5545617e-02
6.2829818e-01,8.9149009e-01,8.3001404e-08
2.9393227e+00,8.9203616e-01,2.4871092e-02
5.7979964e+00,8.9281943e-01,2.4328529e-02
6.3289405e+00,8.9707716e-01,2.6516989e-02
8.0704743e+00,8.9808115e-01,1.9379771e-02
7.9907619e-01,8.9913586e-01,3.9003811e-07
3.9692447e+00,8.9919302e-01,2.9193870e-02
3.1529022e-01,9.0084592e-01,1.2929492e-07
7.2345478e+00,9.0545370e-01,2.6021308e-02
4.5541638e+00,9.0763450e-01,3.1405922e-02
9.7102276e+00,9.1018313e-01,2.0596325e-02
2.4920459e-01,9.1019648e-01,1.1597225e-07
3.8718028e+00,9.1155508e-01,2.9611169e-02
7.8100002e+00,9.1169110e-01,2.0900818e-02
7.8815775e+00,9.1224239e-01,2.0240176e-02
6.0688866e-02,9.1666667e-01,6.2205654e-08
3.0144480e+00,9.1740915e-01,2.3942693e-02
7.0586217e+00,9.1841213e-01,2.5070280e-02
5.6420757e-01,9.1966672e-01,7.7907102e-08
2.7952907e+00,9.2257321e-01,2.5237992e-02
6.2433046e+00,9.2370951e-01,2.6549660e-02
4.3357785e+00,9.2686038e-01,3.1503260e-02
6.8917527e+00,9.2776619e-01,2.6607245e-02
9.1835950e+00,9.3042302e-01,1.9401584e-02
1.2115223e+00,9.3075928e-01,1.6055031e-03
1.7071414e+00,9.3271527e-01,2.1606415e-02
4.7046938e+00,9.3341135e-01,3.3395480e-02
2.0732708e+00,9.3449662e-01,1.8509640e-02
7.0849232e-01,9.3943810e-01,1.0435581e-07
1.7986662e+00,9.4122293e-01,2.1110247e-02
4.8873418e+00,9.4205302e-01,3.5997090e-02
2.5865649e+00,9.4406661e-01,2.6208657e-02
1.9700572e+00,9.4437479e-01,1.4861429e-02
9.0809750e+00,9.4474162e-01,2.0052177e-02
3.5710252e+00,9.4475498e-01,2.6857959e-02
4.4859952e+00,9.4486087e-01,3.2590599e-02
1.1235096e+00,9.4783197e-01,1.6839184e-04
8.2562305e+00,9.4920371e-01,1.9827727e-02
3.1854753e+00,9.5009236e-01,2.4391099e-02
2.8759197e+00,9.5170043e-01,2.5016469e-02
3.4998591e+00,9.5206288e-01,2.6499157e-02
8.3732912e+00,9.5272524e-01,2.0463011e-02
6.4844558e+00,9.5295926e-01,2.6564158e-02
7.6504696e+00,9.5707622e-01,2.2005090e-02
5.9780528e+00,9.5789884e-01,2.6658084e-02
7.4576326e+00,9.5915181e-01,2.4271623e-02
1.3591914e+00,9.5940308e-01,2.6642655e-02
9.3491780e+00,9.6073807e-01,1.9202268e-02
9.9330406e+00,9.6732284e-01,1.9910474e-02
8.5821757e+00,9.6814853e-01,2.0504374e-02
4.4702598e-01,9.6828420e-01,7.1644323e-08
9.4282382e-01,9.6886740e-01,7.8536681e-07
4.1733912e+00,9.6969477e-01,2.8753780e-02
5.5649546e+00,9.6992940e-01,2.3106302e-02
1.5601853e+00,9.7056270e-01,7.9240778e-02
2.4336784e+00,9.7136484e-01,2.1938305e-02
4.6329084e+00,9.7199033e-01,3.4063043e-02
8.6426048e-01,9.7219236e-01,2.2763476e-07
5.8160434e+00,9.7258401e-01,2.4535603e-02
8.9270923e+00,9.7362421e-01,1.8526550e-02
8.7349251e+00,9.7713015e-01,2.0582070e-02
9.2459153e+00,9.7772357e-01,1.9183451e-02
6.0651363e+00,9.7932898e-01,2.5426095e-02
8.0628961e+00,9.8075031e-01,1.9489762e-02
6.3899111e+00,9.8090064e-01,2.6832764e-02
3.3326374e+00,9.8108049e-01,2.6114490e-02
7.2271926e+00,9.8131916e-01,2.6122926e-02
4.7892132e+00,9.8225769e-01,3.3478086e-02
2.2886008e+00,9.8248620e-01,2.2046363e-02
1.2595661e+00,9.8357178e-01,4.8149674e-03
7.5618582e+00,9.8440052e-01,2.2874131e-02
2.7311730e+00,9.8551805e-01,2.6179168e-02
2.6460918e+00,9.8563748e-01,2.6247778e-02
3.7599874e-01,9.8659648e-01,7.7820696e-08
6.6532636e+00,9.8693157e-01,2.6664439e-02
3.7025471e+00,9.8794908e-01,2.8636259e-02
9.5757286e+00,9.8911242e-01,2.0932444e-02
9.5056808e+00,9.9048231e-01,2.0033856e-02
1.6421623e+00,9.9182556e-01,7.3589486e-02
4.0207574e+00,9.9208453e-01,2.9331400e-02
4.9574165e+00,9.9524792e-01,3.5954373e-02
2.0980007e+00,9.9971872e-01,1.9630040e-02
1.0502568e-01,1.0000000e+00,3.0346875e-08
5.3172198e-01,1.0003194e+00,7.4453212e-08
2.0354424e-01,1.0013784e+00,3.0906244e-08
6.8765732e+00,1.0033758e+00,2.6106464e-02
3.0565213e+00,1.0056705e+00,2.4468621e-02
3.2630427e+00,1.0060556e+00,2.5348576e-02
3.8481003e+00,1.0067796e+00,2.9783027e-02
2.4926661e+00,1.0075915e+00,2.2592602e-02
8.6558763e+00,1.0092590e+00,1.9651849e-02
1.4099868e+00,1.0095855e+00,4.6950238e-02
9.0272742e+00,1.0097572e+00,1.9471768e-02
5.9155419e+00,1.0108306e+00,2.6599648e-02
7.2279261e-01,1.0130833e+00,4.6441836e-08
1.5040127e+00,1.0134055e+00,9.4272678e-02
7.0546910e+00,1.0137186e+00,2.5340794e-02
7.9322294e+00,1.0155323e+00,1.9507603e-02
1.1048982e+00,1.0173670e+00,1.4749473e-04
6.5497184e+00,1.0182196e+00,2.6236045e-02
3.1435945e+00,1.0193619e+00,2.4589360e-02
4.3321151e+00,1.0206757e+00,3.0668103e-02
7.8007789e+00,1.0211029e+00,2.0718986e-02
1.7944106e+00,1.0224548e+00,4.2862365e-02
1.9276883e+00,1.0227650e+00,3.6020321e-02
4.1100984e+00,1.0240545e+00,2.9392421e-02
8.5240848e+00,1.0269054e+00,2.0413357e-02
8.4285875e+00,1.0283175e+00,1.9454441e-02
3.6326774e+00,1.0287939e+00,2.8478204e-02
7.7263384e+00,1.0308737e+00,2.1639291e-02
7.9989824e+00,1.0324602e+00,1.9562739e-02
7.1349551e+00,1.0334120e+00,2.5587928e-02
9.8880150e+00,1.0334667e+00,1.8097414e-02
2.1975015e+00,1.0351190e+00,2.0125081e-02
6.2082301e+00,1.0364047e+00,2.5967926e-02
2.3673899e+00,1.0367513e+00,2.1729656e-02
8.8799465e+00,1.0400791e+00,1.9801685e-02
9.7389183e+00,1.0406712e+00,2.0940706e-02
7.2908185e+00,1.0408147e+00,2.5411233e-02
7.4258251e+00,1.0416561e+00,2.4512338e-02
8.2109370e+00,1.0426373e+00,1.9896125e-02
4.4844942e+00,1.0426832e+00,3.2368526e-02
8.7957136e+00,1.0440296e+00,2.0371285e-02
8.1014280e-01,1.0461224e+00,5.3882414e-08
6.7988514e+00,1.0478525e+00,2.5892758e-02
8.1312887e+00,1.0493821e+00,1.9563849e-02
4.2604021e+00,1.0504527e+00,3.0624714e-02
3.7690645e+00,1.0505825e+00,3.0227960e-02
6.7066694e+00,1.0523905e+00,2.6678604e-02
4.7858447e+00,1.0525370e+00,3.2888570e-02
6.9771637e+00,1.0534362e+00,2.5869705e-02
9.3982723e+00,1.0536663e+00,2.0209997e-02
2.8717757e+00,1.0539437e+00,2.4485988e-02
1.6941347e+00,1.0548740e+00,7.9051385e-02
1.2357971e+00,1.0577747e+00,3.8251310e-03
5.6067049e+00,1.0581647e+00,2.0968331e-02
5.7756729e+00,1.0590008e+00,2.4505918e-02
3.4859066e+00,1.0592794e+00,2.6958050e-02
5.7053198e-01,1.0593778e+00,4.4049571e-08
1.8497657e+00,1.0625977e+00,4.2113648e-02
6.6776297e-01,1.0655661e+00,4.1342496e-08
6.1032656e+00,1.0659847e+00,2.5738322e-02
9.7308853e-01,1.0668218e+00,1.1718758e-06
1.0417651e+00,1.0692889e+00,9.1705131e-06
3.0212386e+00,1.0695757e+00,2.5282838e-02
2.6035870e+00,1.0705968e+00,2.4445476e-02
4.6375795e+00,1.0706263e+00,3.4040200e-02
2.7330019e+00,1.0712274e+00,2.5596173e-02
9.8094754e+00,1.0717339e+00,1.9468288e-02
9.2536941e+00,1.0723732e+00,2.0097158e-02
3.4150206e-01,1.0724554e+00,1.7777450e-08
3.4063044e+00,1.0738926e+00,2.6859615e-02
1.1691419e+00,1.0744973e+00,5.3728101e-04
7.8627462e+00,1.0751300e+00,2.0285741e-02
9.4732779e+00,1.0759219e+00,2.0493501e-02
4.4025634e+00,1.0762029e+00,3.2481587e-02
6.3601119e+00,1.0777117e+00,2.6079179e-02
2.3513318e-01,1.0778868e+00,1.6232604e-08
2.0366936e+00,1.0782244e+00,3.5865934e-02
7.3642360e+00,1.0784864e+00,2.5169259e-02
9.6521332e+00,1.0810338e+00,2.0687280e-02
4.4336818e-02,1.0833333e+00,7.3501000e-10
2.9331998e+00,1.0834808e+00,2.4732154e-02
4.9256310e+00,1.0845336e+00,3.5293857e-02
7.5846120e+00,1.0865014e+00,2.2848070e-02
3.9824319e+00,1.0872757e+00,3.0039572e-02
1.3680378e+00,1.0884203e+00,4.5428863e-02
2.5219033e+00,1.0886908e+00,2.3821117e-02
3.9072167e+00,1.0896088e+00,2.9394830e-02
1.9695948e+00,1.0913926e+00,3.6660317e-02
3.2577623e+00,1.0934543e+00,2.6134932e-02
5.6991705e+00,1.0935843e+00,2.2701680e-02
1.5074315e+00,1.0980261e+00,1.0206316e-01
3.1889644e+00,1.1004563e+00,2.6041924e-02
4.8521877e+00,1.1016181e+00,3.4571623e-02
4.7059965e+00,1.1023267e+00,3.3190435e-02
8.6262582e+00,1.1035898e+00,1.9081937e-02
4.5573340e+00,1.1040928e+00,3.4048972e-02
8.3926954e+00,1.1046956e+00,1.9811854e-02
9.0418703e+00,1.1057999e+00,2.1530594e-02
7.1549032e+00,1.1065409e+00,2.5488147e-02
6.2640667e+00,1.1065834e+00,2.5291643e-02
8.5501759e+00,1.1079824e+00,2.0401926e-02
9.3552403e+00,1.1095456e+00,2.0740629e-02
2.7929755e+00,1.1105258e+00,2.5084138e-02
7.2399827e+00,1.1123891e+00,2.5725615e-02
1.2934734e+00,1.1124408e+00,8.9317481e-03
8.0244998e+00,1.1134517e+00,1.9263773e-02
2.6601760e+00,1.1139595e+00,2.5081466e-02
1.6597858e+00,1.1164456e+00,9.9735884e-02
7.6753175e+00,1.1193261e+00,2.2014891e-02
6.5173249e+00,1.1195741e+00,2.6354051e-02
8.2921055e+00,1.1225369e+00,1.9307414e-02
7.5178465e+00,1.1238949e+00,2.3981962e-02
9.9549744e+00,1.1249674e+00,1.8497590e-02
5.9150756e+00,1.1250740e+00,2.6301448e-02
8.1025024e+00,1.1286077e+00,1.9366521e-02
6.8202735e+00,1.1296260e+00,2.5069859e-02
8.4130282e-01,1.1328198e+00,3.3461519e-08
8.7666537e+00,1.1348612e+00,2.0174497e-02
6.9626796e+00,1.1352782e+00,2.6127651e-02
1.4323818e+00,1.1358189e+00,5.8427508e-02
4.1506589e+00,1.1359691e+00,3.0508104e-02
9.2083289e+00,1.1361161e+00,2.0981807e-02
2.1698838e+00,1.1372118e+00,3.1989160e-02
1.5693804e+00,1.1379027e+00,1.1112445e-01
2.3578993e+00,1.1390694e+00,2.8008443e-02
3.6071087e+00,1.1403751e+00,2.9431214e-02
7.0262666e-01,1.1410121e+00,2.3187889e-08
4.2389829e+00,1.1418930e+00,3.0713858e-02
8.8959236e+00,1.1438545e+00,1.9836856e-02
6.6884532e+00,1.1439773e+00,2.5820638e-02
5.3855871e-01,1.1440972e+00,9.3222717e-09
1.1497766e+00,1.1455033e+00,2.3790106e-04
5.5417503e+00,1.1470588e+00,2.1159360e-02
6.4222631e+00,1.1511248e+00,2.6536859e-02
9.1125260e+00,1.1518277e+00,2.1737379e-02
5.8430882e+00,1.1523177e+00,2.5130378e-02
2.4952574e+00,1.1525807e+00,2.8145476e-02
1.0759032e+00,1.1546154e+00,2.5077218e-05
3.7186669e-01,1.1550288e+00,8.2477941e-09
3.0230674e+00,1.1552850e+00,2.7612464e-02
2.0739194e+00,1.1557310e+00,3.7066810e-02
9.2568522e-01,1.1568442e+00,9.0937216e-08
7.8836867e+00,1.1574789e+00,1.9900657e-02
1.8496635e-01,1.1585701e+00,8.1524392e-10
8.4797031e+00,1.1597365e+00,2.1069278e-02
4.9682145e+00,1.1607143e+00,3.4424125e-02
3.7398084e+00,1.1614317e+00,3.0672892e-02
1.8618570e+00,1.1615430e+00,5.1953069e-02
9.5163895e+00,1.1619836e+00,2.0099059e-02
8.6762472e+00,1.1622925e+00,1.9314151e-02
4.4305026e+00,1.1629374e+00,3.3289613e-02
9.8764348e+00,1.1632346e+00,2.1635105e-02
3.5315040e+00,1.1635527e+00,2.9523566e-02
9.2688545e-02,1.1653951e+00,3.9440902e-10
6.8835112e+00,1.1669913e+00,2.5038105e-02
3.2936025e+00,1.1671177e+00,2.7654494e-02
9.6251970e+00,1.1684654e+00,2.0411445e-02
6.0632811e+00,1.1690069e+00,2.6238641e-02
2.9350286e+00,1.1691901e+00,2.7527147e-02
3.3725498e+00,1.1725312e+00,2.7544674e-02
8.9576654e+00,1.1734423e+00,2.0701077e-02
7.8881632e-01,1.1752266e+00,2.3449425e-08
1.9433159e+00,1.1756298e+00,4.8960982e-02
2.4145237e+00,1.1760595e+00,2.7844861e-02
3.1659760e+00,1.1766219e+00,2.8188291e-02
4.5318620e+00,1.1771665e+00,3.3636729e-02
4.0227230e+00,1.1773347e+00,3.1965198e-02
7.9786873e+00,1.1788728e+00,1.9740191e-02
6.6026540e+00,1.1798728e+00,2.6651142e-02
1.7120809e+00,1.1812871e+00,9.8989760e-02
1.2759877e+00,1.1816623e+00,5.1954187e-03
6.7575405e+00,1.1850821e+00,2.5862353e-02
7.3975480e+00,1.1858015e+00,2.5377181e-02
4.5908611e-01,1.1859245e+00,8.0306405e-09
7.1125538e+00,1.1897368e+00,2.6460443e-02
8.8225599e+00,1.1900212e+00,2.0363400e-02
7.7046999e+00,1.1903683e+00,2.1499310e-02
6.3418721e-01,1.1921037e+00,9.5834452e-09
4.1016090e+00,1.1940581e+00,3.1540978e-02
9.3848807e+00,1.1955440e+00,1.9955808e-02
7.2520589e+00,1.1971767e+00,2.6117344e-02
3.9042457e+00,1.1974492e+00,3.1107316e-02
1.1989460e+00,1.1980022e+00,5.4600895e-04
5.6770062e+00,1.1988813e+00,2.3107612e-02
3.0760361e+00,1.2025051e+00,2.8628725e-02
5.9767582e+00,1.2037011e+00,2.6337704e-02
8.2715438e+00,1.2037292e+00,1.9204151e-02
4.2785126e+00,1.2040385e+00,3.1505097e-02
7.0326840e+00,1.2052814e+00,2.6412672e-02
7.8122849e+00,1.2059564e+00,2.1001331e-02
1.8099207e+00,1.2060207e+00,9.6707352e-02
4.8469104e+00,1.2075606e+00,3.4111603e-02
4.7000023e+00,1.2076111e+00,3.3542946e-02
7.4967275e+00,1.2100993e+00,2.4187046e-02
3.6477222e+00,1.2103795e+00,3.0450008e-02
6.2318091e+00,1.2104980e+00,2.7876303e-02
4.3814218e+00,1.2124358e+00,3.2933149e-02
2.2972582e+00,1.2132195e+00,3.2998231e-02
2.0149563e+00,1.2150614e+00,4.9185200e-02
2.6353793e+00,1.2157751e+00,3.0656187e-02
8.1019928e+00,1.2158963e+00,1.9328263e-02
2.2201912e+00,1.2161340e+00,3.3700961e-02
1.0484363e+00,1.2176085e+00,4.7467115e-06
2.2875083e-01,1.2196551e+00,8.3323691e-10
2.7858249e+00,1.2210919e+00,2.9343594e-02
3.0928229e-01,1.2215452e+00,1.1105507e-09
3.2337211e+00,1.2222798e+00,2.8514060e-02
5.5845405e+00,1.2222852e+00,2.1626878e-02
9.6689483e-01,1.2223043e+00,3.3946361e-07
9.4710243e+00,1.2257264e+00,1.9345105e-02
1.4182903e+00,1.2322116e+00,2.9387681e-02
7.3362067e+00,1.2329174e+00,2.5646901e-02
3.7734367e+00,1.2337483e+00,3.2325122e-02
2.5521443e+00,1.2363022e+00,3.1103415e-02
9.2509066e+00,1.2409429e+00,2.1066186e-02
3.9755418e+00,1.2417254e+00,3.1805829e-02
8.4835120e+00,1.2425504e+00,2.0816375e-02
6.1359880e+00,1.2433414e+00,2.8585763e-02
1.5671998e+00,1.2441111e+00,7.1864509e-02
8.6730360e+00,1.2457650e+00,1.9152463e-02
6.4055787e+00,1.2470995e+00,2.5708799e-02
7.1809101e+00,1.2474021e+00,2.7047575e-02
8.1663614e+00,1.2474206e+00,1.8961617e-02
4.8351727e-02,1.2487284e+00,2.1483218e-11
9.8670155e+00,1.2488858e+00,1.9351442e-02
4.6061133e+00,1.2489844e+00,3.4043235e-02
3.8516403e+00,1.2497617e+00,3.2387442e-02
4.9203537e+00,1.2500000e+00,3.0617874e-02
2.8664539e+00,1.2502191e+00,2.9073715e-02
8.0185871e+00,1.2507537e+00,1.9729585e-02
1.3364606e+00,1.2540345e+00,6.8018165e-03
6.8686626e+00,1.2566085e+00,2.5708535e-02
8.9621693e+00,1.2577960e+00,1.9526972e-02
3.4196044e+00,1.2589187e+00,3.1953400e-02
2.4012662e+00,1.2596528e+00,3.1839890e-02
9.1003054e+00,1.2598414e+00,2.1177220e-02
6.7883241e+00,1.2631088e+00,2.6247437e-02
9.3259122e+00,1.2631986e+00,2.0173825e-02
4.7745732e+00,1.2637639e+00,3.5622254e-02
3.4989564e+00,1.2645534e+00,3.1876071e-02
1.6491769e+00,1.2653740e+00,7.5192065e-02
5.7993309e+00,1.2658043e+00,2.4446912e-02
7.6678918e+00,1.2690779e+00,2.2622148e-02
6.5893639e+00,1.2712046e+00,2.7309225e-02
8.8178146e+00,1.2712411e+00,1.9958635e-02
6.4335042e-01,1.2715933e+00,5.8855775e-09
9.6666956e+00,1.2729044e+00,2.0462981e-02
1.2008683e+00,1.2775753e+00,2.3470912e-04
6.3111699e+00,1.2776009e+00,2.7350880e-02
5.7097512e+00,1.2777843e+00,2.3316366e-02
8.1403166e-01,1.2789640e+00,9.3893957e-09
7.5675959e+00,1.2801021e+00,2.4528196e-02
2.0163134e+00,1.2803855e+00,6.0497529e-02
7.8284070e+00,1.2824051e+00,2.1036860e-02
4.1238658e+00,1.2835176e+00,3.1838417e-02
2.7010545e+00,1.2836090e+00,3.0516019e-02
8.3250556e+00,1.2845267e+00,1.9951551e-02
4.2124454e+00,1.2875741e+00,3.1797793e-02
1.8376120e+00,1.2907171e+00,8.9997388e-02
3.0569348e+00,1.2908384e+00,3.1230900e-02
2.3281325e+00,1.2910913e+00,3.4076841e-02
3.2340246e+00,1.2925052e+00,3.1486049e-02
4.5137463e-01,1.2963293e+00,2.8748789e-09
7.0101825e+00,1.2970940e+00,2.6798110e-02
9.0341535e+00,1.2981673e+00,1.9321037e-02
2.4874929e+00,1.2984612e+00,3.2531695e-02
9.4926445e+00,1.2987014e+00,1.9801027e-02
2.1517847e-01,1.2990202e+00,9.1320739e-10
8.7586973e+00,1.2995537e+00,1.9416932e-02
1.4911595e+00,1.3006273e+00,3.1122332e-02
4.3890321e+00,1.3006305e+00,3.4236555e-02
9.0772777e-01,1.3020172e+00,2.8631894e-08
3.6378409e+00,1.3021836e+00,3.3641456e-02
9.7547695e+00,1.3021869e+00,1.9358184e-02
3.5999869e-01,1.3055658e+00,1.7360002e-09
8.4079611e+00,1.3056152e+00,2.1278423e-02
1.0876621e+00,1.3066284e+00,3.0430790e-06
6.4873504e+00,1.3068805e+00,2.4300208e-02
5.9464557e+00,1.3073874e+00,2.7144059e-02
8.8956822e+00,1.3094281e+00,1.9970519e-02
9.1784552e+00,1.3100628e+00,2.0952836e-02
5.5427902e+00,1.3105205e+00,2.1862804e-02
8.6256297e+00,1.3111786e+00,1.9630481e-02
8.5565675e+00,1.3149126e+00,2.0625668e-02
6.9253296e+00,1.3167080e+00,2.5850669e-02
7.7371289e+00,1.3172232e+00,2.1324256e-02
3.9920364e+00,1.3206063e+00,3.2857038e-02
1.2914467e+00,1.3217513e+00,1.0214613e-03
2.8860773e+00,1.3220592e+00,2.9747569e-02
2.1706867e+00,1.3229422e+00,6.0009053e-02
3.7155245e+00,1.3235725e+00,3.3671847e-02
7.3700522e-01,1.3242390e+00,6.5619551e-09
6.7522819e+00,1.3250429e+00,2.6136262e-02
1.9288563e+00,1.3274081e+00,8.8738050e-02
9.9455551e+00,1.3282657e+00,1.9452510e-02
2.9796028e+00,1.3284235e+00,3.0609374e-02
1.6762587e+00,1.3309035e+00,7.4678840e-02
6.6616583e+00,1.3312955e+00,2.7246516e-02
1.7668540e+00,1.3315130e+00,7.5065955e-02
8.3542664e-02,1.3320617e+00,3.9704218e-10
3.5646797e+00,1.3331800e+00,3.3634251e-02
5.4001045e-01,1.3339915e+00,3.6745026e-09
6.1337820e+00,1.3341089e+00,2.8033786e-02
7.1745200e+00,1.3341963e+00,2.7026901e-02
7.3405644e+00,1.3349368e+00,2.5837373e-02
3.1471782e+00,1.3351806e+00,3.1924567e-02
1.1557465e+00,1.3362423e+00,1.1371540e-05
8.1687814e+00,1.3362933e+00,1.8916891e-02
4.5729409e+00,1.3364975e+00,3.4075554e-02
2.0925886e+00,1.3383568e+00,6.1064537e-02
4.9521392e+00,1.3392857e+00,3.0206932e-02
9.5795083e+00,1.3393976e+00,2.0194921e-02
5.8410158e+00,1.3422470e+00,2.5065216e-02
4.2665060e+00,1.3446122e+00,3.3779547e-02
7.9873049e+00,1.3456236e+00,1.9446332e-02
4.0614744e+00,1.3456751e+00,3.2724182e-02
1.6224811e-01,1.3490463e+00,8.9821829e-10
3.0982095e-01,1.3497096e+00,1.8167675e-09
3.3840992e+00,1.3515001e+00,3.5211739e-02
7.5258961e+00,1.3555547e+00,2.4139562e-02
7.9036540e+00,1.3563133e+00,1.9937039e-02
3.8589159e+00,1.3575078e+00,3.4040785e-02
4.4608828e+00,1.3576308e+00,3.5170658e-02
5.6172855e+00,1.3600117e+00,2.4620617e-02
8.2603960e+00,1.3603658e+00,2.0047683e-02
3.3051506e+00,1.3604692e+00,3.5454124e-02
7.0836623e+00,1.3683438e+00,2.6689012e-02
2.3256783e+00,1.3698376e+00,5.5042576e-02
8.9123798e+00,1.3728130e+00,1.9777850e-02
6.2905230e+00,1.3735645e+00,2.4271152e-02
9.0022183e+00,1.3745891e+00,1.9411736e-02
2.6898227e+00,1.3748515e+00,4.4611189e-02
9.3355221e+00,1.3767735e+00,2.0529430e-02
2.4873432e+00,1.3803186e+00,4.6540991e-02
9.4161108e+00,1.3820940e+00,2.0416144e-02
9.3364623e-01,1.3825269e+00,3.1465007e-08
7.4147673e+00,1.3828701e+00,2.5330100e-02
3.9280160e+00,1.3840761e+00,3.4048497e-02
6.4811535e+00,1.3844100e+00,2.4347898e-02
7.2500265e+00,1.3859904e+00,2.6670571e-02
5.9976990e+00,1.3895410e+00,2.7555086e-02
1.0320391e+00,1.3918339e+00,1.0930896e-07
4.7815642e+00,1.3944796e+00,3.4887399e-02
8.7384711e+00,1.3958772e+00,1.9324705e-02
6.0802354e+00,1.3969983e+00,2.8252450e-02
6.2089562e+00,1.3972290e+00,2.4144240e-02
1.3009103e+00,1.3986999e+00,6.7130870e-04
2.2452996e+00,1.3987739e+00,6.0226182e-02
1.9385969e+00,1.3992262e+00,8.0956626e-02
8.0731307e+00,1.3996389e+00,1.8780316e-02
2.8374145e+00,1.4030975e+00,4.4918830e-02
3.5660002e+00,1.4040112e+00,3.5797163e-02
7.7609270e+00,1.4042786e+00,2.0285158e-02
3.7277658e+00,1.4070676e+00,3.3802522e-02
6.9170969e+00,1.4077699e+00,2.5674730e-02
8.6638822e+00,1.4097518e+00,1.9148278e-02
8.4528059e+00,1.4103110e+00,2.1342413e-02
3.1541409e+00,1.4113380e+00,4.3666640e-02
2.9751515e+00,1.4132380e+00,4.3307114e-02
1.6333811e+00,1.4145110e+00,4.2661004e-02
8.5394293e+00,1.4149095e+00,2.0028740e-02
1.7677662e+00,1.4162341e+00,5.8326077e-02
9.7725349e+00,1.4163309e+00,1.9605833e-02
3.5190937e-02,1.4166667e+00,7.7423405e-10
2.0388245e+00,1.4169056e+00,8.0190958e-02
2.3986624e+00,1.4202565e+00,5.5136732e-02
6.3787349e+00,1.4205926e+00,2.1879166e-02
9.8847809e+00,1.4218534e+00,2.0244363e-02
9.1608782e+00,1.4226563e+00,2.0117039e-02
4.6260576e+00,1.4227277e+00,3.7134676e-02
2.7606296e+00,1.4234799e+00,4.6520641e-02
5.2361691e-01,1.4238061e+00,2.9337791e-08
1.2057899e+00,1.4244597e+00,3.6777697e-05
3.7929536e+00,1.4249893e+00,3.4906991e-02
6.6422733e+00,1.4253194e+00,2.6616451e-02
1.4915884e+00,1.4260736e+00,1.3644967e-02
7.4146743e-01,1.4270684e+00,2.6426602e-08
9.5635058e+00,1.4270898e+00,2.0059859e-02
4.8856869e+00,1.4275620e+00,3.5005555e-02
3.4647717e+00,1.4279661e+00,3.6084256e-02
3.1338942e-01,1.4288710e+00,2.4391072e-08
4.2611150e+00,1.4319232e+00,3.6083711e-02
7.5889632e+00,1.4324977e+00,2.3927826e-02
6.7896541e+00,1.4331411e+00,2.5674188e-02
2.0558614e-01,1.4350087e+00,2.4757900e-08
3.2532848e+00,1.4391287e+00,4.2840864e-02
2.6177150e+00,1.4394754e+00,5.1027904e-02
8.8601097e+00,1.4408055e+00,1.9648338e-02
7.8614535e+00,1.4418327e+00,1.9708832e-02
6.5637819e+00,1.4427581e+00,2.5601220e-02
9.0507932e+00,1.4488567e+00,1.8984912e-02
5.6321486e+00,1.4494818e+00,2.3400788e-02
5.8248297e+00,1.4497550e+00,2.5302431e-02
4.7152094e+00,1.4498818e+00,3.5929944e-02
2.8922506e+00,1.4499554e+00,4.4702337e-02
2.5455622e+00,1.4506176e+00,5.1737514e-02
4.1002679e+00,1.4522194e+00,3.6544126e-02
7.0624225e+00,1.4528045e+00,2.6592130e-02
8.2548425e+00,1.4552823e+00,2.0139355e-02
3.6514027e+00,1.4565100e+00,3.5353304e-02
1.6887690e+00,1.4578651e+00,4.2826574e-02
7.6960476e+00,1.4581527e+00,2.1903406e-02
8.7781490e+00,1.4608004e+00,1.9037501e-02
3.9458059e+00,1.4618949e+00,3.7978790e-02
9.4566993e+00,1.4620470e+00,2.0203861e-02
6.8581640e+00,1.4655818e+00,2.5011854e-02
1.3491421e+00,1.4657465e+00,6.0021468e-04
8.6023456e+00,1.4662427e+00,1.9374341e-02
9.2429395e+00,1.4671114e+00,1.9830660e-02
5.8493176e-01,1.4677519e+00,2.9776859e-08
1.8922840e+00,1.4706117e+00,5.7790780e-02
4.4374146e+00,1.4709492e+00,3.6494998e-02
6.7262446e-01,1.4714933e+00,2.9979393e-08
6.9807101e+00,1.4726166e+00,2.5381732e-02
7.2140185e+00,1.4745802e+00,2.6383288e-02
1.5625189e+00,1.4762139e+00,1.4245847e-02
7.4375790e+00,1.4763948e+00,2.5325187e-02
3.1037988e+00,1.4768957e+00,4.6567291e-02
2.2417762e+00,1.4783007e+00,6.8255510e-02
3.0301288e+00,1.4814051e+00,4.6936224e-02
1.8233835e+00,1.4818301e+00,5.7585096e-02
8.0760290e+00,1.4833251e+00,1.8438540e-02
9.6191552e+00,1.4839130e+00,1.9534522e-02
9.7169023e+00,1.4849428e+00,1.9276621e-02
2.7323831e+00,1.4879613e+00,5.1351746e-02
2.0423430e+00,1.4882413e+00,7.3048339e-02
8.8262173e-01,1.4890139e+00,3.2401743e-08
4.2000549e+00,1.4909580e+00,3.6709757e-02
8.4162497e+00,1.4914171e+00,2.1748069e-02
1.4219371e+00,1.4924212e+00,9.8429292e-04
6.7223847e+00,1.4930040e+00,2.6707557e-02
3.5900583e-01,1.4952198e+00,5.1346285e-08
1.0504323e+00,1.4960569e+00,9.9030234e-08
4.3041977e-01,1.4966365e+00,4.8528369e-08
5.9764449e+00,1.4975197e+00,2.6728814e-02
9.4248607e-02,1.5000000e+00,3.7166655e-08
7.5367585e+00,1.5006925e+00,2.4409277e-02
4.3601727e+00,1.5012598e+00,3.6818379e-02
1.8593837e-01,1.5013575e+00,3.6672817e-08
6.2012181e+00,1.5021413e+00,2.6701285e-02
5.7483324e+00,1.5025891e+00,2.4505918e-02
1.2025969e+00,1.5028528e+00,1.1635637e-05
2.3969889e+00,1.5046454e+00,6.4410069e-02
4.0486198e+00,1.5049693e+00,3.8625480e-02
8.1295423e-01,1.5053475e+00,3.2970871e-08
9.9392258e+00,1.5053524e+00,2.0725098e-02
3.4578260e+00,1.5071184e+00,4.6219719e-02
7.1172722e+00,1.5072468e+00,2.6117821e-02
4.5393798e+00,1.5085386e+00,3.7281542e-02
2.6496508e+00,1.5095036e+00,5.1171330e-02
3.2535154e+00,1.5109186e+00,4.4972396e-02
6.1297220e+00,1.5109659e+00,2.8536085e-02
8.3202652e+00,1.5124882e+00,2.0148745e-02
6.3592003e+00,1.5132815e+00,2.7410650e-02
8.1661263e+00,1.5148960e+00,1.9655049e-02
6.5318100e+00,1.5153027e+00,2.6505310e-02
2.1383494e+00,1.5155417e+00,7.2620421e-02
4.9335477e+00,1.5168477e+00,3.8188901e-02
5.5576533e+00,1.5176375e+00,2.3678080e-02
7.2676450e+00,1.5222415e+00,2.6125045e-02
5.9090155e+00,1.5228742e+00,2.5709664e-02
7.3836579e+00,1.5247334e+00,2.5282585e-02
3.7846417e+00,1.5262977e+00,4.1327035e-02
8.9002478e+00,1.5305267e+00,2.0240927e-02
2.3204815e+00,1.5337533e+00,6.7739409e-02
2.4737443e+00,1.5348783e+00,6.3655343e-02
3.8683939e+00,1.5366349e+00,4.1563438e-02
1.9509271e+00,1.5366619e+00,5.7447850e-02
9.0010927e+00,1.5368017e+00,2.0508133e-02
3.6336081e+00,1.5386400e+00,4.4557594e-02
1.1348903e+00,1.5406213e+00,4.9327629e-07
2.8695640e+00,1.5406478e+00,5.3189389e-02
7.9056947e+00,1.5436105e+00,2.0172482e-02
9.4157488e+00,1.5439111e+00,2.0446790e-02
8.5974220e+00,1.5481000e+00,1.9205241e-02
1.6682975e+00,1.5486494e+00,2.5612324e-02
3.1600347e+00,1.5487069e+00,4.6177671e-02
6.4296469e+00,1.5496436e+00,2.7217207e-02
1.2873986e+00,1.5513404e+00,2.7875477e-05
9.6789329e-01,1.5543710e+00,3.4328115e-08
4.6951511e+00,1.5554203e+00,3.3441322e-02
8.7533608e+00,1.5561664e+00,1.8802537e-02
5.3730947e-01,1.5568630e+00,5.8029760e-08
2.7864814e+00,1.5582714e+00,5.4548898e-02
7.7275724e+00,1.5589712e+00,2.2301675e-02
7.9960965e+00,1.5636448e+00,1.8580861e-02
3.5412599e+00,1.5652936e+00,4.6005181e-02
9.5975523e+00,1.5674690e+00,1.9650744e-02
1.5858372e+00,1.5681118e+00,1.4218747e-02
2.9999296e+00,1.5684852e+00,5.3515519e-02
6.6694425e-01,1.5686055e+00,4.9960850e-08
6.2632503e+00,1.5711657e+00,2.8978424e-02
1.7979359e+00,1.5719581e+00,2.8638213e-02
6.9710594e+00,1.5723211e+00,2.4827677e-02
3.3830672e+00,1.5728378e+00,4.7632582e-02
6.0717161e+00,1.5730803e+00,2.6942645e-02
3.3112949e+00,1.5744446e+00,4.7235411e-02
4.5732226e-01,1.5746105e+00,6.0690165e-08
6.5688790e+00,1.5761808e+00,2.6722205e-02
8.4979495e+00,1.5778728e+00,2.0732221e-02
7.5701298e+00,1.5783780e+00,2.4484235e-02
9.2491416e+00,1.5787660e+00,2.0099673e-02
4.5708028e+00,1.5793962e+00,3.4677981e-02
7.0912178e+00,1.5809757e+00,2.5873233e-02
9.7348343e+00,1.5813315e+00,1.9629108e-02
6.8969341e+00,1.5814115e+00,2.5135110e-02
5.9057670e-02,1.5833333e+00,6.8325017e-08
3.7016593e+00,1.5905060e+00,4.4891956e-02
2.9222657e+00,1.5910106e+00,5.3194326e-02
2.1356542e+00,1.5933630e+00,6.5335527e-02
9.8965915e+00,1.5935094e+00,1.8515791e-02
6.7501049e+00,1.5941783e+00,2.7012560e-02
2.4477426e-01,1.5947380e+00,9.6640210e-08
3.1003844e-01,1.5947380e+00,1.0380411e-07
7.2298338e+00,1.5957545e+00,2.6205287e-02
1.7218471e+00,1.5971464e+00,2.5404845e-02
8.6754334e+00,1.5972578e+00,1.9467527e-02
2.6577994e+00,1.5978409e+00,6.0010403e-02
8.8409077e+00,1.6011029e+00,1.9319921e-02
7.4174923e+00,1.6011932e+00,2.5457334e-02
9.3341568e+00,1.6036242e+00,2.0208432e-02
2.4907270e+00,1.6051815e+00,6.3450309e-02
5.8604455e-01,1.6061483e+00,5.8699384e-08
7.8366930e+00,1.6068749e+00,2.1256418e-02
9.4620726e+00,1.6072078e+00,1.9995015e-02
5.5963791e+00,1.6080699e+00,2.2279075e-02
4.2490294e+00,1.6084507e+00,3.7410553e-02
1.4614293e+00,1.6088038e+00,8.2997849e-04
4.8738208e+00,1.6102509e+00,3.6538180e-02
7.6538593e+00,1.6110016e+00,2.2612786e-02
4.0687593e+00,1.6134136e+00,3.9843166e-02
4.3354697e+00,1.6140933e+00,3.6476063e-02
1.9723425e+00,1.6162554e+00,4.3516774e-02
9.5349010e+00,1.6162640e+00,1.9492382e-02
8.1450439e+00,1.6173001e+00,1.9422044e-02
3.8784463e+00,1.6205574e+00,4.2962447e-02
1.3029147e+00,1.6216628e+00,2.6401404e-05
7.1501528e+00,1.6218221e+00,2.6338534e-02
7.8071167e-01,1.6230754e+00,6.3521424e-08
4.7496397e+00,1.6231831e+00,3.6607513e-02
8.3090889e+00,1.6235543e+00,1.8778250e-02
9.6617597e+00,1.6246008e+00,1.9883354e-02
2.3169093e+00,1.6250972e+00,6.3619253e-02
9.8022776e+00,1.6255521e+00,1.8966073e-02
7.0267174e+00,1.6262379e+00,2.5199325e-02
6.6303538e+00,1.6262385e+00,2.8882429e-02
2.7514320e+00,1.6276855e+00,5.9502505e-02
3.1718612e+00,1.6287191e+00,5.2660336e-02
7.5047846e+00,1.6305400e+00,2.5357992e-02
5.7504770e+00,1.6306885e+00,2.5150175e-02
9.7873477e-01,1.6312763e+00,3.9769792e-08
1.5543988e+00,1.6343540e+00,2.4602177e-03
4.2837497e-01,1.6385353e+00,1.1744971e-07
2.5983024e+00,1.6389633e+00,6.2728380e-02
7.0354466e-01,1.6419085e+00,6.4146943e-08
5.9048673e+00,1.6432287e+00,2.5686133e-02
3.0384302e+00,1.6441887e+00,5.4179802e-02
6.4389410e+00,1.6446315e+00,2.5672038e-02
1.8406520e+00,1.6451279e+00,2.5931814e-02
2.0610632e+00,1.6456561e+00,4.3872521e-02
9.0543699e+00,1.6461501e+00,2.1365860e-02
6.0698889e+00,1.6463464e+00,2.6933079e-02
6.5226629e+00,1.6467041e+00,2.6201495e-02
2.2355088e+00,1.6474659e+00,6.3165117e-02
8.0515915e+00,1.6476920e+00,1.8791461e-02
6.6994963e+00,1.6490961e+00,2.7456833e-02
6.8561445e+00,1.6501451e+00,2.5623636e-02
1.4041504e+00,1.6524514e+00,6.2695271e-05
3.9759978e+00,1.6542616e+00,4.2492112e-02
1.1486372e+00,1.6593809e+00,2.4940979e-07
3.5250510e-01,1.6600795e+00,1.1618573e-07
3.2589582e+00,1.6626502e+00,5.2303662e-02
1.0725673e-01,1.6646943e+00,1.9609067e-07
1.9212080e+00,1.6661195e+00,2.6655058e-02
2.4103994e+00,1.6662925e+00,6.3137327e-02
9.1650708e+00,1.6666729e+00,2.0810167e-02
9.3804806e+00,1.6669209e+00,1.9348286e-02
3.5252624e+00,1.6676108e+00,5.0157229e-02
5.6730190e+00,1.6680134e+00,2.3841112e-02
8.4852485e+00,1.6686244e+00,2.0374947e-02
8.2225838e+00,1.6687525e+00,1.9344498e-02
7.2942836e+00,1.6687713e+00,2.5961690e-02
6.2695981e+00,1.6691199e+00,2.8814027e-02
7.3659292e+00,1.6717181e+00,2.6045932e-02
3.1154365e+00,1.6731050e+00,5.3883602e-02
4.5107540e+00,1.6743679e+00,3.4885976e-02
2.0128356e-01,1.6747414e+00,2.0583448e-07
3.7021518e+00,1.6748923e+00,4.8980027e-02
9.9573657e+00,1.6763923e+00,1.8568888e-02
4.1693819e+00,1.6781563e+00,3.9865410e-02
5.5387259e+00,1.6786676e+00,2.2123983e-02
9.0851087e-01,1.6809032e+00,6.0773589e-08
3.4354448e+00,1.6811549e+00,5.0555039e-02
5.4687999e-01,1.6883382e+00,1.2925148e-07
8.6709752e+00,1.6904015e+00,2.0086636e-02
5.9704694e+00,1.6911403e+00,2.6218662e-02
7.8526593e+00,1.6914373e+00,1.9762296e-02
8.8547338e+00,1.6915246e+00,1.9353188e-02
1.0750208e+00,1.6917218e+00,5.0362934e-08
1.2318600e+00,1.6919348e+00,9.6655599e-07
8.3923725e+00,1.6932348e+00,1.9710469e-02
3.7951867e+00,1.6946065e+00,4.9659274e-02
6.5841377e+00,1.6967618e+00,2.8830213e-02
8.1811496e-01,1.6971492e+00,6.2638946e-08
5.8228261e+00,1.6982088e+00,2.5016283e-02
4.9402731e+00,1.7005460e+00,3.7327348e-02
4.3940512e+00,1.7027963e+00,3.7486062e-02
4.6919762e-01,1.7029777e+00,1.4257388e-07
2.9239491e+00,1.7032131e+00,5.5243271e-02
6.1299168e+00,1.7061382e+00,2.5955646e-02
6.3748423e+00,1.7062236e+00,2.6058217e-02
7.1726849e+00,1.7076785e+00,2.6309348e-02
9.6231611e+00,1.7078175e+00,1.9903732e-02
4.7068151e+00,1.7092728e+00,3.9240905e-02
9.5447463e+00,1.7096827e+00,1.9882295e-02
1.7300067e+00,1.7120450e+00,1.1168306e-02
7.6573088e+00,1.7122569e+00,2.3020106e-02
2.7851007e+00,1.7135039e+00,5.5763124e-02
7.4958307e+00,1.7162571e+00,2.5806805e-02
8.0277304e+00,1.7167699e+00,1.8252863e-02
1.5917079e+00,1.7201261e+00,1.7276273e-03
7.0381598e+00,1.7208079e+00,2.5462205e-02
6.2095881e+00,1.7220017e+00,2.6453044e-02
2.0975869e+00,1.7238315e+00,3.6184527e-02
3.6181031e+00,1.7253434e+00,5.0756652e-02
2.6178938e+00,1.7259611e+00,5.2400541e-02
9.8063267e+00,1.7287404e+00,1.8758870e-02
7.9367528e+00,1.7304322e+00,1.8710133e-02
2.9957609e+00,1.7313058e+00,5.4862819e-02
8.5802628e+00,1.7319954e+00,2.1160010e-02
2.2009763e+00,1.7328649e+00,3.7072526e-02
1.4281436e+00,1.7329423e+00,5.0426654e-05
3.2848965e+00,1.7349494e+00,5.3328523e-02
6.8700317e+00,1.7363507e+00,2.5966360e-02
4.5922776e+00,1.7364817e+00,3.6885743e-02
1.8047924e+00,1.7366710e+00,1.1431406e-02
9.3899029e+00,1.7372104e+00,1.9611699e-02
8.7627287e+00,1.7397318e+00,2.0153994e-02
9.0079097e+00,1.7439640e+00,2.0665620e-02
7.7469882e+00,1.7447888e+00,2.2095974e-02
3.2022560e-01,1.7463252e+00,1.6605959e-07
7.2605258e+00,1.7469456e+00,2.6234808e-02
3.9720550e+00,1.7471366e+00,4.6004248e-02
4.8199060e-02,1.7480277e+00,1.8707088e-07
6.5883204e-01,1.7492305e+00,1.2018630e-07
7.4166984e+00,1.7522450e+00,2.6407227e-02
1.9557553e+00,1.7547935e+00,2.0207960e-02
8.9323217e+00,1.7548882e+00,2.0021623e-02
3.3896108e+00,1.7550608e+00,5.3589799e-02
6.7245770e+00,1.7554032e+00,2.6415890e-02
9.9006407e+00,1.7555212e+00,2.0084823e-02
9.1956923e+00,1.7557621e+00,2.1681641e-02
5.8306706e-01,1.7581173e+00,1.2265027e-07
9.4346380e-01,1.7593335e+00,6.4823793e-08
2.8660449e+00,1.7600685e+00,5.5230146e-02
2.3426825e-01,1.7609871e+00,1.8492616e-07
7.1251922e+00,1.7614020e+00,2.6286912e-02
2.4372114e+00,1.7633724e+00,4.9432368e-02
5.9755510e+00,1.7652170e+00,2.6225859e-02
7.5646254e+00,1.7653503e+00,2.5035412e-02
3.1411704e+00,1.7659931e+00,5.4430266e-02
6.5858403e+00,1.7680646e+00,2.8889670e-02
1.6750956e+00,1.7698960e+00,2.0299452e-03
2.7110595e+00,1.7706572e+00,5.2157433e-02
9.4813402e+00,1.7709160e+00,1.9987509e-02
9.6478983e+00,1.7710100e+00,1.9634199e-02
1.0405559e+00,1.7724161e+00,6.2057253e-08
5.5810052e+00,1.7727216e+00,2.1695919e-02
5.6576451e+00,1.7738417e+00,2.3033792e-02
6.0642577e+00,1.7742261e+00,2.6053658e-02
8.2215682e+00,1.7743607e+00,1.9291159e-02
3.8212217e+00,1.7744225e+00,4.9175893e-02
4.1703681e+00,1.7748799e+00,4.2927955e-02
1.5227316e+00,1.7750667e+00,1.1254979e-04
6.9616553e+00,1.7766333e+00,2.5448849e-02
9.3015607e+00,1.7776873e+00,1.9899406e-02
9.7398493e+00,1.7818093e+00,1.8482835e-02
2.0434135e+00,1.7831047e+00,2.0593851e-02
6.7890727e+00,1.7866910e+00,2.6935140e-02
8.0774207e+00,1.7867131e+00,1.7682596e-02
7.7466444e-01,1.7876918e+00,9.2512051e-08
2.5371304e+00,1.7892592e+00,4.9005085e-02
4.9025409e+00,1.7898317e+00,3.6373860e-02
4.7453925e+00,1.7898466e+00,3.7806687e-02
1.2608866e+00,1.7923059e+00,9.9931158e-07
6.4173388e+00,1.7930371e+00,2.8643316e-02
3.9005384e+00,1.7932484e+00,4.9442930e-02
3.2235335e+00,1.7939064e+00,5.4208553e-02
8.3911664e+00,1.7960387e+00,2.0288617e-02
4.3830863e-01,1.7969580e+00,1.8907824e-07
4.3655024e+00,1.8005808e+00,4.0312104e-02
1.8735990e+00,1.8013170e+00,1.1496146e-02
1.3559345e+00,1.8025247e+00,2.4811213e-06
3.0573572e+00,1.8026927e+00,5.4258260e-02
4.0658026e+00,1.8030122e+00,4.7118688e-02
5.8004162e+00,1.8031855e+00,2.4994201e-02
6.6571370e+00,1.8038483e+00,2.5492441e-02
2.2439452e+00,1.8055146e+00,3.4109831e-02
7.9455812e+00,1.8139906e+00,1.7828184e-02
3.6254299e+00,1.8148851e+00,5.0726323e-02
4.5811667e+00,1.8155003e+00,3.6633786e-02
3.6520648e-01,1.8187613e+00,1.8049499e-07
6.5200250e+00,1.8202270e+00,2.8440572e-02
6.2501550e+00,1.8208219e+00,2.7293998e-02
6.9254853e-01,1.8209400e+00,1.2249137e-07
8.5677498e+00,1.8214068e+00,2.0845412e-02
8.1514105e+00,1.8216329e+00,1.8129464e-02
7.7612276e+00,1.8232599e+00,2.2282750e-02
3.4168844e+00,1.8232675e+00,5.0642356e-02
4.2635121e+00,1.8237782e+00,4.3598668e-02
4.8169373e+00,1.8238139e+00,3.8312905e-02
9.3505731e-02,1.8276211e+00,1.9689911e-07
7.3040913e+00,1.8286476e+00,2.6372925e-02
1.8554809e-01,1.8305334e+00,1.8536215e-07
8.7490705e+00,1.8309224e+00,2.1194211e-02
7.3886184e+00,1.8310002e+00,2.6084297e-02
2.3545232e+00,1.8315009e+00,3.4104303e-02
8.3068671e+00,1.8319665e+00,2.0336659e-02
5.9293099e+00,1.8320072e+00,2.5723401e-02
6.0799203e+00,1.8344721e+00,2.6185058e-02
9.1412125e+00,1.8351920e+00,2.1002044e-02
5.7126932e+00,1.8414934e+00,2.2924748e-02
8.8874033e-01,1.8423588e+00,8.8689987e-08
1.0987070e+00,1.8433953e+00,6.5347473e-08
9.9432749e+00,1.8438348e+00,2.0324975e-02
9.0641308e+00,1.8439167e+00,2.0871995e-02
3.7355135e+00,1.8442499e+00,5.0247619e-02
9.5003181e+00,1.8470225e+00,2.0248290e-02
4.6698274e+00,1.8479181e+00,3.6326558e-02
8.0273989e+00,1.8481871e+00,1.7476395e-02
9.5884614e+00,1.8489817e+00,1.9686151e-02
8.8948784e+00,1.8502738e+00,2.0591991e-02
5.8593212e+00,1.8522276e+00,2.4979470e-02
6.9558022e+00,1.8532961e+00,2.5564940e-02
7.8757271e+00,1.8534668e+00,1.8752276e-02
8.1033688e-01,1.8544711e+00,8.9628609e-08
3.5246146e+00,1.8546648e+00,5.0792346e-02
6.3526616e+00,1.8547537e+00,2.7784143e-02
2.7329732e+00,1.8562164e+00,4.1243752e-02
9.3032614e+00,1.8562650e+00,1.9895171e-02
5.5422793e+00,1.8587599e+00,2.1807671e-02
2.0654220e+00,1.8600592e+00,1.6070215e-02
8.4715294e+00,1.8608398e+00,2.0438477e-02
6.1861464e+00,1.8652044e+00,2.7075127e-02
6.7897051e+00,1.8663091e+00,2.7259314e-02
1.2086967e+00,1.8668561e+00,1.3558463e-07
5.4525137e-01,1.8677914e+00,1.4139577e-07
2.8864898e+00,1.8687739e+00,4.1621133e-02
1.6816966e+00,1.8698826e+00,9.3769004e-04
7.1663884e+00,1.8708400e+00,2.6181158e-02
8.6448040e+00,1.8710034e+00,2.1155966e-02
4.0449627e+00,1.8715260e+00,4.8922218e-02
1.5140834e+00,1.8730019e+00,5.5548430e-05
2.1625643e+00,1.8734356e+00,1.6687956e-02
7.5459859e+00,1.8749377e+00,2.5184237e-02
4.9622678e+00,1.8750000e+00,3.2425003e-02
3.9372074e+00,1.8754430e+00,5.0390090e-02
8.8036323e+00,1.8781008e+00,2.1136683e-02
5.9967562e+00,1.8787025e+00,2.5764334e-02
6.6595723e+00,1.8797500e+00,2.5115687e-02
3.0507216e+00,1.8813433e+00,4.4026479e-02
1.8768797e+00,1.8818244e+00,8.1858737e-03
9.7562113e+00,1.8852822e+00,1.8793793e-02
3.2563632e+00,1.8861794e+00,4.5516256e-02
4.4393304e+00,1.8894125e+00,4.3344857e-02
9.2059232e+00,1.8898756e+00,1.9560027e-02
4.5233878e+00,1.8903742e+00,4.0692366e-02
4.7817531e-01,1.8919927e+00,1.5300379e-07
6.8648109e+00,1.8926317e+00,2.4707352e-02
3.3449998e+00,1.8954292e+00,4.5737867e-02
7.7020307e+00,1.8962075e+00,2.3741484e-02
6.6785359e-01,1.8966184e+00,1.4864355e-07
7.2574467e+00,1.8988185e+00,2.6767662e-02
2.5775748e+00,1.9000822e+00,3.6763138e-02
1.4117975e+00,1.9024787e+00,4.3384341e-06
6.5333693e+00,1.9038032e+00,2.6046392e-02
7.4491112e+00,1.9045997e+00,2.6082420e-02
8.9237483e+00,1.9051136e+00,2.0272088e-02
1.0528818e+00,1.9074520e+00,7.7091476e-08
2.8274592e+00,1.9077686e+00,4.0754703e-02
9.0174127e+00,1.9096807e+00,2.0435204e-02
7.0214395e+00,1.9104725e+00,2.5539261e-02
6.7276447e+00,1.9109230e+00,2.7679658e-02
1.9810446e+00,1.9122554e+00,8.2281180e-03
4.5306671e-02,1.9129268e+00,1.9010188e-07
5.7051699e+00,1.9159019e+00,2.3253263e-02
4.2525691e+00,1.9166725e+00,4.5302418e-02
1.5896608e+00,1.9180480e+00,7.7357020e-05
1.7728447e+00,1.9183254e+00,1.1762118e-03
9.4539708e+00,1.9184126e+00,2.0371698e-02
3.3968370e-01,1.9189531e+00,1.7339928e-07
9.4000721e-01,1.9194981e+00,9.1173152e-08
2.9677687e+00,1.9196859e+00,4.1092834e-02
8.1472724e+00,1.9198242e+00,1.7829808e-02
9.3693090e+00,1.9215998e+00,2.0095841e-02
9.6150418e+00,1.9219776e+00,1.9760623e-02
2.6802520e+00,1.9223434e+00,3.6540667e-02
3.5168789e+00,1.9240422e+00,4.7900690e-02
6.6016199e+00,1.9275424e+00,2.5383776e-02
3.7458931e+00,1.9281238e+00,4.8225780e-02
8.0636641e+00,1.9281662e+00,1.7862877e-02
7.6129915e+00,1.9292371e+00,2.3874051e-02
2.3476543e+00,1.9295360e+00,2.0648062e-02
2.0639977e-01,1.9297827e+00,1.8349068e-07
8.3005212e+00,1.9312753e+00,1.9663833e-02
7.1095983e+00,1.9317352e+00,2.5987728e-02
9.9089929e+00,1.9320701e+00,1.7208728e-02
7.3835173e-01,1.9328935e+00,1.3335446e-07
5.6113960e+00,1.9342884e+00,2.5722166e-02
4.0949102e+00,1.9345319e+00,4.9670508e-02
5.9632140e-01,1.9345831e+00,1.6492252e-07
3.9108885e+00,1.9349798e+00,4.9674989e-02
4.6661183e+00,1.9384563e+00,4.0218035e-02
4.8198044e+00,1.9401203e+00,4.1180872e-02
3.1222814e+00,1.9421391e+00,4.0373703e-02
6.3835164e+00,1.9447090e+00,2.9486430e-02
2.2190263e+00,1.9473983e+00,1.5076635e-02
9.6908407e+00,1.9474788e+00,1.8802291e-02
8.4592931e+00,1.9489910e+00,2.0301573e-02
9.8310410e+00,1.9499386e+00,1.8261530e-02
6.2044428e+00,1.9509547e+00,2.8047655e-02
5.8511940e+00,1.9535621e+00,2.5738378e-02
3.2087426e+00,1.9555609e+00,4.0252465e-02
7.9105053e+00,1.9560262e+00,1.7859880e-02
3.4066112e+00,1.9568040e+00,4.5379410e-02
4.1764166e+00,1.9581822e+00,4.9178830e-02
3.8298354e+00,1.9589160e+00,4.8327794e-02
1.2576308e+00,1.9612741e+00,2.2430997e-07
2.6972672e-01,1.9615247e+00,1.9193889e-07
6.8739216e+00,1.9637346e+00,2.4557219e-02
4.9054080e+00,1.9656619e+00,3.6919947e-02
6.4615379e+00,1.9665686e+00,2.7372789e-02
6.0037176e+00,1.9674098e+00,2.6151195e-02
8.7857445e+00,1.9678727e+00,2.0414626e-02
4.4045878e+00,1.9696136e+00,4.4497993e-02
8.2110843e+00,1.9718609e+00,1.8186001e-02
4.3198168e+00,1.9736762e+00,4.6491408e-02
4.5846660e+00,1.9751426e+00,4.1642128e-02
3.5852512e+00,1.9752099e+00,4.7211011e-02
8.6300081e+00,1.9769571e+00,2.0625521e-02
1.1105317e+00,1.9777551e+00,7.8505330e-08
2.5249259e+00,1.9787889e+00,2.0681097e-02
5.7847657e+00,1.9789285e+00,2.3818095e-02
8.8653018e+00,1.9812182e+00,2.0168875e-02
3.6726940e+00,1.9815356e+00,4.7425370e-02
6.9588696e+00,1.9823015e+00,2.5223770e-02
1.1435741e-01,1.9824260e+00,1.9048962e-07
7.7543740e+00,1.9829526e+00,2.2356875e-02
8.3725842e+00,1.9834988e+00,1.9787506e-02
9.2299745e+00,1.9838832e+00,1.9196995e-02
2.4129208e+00,1.9861323e+00,2.0324801e-02
1.3656836e+00,1.9866779e+00,1.7311688e-06
7.3047458e+00,1.9869539e+00,2.6698961e-02
7.4118833e+00,1.9903825e+00,2.6044107e-02
4.5618590e-01,1.9903973e+00,1.3562939e-07
3.9079643e-01,1.9955545e+00,1.5959765e-07
6.2993063e+00,1.9965275e+00,2.8720023e-02
8.0166247e+00,1.9965291e+00,1.8138104e-02
4.7445504e+00,1.9966911e+00,4.0684469e-02
2.8408683e+00,1.9989749e+00,2.4053964e-02
9.0152175e+00,1.9996259e+00,1.9791237e-02
1.7923319e+00,2.0040737e+00,7.8584479e-04
9.2945732e-01,2.0066077e+00,1.0025671e-07
6.7302107e+00,2.0071482e+00,2.7608542e-02
1.9756109e+00,2.0080913e+00,4.5386953e-03
1.2052910e+00,2.0081165e+00,9.2647501e-08
1.6122462e+00,2.0088153e+00,7.8711501e-05
6.1051781e+00,2.0089297e+00,2.6881738e-02
7.5426011e-01,2.0089447e+00,1.3214433e-07
9.4962604e+00,2.0093283e+00,2.0144284e-02
9.3295442e+00,2.0095490e+00,1.9485861e-02
9.5691881e+00,2.0109341e+00,1.9726279e-02
7.8483492e+00,2.0125643e+00,1.7960533e-02
2.9932254e+00,2.0141661e+00,2.7115286e-02
2.1598872e+00,2.0145500e+00,5.0086336e-03
8.5407177e+00,2.0155117e+00,2.0335448e-02
5.6191133e+00,2.0209801e+00,2.3576857e-02
5.9281441e+00,2.0220491e+00,2.6827443e-02
5.8179379e-01,2.0229991e+00,1.6852903e-07
8.7163868e+00,2.0266479e+00,2.0700836e-02
3.9698154e+00,2.0272445e+00,4.8544503e-02
7.5966709e+00,2.0276052e+00,2.3951076e-02
6.6056195e+00,2.0286991e+00,2.7421401e-02
9.9657180e+00,2.0294118e+00,1.6479021e-02
4.0460818e+00,2.0307135e+00,4.8682434e-02
3.0793349e+00,2.0308482e+00,2.7434461e-02
3.3998515e+00,2.0319737e+00,3.5983861e-02
2.7061860e+00,2.0322487e+00,2.2426442e-02
6.8013817e+00,2.0336373e+00,2.4900051e-02
7.1392522e+00,2.0356261e+00,2.5713534e-02
6.4708733e+00,2.0382243e+00,2.4355514e-02
1.0344840e+00,2.0384551e+00,9.2376031e-08
3.8369908e+00,2.0420617e+00,4.6259365e-02
9.7193532e+00,2.0425239e+00,1.8829394e-02
8.9132115e+00,2.0447862e+00,2.0081306e-02
1.7237693e+00,2.0463983e+00,1.1972740e-04
4.1739843e+00,2.0467419e+00,4.6684039e-02
2.0461838e+00,2.0469716e+00,4.4706441e-03
8.2005940e+00,2.0479450e+00,1.7784614e-02
9.8071669e+00,2.0482573e+00,1.8250082e-02
8.5145442e-01,2.0486994e+00,1.2613192e-07
9.1772998e+00,2.0502394e+00,1.9263220e-02
4.4417478e+00,2.0513015e+00,4.4929160e-02
2.9253556e+00,2.0544603e+00,2.3482249e-02
5.0873436e-01,2.0546121e+00,1.6001105e-07
7.6837895e+00,2.0548995e+00,2.3004394e-02
9.0739717e+00,2.0549018e+00,1.9510767e-02
4.9431402e+00,2.0549476e+00,3.8401287e-02
3.2170854e+00,2.0556729e+00,3.0133817e-02
2.7723163e+00,2.0573280e+00,2.2159462e-02
2.8042863e-01,2.0579720e+00,1.8851644e-07
6.6923436e-01,2.0610857e+00,1.4760093e-07
3.5796056e+00,2.0617910e+00,3.6340134e-02
3.7094627e+00,2.0624067e+00,4.2691849e-02
6.9756849e+00,2.0625860e+00,2.5448194e-02
7.2433414e+00,2.0628664e+00,2.6557350e-02
5.5499967e+00,2.0630986e+00,2.2495132e-02
1.8909333e+00,2.0634086e+00,9.1861210e-04
4.3143244e+00,2.0643781e+00,4.5092932e-02
4.5774040e+00,2.0674186e+00,4.1181878e-02
1.1502090e-01,2.0676848e+00,2.0454154e-07
3.5453298e-01,2.0679864e+00,1.6731477e-07
1.5670261e+00,2.0723321e+00,2.2181617e-05
6.3068740e+00,2.0765189e+00,2.5675924e-02
6.5467043e+00,2.0766156e+00,2.7141788e-02
8.3454070e+00,2.0769601e+00,1.9132498e-02
6.6661379e+00,2.0771319e+00,2.7131989e-02
2.2055340e+00,2.0789570e+00,4.6706747e-03
5.7873048e+00,2.0797203e+00,2.3469091e-02
2.3925444e+00,2.0816591e+00,7.4456639e-03
2.5497014e+00,2.0819174e+00,1.2560372e-02
1.3956155e+00,2.0835454e+00,1.6094972e-06
3.5044738e+00,2.0857930e+00,3.5196626e-02
7.4602003e+00,2.0876527e+00,2.5783478e-02
3.9262942e+00,2.0879881e+00,4.6805619e-02
8.0590801e+00,2.0919127e+00,1.8278263e-02
3.7898172e+00,2.0921406e+00,4.3574816e-02
4.1007281e+00,2.0929542e+00,4.8320611e-02
4.5082007e+00,2.0942391e+00,4.5291273e-02
3.1258993e+00,2.0945797e+00,2.6306175e-02
7.0679087e+00,2.0946480e+00,2.6012289e-02
4.2446443e+00,2.0959341e+00,4.6539897e-02
6.4004194e+00,2.0963561e+00,2.4694816e-02
7.5337665e+00,2.0991945e+00,2.4243874e-02
3.3373182e+00,2.0994575e+00,2.7877830e-02
8.5249015e+00,2.0994899e+00,1.9405846e-02
1.2351362e+00,2.1001868e+00,1.0604333e-07
8.2628537e+00,2.1008207e+00,1.8101641e-02
4.3839618e+00,2.1028002e+00,4.4865950e-02
4.7334932e+00,2.1029154e+00,4.1727365e-02
5.7154263e+00,2.1033854e+00,2.3542856e-02
8.1383757e+00,2.1049070e+00,1.8271022e-02
6.1357098e+00,2.1068883e+00,2.5656800e-02
9.3661125e+00,2.1072915e+00,2.0014745e-02
1.4720865e+00,2.1079090e+00,2.3219329e-06
4.5970165e-02,2.1092966e+00,1.7952393e-07
2.3095403e+00,2.1093936e+00,4.6594622e-03
9.4481669e+00,2.1102580e+00,1.9905623e-02
9.6156905e+00,2.1108497e+00,1.9005287e-02
6.8213494e+00,2.1112734e+00,2.4414071e-02
2.1776516e-01,2.1114888e+00,2.0433805e-07
3.6624932e+00,2.1126845e+00,3.6965109e-02
2.6282844e+00,2.1131160e+00,1.2656877e-02
3.2637840e+00,2.1151501e+00,2.7626762e-02
8.8859491e+00,2.1163681e+00,1.9804396e-02
9.6900566e+00,2.1169383e+00,1.8524366e-02
9.9160503e+00,2.1176471e+00,1.7478668e-02
1.0325622e+00,2.1180358e+00,8.8798621e-08
9.8354511e+00,2.1186240e+00,1.8296994e-02
6.9107045e+00,2.1216552e+00,2.5244539e-02
5.9377610e+00,2.1237825e+00,2.6604055e-02
7.8869723e+00,2.1239867e+00,1.8055857e-02
8.4162997e+00,2.1264305e+00,1.9600089e-02
6.2425422e+00,2.1289047e+00,2.4772890e-02
8.7318081e+00,2.1306439e+00,2.0287205e-02
7.6810288e+00,2.1307326e+00,2.4756440e-02
4.8992133e+00,2.1313206e+00,3.6632140e-02
1.7485143e+00,2.1314752e+00,6.9306976e-05
2.9085901e+00,2.1367239e+00,1.6934361e-02
2.4714360e+00,2.1368112e+00,7.3885174e-03
4.6477991e+00,2.1369567e+00,4.0158539e-02
6.7923156e-01,2.1400611e+00,1.3072217e-07
2.8000316e+00,2.1447106e+00,1.6676575e-02
7.2769431e+00,2.1482336e+00,2.6535083e-02
1.3174079e+00,2.1502119e+00,2.4239809e-07
4.8025525e+00,2.1524796e+00,3.7331680e-02
5.8633499e+00,2.1560874e+00,2.2969427e-02
4.8804411e-01,2.1561394e+00,1.4653770e-07
1.8932349e+00,2.1563826e+00,3.3067403e-04
8.8123194e+00,2.1582458e+00,1.9889248e-02
7.7501163e+00,2.1604072e+00,2.3437069e-02
8.6524149e-01,2.1626705e+00,1.0769815e-07
7.9915839e+00,2.1628321e+00,1.8057890e-02
9.0672480e+00,2.1631453e+00,1.9505618e-02
9.2142744e+00,2.1631483e+00,1.9992388e-02
6.5201143e+00,2.1640394e+00,2.8426775e-02
1.1814273e+00,2.1642883e+00,1.0747517e-07
3.9923221e-01,2.1643565e+00,1.6162051e-07
2.0488694e+00,2.1657144e+00,2.2088887e-03
7.8314172e+00,2.1670748e+00,1.8797486e-02
6.4295275e+00,2.1673978e+00,2.6879928e-02
2.1337076e+00,2.1675857e+00,2.2978747e-03
7.3866644e+00,2.1695913e+00,2.6155480e-02
1.5986758e+00,2.1705831e+00,1.5929202e-05
7.5801277e+00,2.1709198e+00,2.4698074e-02
3.9413594e+00,2.1711098e+00,4.3352905e-02
1.0996703e+00,2.1714608e+00,9.0828571e-08
4.4121552e+00,2.1754490e+00,4.4582280e-02
3.8031216e+00,2.1756004e+00,3.9804168e-02
3.5224002e+00,2.1760307e+00,2.6062497e-02
4.4944430e+00,2.1779849e+00,4.2179642e-02
3.0635688e+00,2.1782368e+00,1.4302030e-02
4.0890574e+00,2.1784561e+00,4.7344638e-02
8.9372853e+00,2.1796531e+00,1.9981738e-02
4.2308866e+00,2.1796799e+00,4.5788187e-02
5.5499967e+00,2.1807457e+00,2.3816405e-02
2.2991026e-01,2.1808785e+00,2.0372727e-07
9.7624846e+00,2.1814952e+00,1.8540812e-02
2.3046661e+00,2.1815498e+00,2.5894246e-03
3.3792478e+00,2.1816251e+00,2.4338756e-02
6.6469751e+00,2.1819343e+00,2.6288837e-02
1.8193785e+00,2.1821246e+00,8.2908512e-05
8.2360726e+00,2.1843042e+00,1.7605874e-02
7.1079187e+00,2.1873834e+00,2.6034724e-02
8.5810921e+00,2.1885079e+00,1.9614333e-02
3.7186200e+00,2.1890708e+00,3.5588404e-02
6.0883376e+00,2.1899554e+00,2.5642622e-02
8.1703846e+00,2.1900947e+00,1.8397482e-02
1.6686410e+00,2.1921432e+00,1.7534311e-05
9.3035173e+00,2.1945346e+00,2.0432668e-02
6.9273690e+00,2.1983725e+00,2.5526055e-02
2.9555076e+00,2.1987310e+00,1.4049491e-02
9.4132255e-01,2.2001596e+00,9.5311283e-08
6.0055191e+00,2.2002744e+00,2.6571276e-02
6.7995853e+00,2.2002840e+00,2.4430314e-02
7.7804438e-01,2.2018913e+00,1.1606000e-07
5.7004987e+00,2.2031930e+00,2.3143170e-02
5.7110075e-01,2.2035018e+00,1.4602145e-07
3.4597076e+00,2.2043789e+00,2.4351798e-02
2.6632154e+00,2.2057681e+00,8.0002808e-03
9.9503323e+00,2.2058824e+00,1.5377968e-02
9.0130723e+00,2.2060865e+00,1.9780360e-02
1.5037363e+00,2.2061600e+00,3.1182203e-06
3.8653604e+00,2.2086434e+00,3.9688983e-02
8.6659086e+00,2.2099388e+00,1.9677068e-02
2.7688323e+00,2.2122835e+00,8.2678430e-03
7.2128638e+00,2.2137288e+00,2.6889090e-02
9.5836031e+00,2.2138548e+00,1.8699887e-02
9.4890073e+00,2.2148690e+00,1.8729638e-02
8.4185445e+00,2.2153986e+00,1.9327709e-02
4.1485560e+00,2.2159897e+00,4.7019999e-02
9.1499773e+00,2.2170532e+00,1.9608190e-02
4.0110414e+00,2.2177623e+00,4.3994421e-02
6.2444249e+00,2.2187780e+00,2.5272918e-02
4.9560731e+00,2.2192302e+00,3.7829614e-02
1.9805981e+00,2.2198081e+00,4.1755522e-04
4.5970165e-02,2.2204078e+00,1.6845551e-07
6.5598667e+00,2.2209253e+00,2.5270512e-02
2.1991001e+00,2.2226281e+00,2.2928675e-03
3.2484931e+00,2.2232734e+00,1.0806559e-02
3.3727295e-01,2.2237317e+00,2.1005226e-07
4.3701519e+00,2.2262044e+00,4.6854408e-02
4.2853808e+00,2.2302670e+00,4.8745012e-02
2.4618093e+00,2.2308710e+00,2.3859954e-03
6.7177051e+00,2.2334546e+00,2.4210144e-02
4.6284019e+00,2.2355680e+00,3.7230707e-02
7.5754236e+00,2.2375881e+00,2.6326861e-02
5.6041857e+00,2.2384348e+00,2.1442613e-02
1.3145904e+00,2.2422060e+00,2.4387427e-07
5.8461967e+00,2.2425025e+00,2.2532222e-02
4.8024624e+00,2.2429237e+00,3.7586237e-02
6.3789003e+00,2.2432104e+00,2.5513157e-02
6.8683584e+00,2.2458516e+00,2.5241743e-02
2.3780435e+00,2.2478751e+00,2.1491438e-03
6.9883614e+00,2.2484112e+00,2.4952143e-02
4.5442492e+00,2.2497758e+00,4.1708526e-02
7.0682336e+00,2.2505029e+00,2.6179251e-02
8.0168116e+00,2.2547113e+00,1.8429359e-02
3.3303196e+00,2.2551313e+00,1.1094104e-02
7.7423327e+00,2.2553159e+00,2.3438068e-02
1.7523018e-01,2.2561209e+00,1.9612564e-07
3.0893771e+00,2.2571026e+00,1.0712125e-02
1.7931316e+00,2.2585217e+00,3.4821797e-05
8.5222629e+00,2.2587051e+00,1.9483830e-02
8.8247722e+00,2.2588502e+00,1.9919334e-02
3.6800566e+00,2.2591198e+00,2.3266165e-02
3.5972358e+00,2.2595718e+00,2.1408916e-02
9.7972278e+00,2.2601361e+00,2.1524000e-02
7.8236337e+00,2.2619835e+00,1.8006398e-02
1.2312271e+00,2.2624125e+00,1.4999700e-07
6.1565018e+00,2.2625867e+00,2.5593903e-02
7.3850026e+00,2.2632340e+00,2.6284267e-02
6.2963682e+00,2.2645333e+00,2.5394043e-02
5.7552239e+00,2.2659431e+00,2.3096563e-02
8.8934868e+00,2.2664169e+00,1.9757199e-02
8.1163167e+00,2.2689796e+00,1.8639082e-02
1.0567543e+00,2.2722720e+00,1.0382313e-07
2.6280120e+00,2.2729792e+00,2.5314750e-03
1.6926067e+00,2.2731855e+00,1.7900089e-05
3.1814998e+00,2.2763465e+00,1.0368380e-02
8.2889468e+00,2.2779434e+00,1.7959953e-02
1.4758487e+00,2.2780536e+00,2.3279620e-06
4.8991232e+00,2.2812886e+00,3.6627374e-02
2.9024141e+00,2.2822573e+00,5.4710105e-03
9.4034349e-02,2.2838987e+00,1.7985972e-07
9.6660632e-01,2.2841643e+00,1.1436014e-07
9.9044763e+00,2.2855002e+00,1.6641642e-02
7.4722890e+00,2.2868811e+00,2.4760907e-02
4.0027912e+00,2.2876249e+00,4.1080437e-02
5.8176850e-01,2.2877775e+00,1.6420939e-07
2.8242972e+00,2.2878231e+00,5.2707390e-03
9.3363617e+00,2.2880422e+00,1.9433929e-02
2.5255881e+00,2.2882886e+00,2.3372308e-03
8.3689703e+00,2.2888880e+00,1.7395187e-02
7.6628976e-01,2.2907790e+00,1.4816841e-07
7.6685411e+00,2.2923096e+00,2.4219628e-02
6.5340332e+00,2.2957294e+00,2.4062569e-02
1.3780981e+00,2.2964164e+00,4.7667864e-07
9.6279026e+00,2.2969813e+00,1.9243838e-02
3.8415012e+00,2.2984658e+00,3.0188253e-02
3.4628818e+00,2.2990370e+00,1.1985674e-02
1.9808205e+00,2.2990839e+00,8.4454849e-05
3.4636186e-01,2.2994359e+00,2.2019338e-07
5.9755104e+00,2.3017622e+00,2.4296015e-02
2.1977552e+00,2.3018134e+00,1.5103135e-03
8.6970488e+00,2.3024321e+00,1.9343794e-02
4.1601468e+00,2.3029716e+00,4.6293671e-02
9.0576902e+00,2.3037538e+00,1.8928405e-02
9.4397973e+00,2.3054101e+00,1.8870628e-02
4.3882478e+00,2.3058719e+00,4.3462051e-02
7.2413103e+00,2.3071312e+00,2.7230098e-02
4.7526031e+00,2.3073559e+00,3.4651681e-02
9.1453345e+00,2.3082174e+00,1.8689892e-02
4.2431264e+00,2.3084033e+00,4.8948106e-02
9.7362296e+00,2.3087391e+00,1.9295721e-02
4.6771697e+00,2.3111940e+00,3.2187136e-02
5.8905990e+00,2.3116854e+00,2.2606040e-02
1.8672104e+00,2.3120555e+00,3.5084384e-05
6.7814470e-01,2.3132246e+00,1.6047918e-07
2.3140938e+00,2.3138029e+00,1.4900630e-03
6.4436536e+00,2.3146561e+00,2.4142237e-02
6.7037278e+00,2.3159626e+00,2.3563944e-02
3.3655157e+00,2.3197068e+00,9.5519397e-03
2.4109319e-01,2.3218881e+00,1.9895506e-07
8.7754010e+00,2.3237416e+00,1.9430238e-02
6.8896134e+00,2.3239419e+00,2.5020190e-02
4.4800573e+00,2.3269073e+00,4.1355728e-02
7.9499654e+00,2.3278257e+00,1.7951505e-02
1.1932883e+00,2.3295160e+00,1.8504493e-07
6.9639162e+00,2.3301128e+00,2.5144463e-02
3.9092500e+00,2.3307948e+00,3.0320118e-02
5.5927634e+00,2.3322030e+00,1.9130697e-02
1.1005725e+00,2.3322030e+00,1.8466026e-07
7.8609756e+00,2.3326455e+00,1.7403282e-02
7.1516573e+00,2.3344358e+00,2.7195861e-02
3.5294251e+00,2.3350276e+00,1.2533507e-02
7.3037278e+00,2.3352786e+00,2.7380337e-02
4.0923980e+00,2.3353006e+00,4.3528416e-02
3.7406989e+00,2.3354718e+00,2.2703781e-02
1.6593748e+00,2.3378811e+00,9.4660387e-06
6.6071644e+00,2.3392463e+00,2.3455236e-02
8.1572688e+00,2.3394187e+00,1.8772674e-02
6.1673868e+00,2.3440054e+00,2.5741826e-02
2.6850652e+00,2.3442795e+00,1.7618645e-03
1.5593986e+00,2.3447778e+00,2.8278268e-06
5.7402561e+00,2.3469575e+00,2.2999740e-02
8.9287111e+00,2.3515661e+00,1.9469951e-02
4.3019652e+00,2.3517610e+00,4.8091815e-02
2.7757336e+00,2.3526081e+00,1.8704846e-03
8.2642109e+00,2.3541729e+00,1.9158214e-02
4.9152723e+00,2.3542956e+00,3.6732620e-02
6.2576772e+00,2.3565882e+00,2.6324470e-02
8.5659509e+00,2.3571495e+00,1.9203378e-02
7.4660844e+00,2.3617477e+00,2.4684281e-02
9.0171274e+00,2.3624696e+00,1.9052200e-02
7.6551428e+00,2.3690755e+00,2.4892641e-02
3.0202522e+00,2.3734127e+00,3.6297570e-03
9.9541439e+00,2.3737355e+00,1.0944384e-02
5.6741086e+00,2.3779757e+00,2.0881823e-02
2.9413504e+00,2.3780731e+00,3.7501419e-03
9.3014166e+00,2.3782188e+00,1.8859987e-02
8.6559202e+00,2.3794457e+00,1.9170799e-02
9.2072826e-01,2.3801883e+00,2.1124278e-07
6.7583825e+00,2.3815166e+00,2.4274643e-02
5.8267824e+00,2.3820331e+00,2.3148891e-02
4.4016603e-01,2.3827693e+00,2.2428558e-07
5.3055678e-01,2.3831236e+00,2.2496269e-07
2.0511364e+00,2.3853596e+00,5.6225219e-05
8.3174471e-01,2.3861251e+00,2.0951622e-07
9.2098619e+00,2.3870408e+00,1.8581526e-02
2.1344075e+00,2.3871404e+00,1.0439689e-04
9.7602108e+00,2.3885960e+00,1.6784033e-02
6.4341119e+00,2.3886262e+00,2.4311479e-02
7.5558207e+00,2.3892206e+00,2.2437810e-02
2.4951413e+00,2.3906197e+00,7.9668862e-04
6.8372696e+00,2.3910920e+00,2.5178798e-02
5.5385744e+00,2.3921610e+00,1.3999648e-02
3.1707083e+00,2.3926565e+00,5.7326595e-03
9.4711636e+00,2.3946601e+00,1.9146724e-02
8.4181831e+00,2.3947013e+00,1.7951752e-02
9.6099344e+00,2.3959181e+00,1.8319449e-02
6.0199743e+00,2.3959513e+00,2.4486035e-02
4.8064184e-02,2.3968243e+00,1.4931124e-07
7.0056799e+00,2.3972965e+00,2.6084898e-02
1.3808845e+00,2.3977647e+00,6.8808068e-07
1.8791930e+00,2.3983313e+00,1.5889060e-05
2.3090794e+00,2.3991299e+00,7.0446480e-04
7.1135488e+00,2.3995278e+00,2.7181502e-02
3.3312310e+00,2.4041590e+00,5.6694566e-03
4.1013982e+00,2.4051632e+00,4.2351110e-02
2.1823069e-01,2.4052215e+00,1.8028133e-07
4.7937083e+00,2.4052446e+00,2.9979155e-02
3.8991699e+00,2.4065066e+00,3.0264400e-02
6.1181244e+00,2.4085349e+00,2.4199457e-02
6.8526631e-01,2.4085707e+00,2.3976281e-07
6.6053539e+00,2.4086219e+00,2.3770580e-02
4.6627194e+00,2.4090827e+00,3.5462572e-02
6.3306676e+00,2.4092355e+00,2.5116507e-02
1.7135490e+00,2.4094931e+00,7.7640018e-06
4.4942042e+00,2.4105882e+00,6.6483282e-02
1.2211047e+00,2.4106578e+00,4.8371155e-07
4.9722222e+00,2.4112849e+00,3.1735673e-02
1.0700555e+00,2.4133448e+00,3.3609099e-07
4.8597167e+00,2.4138194e+00,3.7936640e-02
3.5133280e+00,2.4141939e+00,2.3414293e-02
1.5552395e+00,2.4163898e+00,2.7067209e-06
2.6449071e+00,2.4164539e+00,7.8631016e-04
3.7267178e+00,2.4193586e+00,1.6488816e-02
8.5114452e+00,2.4196564e+00,1.8203309e-02
8.0899365e+00,2.4198329e+00,1.7777418e-02
7.9821382e+00,2.4225082e+00,1.8107710e-02
2.7939089e+00,2.4247825e+00,1.3049920e-03
8.7698936e+00,2.4249216e+00,1.8865440e-02
4.2786291e+00,2.4251540e+00,4.8129629e-02
9.8290932e+00,2.4319496e+00,1.6199400e-02
4.0017113e+00,2.4331992e+00,3.2534189e-02
8.2982200e+00,2.4340799e+00,1.8720109e-02
9.9123606e+00,2.4362805e+00,1.9015935e-02
6.5226811e+00,2.4390751e+00,2.3614099e-02
7.8207250e+00,2.4391019e+00,1.5330758e-02
6.6880021e+00,2.4401950e+00,2.4025089e-02
9.6808501e+00,2.4413742e+00,1.6100598e-02
3.2437310e+00,2.4415036e+00,5.8479026e-03
9.5501222e+00,2.4416267e+00,1.8458889e-02
8.8974338e+00,2.4422410e+00,1.8719159e-02
2.3877342e+00,2.4431349e+00,7.1036013e-04
1.8077855e+00,2.4441171e+00,8.9096670e-06
1.3064085e+00,2.4467508e+00,7.0959447e-07
4.5898389e+00,2.4468489e+00,2.8264189e-02
2.5574071e+00,2.4474848e+00,8.1018722e-04
7.7288040e+00,2.4483390e+00,2.4306211e-02
5.8673916e+00,2.4486741e+00,2.2474839e-02
9.8035928e-01,2.4494378e+00,2.7630326e-07
7.3124178e+00,2.4507832e+00,2.6989763e-02
1.4744760e+00,2.4510139e+00,2.2221890e-06
3.0769773e+00,2.4511529e+00,3.7209511e-03
9.3885571e+00,2.4514502e+00,1.9078514e-02
4.1872026e+00,2.4516588e+00,4.3731802e-02
1.0639752e-01,2.4523798e+00,1.3426731e-07
2.8683318e-01,2.4528416e+00,1.9843708e-07
4.0349984e-01,2.4528416e+00,2.0299384e-07
6.1055726e-01,2.4531960e+00,2.3946844e-07
7.3874880e+00,2.4536051e+00,2.6407679e-02
1.9964075e+00,2.4542141e+00,1.9726923e-05
7.7470905e-01,2.4553747e+00,2.4218229e-07
2.8814089e+00,2.4558133e+00,1.4254076e-03
2.1963452e+00,2.4559949e+00,1.3455722e-04
8.6989339e+00,2.4570490e+00,1.9139208e-02
3.8174400e+00,2.4580643e+00,1.9149659e-02
4.7395471e+00,2.4622338e+00,2.9980383e-02
5.6655387e+00,2.4622392e+00,2.4387820e-02
3.4125000e+00,2.4626554e+00,1.1579099e-02
8.3721686e+00,2.4636636e+00,1.8236364e-02
1.1396962e+00,2.4639070e+00,4.9179238e-07
9.0435952e+00,2.4649263e+00,1.8789814e-02
1.6557635e+00,2.4653759e+00,3.6537818e-06
4.3388128e+00,2.4671495e+00,4.8671609e-02
4.4196750e+00,2.4679432e+00,6.7904974e-02
2.7125000e+00,2.4689692e+00,8.0903092e-04
9.1888040e+00,2.4700745e+00,1.8813963e-02
3.5841271e+00,2.4703078e+00,1.0787549e-02
4.9166667e+00,2.4708087e+00,3.5563638e-02
5.9756721e+00,2.4725155e+00,2.2300189e-02
6.8769546e+00,2.4736853e+00,2.5337712e-02
6.9710621e+00,2.4737189e+00,2.6180680e-02
3.6690638e+00,2.4745763e+00,9.7682422e-03
5.5841934e+00,2.4752901e+00,2.1387532e-02
8.8198284e+00,2.4773403e+00,1.8965238e-02
7.5685234e+00,2.4850322e+00,2.3735512e-02
7.1465837e+00,2.4891303e+00,2.7892945e-02
7.9012249e+00,2.4899742e+00,1.6409879e-02
9.1067983e+00,2.4939096e+00,1.8739380e-02
8.2388051e+00,2.4958783e+00,1.7832950e-02
8.1374637e+00,2.4963856e+00,1.8015700e-02
6.3055919e+00,2.4968818e+00,2.3413426e-02
5.8169321e+00,2.5047891e+00,2.2793161e-02
8.9627850e+00,2.5073783e+00,1.8217599e-02
4.0017113e+00,2.5082663e+00,3.2117649e-02
5.7172201e+00,2.5130755e+00,2.1825806e-02
6.1422290e+00,2.5135023e+00,2.3324226e-02
9.8207641e+00,2.5137739e+00,1.1991889e-02
9.7373308e+00,2.5248016e+00,1.5053325e-02
6.7083055e+00,2.5260900e+00,2.4048761e-02
6.5030132e+00,2.5265884e+00,2.3706219e-02
9.3896139e+00,2.5270699e+00,1.8794051e-02
7.6759221e+00,2.5275333e+00,2.3588944e-02
4.1698186e+00,2.5277575e+00,4.3874716e-02
7.2390372e+00,2.5286107e+00,2.6630714e-02
8.5264093e+00,2.5312103e+00,1.8164500e-02
9.9582166e+00,2.5331332e+00,1.3826751e-02
7.0438344e+00,2.5352699e+00,2.7733731e-02
6.2074511e+00,2.5423958e+00,2.3207712e-02
7.4245141e+00,2.5447285e+00,2.6191198e-02
6.0058245e+00,2.5456991e+00,2.2574320e-02
3.8342156e+00,2.5461549e+00,1.7954676e-02
9.5563891e+00,2.5462694e+00,1.8216331e-02
4.3275039e+00,2.5465144e+00,5.1418693e-02
7.5158131e+00,2.5486826e+00,2.3922145e-02
8.3677098e+00,2.5489761e+00,1.8048454e-02
6.8183708e+00,2.5500048e+00,2.5395335e-02
5.5456191e+00,2.5537173e+00,1.2446964e-02
4.0840142e+00,2.5563289e+00,3.2260368e-02
9.2142811e+00,2.5577293e+00,1.9190007e-02
4.4597542e+00,2.5597593e+00,4.6195310e-02
6.3893683e+00,2.5637858e+00,2.3080783e-02
8.6697345e+00,2.5696209e+00,1.8569435e-02
3.9159456e+00,2.5696642e+00,1.9723086e-02
5.8648950e+00,2.5717737e+00,2.2070041e-02
7.9274728e+00,2.5738282e+00,1.7563241e-02
6.0742312e+00,2.5741024e+00,2.2742156e-02
3.5416324e+00,2.5743248e+00,1.4898226e-03
8.7982437e+00,2.5744228e+00,1.8575491e-02
8.9510600e+00,2.5745284e+00,1.7925836e-02
9.4784872e+00,2.5749224e+00,1.7791787e-02
8.2769311e+00,2.5767494e+00,1.7925500e-02
9.9040315e+00,2.5769283e+00,9.8421407e-03
4.2499362e+00,2.5806176e+00,4.5824257e-02
9.1322754e+00,2.5815645e+00,1.9096068e-02
8.0559133e+00,2.5829148e+00,1.6633930e-02
3.6873449e+00,2.5832688e+00,1.0564698e-02
9.2898389e+00,2.5852527e+00,1.9038587e-02
5.9455069e+00,2.5888423e+00,2.2261550e-02
8.4286884e+00,2.5915677e+00,1.7997324e-02
6.6521301e+00,2.5942755e+00,2.4918307e-02
6.5599172e+00,2.5945306e+00,2.3591317e-02
5.7011243e+00,2.5982494e+00,1.7299664e-02
4.4083662e+00,2.6028636e+00,5.1223979e-02
8.5877392e+00,2.6035216e+00,1.8381964e-02
8.8641240e+00,2.6064736e+00,1.8153429e-02
9.7214154e+00,2.6066484e+00,1.5822863e-02
7.7031565e+00,2.6128034e+00,1.9942072e-02
3.7617745e+00,2.6161416e+00,9.8938717e-03
6.8508533e+00,2.6161816e+00,2.7332818e-02
7.0337783e+00,2.6166047e+00,2.7619304e-02
9.6276843e+00,2.6177089e+00,1.5393368e-02
5.6108685e+00,2.6258403e+00,1.2091641e-02
7.2531680e+00,2.6303625e+00,2.6652736e-02
3.6024081e+00,2.6345558e+00,5.8586411e-03
8.7191095e+00,2.6345760e+00,1.8364212e-02
8.2468822e+00,2.6383938e+00,1.7666803e-02
6.3603414e+00,2.6387978e+00,2.1984942e-02
6.9450080e+00,2.6418649e+00,2.7553483e-02
4.0862476e+00,2.6424529e+00,3.2139961e-02
6.0806593e+00,2.6451477e+00,2.1767544e-02
7.8731263e+00,2.6461248e+00,1.6016149e-02
9.0238750e+00,2.6462181e+00,1.8499310e-02
5.8241097e+00,2.6486965e+00,2.0353561e-02
9.9101610e+00,2.6553839e+00,1.2950207e-02
9.1072267e+00,2.6564318e+00,1.8661204e-02
7.7821917e+00,2.6567781e+00,2.2198463e-02
7.4077425e+00,2.6587999e+00,2.6216256e-02
9.4609434e+00,2.6594784e+00,1.7468473e-02
4.2411441e+00,2.6610043e+00,4.6730407e-02
6.2097985e+00,2.6624393e+00,2.2617130e-02
8.0883716e+00,2.6626920e+00,1.7248235e-02
9.2940153e+00,2.6665328e+00,1.8064644e-02
5.7600510e+00,2.6668858e+00,1.8769267e-02
8.1683673e+00,2.6737965e+00,1.7366460e-02
9.8109783e+00,2.6740764e+00,1.5185027e-02
3.9526932e+00,2.6762184e+00,2.0318985e-02
7.5663209e+00,2.6762261e+00,2.0504985e-02
5.9478510e+00,2.6766035e+00,2.2392849e-02
8.8944896e+00,2.6826340e+00,1.8641058e-02
4.4106624e+00,2.6850282e+00,4.4154574e-02
6.7916879e+00,2.6877539e+00,2.7445437e-02
7.3465634e+00,2.6879363e+00,2.6382625e-02
6.7030299e+00,2.6897627e+00,2.6804454e-02
6.5261815e+00,2.6910576e+00,2.2886098e-02
6.2789123e+00,2.6919373e+00,2.1581501e-02
9.3762464e+00,2.6929060e+00,1.6968563e-02
4.1632599e+00,2.6942683e+00,3.7660974e-02
8.4318716e+00,2.6975923e+00,1.7407296e-02
7.6462656e+00,2.6978459e+00,2.3619336e-02
7.1116928e+00,2.6979412e+00,2.6681118e-02
6.4402507e+00,2.6981275e+00,2.3588428e-02
7.1981218e+00,2.6999214e+00,2.7013990e-02
4.0406923e+00,2.7009445e+00,2.5097788e-02
6.0145967e+00,2.7045058e+00,2.0953359e-02
6.1510044e+00,2.7045911e+00,2.2640780e-02
4.3210080e+00,2.7090658e+00,4.6600176e-02
8.9964954e+00,2.7105966e+00,1.8527451e-02
5.6117197e+00,2.7162646e+00,1.1710290e-02
3.7782716e+00,2.7175186e+00,8.5099892e-03
8.5290242e+00,2.7186162e+00,1.7496036e-02
5.8815291e+00,2.7212443e+00,1.9538734e-02
8.2795954e+00,2.7221028e+00,1.7579280e-02
6.9284282e+00,2.7239289e+00,2.8445203e-02
9.6147756e+00,2.7241294e+00,1.5163453e-02
3.6101460e+00,2.7241318e+00,6.4613554e-03
8.7335561e+00,2.7279353e+00,1.8036559e-02
9.9643462e+00,2.7292359e+00,1.0956195e-02
7.5031091e+00,2.7312483e+00,2.4072058e-02
9.5259365e+00,2.7372458e+00,1.5257338e-02
6.8388115e+00,2.7418693e+00,2.8597239e-02
8.8430559e+00,2.7439426e+00,1.8042565e-02
7.9315578e+00,2.7457528e+00,1.5262796e-02
9.2292767e+00,2.7474169e+00,1.8342986e-02
9.8071286e+00,2.7487306e+00,1.3408755e-02
6.6665895e+00,2.7490193e+00,2.6497287e-02
9.1581647e+00,2.7498798e+00,1.7887738e-02
6.5819540e+00,2.7500592e+00,2.5922218e-02
5.7162655e+00,2.7503831e+00,1.5111450e-02
4.4620504e+00,2.7530351e+00,4.2020767e-02
8.0183627e+00,2.7532334e+00,1.5833943e-02
3.8874604e+00,2.7540860e+00,1.5369134e-02
8.2010805e+00,2.7575056e+00,1.6877666e-02
8.3582821e+00,2.7600774e+00,1.8072912e-02
6.4100373e+00,2.7606239e+00,2.4128884e-02
5.5464703e+00,2.7617887e+00,1.8263682e-02
7.7738337e+00,2.7633426e+00,2.6359473e-02
6.3164929e+00,2.7693549e+00,2.5115751e-02
7.3290363e+00,2.7719535e+00,2.6591676e-02
3.7115798e+00,2.7742217e+00,6.1149864e-03
3.5493702e+00,2.7750119e+00,5.2530041e-03
6.0287962e+00,2.7781189e+00,2.1370157e-02
9.3611585e+00,2.7800523e+00,1.8047591e-02
4.1773608e+00,2.7809842e+00,3.7846362e-02
7.0775396e+00,2.7820098e+00,2.7053605e-02
6.1223337e+00,2.7820831e+00,2.2553027e-02
7.2459027e+00,2.7825361e+00,2.7252800e-02
6.9830454e+00,2.7827373e+00,2.7655912e-02
7.6988660e+00,2.7878622e+00,4.0485535e-02
9.0348805e+00,2.7884046e+00,1.8506693e-02
9.9063113e+00,2.7888617e+00,1.1606859e-02
8.5765342e+00,2.7930840e+00,1.7609078e-02
4.3161563e+00,2.7937769e+00,4.6114333e-02
8.6853169e+00,2.7955152e+00,1.7867244e-02
4.1036464e+00,2.7981895e+00,2.7674556e-02
5.8408611e+00,2.8017814e+00,1.7380235e-02
9.7453229e+00,2.8046354e+00,1.8255884e-02
9.6652323e+00,2.8073556e+00,1.4458388e-02
7.5149616e+00,2.8107381e+00,2.4135720e-02
5.7396561e+00,2.8127308e+00,1.7006312e-02
9.4556462e+00,2.8129387e+00,1.7243882e-02
9.2813232e+00,2.8137061e+00,1.6879325e-02
7.8594796e+00,2.8140585e+00,1.6333668e-02
8.8829812e+00,2.8150932e+00,1.7862191e-02
9.1131980e+00,2.8174740e+00,1.7949917e-02
8.1685882e+00,2.8226877e+00,1.6078676e-02
4.4058107e+00,2.8252949e+00,4.8682631e-02
6.8110392e+00,2.8257601e+00,2.9180652e-02
8.0658661e+00,2.8295201e+00,1.4860764e-02
6.7274752e+00,2.8309013e+00,2.8354538e-02
8.9727999e+00,2.8315926e+00,1.7986119e-02
4.2503934e+00,2.8324313e+00,4.2011167e-02
7.3600578e+00,2.8358542e+00,2.5223638e-02
6.5502467e+00,2.8385897e+00,2.7892316e-02
6.2873326e+00,2.8415631e+00,2.8850947e-02
6.4642608e+00,2.8420846e+00,2.6037565e-02
7.4345360e+00,2.8460250e+00,2.2918487e-02
7.2097255e+00,2.8498851e+00,2.6565039e-02
7.1277913e+00,2.8513391e+00,2.6815506e-02
6.1400362e+00,2.8522268e+00,2.4491428e-02
5.9820298e+00,2.8531619e+00,1.8992604e-02
6.9521450e+00,2.8539077e+00,2.7870014e-02
3.9073159e+00,2.8592931e+00,1.4408948e-02
5.8856029e+00,2.8657184e+00,1.8000666e-02
3.7134459e+00,2.8699693e+00,5.1020807e-03
5.5991227e+00,2.8760212e+00,1.4729959e-02
6.2086604e+00,2.8764411e+00,2.3388916e-02
8.3753948e+00,2.8783623e+00,1.7758352e-02
6.8697556e+00,2.8789901e+00,2.7409497e-02
4.0971476e+00,2.8819686e+00,2.7901776e-02
9.9419652e+00,2.8831552e+00,1.1814977e-02
3.5493702e+00,2.8861230e+00,3.9793587e-03
7.6884944e+00,2.8898356e+00,1.6015712e-02
7.6015459e+00,2.8900533e+00,1.1865645e-02
8.5560181e+00,2.8903450e+00,1.8655438e-02
8.7243247e+00,2.8927763e+00,1.7157668e-02
5.6877629e+00,2.8928449e+00,1.4731046e-02
8.8124892e+00,2.8963470e+00,1.8028960e-02
9.4650967e+00,2.8987768e+00,1.4501733e-02
6.0481109e+00,2.9013611e+00,2.1347969e-02
6.3339936e+00,2.9014086e+00,3.0207633e-02
9.2758411e+00,2.9018935e+00,1.5507973e-02
9.1193042e+00,2.9031986e+00,1.6340038e-02
9.7849818e+00,2.9035900e+00,1.6506037e-02
7.8633406e+00,2.9044213e+00,1.5888297e-02
8.2046920e+00,2.9055699e+00,1.6169330e-02
4.4437604e+00,2.9055931e+00,4.4406193e-02
9.6453674e+00,2.9063102e+00,1.3758692e-02
7.0925038e+00,2.9100111e+00,2.7169367e-02
6.4173775e+00,2.9106611e+00,2.7620339e-02
7.0113517e+00,2.9118523e+00,2.6585458e-02
8.0424461e+00,2.9124022e+00,1.3181587e-02
8.9618317e+00,2.9128464e+00,1.6061905e-02
4.0034445e+00,2.9137951e+00,1.4474396e-02
6.6978242e+00,2.9143903e+00,2.8437443e-02
7.3089041e+00,2.9178652e+00,2.5687619e-02
3.7999933e+00,2.9184733e+00,9.4382663e-03
6.6052312e+00,2.9210388e+00,2.7642090e-02
7.2417053e+00,2.9213136e+00,2.5951903e-02
7.4615965e+00,2.9253403e+00,2.1955128e-02
3.6120121e+00,2.9309905e+00,8.2365414e-03
8.4742741e+00,2.9364523e+00,1.8383659e-02
5.5526524e+00,2.9377619e+00,1.1454640e-02
5.8457173e+00,2.9378552e+00,1.6750007e-02
4.2711209e+00,2.9379332e+00,4.2641949e-02
8.2939778e+00,2.9419100e+00,1.6705133e-02
9.8824414e+00,2.9419787e+00,1.8894051e-02
9.5642555e+00,2.9446990e+00,1.6492252e-02
9.1964286e+00,2.9478156e+00,1.5689879e-02
7.9531604e+00,2.9487424e+00,1.0374310e-02
8.6531725e+00,2.9538927e+00,1.7161906e-02
5.7490823e+00,2.9540324e+00,1.6695049e-02
9.3651269e+00,2.9540779e+00,1.4987349e-02
9.0300185e+00,2.9553829e+00,1.6228817e-02
7.7673231e+00,2.9556788e+00,2.0507882e-02
7.5613271e+00,2.9558965e+00,8.4853967e-03
8.8603847e+00,2.9574634e+00,1.6508098e-02
9.7239690e+00,2.9616113e+00,1.5253605e-02
6.8654899e+00,2.9626035e+00,2.7586215e-02
8.1250000e+00,2.9636598e+00,1.2991574e-02
6.2251221e+00,2.9770032e+00,2.4127063e-02
4.1502279e+00,2.9790646e+00,2.7691440e-02
4.3748335e+00,2.9795771e+00,4.7624734e-02
6.9570068e+00,2.9802809e+00,2.6660323e-02
7.1330705e+00,2.9918561e+00,2.6867053e-02
6.0447265e+00,2.9922791e+00,2.1148230e-02
6.2992397e+00,2.9926137e+00,3.4209219e-02
6.7771226e+00,2.9928624e+00,2.7763874e-02
5.9021223e+00,3.0000742e+00,1.7865480e-02
7.4188847e+00,3.0012350e+00,2.0632501e-02
7.3406704e+00,3.0039308e+00,2.5287842e-02
4.2170720e+00,3.0040122e+00,3.2577897e-02
7.2003379e+00,3.0046124e+00,2.6942916e-02
6.4538536e+00,3.0071407e+00,2.8969496e-02
3.9982724e+00,3.0118952e+00,1.4400604e-02
3.6000290e+00,3.0195212e+00,1.5882197e-02
3.7987864e+00,3.0200471e+00,8.8162157e-03
6.5557215e+00,3.0210132e+00,2.9582268e-02
2.5375000e+00,3.0302199e+00,7.9343594e-03
9.2310167e-02,3.0328285e+00,4.6392622e-03
2.8909380e+00,3.0329112e+00,1.0901723e-02
1.8373157e+00,3.0354577e+00,6.5377553e-03
5.2500000e+00,3.0356592e+00,1.0822384e-02
4.5747093e+00,3.0361279e+00,4.4444446e-03
6.1250000e-01,3.0363449e+00,6.7090638e-03
5.9760153e+00,3.0369892e+00,1.9271554e-02
1.1286012e+00,3.0400243e+00,7.0335020e-03
1.5036241e+00,3.0401067e+00,8.6517684e-03
2.7516060e-01,3.0405931e+00,5.0115059e-03
5.7738512e+00,3.0407884e+00,1.9234839e-02
2.0303430e+00,3.0418012e+00,8.3662336e-03
3.0481582e+00,3.0429375e+00,1.2000227e-02
3.2498000e+00,3.0439103e+00,1.1003877e-02
2.1986705e+00,3.0440174e+00,8.9974004e-03
2.6987177e+00,3.0449960e+00,1.1320102e-02
4.9217444e+00,3.0455019e+00,1.0816892e-02
5.5988688e+00,3.0455400e+00,1.7435763e-02
6.9892755e+00,3.0484314e+00,2.6470441e-02
4.0853996e+00,3.0489403e+00,1.7894865e-02
4.7246313e+00,3.0490044e+00,1.3469040e-02
2.3625000e+00,3.0501054e+00,1.0174916e-02
5.0833333e+00,3.0516426e+00,1.1862561e-02
3.4125000e+00,3.0535813e+00,1.2756299e-02
1.6786385e+00,3.0536881e+00,6.6039791e-03
9.5243596e-01,3.0553626e+00,7.3053721e-03
7.7237691e-01,3.0557833e+00,7.3826166e-03
4.3287336e-01,3.0559381e+00,6.9599392e-03
1.2868525e+00,3.0568601e+00,7.3818071e-03
6.1921293e+00,3.0585713e+00,2.4285911e-02
3.9009369e+00,3.0589670e+00,1.1564944e-02
5.4213292e+00,3.0595490e+00,2.1391326e-02
3.7002559e+00,3.0600738e+00,9.7708380e-03
7.0841872e+00,3.0618477e+00,2.6972194e-02
6.1161376e+00,3.0630968e+00,1.8439364e-02
5.8662438e+00,3.0644221e+00,1.8439428e-02
4.4139573e+00,3.0734405e+00,4.3831318e-02
2.6112177e+00,3.0752159e+00,9.3138174e-03
2.9640962e+00,3.0758488e+00,1.1998412e-02
6.7639224e+00,3.0773787e+00,2.8712491e-02
7.2296837e+00,3.0775718e+00,2.5371833e-02
2.4500000e+00,3.0803253e+00,9.4475910e-03
7.3028175e+00,3.0803385e+00,2.6882697e-02
6.3404874e+00,3.0812742e+00,2.9577684e-02
3.5082205e+00,3.0837906e+00,1.3242333e-02
4.6326740e+00,3.0851324e+00,1.4672550e-02
2.1290135e+00,3.0858186e+00,8.9920396e-03
6.4117175e+00,3.0865487e+00,3.0572363e-02
5.1666667e+00,3.0873017e+00,1.6574560e-02
7.4590914e+00,3.0873468e+00,1.4860173e-02
3.3976834e-02,3.0883840e+00,4.9630364e-03
1.7659542e+00,3.0891458e+00,6.3123188e-03
5.7122778e+00,3.0902961e+00,1.7836234e-02
4.5020379e+00,3.0911400e+00,4.6873379e-02
6.8487691e-01,3.0921282e+00,6.8862272e-03
5.2037336e-01,3.0922830e+00,7.1056067e-03
1.6072626e+00,3.0937948e+00,7.6624900e-03
2.8343936e+00,3.0940270e+00,1.0942680e-02
2.2861705e+00,3.0941228e+00,1.0043463e-02
6.5901717e+00,3.0942157e+00,2.7094667e-02
5.3379958e+00,3.0952082e+00,1.3560485e-02
1.5447818e-01,3.0952576e+00,5.7246492e-03
1.0310371e+00,3.0953869e+00,7.3832556e-03
1.4513027e+00,3.0955705e+00,7.8271289e-03
3.5803396e-01,3.0965312e+00,6.3158723e-03
1.9040384e+00,3.0968557e+00,8.2519306e-03
1.1904537e+00,3.0968844e+00,6.9656367e-03
5.0050777e+00,3.0971445e+00,1.1795094e-02
3.3373000e+00,3.0974916e+00,1.1755320e-02
2.2066194e-01,3.1030223e+00,5.7505173e-03
1.9803990e+00,3.1031992e+00,8.1896314e-03
3.1043844e+00,3.1045657e+00,1.3192825e-02
3.1893595e+00,3.1055384e+00,1.1323957e-02
2.7588399e+00,3.1061118e+00,1.2218884e-02
5.5231010e+00,3.1085035e+00,1.9073924e-02
8.4981287e-01,3.1111458e+00,7.5142021e-03
1.3511979e+00,3.1123239e+00,7.2777878e-03
6.6777351e+00,3.1138834e+00,2.8256183e-02
6.9246732e+00,3.1142130e+00,2.7502907e-02
4.8560395e+00,3.1181387e+00,1.5374506e-02
4.0910965e+00,3.1200604e+00,1.7210544e-02
4.7700376e+00,3.1216412e+00,1.3112238e-02
6.8307634e+00,3.1281075e+00,2.6972937e-02
4.2575546e+00,3.1352046e+00,3.3631656e-02
3.9120916e+00,3.1413728e+00,1.2949064e-02
7.1179570e+00,3.1453335e+00,2.6495091e-02
2.5873775e+00,3.1470958e+00,1.1520414e-02
7.1961862e+00,3.1483012e+00,2.5805758e-02
5.9809889e+00,3.1517554e+00,3.5664828e-02
2.4844931e+00,3.1522052e+00,1.1429387e-02
3.7131828e+00,3.1534036e+00,1.1839765e-02
7.3272264e+00,3.1549524e+00,2.4043520e-02
6.2363596e+00,3.1568060e+00,3.0002929e-02
5.9127152e+00,3.1601499e+00,1.6218827e-02
3.5353177e+00,3.1609522e+00,1.3808819e-02
2.9635423e+00,3.1615286e+00,1.1814293e-02
4.3507273e+00,3.1629889e+00,4.0048357e-02
6.3106000e+00,3.1638984e+00,2.9588797e-02
7.4052861e+00,3.1646565e+00,2.4151425e-02
4.0151239e+00,3.1654211e+00,1.5620723e-02
2.1381971e+00,3.1657646e+00,1.1084711e-02
5.1944444e+00,3.1681624e+00,1.3511352e-02
6.2369571e-02,3.1717173e+00,4.8010115e-03
4.6065712e+00,3.1740656e+00,1.6866215e-02
6.4786263e-01,3.1744084e+00,6.9579009e-03
5.4169242e-01,3.1745633e+00,6.9078639e-03
1.6045436e+00,3.1747927e+00,7.9118485e-03
5.3102181e+00,3.1760689e+00,1.4033509e-02
1.5069171e+00,3.1765684e+00,7.8094158e-03
2.2783328e+00,3.1784196e+00,1.2620026e-02
1.2453759e-01,3.1785910e+00,6.0066572e-03
1.0428461e+00,3.1794701e+00,6.8954985e-03
2.8921730e+00,3.1797068e+00,1.1624642e-02
4.5314907e+00,3.1800733e+00,3.3526989e-02
6.1231332e+00,3.1805653e+00,3.2374578e-02
1.1439294e+00,3.1809676e+00,6.8812775e-03
4.1964073e+00,3.1813770e+00,2.4393224e-02
6.5530536e+00,3.1823770e+00,2.7339268e-02
2.0479160e+00,3.1831451e+00,1.1760595e-02
6.9474852e+00,3.1865296e+00,2.7084718e-02
6.4764673e+00,3.1885826e+00,2.8110151e-02
1.7838054e+00,3.1886446e+00,8.1293550e-03
3.6400531e+00,3.1900126e+00,1.2767360e-02
3.0454972e+00,3.1902455e+00,1.2078407e-02
3.8228679e+00,3.1957827e+00,1.0332410e-02
1.8635562e+00,3.1963545e+00,9.1082439e-03
7.2564232e+00,3.1965864e+00,2.2807964e-02
3.3253185e+00,3.1972537e+00,1.2066680e-02
5.7426541e+00,3.1990331e+00,1.7273429e-02
5.0058222e+00,3.2008232e+00,1.4507204e-02
3.4807172e-01,3.2028764e+00,7.1689989e-03
3.2357113e+00,3.2053005e+00,1.1794262e-02
2.2000164e+00,3.2082601e+00,1.2716216e-02
2.6903304e-01,3.2093675e+00,6.9864668e-03
7.0856152e+00,3.2100364e+00,2.6960731e-02
8.3658818e-01,3.2153436e+00,7.2477370e-03
1.3289792e+00,3.2159064e+00,6.5690215e-03
6.1994370e+00,3.2179474e+00,3.3464788e-02
5.5385662e+00,3.2189637e+00,1.8609773e-02
4.9123395e+00,3.2218174e+00,1.4662711e-02
6.6975520e+00,3.2235347e+00,2.7742474e-02
2.7370822e+00,3.2236536e+00,1.2455313e-02
5.8840193e+00,3.2240643e+00,1.3926555e-02
6.0566958e+00,3.2245138e+00,2.9503858e-02
7.0111851e+00,3.2245361e+00,2.7414075e-02
2.6130344e+00,3.2246558e+00,1.3187586e-02
2.4644504e+00,3.2264999e+00,1.3201369e-02
6.7826093e+00,3.2271427e+00,2.7073577e-02
6.3449076e+00,3.2303143e+00,2.8183341e-02
5.8127869e+00,3.2342121e+00,1.3063087e-02
6.8112050e-01,3.2344064e+00,7.0610497e-03
5.1565448e+00,3.2370604e+00,1.6528423e-02
4.7282305e+00,3.2390574e+00,1.5937484e-02
3.4814433e+00,3.2412795e+00,1.2249371e-02
2.3225990e+00,3.2424114e+00,1.3177075e-02
7.4461947e+00,3.2439764e+00,3.9431421e-02
1.1742851e+00,3.2453923e+00,6.9507540e-03
4.4961072e+00,3.2466673e+00,3.8344026e-02
4.4034244e+00,3.2472825e+00,4.0593812e-02
6.4395448e+00,3.2497240e+00,2.8533135e-02
2.8392737e-02,3.2500000e+00,5.8439856e-03
5.3538891e+00,3.2551899e+00,1.8353455e-02
4.6567215e+00,3.2553539e+00,2.2276907e-02
2.8804233e+00,3.2555063e+00,1.1957121e-02
2.0114038e+00,3.2558399e+00,1.3120183e-02
7.6324342e-01,3.2563238e+00,6.7901442e-03
1.6465955e+00,3.2578736e+00,8.4664390e-03
4.2000033e+00,3.2581261e+00,2.3445348e-02
6.8466661e+00,3.2582892e+00,2.7005675e-02
5.0739559e+00,3.2598784e+00,1.5000578e-02
6.6337076e+00,3.2599098e+00,2.7853529e-02
4.9664035e-01,3.2608432e+00,6.9038291e-03
1.4413449e-01,3.2612526e+00,6.0713868e-03
2.3978939e+00,3.2626292e+00,1.3523943e-02
4.0169981e+00,3.2630395e+00,1.4802202e-02
1.4912967e+00,3.2632517e+00,7.4502488e-03
3.0830706e+00,3.2636571e+00,1.2758739e-02
3.3840312e+00,3.2638800e+00,1.2285518e-02
5.6447102e+00,3.2647371e+00,2.2217941e-02
1.2569241e+00,3.2648916e+00,6.9690752e-03
1.0022345e+00,3.2657202e+00,6.7742947e-03
3.8485096e+00,3.2658544e+00,1.2483819e-02
2.6734503e+00,3.2703177e+00,1.3152295e-02
1.9034047e+00,3.2753928e+00,1.2859598e-02
1.7254990e+00,3.2763745e+00,8.6928299e-03
3.1883096e+00,3.2777394e+00,1.2547159e-02
3.6438989e+00,3.2812522e+00,1.3303966e-02
7.2648379e+00,3.2838779e+00,2.3829820e-02
2.5484407e+00,3.2841744e+00,1.3569603e-02
2.2244618e-01,3.2842645e+00,6.5080371e-03
5.4526876e+00,3.2847894e+00,1.7002472e-02
4.0702573e-01,3.2849081e+00,6.6930519e-03
9.1886748e-01,3.2858348e+00,7.0925197e-03
1.4134637e+00,3.2858364e+00,6.7858381e-03
2.8008862e+00,3.2873683e+00,1.2410833e-02
4.0965666e+00,3.2944280e+00,1.6603268e-02
7.1145824e+00,3.2962493e+00,2.5271636e-02
4.8863601e+00,3.2991499e+00,1.7481648e-02
2.1967352e+00,3.3015712e+00,1.5657052e-02
6.4081389e-01,3.3036496e+00,7.2388382e-03
5.8926988e+00,3.3037292e+00,1.8579103e-02
6.2638591e+00,3.3043152e+00,2.8351941e-02
5.2139050e+00,3.3090280e+00,1.9050618e-02
3.9396075e+00,3.3090629e+00,1.3308615e-02
3.5518428e+00,3.3091470e+00,1.2568539e-02
6.3350892e+00,3.3095897e+00,2.8376793e-02
8.1966474e-02,3.3099345e+00,6.0880865e-03
4.7882530e+00,3.3128874e+00,2.0150768e-02
5.8214664e+00,3.3138770e+00,1.8840782e-02
1.0920888e+00,3.3148067e+00,6.5102412e-03
6.9742269e+00,3.3170957e+00,2.5935375e-02
5.2954757e+00,3.3192510e+00,1.6634368e-02
3.7883496e+00,3.3233508e+00,1.3119179e-02
2.9367201e+00,3.3256339e+00,1.1522964e-02
7.4161558e+00,3.3256692e+00,2.0270372e-02
6.4891198e+00,3.3278392e+00,2.8611226e-02
2.2721549e+00,3.3296345e+00,1.4275845e-02
5.6250396e-01,3.3299315e+00,6.9105305e-03
1.5726273e+00,3.3309755e+00,7.6900442e-03
3.0265967e+00,3.3332724e+00,1.1844388e-02
3.7037138e+00,3.3341755e+00,1.3028130e-02
4.3776195e+00,3.3345474e+00,3.8871396e-02
7.1913215e+00,3.3356648e+00,2.3595078e-02
6.8635029e+00,3.3380116e+00,2.6724941e-02
6.0574084e+00,3.3418020e+00,2.6229028e-02
4.2297392e+00,3.3428540e+00,2.2841666e-02
6.6066963e+00,3.3442306e+00,2.7798531e-02
7.3465108e+00,3.3477010e+00,2.0458246e-02
7.6098353e-01,3.3478217e+00,6.0737479e-03
4.5242616e+00,3.3506996e+00,3.9717358e-02
2.0459641e+00,3.3510177e+00,1.3583021e-02
2.5435430e+00,3.3527189e+00,1.2021498e-02
1.2562535e+00,3.3550230e+00,6.4433746e-03
5.0788294e+00,3.3556242e+00,1.8240303e-02
7.0330471e+00,3.3582675e+00,2.5049419e-02
3.3787416e+00,3.3637645e+00,1.4424218e-02
4.6097954e+00,3.3653939e+00,4.6183710e-02
2.6293280e+00,3.3657462e+00,1.2434605e-02
6.8961185e-01,3.3686505e+00,6.6202617e-03
2.4079528e+00,3.3707394e+00,1.1649351e-02
6.4216168e+00,3.3722795e+00,2.9360885e-02
5.9587450e+00,3.3732455e+00,2.7644514e-02
2.1308558e+00,3.3738502e+00,1.5728184e-02
5.1632229e+00,3.3755557e+00,2.4252148e-02
1.8930187e+00,3.3777523e+00,1.3436554e-02
4.2935109e+00,3.3811541e+00,2.2355939e-02
3.2276949e+00,3.3816973e+00,1.3879723e-02
5.6457674e+00,3.3823909e+00,2.3639407e-02
6.2540583e+00,3.3833529e+00,2.7747472e-02
2.8231849e+00,3.3878316e+00,1.2664205e-02
1.7493859e+00,3.3883162e+00,8.8966501e-03
2.3062037e-01,3.3883953e+00,6.5118499e-03
3.5366507e+00,3.3895048e+00,1.4201103e-02
4.0850368e+00,3.3903041e+00,1.6215749e-02
5.4573846e+00,3.3910734e+00,1.7854101e-02
4.9339523e+00,3.3926527e+00,2.3766707e-02
5.3573737e-02,3.3932679e+00,6.5953024e-03
5.8169228e+00,3.3964101e+00,2.4664032e-02
1.4029395e+00,3.3971823e+00,5.9127622e-03
9.0393342e-01,3.3976130e+00,7.0170857e-03
6.1513330e+00,3.3994089e+00,2.7662865e-02
3.9819191e-01,3.3995190e+00,6.7599513e-03
1.0913909e+00,3.3997122e+00,6.4518297e-03
2.9030282e+00,3.4015332e+00,1.1738598e-02
2.4696116e+00,3.4031547e+00,1.1107800e-02
2.3192181e+00,3.4035534e+00,1.1115618e-02
4.4518880e+00,3.4040434e+00,3.9234750e-02
4.7706246e+00,3.4045985e+00,3.0085793e-02
5.2954757e+00,3.4047499e+00,2.2506210e-02
3.9052251e+00,3.4092610e+00,1.2731430e-02
3.8254706e+00,3.4134955e+00,1.3894542e-02
3.0563172e+00,3.4136342e+00,1.2277010e-02
4.1513653e+00,3.4137825e+00,1.6349561e-02
5.6062935e-01,3.4149082e+00,6.6723919e-03
7.4699611e+00,3.4150261e+00,2.2020944e-02
5.0152831e+00,3.4172066e+00,2.2450966e-02
1.3177845e+00,3.4173837e+00,6.3388264e-03
8.1939423e-01,3.4186197e+00,6.2216903e-03
6.6295961e+00,3.4187735e+00,2.6454173e-02
3.3158404e+00,3.4188139e+00,1.4039186e-02
1.5781241e+00,3.4189754e+00,6.9634218e-03
6.8227650e+00,3.4198423e+00,2.7559538e-02
1.1729166e+00,3.4204291e+00,6.9731986e-03
3.4609616e+00,3.4215217e+00,1.4163408e-02
1.8350467e+00,3.4288861e+00,1.4811323e-02
3.6918232e+00,3.4343495e+00,1.4305738e-02
7.1906192e+00,3.4346628e+00,2.6188842e-02
1.9764505e+00,3.4348294e+00,1.4217203e-02
5.2011225e+00,3.4373581e+00,3.0932830e-02
7.0152869e+00,3.4382133e+00,2.5695050e-02
5.7421078e+00,3.4385974e+00,2.4616436e-02
6.4663176e-01,3.4395646e+00,7.0472540e-03
6.4421348e+00,3.4406942e+00,2.8493618e-02
4.6636759e+00,3.4408085e+00,3.7043243e-02
5.5443204e+00,3.4429016e+00,2.0371618e-02
2.6562372e+00,3.4431574e+00,1.2506031e-02
3.0941952e-01,3.4434542e+00,6.2371810e-03
7.3540772e+00,3.4440135e+00,2.5477926e-02
5.3585861e+00,3.4469728e+00,1.9438433e-02
3.1521764e+00,3.4479769e+00,1.2325831e-02
1.2391594e-01,3.4487168e+00,6.7125703e-03
6.7248688e+00,3.4520953e+00,2.8010884e-02
4.8498746e+00,3.4533218e+00,3.1170998e-02
5.9548454e+00,3.4559136e+00,2.9317277e-02
6.3458064e+00,3.4570420e+00,2.8385570e-02
1.6759792e+00,3.4578152e+00,7.9908547e-03
2.9696731e+00,3.4588641e+00,1.1603773e-02
4.8593193e-01,3.4604307e+00,6.3254740e-03
3.6168161e+00,3.4617839e+00,1.6905691e-02
9.8660255e-01,3.4624039e+00,6.7123797e-03
1.4862693e+00,3.4625975e+00,6.1677870e-03
2.7673959e+00,3.4643120e+00,1.3967271e-02
5.8842556e+00,3.4689304e+00,2.7959417e-02
6.5325375e+00,3.4707967e+00,2.6957031e-02
7.0961198e+00,3.4751931e+00,2.4587249e-02
4.0182651e+00,3.4753010e+00,1.3124505e-02
7.4237222e+00,3.4775372e+00,2.7856667e-02
6.9157287e+00,3.4788721e+00,2.4945603e-02
7.2717021e+00,3.4791884e+00,2.2845194e-02
6.1461981e+00,3.4843856e+00,2.9080929e-02
2.2910038e+00,3.4852808e+00,1.0913565e-02
3.7632802e+00,3.4856870e+00,1.3754820e-02
3.9392256e+00,3.4876104e+00,1.3541147e-02
4.3068737e+00,3.4899585e+00,2.3001394e-02
2.1311675e+00,3.4908847e+00,1.4253368e-02
4.4182505e+00,3.4996743e+00,3.2684653e-02
5.0338368e+00,3.5028567e+00,2.4397934e-02
5.1352827e+00,3.5030767e+00,2.6652346e-02
1.3033852e+00,3.5057100e+00,6.1415495e-03
8.0428892e-01,3.5059288e+00,5.8787520e-03
2.4771543e+00,3.5065568e+00,9.3328894e-03
6.0483739e+00,3.5094468e+00,2.9595589e-02
4.1569253e+00,3.5104444e+00,1.7115965e-02
3.4618470e+00,3.5152213e+00,1.6072896e-02
4.6391797e+00,3.5175064e+00,3.5416065e-02
6.3170557e+00,3.5195879e+00,2.8616160e-02
3.3705534e+00,3.5232880e+00,1.6854727e-02
2.2029401e+00,3.5240455e+00,1.2036001e-02
6.6670181e-01,3.5244757e+00,7.4462865e-03
1.9838585e+00,3.5250256e+00,1.4211824e-02
1.1664710e+00,3.5272287e+00,6.8329467e-03
6.2201728e+00,3.5308754e+00,2.9065416e-02
5.7385885e+00,3.5332309e+00,2.6106418e-02
2.5779948e+00,3.5335323e+00,1.0077627e-02
9.9055872e+00,3.5348890e+00,1.0124515e-02
8.8392857e+00,3.5349611e+00,1.4897697e-02
7.9464286e+00,3.5356382e+00,1.4218945e-02
2.9640577e+00,3.5374924e+00,1.1474234e-02
9.7230745e+00,3.5377553e+00,1.5330253e-02
9.3813202e+00,3.5391169e+00,1.3515939e-02
4.8466373e+00,3.5391859e+00,3.6137735e-02
3.1620323e+00,3.5402384e+00,1.3647145e-02
9.1806500e+00,3.5413098e+00,1.4970850e-02
3.6017932e+00,3.5418986e+00,1.4584797e-02
8.4976763e+00,3.5430344e+00,1.5448928e-02
5.3644955e+00,3.5444404e+00,2.5562157e-02
8.2979015e+00,3.5454938e+00,1.5787177e-02
2.7939147e+00,3.5456124e+00,1.4099811e-02
1.6830106e+00,3.5458831e+00,8.0467958e-03
1.4846397e+00,3.5470630e+00,5.5909706e-03
9.8467549e-01,3.5473780e+00,6.5083131e-03
7.5929694e+00,3.5475770e+00,8.0314346e-03
4.2486620e+00,3.5483203e+00,2.0660575e-02
7.3559403e-01,3.5487256e+00,6.8378339e-03
4.0837993e+00,3.5500894e+00,1.5986636e-02
1.2354087e+00,3.5501489e+00,5.7284717e-03
7.2607773e+00,3.5514136e+00,2.4023359e-02
1.2379517e-01,3.5515253e+00,6.6020857e-03
4.5596359e+00,3.5529766e+00,3.1052509e-02
8.6607143e+00,3.5539551e+00,1.6022257e-02
4.8406167e-01,3.5540518e+00,6.3831057e-03
5.5430040e+00,3.5544314e+00,2.7356096e-02
6.5327986e+00,3.5551489e+00,2.6049299e-02
2.3872812e+00,3.5558689e+00,1.0930562e-02
9.5655884e+00,3.5571504e+00,1.4801057e-02
4.4649609e+00,3.5572154e+00,3.2168154e-02
2.0536837e+00,3.5582485e+00,1.3534434e-02
1.8453697e+00,3.5592231e+00,1.4832326e-02
6.9106648e+00,3.5599613e+00,2.3826410e-02
7.0917966e+00,3.5601082e+00,2.3253433e-02
6.7214026e+00,3.5602714e+00,2.5454537e-02
7.7646611e+00,3.5607012e+00,1.6387662e-02
5.9110427e+00,3.5624676e+00,2.8741327e-02
8.1305305e+00,3.5632408e+00,1.7327695e-02
3.5225131e+00,3.5633191e+00,1.8631752e-02
3.0905483e-01,3.5641026e+00,6.3551295e-03
9.0244367e+00,3.5641298e+00,1.6216810e-02
8.8690105e-01,3.5698962e+00,6.3227888e-03
1.3869107e+00,3.5699741e+00,6.1432865e-03
2.8813188e+00,3.5702929e+00,1.2805324e-02
5.1572497e+00,3.5712812e+00,2.9613036e-02
9.8072331e+00,3.5726444e+00,1.1699106e-02
6.0781313e+00,3.5747679e+00,2.8763241e-02
3.7821260e+00,3.5777834e+00,1.3836868e-02
7.4388899e+00,3.5792131e+00,3.0973333e-02
3.8783168e+00,3.5839414e+00,1.3271747e-02
5.0004168e+00,3.5845057e+00,3.2459251e-02
3.0605577e+00,3.5845241e+00,1.2592624e-02
5.8401907e+00,3.5845808e+00,2.9584028e-02
4.7026913e+00,3.5849438e+00,3.5029921e-02
5.6409318e+00,3.5885543e+00,2.7023783e-02
8.7500000e+00,3.5889161e+00,1.6064946e-02
1.0830182e+00,3.5914858e+00,6.6180807e-03
1.5835257e+00,3.5915088e+00,5.4500338e-03
7.1753712e+00,3.5918031e+00,2.0816169e-02
5.7882914e-01,3.5934404e+00,6.4867641e-03
5.2708654e+00,3.5942002e+00,2.8295388e-02
9.9651110e+00,3.5944128e+00,9.3972855e-03
9.6458057e+00,3.5949057e+00,1.4238255e-02
9.4826229e+00,3.5962673e+00,1.4010528e-02
7.8539468e+00,3.5963393e+00,1.8566961e-02
8.5869620e+00,3.5969895e+00,1.5291072e-02
6.1841398e+00,3.5970649e+00,2.8693992e-02
9.3164627e+00,3.5973221e+00,1.4893283e-02
1.9107497e+00,3.5982855e+00,1.5643257e-02
8.0412447e+00,3.5988790e+00,1.4589390e-02
8.9351510e+00,3.5990908e+00,1.4794389e-02
9.2348400e+00,3.5995150e+00,1.4407223e-02
4.7726334e+00,3.5995281e+00,3.2481283e-02
3.3417340e+00,3.5998714e+00,1.3963041e-02
5.4619777e+00,3.6000708e+00,2.8145694e-02
4.9292019e+00,3.6038754e+00,3.5865609e-02
7.0058997e+00,3.6042175e+00,2.1131661e-02
3.2445900e+00,3.6042460e+00,1.5214105e-02
6.3547745e+00,3.6048604e+00,2.8109698e-02
9.0979439e+00,3.6054396e+00,1.6618615e-02
1.7667403e+00,3.6067210e+00,1.0280971e-02
5.3452963e-02,3.6071875e+00,5.7363260e-03
7.6790591e+00,3.6082782e+00,1.5510526e-02
8.2141463e+00,3.6087347e+00,1.7015842e-02
6.8142349e+00,3.6091076e+00,2.3075326e-02
3.6522071e+00,3.6108212e+00,1.3150470e-02
6.6263910e+00,3.6113017e+00,2.4141789e-02
2.3013491e-01,3.6118522e+00,6.4061557e-03
8.4475807e+00,3.6137809e+00,1.7234034e-02
3.9595697e-01,3.6137885e+00,6.2350876e-03
6.0113899e+00,3.6147719e+00,2.9139275e-02
8.3668536e+00,3.6162403e+00,1.5795458e-02
7.3583202e+00,3.6179146e+00,2.0077505e-02
7.5185744e+00,3.6198345e+00,3.4959041e-02
2.7181180e+00,3.6242064e+00,1.3545950e-02
6.4431796e+00,3.6255065e+00,2.7740577e-02
4.0905813e+00,3.6289601e+00,1.5440655e-02
7.6761489e-01,3.6311533e+00,6.4145793e-03
3.7317552e+00,3.6314389e+00,1.5513255e-02
8.6820369e-01,3.6324643e+00,6.7460973e-03
1.2686678e+00,3.6331924e+00,6.0935187e-03
1.3691972e+00,3.6331993e+00,6.1231746e-03
2.6133569e+00,3.6332809e+00,1.2476624e-02
4.4367287e+00,3.6336924e+00,3.2003123e-02
5.0731477e+00,3.6339590e+00,3.0371596e-02
4.5805787e+00,3.6350115e+00,3.1525886e-02
2.3749110e+00,3.6374170e+00,1.2075046e-02
9.8016676e+00,3.6377337e+00,1.3746255e-02
3.9131403e+00,3.6406855e+00,1.5536635e-02
4.2597974e+00,3.6420839e+00,2.0890774e-02
2.2080357e+00,3.6435087e+00,1.1933067e-02
2.0670353e+00,3.6446816e+00,1.2815844e-02
3.5326468e+00,3.6490523e+00,1.3618134e-02
2.8630028e+00,3.6495207e+00,1.3545899e-02
4.0058938e+00,3.6578518e+00,1.3630153e-02
4.6513393e+00,3.6616752e+00,3.1643037e-02
5.8199263e+00,3.6626636e+00,2.9350411e-02
8.7797619e+00,3.6697907e+00,1.5346648e-02
3.0620783e+00,3.6708018e+00,1.3436172e-02
3.6105677e+00,3.6712581e+00,1.2680139e-02
7.1890518e+00,3.6726430e+00,2.0231025e-02
1.0830182e+00,3.6760057e+00,6.4460702e-03
1.5835257e+00,3.6760242e+00,4.5557961e-03
4.5185773e+00,3.6764189e+00,3.2901529e-02
5.2882849e+00,3.6769007e+00,3.1315299e-02
7.8837087e+00,3.6784086e+00,1.5485581e-02
5.7882914e-01,3.6788016e+00,6.4793502e-03
6.2093481e+00,3.6793274e+00,2.8277323e-02
9.4705643e+00,3.6795437e+00,1.5325978e-02
2.7588235e+00,3.6798222e+00,1.3840777e-02
8.9053891e+00,3.6799654e+00,1.5297885e-02
9.3639278e+00,3.6805986e+00,1.5314085e-02
8.0114828e+00,3.6809483e+00,1.4897823e-02
4.1748427e+00,3.6830786e+00,1.7853304e-02
2.2837292e+00,3.6862921e+00,1.2963896e-02
5.6373020e+00,3.6866043e+00,3.0362102e-02
9.9297440e+00,3.6898858e+00,1.1637807e-02
8.1930035e-02,3.6905208e+00,5.8184948e-03
7.0190854e+00,3.6926224e+00,1.9683332e-02
9.8646547e+00,3.6954513e+00,1.3949126e-02
4.7906048e+00,3.6965399e+00,3.1551050e-02
7.3488297e+00,3.6966611e+00,1.8401716e-02
2.1496147e+00,3.6967811e+00,1.2781838e-02
6.2830998e+00,3.6984104e+00,2.7677792e-02
4.8819526e+00,3.6990955e+00,3.2370173e-02
4.3793677e+00,3.7029478e+00,2.1046800e-02
9.6535710e+00,3.7061881e+00,1.3961171e-02
6.6030011e+00,3.7066909e+00,2.2039212e-02
6.8259507e+00,3.7080405e+00,1.9448845e-02
8.5952988e+00,3.7087190e+00,1.5417004e-02
2.9039615e+00,3.7093631e+00,1.3574834e-02
5.7146943e+00,3.7093636e+00,2.9806595e-02
5.4679204e+00,3.7094152e+00,3.1092939e-02
9.2025367e+00,3.7095752e+00,1.5952029e-02
4.3073585e+00,3.7105185e+00,1.8901916e-02
6.0511263e+00,3.7105949e+00,2.8490130e-02
7.2649675e+00,3.7110000e+00,1.7391559e-02
1.9197114e+00,3.7110256e+00,1.5414576e-02
3.3942029e+00,3.7116522e+00,1.3481242e-02
9.7252742e+00,3.7141271e+00,1.5159891e-02
9.1251643e+00,3.7154998e+00,1.5877611e-02
2.2194066e-01,3.7164776e+00,6.3323971e-03
5.0973699e+00,3.7164924e+00,3.2044117e-02
3.2303314e+00,3.7167675e+00,1.3832158e-02
7.5112286e-01,3.7196649e+00,6.1802543e-03
2.9872106e+00,3.7208757e+00,1.3035901e-02
1.2521359e+00,3.7213013e+00,6.2241872e-03
7.6657500e+00,3.7218978e+00,8.2094035e-03
3.7421856e+00,3.7219069e+00,1.5236314e-02
6.4828132e+00,3.7219255e+00,2.2242115e-02
4.0247298e-01,3.7220495e+00,6.2353101e-03
9.1042258e-01,3.7223050e+00,6.5435493e-03
1.7558814e+00,3.7225686e+00,8.2873658e-03
1.4113707e+00,3.7229738e+00,5.8826058e-03
2.4229646e+00,3.7235082e+00,1.3108756e-02
3.8978070e+00,3.7235349e+00,1.3707083e-02
2.0061719e+00,3.7241988e+00,1.5832846e-02
5.8749469e+00,3.7247106e+00,2.9832625e-02
3.4795173e+00,3.7248555e+00,1.3770561e-02
8.5154413e+00,3.7255104e+00,1.5710510e-02
8.2296701e+00,3.7268033e+00,1.5989288e-02
7.1186629e+00,3.7293529e+00,2.0103438e-02
2.5594461e+00,3.7321421e+00,1.2130199e-02
7.5647891e+00,3.7334542e+00,2.3091384e-02
8.3228536e+00,3.7343090e+00,1.6004217e-02
5.3878578e+00,3.7364853e+00,3.1892971e-02
5.1988915e+00,3.7365151e+00,3.1349342e-02
3.1492944e+00,3.7390376e+00,1.4534700e-02
1.4407799e-01,3.7394840e+00,5.7080816e-03
3.9905604e+00,3.7407012e+00,1.1975105e-02
9.3364896e+00,3.7413159e+00,1.5842471e-02
6.6842943e-01,3.7425742e+00,6.3168280e-03
3.6584665e+00,3.7429782e+00,1.4561815e-02
8.7444830e+00,3.7447623e+00,1.5461582e-02
1.1688059e+00,3.7447748e+00,6.3026879e-03
9.9439581e-01,3.7461047e+00,6.4553524e-03
1.6721517e+00,3.7462461e+00,3.9043748e-03
1.4947074e+00,3.7464520e+00,5.4849604e-03
6.9355663e+00,3.7472992e+00,1.7840930e-02
4.9057768e-01,3.7476741e+00,6.2066733e-03
2.8477072e-02,3.7500000e+00,5.0014977e-03
6.1430759e+00,3.7528534e+00,2.8589735e-02
5.9735036e+00,3.7536268e+00,2.9307564e-02
4.6629134e+00,3.7538556e+00,3.0072988e-02
8.9486571e+00,3.7578374e+00,1.6087011e-02
2.7306651e+00,3.7603333e+00,1.4714883e-02
4.5134286e+00,3.7605142e+00,2.9539251e-02
5.5453169e+00,3.7618257e+00,3.1116834e-02
9.5129716e+00,3.7622124e+00,1.5428170e-02
4.1708073e+00,3.7666385e+00,1.8953217e-02
7.8405825e+00,3.7671859e+00,1.4914925e-02
8.0562977e+00,3.7674767e+00,1.5926608e-02
2.4822645e+00,3.7677967e+00,1.3343201e-02
9.2567211e+00,3.7680996e+00,1.6187516e-02
6.6483805e+00,3.7689364e+00,1.9032812e-02
4.9183195e+00,3.7705987e+00,3.1758682e-02
9.9646331e+00,3.7740444e+00,7.9428794e-03
4.7322368e+00,3.7741359e+00,3.0233770e-02
6.7477494e+00,3.7745393e+00,1.8069289e-02
8.6635341e+00,3.7756173e+00,1.5469317e-02
5.0272018e+00,3.7811013e+00,3.1726442e-02
7.4153044e+00,3.7835228e+00,2.0014933e-02
3.3161576e+00,3.7855235e+00,1.3342651e-02
9.0651633e+00,3.7870230e+00,1.6081501e-02
6.3082693e+00,3.7873433e+00,2.3968875e-02
1.8434726e+00,3.7878107e+00,1.1436015e-02
4.4278758e+00,3.7885083e+00,2.1416741e-02
9.5923193e+00,3.7902184e+00,1.5717936e-02
3.8601107e+00,3.7904154e+00,1.4102587e-02
2.6724699e-01,3.7908819e+00,6.2692353e-03
8.2953807e-01,3.7910749e+00,6.1982315e-03
2.2956585e+00,3.7915238e+00,1.3453566e-02
1.3301802e+00,3.7917360e+00,5.9840725e-03
3.7896836e+00,3.7918761e+00,1.4243709e-02
9.8427165e+00,3.7927236e+00,1.3029094e-02
2.8742380e+00,3.7954282e+00,1.4520323e-02
8.4697537e+00,3.7959570e+00,1.5761217e-02
4.2520578e+00,3.7963642e+00,1.6700612e-02
5.8297283e+00,3.7972326e+00,2.9709242e-02
2.1516242e+00,3.7980864e+00,1.4615545e-02
3.4398793e-01,3.7985066e+00,5.7364699e-03
7.7379877e+00,3.7987362e+00,1.4381574e-02
7.2781532e+00,3.7994049e+00,2.0799052e-02
5.7388419e+00,3.7998879e+00,2.9771494e-02
4.0276520e+00,3.8009781e+00,1.9022827e-02
6.4682666e+00,3.8011521e+00,2.1509918e-02
8.3578931e+00,3.8022961e+00,1.6011150e-02
8.1611072e+00,3.8034760e+00,1.5811971e-02
2.6360488e+00,3.8035787e+00,1.3918222e-02
8.8472748e+00,3.8036403e+00,1.6034910e-02
3.6260645e+00,3.8062856e+00,1.4665375e-02
9.7668011e+00,3.8085331e+00,1.6027571e-02
3.0311690e+00,3.8089585e+00,1.5538400e-02
3.5250362e+00,3.8103687e+00,1.4497470e-02
2.3579496e+00,3.8105598e+00,1.3836550e-02
4.5870042e+00,3.8112872e+00,2.9385829e-02
7.5172484e+00,3.8114404e+00,2.6113401e-02
4.1112817e+00,3.8133537e+00,1.8959629e-02
5.2292291e+00,3.8135591e+00,3.0104555e-02
2.8051209e+00,3.8160969e+00,1.5409370e-02
5.3398997e+00,3.8168743e+00,3.0434245e-02
2.0581046e+00,3.8177923e+00,1.5698351e-02
9.3708313e+00,3.8199119e+00,1.6075926e-02
1.2436297e-01,3.8207808e+00,4.7542170e-03
7.1300311e+00,3.8225505e+00,2.0884632e-02
6.3976725e+00,3.8271391e+00,1.9591758e-02
6.2215018e-02,3.8273732e+00,4.9766303e-03
3.1251355e+00,3.8283813e+00,1.5588675e-02
5.2777778e-01,3.8291838e+00,6.1126426e-03
7.9917868e+00,3.8299919e+00,1.5836025e-02
6.3573353e-01,3.8303922e+00,6.1207226e-03
1.1357391e+00,3.8317802e+00,6.0211293e-03
7.9038458e+00,3.8322408e+00,1.5800236e-02
1.0277778e+00,3.8331101e+00,5.9835516e-03
1.6388889e+00,3.8332473e+00,4.9162411e-03
1.5277778e+00,3.8334532e+00,5.7911768e-03
6.9666973e+00,3.8368674e+00,1.8605203e-02
7.3627916e+00,3.8383716e+00,2.0557134e-02
9.4406769e+00,3.8418633e+00,1.6181100e-02
5.5579997e+00,3.8420152e+00,3.6096152e-02
5.9665822e+00,3.8433948e+00,2.6181721e-02
6.1672760e+00,3.8441322e+00,2.3464829e-02
6.5725166e+00,3.8461294e+00,1.9930824e-02
9.9078059e+00,3.8466819e+00,1.0336349e-02
9.2910628e+00,3.8466956e+00,1.6307883e-02
2.2219746e+00,3.8500458e+00,1.4473626e-02
2.9648951e+00,3.8525758e+00,1.5457325e-02
7.2136057e+00,3.8542454e+00,2.0457711e-02
6.2587176e+00,3.8595391e+00,2.3540592e-02
5.8801414e+00,3.8602094e+00,2.7823987e-02
5.7142962e+00,3.8661133e+00,2.9597458e-02
6.7619799e+00,3.8668283e+00,1.8850193e-02
4.8476596e+00,3.8748946e+00,2.9198128e-02
7.0615846e+00,3.8753882e+00,1.8605282e-02
8.6821845e+00,3.8769565e+00,1.5996712e-02
5.6374708e+00,3.8778126e+00,3.0005564e-02
9.0757189e+00,3.8778986e+00,1.6161678e-02
8.4745188e+00,3.8800428e+00,1.5783048e-02
4.7529248e+00,3.8809875e+00,2.9677188e-02
5.0755896e+00,3.8853972e+00,2.9798495e-02
4.4212599e+00,3.8863201e+00,1.9655419e-02
4.2579273e+00,3.8866053e+00,1.4778232e-02
8.8647503e+00,3.8880267e+00,1.6146708e-02
3.3318142e+00,3.8888077e+00,1.6178886e-02
2.4611365e+00,3.8898752e+00,1.4536317e-02
2.6623197e+00,3.8910547e+00,1.3451665e-02
1.8430763e+00,3.8913083e+00,1.0576323e-02
8.3017797e-01,3.8946994e+00,6.1661502e-03
3.9600930e+00,3.8949638e+00,1.8392725e-02
1.3301835e+00,3.8950343e+00,5.5219172e-03
3.6754542e+00,3.8963664e+00,1.5820570e-02
2.1646281e-01,3.8972217e+00,5.2168326e-03
5.1760953e+00,3.8978324e+00,2.8438977e-02
9.5929786e+00,3.8983795e+00,1.5970305e-02
7.5667543e+00,3.8997632e+00,2.0707101e-02
8.3153286e+00,3.8999184e+00,1.6039303e-02
3.5149022e+00,3.9004494e+00,1.6500812e-02
2.3849663e+00,3.9007912e+00,1.4443579e-02
5.3462897e+00,3.9011475e+00,3.1027090e-02
3.8853051e+00,3.9015674e+00,1.6719844e-02
2.7739112e+00,3.9029392e+00,1.4029031e-02
3.7553542e+00,3.9030281e+00,1.7089672e-02
4.5907371e+00,3.9035412e+00,2.4428258e-02
6.0204201e+00,3.9036675e+00,2.4623516e-02
1.5144146e-01,3.9041141e+00,5.1887029e-03
3.4875930e-01,3.9048463e+00,5.7168485e-03
6.1148186e+00,3.9061911e+00,2.2236459e-02
4.1032465e+00,3.9073394e+00,1.5190148e-02
6.9117382e+00,3.9073570e+00,1.8479021e-02
2.0268033e+00,3.9081168e+00,2.0418738e-02
7.7519964e+00,3.9081496e+00,1.6363717e-02
3.1623053e+00,3.9093953e+00,1.5590632e-02
5.0000000e-01,3.9098989e+00,5.3854933e-03
5.5143560e+00,3.9106903e+00,3.7426035e-02
3.3737946e-02,3.9107065e+00,4.0478210e-03
6.6351130e-01,3.9111074e+00,6.0922945e-03
1.1635168e+00,3.9116050e+00,6.5101888e-03
1.0000000e+00,3.9129350e+00,5.7232269e-03
1.6666667e+00,3.9130674e+00,6.4961368e-03
1.5000000e+00,3.9132733e+00,5.1181868e-03
6.8325743e+00,3.9163647e+00,1.8933228e-02
7.9891080e+00,3.9172499e+00,1.6374603e-02
8.1634319e+00,3.9181423e+00,1.6055848e-02
7.9011670e+00,3.9194988e+00,1.6603218e-02
9.2676620e+00,3.9195821e+00,1.6235501e-02
6.4171640e+00,3.9208674e+00,1.8579423e-02
6.5649123e+00,3.9245509e+00,1.8960974e-02
2.9858420e+00,3.9272245e+00,3.5088835e-02
2.2333189e+00,3.9278467e+00,1.3218470e-02
9.7516658e+00,3.9290267e+00,1.5762897e-02
9.9431728e+00,3.9297804e+00,1.0601212e-02
8.7806089e+00,3.9304880e+00,1.6254973e-02
7.4083233e+00,3.9314014e+00,2.0837969e-02
8.9766882e+00,3.9330994e+00,1.6362206e-02
4.3392857e+00,3.9357401e+00,1.6386185e-02
8.3735219e+00,3.9366821e+00,1.5649736e-02
9.1665036e+00,3.9377863e+00,1.6302609e-02
5.4280006e+00,3.9418441e+00,5.9557711e-02
8.5358741e+00,3.9422575e+00,1.5968319e-02
8.6296169e+00,3.9427195e+00,1.5909874e-02
1.9264096e+00,3.9431643e+00,8.0195790e-03
6.6987333e+00,3.9434276e+00,1.8346878e-02
3.4373661e+00,3.9440335e+00,1.6501877e-02
7.6809477e+00,3.9443146e+00,1.8722384e-02
3.2515910e+00,3.9447742e+00,1.6377234e-02
4.1666667e-01,3.9454767e+00,5.6803249e-03
1.2468502e+00,3.9466843e+00,6.2176924e-03
7.4684464e-01,3.9466851e+00,6.1335355e-03
4.9011168e+00,3.9468683e+00,2.8510749e-02
5.0201644e+00,3.9468683e+00,2.9103971e-02
9.1666667e-01,3.9480142e+00,6.1205513e-03
1.7500000e+00,3.9481440e+00,5.9685758e-03
1.4166667e+00,3.9483499e+00,4.6254243e-03
9.4411446e+00,3.9487491e+00,1.6395874e-02
4.5105456e+00,3.9505801e+00,2.1289043e-02
4.1686416e+00,3.9508653e+00,1.5991914e-02
7.2453210e+00,3.9518359e+00,2.1385047e-02
2.6127262e+00,3.9524498e+00,1.3556455e-02
4.6873343e+00,3.9529612e+00,2.6060150e-02
5.8762210e+00,3.9530945e+00,2.1301350e-02
6.2900725e+00,3.9539674e+00,1.7006048e-02
2.5170365e+00,3.9547959e+00,1.4144560e-02
5.8012622e+00,3.9563431e+00,1.9436318e-02
3.6132504e+00,3.9564159e+00,1.5804963e-02
4.0060335e+00,3.9564741e+00,1.5975116e-02
5.2397177e+00,3.9593034e+00,2.8471546e-02
2.6542597e-01,3.9593696e+00,5.3766443e-03
2.3340195e+00,3.9595560e+00,1.4364215e-02
9.6723598e+00,3.9621768e+00,1.6080790e-02
3.8121980e+00,3.9630777e+00,1.6897041e-02
7.8519124e+00,3.9638573e+00,1.6364514e-02
8.2342903e+00,3.9643446e+00,1.6012004e-02
5.8333333e-01,3.9644222e+00,5.4736179e-03
3.0892857e+00,3.9646211e+00,2.9975982e-02
7.5103419e+00,3.9648754e+00,1.9949893e-02
1.0833333e+00,3.9649207e+00,5.9891246e-03
1.5833333e+00,3.9649233e+00,6.3631765e-03
8.9293502e-02,3.9662621e+00,5.5761899e-03
8.0559435e+00,3.9694010e+00,1.5607081e-02
6.6229396e+00,3.9698262e+00,1.8320638e-02
6.4801537e+00,3.9733019e+00,1.8579921e-02
5.6352169e+00,3.9742655e+00,1.2123146e-02
7.0894856e+00,3.9750213e+00,1.8444833e-02
6.3591157e+00,3.9755000e+00,1.7431093e-02
2.8165016e+00,3.9771036e+00,1.2308064e-02
9.5140988e+00,3.9772594e+00,1.6354765e-02
2.0909694e+00,3.9777651e+00,1.8325886e-02
2.1777986e+00,3.9790243e+00,1.3872949e-02
2.9086065e+00,3.9827878e+00,1.5719752e-02
5.9609320e+00,3.9848899e+00,2.4428731e-02
7.3554003e+00,3.9900251e+00,1.9283323e-02
6.1425854e+00,3.9934775e+00,1.6212993e-02
5.5682214e+00,3.9966240e+00,1.3230636e-02
9.3478983e+00,3.9996842e+00,1.6406715e-02
9.9043968e+00,4.0081001e+00,1.4724956e-02
6.9525077e+00,4.0139752e+00,1.8426739e-02
9.8241722e+00,4.0151116e+00,1.5579810e-02
7.1896474e+00,4.0197741e+00,1.8459043e-02
6.8259935e+00,4.0205504e+00,1.9016766e-02
6.2263977e+00,4.0258469e+00,1.6320520e-02
8.9836932e+00,4.0281772e+00,1.6776395e-02
7.6988932e+00,4.0295853e+00,1.8464899e-02
8.8120627e+00,4.0302850e+00,1.6928752e-02
2.3578804e+00,4.0330184e+00,1.3404102e-02
6.7535005e+00,4.0332705e+00,1.8406728e-02
2.6589406e+00,4.0415724e+00,1.3732121e-02
7.0353678e+00,4.0431187e+00,1.7731936e-02
5.7857635e+00,4.0442204e+00,1.1765266e-02
8.6575582e+00,4.0442214e+00,1.6859813e-02
8.3850904e+00,4.0468007e+00,1.6172936e-02
5.6965436e+00,4.0504435e+00,8.8154571e-03
2.5058813e+00,4.0527635e+00,1.5913403e-02
6.4732438e+00,4.0532209e+00,1.8434911e-02
7.5445068e+00,4.0536174e+00,2.0776452e-02
8.4791897e+00,4.0541276e+00,1.6329366e-02
2.7511244e+00,4.0543416e+00,1.2922665e-02
9.1500896e+00,4.0559527e+00,1.6447594e-02
2.2159339e+00,4.0574609e+00,1.3646443e-02
8.0343672e+00,4.0609770e+00,1.4006004e-02
5.9881764e+00,4.0614428e+00,1.5870106e-02
8.2353404e+00,4.0628839e+00,1.6277668e-02
9.6609895e+00,4.0646356e+00,1.6705877e-02
6.4008948e+00,4.0663588e+00,1.8119664e-02
6.0754313e+00,4.0675068e+00,1.6541986e-02
2.0461313e+00,4.0683682e+00,1.9670826e-02
9.5510519e+00,4.0692150e+00,1.6323043e-02
7.8710835e+00,4.0736095e+00,1.5804997e-02
7.6188646e+00,4.0737759e+00,2.0990394e-02
2.9525265e+00,4.0757400e+00,3.0853970e-03
8.7415796e+00,4.0782554e+00,1.7159240e-02
2.2953151e+00,4.0797456e+00,1.3487540e-02
2.4377179e+00,4.0804457e+00,1.3426374e-02
6.8979426e+00,4.0807486e+00,1.9118008e-02
7.3889304e+00,4.0828474e+00,2.0806431e-02
8.9032091e+00,4.0829015e+00,1.6830026e-02
5.5413899e+00,4.0833333e+00,8.8165730e-03
6.5964620e+00,4.0839445e+00,1.8490447e-02
9.3254086e+00,4.0896239e+00,1.6309453e-02
9.0663098e+00,4.0911428e+00,1.6902357e-02
2.5843789e+00,4.0959431e+00,1.2792277e-02
7.7891129e+00,4.1031726e+00,1.7787688e-02
8.3279472e+00,4.1085763e+00,1.6178704e-02
2.1715353e+00,4.1121102e+00,1.4334063e-02
6.7406599e+00,4.1127942e+00,1.8776915e-02
7.4760182e+00,4.1129657e+00,2.2013645e-02
9.9612240e+00,4.1140340e+00,1.4499319e-02
7.9430331e+00,4.1172376e+00,1.4545065e-02
6.5315248e+00,4.1185882e+00,1.8334059e-02
9.8246158e+00,4.1196474e+00,1.5657792e-02
6.2375240e+00,4.1216658e+00,1.8072708e-02
2.0885618e+00,4.1242766e+00,1.6147221e-02
2.7704480e+00,4.1251620e+00,2.3451452e-02
7.2366745e+00,4.1257077e+00,1.8635657e-02
9.2287583e+00,4.1276882e+00,1.6734096e-02
8.6064909e+00,4.1349275e+00,1.6889271e-02
9.7407392e+00,4.1360213e+00,1.6505954e-02
6.6594151e+00,4.1370696e+00,1.8575163e-02
8.0984267e+00,4.1398827e+00,1.7452189e-02
5.8454623e+00,4.1417183e+00,1.6730983e-02
8.1810479e+00,4.1427481e+00,1.7023940e-02
7.0844205e+00,4.1437879e+00,1.8418396e-02
6.3865699e+00,4.1440348e+00,1.8291735e-02
8.5218651e+00,4.1452958e+00,1.6674295e-02
9.5237488e+00,4.1470362e+00,1.5772250e-02
5.9265027e+00,4.1476399e+00,1.7328865e-02
7.3258783e+00,4.1505918e+00,1.8403008e-02
2.9182253e+00,4.1519598e+00,1.6191334e-02
6.0921225e+00,4.1521875e+00,1.7103150e-02
5.6772435e+00,4.1533631e+00,1.4638659e-02
2.3310881e+00,4.1595661e+00,1.5220862e-02
9.4148244e+00,4.1600359e+00,1.6320008e-02
2.8454439e+00,4.1615404e+00,2.4074074e-02
6.8937289e+00,4.1627713e+00,1.9608073e-02
5.5890852e+00,4.1638944e+00,1.6782964e-02
2.4147813e+00,4.1648635e+00,1.3709898e-02
6.3107303e+00,4.1701720e+00,1.7585092e-02
2.5999633e+00,4.1702608e+00,1.2310498e-02
8.9061477e+00,4.1703078e+00,1.7346821e-02
9.9048404e+00,4.1721598e+00,1.5189571e-02
6.1704029e+00,4.1739771e+00,1.8276736e-02
8.7542956e+00,4.1779927e+00,1.7526766e-02
7.6494916e+00,4.1806147e+00,2.0293204e-02
7.1855654e+00,4.1816241e+00,1.8166689e-02
6.8089392e+00,4.1820968e+00,1.9285757e-02
2.6938485e+00,4.1867104e+00,1.9029265e-02
7.4840095e+00,4.1895921e+00,2.1902823e-02
9.0550400e+00,4.1933281e+00,1.7748153e-02
2.1820910e+00,4.1951712e+00,1.3743967e-02
7.7542762e+00,4.2004773e+00,2.1821179e-02
8.3318006e+00,4.2115235e+00,1.6523296e-02
9.7139365e+00,4.2119605e+00,1.6339558e-02
8.6661799e+00,4.2142635e+00,1.7903494e-02
5.8033365e+00,4.2167969e+00,1.7681815e-02
8.8277173e+00,4.2174286e+00,1.7239334e-02
8.9753619e+00,4.2177688e+00,1.7903680e-02
9.6068838e+00,4.2183961e+00,1.5895540e-02
2.2622626e+00,4.2203425e+00,1.2402016e-02
5.7243375e+00,4.2222187e+00,1.7141829e-02
2.0424305e+00,4.2225751e+00,1.8728569e-02
6.0462956e+00,4.2248343e+00,1.7701853e-02
5.9679307e+00,4.2263506e+00,1.7847982e-02
6.4935847e+00,4.2274164e+00,1.8858051e-02
7.0281993e+00,4.2279804e+00,1.9295713e-02
6.6491586e+00,4.2304057e+00,1.9217562e-02
6.9361951e+00,4.2358009e+00,1.9573189e-02
7.9722167e+00,4.2361212e+00,1.6030692e-02
8.2331957e+00,4.2361569e+00,1.7138308e-02
7.5831249e+00,4.2370825e+00,2.0833220e-02
9.1960760e+00,4.2395181e+00,1.7473878e-02
6.4209788e+00,4.2397251e+00,1.8769675e-02
2.9656989e+00,4.2428866e+00,1.4315216e-02
2.4559354e+00,4.2445453e+00,1.9536623e-02
2.5425937e+00,4.2451984e+00,1.1530667e-02
7.3516420e+00,4.2455274e+00,1.8150587e-02
5.5476953e+00,4.2472277e+00,1.6131774e-02
9.3936575e+00,4.2480266e+00,1.6581718e-02
8.0575526e+00,4.2501865e+00,1.5661457e-02
9.9044421e+00,4.2521149e+00,1.6507489e-02
2.8412522e+00,4.2536602e+00,1.4026158e-02
7.4226853e+00,4.2544094e+00,1.8412026e-02
6.7876776e+00,4.2567198e+00,1.9314823e-02
8.4914603e+00,4.2591594e+00,1.7043677e-02
2.0991175e+00,4.2628932e+00,1.4088917e-02
9.1061374e+00,4.2699679e+00,1.7458576e-02
6.2076691e+00,4.2704749e+00,1.8857287e-02
6.2936810e+00,4.2729768e+00,1.8112893e-02
7.2222603e+00,4.2747269e+00,2.0055269e-02
9.7974149e+00,4.2755418e+00,1.6291262e-02
2.7002639e+00,4.2789596e+00,1.4279773e-02
6.7091418e+00,4.2807533e+00,1.9293947e-02
8.4053088e+00,4.2844748e+00,1.6857451e-02
6.5482654e+00,4.2861089e+00,1.9149827e-02
9.2715594e+00,4.2894445e+00,1.7784923e-02
5.8438926e+00,4.2957779e+00,1.8000720e-02
5.9274464e+00,4.2994100e+00,1.8160749e-02
8.6691087e+00,4.2994718e+00,1.7442434e-02
2.9140337e+00,4.2996351e+00,1.2839488e-02
7.0671870e+00,4.3013484e+00,2.0174548e-02
8.8629278e+00,4.3021392e+00,1.7386980e-02
9.5790198e+00,4.3038683e+00,1.6036481e-02
7.8143123e+00,4.3039934e+00,1.9461224e-02
8.9564744e+00,4.3042982e+00,1.7181702e-02
6.8675832e+00,4.3079914e+00,1.9306800e-02
2.2821708e+00,4.3090440e+00,1.4235922e-02
5.6990670e+00,4.3094209e+00,1.6963982e-02
2.7726717e+00,4.3095309e+00,1.4482781e-02
7.1601030e+00,4.3102588e+00,1.9925426e-02
6.0819522e+00,4.3110794e+00,1.7986374e-02
9.9608257e+00,4.3130368e+00,1.5520546e-02
7.2991331e+00,4.3137461e+00,1.9676181e-02
8.2032461e+00,4.3156585e+00,1.6258362e-02
6.3527910e+00,4.3172435e+00,1.8113138e-02
9.4747179e+00,4.3204991e+00,1.6775266e-02
5.6105831e+00,4.3238986e+00,1.6780638e-02
7.9243649e+00,4.3247851e+00,1.7169175e-02
2.3921504e+00,4.3279494e+00,1.6758180e-02
2.6063787e+00,4.3286025e+00,1.4698020e-02
7.6071760e+00,4.3322598e+00,2.0077940e-02
8.1102241e+00,4.3325535e+00,1.6508183e-02
8.5790149e+00,4.3339994e+00,1.8229336e-02
6.1650454e+00,4.3349304e+00,1.8794119e-02
2.0920787e+00,4.3366979e+00,1.2994325e-02
7.4536292e+00,4.3460472e+00,1.8909832e-02
9.7889433e+00,4.3520428e+00,1.6067729e-02
2.1949604e+00,4.3576774e+00,1.3227142e-02
9.0680731e+00,4.3666182e+00,1.6897186e-02
6.5452647e+00,4.3704030e+00,1.9411833e-02
5.9645100e+00,4.3723477e+00,1.7500271e-02
8.8449831e+00,4.3759936e+00,1.6728779e-02
7.5390044e+00,4.3764072e+00,1.9253874e-02
8.9980882e+00,4.3765078e+00,1.6967807e-02
5.8164882e+00,4.3766892e+00,1.8029725e-02
6.7100926e+00,4.3775703e+00,2.0054457e-02
6.8801928e+00,4.3792998e+00,1.9963866e-02
8.7635189e+00,4.3799929e+00,1.6641188e-02
5.7506616e+00,4.3849105e+00,1.8175027e-02
6.0406509e+00,4.3855335e+00,1.8401470e-02
9.8959706e+00,4.3881397e+00,1.5893734e-02
7.3141565e+00,4.3888356e+00,2.0558620e-02
7.0316843e+00,4.3889458e+00,1.9892155e-02
2.9483348e+00,4.3900819e+00,1.2741098e-02
8.3721597e+00,4.3947833e+00,1.6205180e-02
9.2476604e+00,4.3949044e+00,1.8044538e-02
7.1692486e+00,4.3956772e+00,1.9294741e-02
9.6300771e+00,4.3956875e+00,1.6232253e-02
9.4395042e+00,4.4008588e+00,1.7257585e-02
8.2687019e+00,4.4013336e+00,1.6383690e-02
2.0353916e+00,4.4074909e+00,1.2633448e-02
2.7891735e+00,4.4081714e+00,1.4376349e-02
9.7157386e+00,4.4096723e+00,1.6300750e-02
5.5628878e+00,4.4100042e+00,1.7955928e-02
7.7751361e+00,4.4112277e+00,1.9168751e-02
6.6471087e+00,4.4115168e+00,1.9949746e-02
2.4368068e+00,4.4120065e+00,1.4898974e-02
2.5643769e+00,4.4120065e+00,1.5694626e-02
7.3976093e+00,4.4122548e+00,2.0353913e-02
7.6950607e+00,4.4183037e+00,2.0541274e-02
6.3314024e+00,4.4203659e+00,1.8520511e-02
8.0960212e+00,4.4213903e+00,1.6678337e-02
6.8012380e+00,4.4248451e+00,1.9392021e-02
2.1945610e+00,4.4256043e+00,1.3213912e-02
6.9695695e+00,4.4261699e+00,1.9877008e-02
5.8917622e+00,4.4281329e+00,1.7653921e-02
6.4852912e+00,4.4309597e+00,1.9100221e-02
9.3345448e+00,4.4338462e+00,1.8005207e-02
8.5799799e+00,4.4342835e+00,1.7630223e-02
7.1019815e+00,4.4352304e+00,1.9018707e-02
7.2464293e+00,4.4352349e+00,1.9731956e-02
7.9453885e+00,4.4397939e+00,1.7887483e-02
6.2296686e+00,4.4405548e+00,1.8706730e-02
2.8920552e+00,4.4427475e+00,7.6304646e-03
8.9351684e+00,4.4458388e+00,1.6916914e-02
2.0916793e+00,4.4601804e+00,1.4735904e-02
6.3942976e+00,4.4620967e+00,1.8877016e-02
9.0965320e+00,4.4652597e+00,1.7522686e-02
8.1963530e+00,4.4670875e+00,1.4418765e-02
9.9351448e+00,4.4679601e+00,1.7212240e-02
8.4592762e+00,4.4697520e+00,1.7483716e-02
9.1659328e+00,4.4725836e+00,1.7620474e-02
8.0171796e+00,4.4744571e+00,1.6568025e-02
7.5738251e+00,4.4761806e+00,1.9525379e-02
9.4869858e+00,4.4779036e+00,1.7235868e-02
6.0823639e+00,4.4797388e+00,1.8623085e-02
8.7513408e+00,4.4798881e+00,1.6588180e-02
2.7209623e+00,4.4810533e+00,1.2085282e-02
2.2790403e+00,4.4810814e+00,1.3024286e-02
2.6111671e+00,4.4824135e+00,1.4610169e-02
2.3900112e+00,4.4824176e+00,1.0061385e-02
5.7438774e+00,4.4841183e+00,1.7863561e-02
9.5732569e+00,4.4893631e+00,1.6404904e-02
5.9094680e+00,4.4910238e+00,1.7741731e-02
7.8557524e+00,4.4929850e+00,1.9495951e-02
5.5990274e+00,4.4933376e+00,1.9027924e-02
7.4161615e+00,4.4982631e+00,1.9518748e-02
8.6578956e+00,4.4996511e+00,1.7094563e-02
6.6284642e+00,4.5005089e+00,1.9862156e-02
7.6624133e+00,4.5060161e+00,2.0251307e-02
6.5380570e+00,4.5082404e+00,1.9257234e-02
6.9671157e+00,4.5096185e+00,2.0168253e-02
8.9390547e+00,4.5108908e+00,1.7347927e-02
6.1882885e+00,4.5109091e+00,1.8722499e-02
7.2454826e+00,4.5160959e+00,2.0333755e-02
7.1014920e+00,4.5219566e+00,1.9438389e-02
5.6807271e+00,4.5225121e+00,1.7418540e-02
9.3302614e+00,4.5231027e+00,1.8023602e-02
9.7405876e+00,4.5257596e+00,1.6191228e-02
4.0833333e+00,4.5281587e+00,5.1233323e-03
6.0239288e+00,4.5294439e+00,1.8762550e-02
7.5070021e+00,4.5318289e+00,1.8940197e-02
6.8237674e+00,4.5319267e+00,1.9349825e-02
2.0846010e+00,4.5353470e+00,1.2178164e-02
2.9154461e+00,4.5353637e+00,4.7963396e-03
5.8333333e-01,4.5355140e+00,7.8003691e-03
4.4166667e+00,4.5355487e+00,4.8326852e-03
5.8274099e+00,4.5387879e+00,1.8068438e-02
1.0774575e+00,4.5394092e+00,8.2513705e-03
2.5868056e-01,4.5399306e+00,8.0318752e-03
3.7319902e+00,4.5400304e+00,5.5009456e-03
1.2679199e+00,4.5400745e+00,8.4732167e-03
4.7410771e+00,4.5401221e+00,4.7078160e-03
9.0304333e+00,4.5402012e+00,1.7904128e-02
3.9237550e+00,4.5408720e+00,5.6256226e-03
9.4218899e+00,4.5460996e+00,1.7876551e-02
1.7465749e+00,4.5473896e+00,7.2999935e-03
3.2534977e+00,4.5473937e+00,5.4583912e-03
1.4196042e+00,4.5476214e+00,9.0082906e-03
3.5803855e+00,4.5476543e+00,6.0755887e-03
9.2209075e-01,4.5480241e+00,8.6021296e-03
4.2613130e+00,4.5486042e+00,5.3731194e-03
1.0416667e-01,4.5486111e+00,1.0507942e-02
4.8956666e+00,4.5487779e+00,5.2932627e-03
1.9270055e+00,4.5511982e+00,3.1457700e-03
3.0730464e+00,4.5512281e+00,5.7272885e-03
7.3317620e+00,4.5557050e+00,1.9438774e-02
4.1801004e-01,4.5568989e+00,8.5529694e-03
4.5818673e+00,4.5569243e+00,5.0336046e-03
9.8989193e+00,4.5572458e+00,1.7419233e-02
8.2188256e+00,4.5574612e+00,1.6066790e-02
1.5833333e+00,4.5584002e+00,9.0627249e-03
3.4166667e+00,4.5586034e+00,6.5017758e-03
7.0287410e+00,4.5591206e+00,1.9692922e-02
7.5978587e-01,4.5616331e+00,9.1211288e-03
8.0209495e+00,4.5631083e+00,1.6159689e-02
7.1678123e+00,4.5632644e+00,1.9933242e-02
6.3965348e+00,4.5658094e+00,1.8770458e-02
2.5473821e+00,4.5658176e+00,8.0976006e-03
2.4537962e+00,4.5658217e+00,6.7129857e-03
8.4380692e+00,4.5660895e+00,1.7333954e-02
2.7496119e+00,4.5661571e+00,5.9228002e-03
2.2504010e+00,4.5662157e+00,1.3050149e-02
8.8019394e+00,4.5675193e+00,1.7579202e-02
6.6681064e+00,4.5680655e+00,2.0041536e-02
4.0070883e+00,4.5690307e+00,5.6329530e-03
6.9002684e+00,4.5698299e+00,2.0242470e-02
8.8775467e+00,4.5720848e+00,1.8014779e-02
7.6856100e+00,4.5763824e+00,2.0171801e-02
9.8167410e+00,4.5777124e+00,1.6248950e-02
7.8445819e+00,4.5794824e+00,1.9031095e-02
6.4862073e+00,4.5808448e+00,1.9239590e-02
5.5361396e+00,4.5833333e+00,1.6956715e-02
4.3446463e+00,4.5841529e+00,5.3426168e-03
2.8412140e+00,4.5858915e+00,5.2453180e-03
2.1588433e+00,4.5859052e+00,1.2709903e-02
9.9954829e-01,4.5874333e+00,8.2239554e-03
3.6457091e+00,4.5876847e+00,6.0104458e-03
1.3541907e+00,4.5876959e+00,9.1481395e-03
1.9618056e-01,4.5885417e+00,6.8701462e-03
4.8034103e+00,4.5889000e+00,4.5483707e-03
2.0108743e+00,4.5894113e+00,1.3130172e-02
2.9892166e+00,4.5894818e+00,4.7388818e-03
9.1954406e+00,4.5900177e+00,1.7700815e-02
4.1288721e+00,4.5916596e+00,4.9824863e-03
5.0134337e-01,4.5924129e+00,7.7651220e-03
4.4985340e+00,4.5924730e+00,4.7301825e-03
9.5905749e+00,4.5936705e+00,1.6396408e-02
6.7549409e+00,4.5950282e+00,1.9170143e-02
1.1409694e+00,4.5961792e+00,8.9737087e-03
3.7794310e+00,4.5967524e+00,5.3703706e-03
3.4335726e-01,4.5968295e+00,8.9127760e-03
1.2203207e+00,4.5968444e+00,8.5014151e-03
4.6562778e+00,4.5970464e+00,5.3104693e-03
6.7645253e-01,4.5971470e+00,9.2082581e-03
3.8600847e+00,4.5975939e+00,5.9329061e-03
1.8402471e+00,4.5985877e+00,9.5166749e-03
3.1598774e+00,4.5986218e+00,5.2556268e-03
8.1222636e+00,4.6004151e+00,1.5394688e-02
9.2728848e+00,4.6015950e+00,1.7995336e-02
4.8611111e-02,4.6041667e+00,6.1269759e-03
4.9512221e+00,4.6043334e+00,2.6302063e-03
1.6632416e+00,4.6057898e+00,7.7344583e-03
9.0345342e+00,4.6058320e+00,1.8059903e-02
3.3368310e+00,4.6059971e+00,5.8100477e-03
1.5029375e+00,4.6060217e+00,9.2727022e-03
3.4970522e+00,4.6062577e+00,6.4862552e-03
8.3298085e+00,4.6062882e+00,1.6146844e-02
8.4854328e-01,4.6096572e+00,8.5977167e-03
8.6247464e+00,4.6099596e+00,1.7233640e-02
7.7660215e+00,4.6101546e+00,2.0172488e-02
4.1957407e+00,4.6121050e+00,5.7728178e-03
9.6722442e+00,4.6160822e+00,1.6439874e-02
9.4387696e+00,4.6176520e+00,1.7786231e-02
5.8552284e+00,4.6202050e+00,1.8201701e-02
6.2354702e+00,4.6220101e+00,1.9036552e-02
6.0411954e+00,4.6236822e+00,1.8873849e-02
7.4979350e+00,4.6309477e+00,1.9634811e-02
4.0526271e+00,4.6325315e+00,5.1671102e-03
5.6698996e+00,4.6340353e+00,1.7114516e-02
8.9412060e+00,4.6360708e+00,1.9124915e-02
7.9754394e+00,4.6403447e+00,1.7069853e-02
8.5256238e+00,4.6409295e+00,1.7834968e-02
7.3312725e+00,4.6424312e+00,1.9482553e-02
7.0520463e+00,4.6426564e+00,2.0651669e-02
6.6081922e+00,4.6450301e+00,1.9677378e-02
6.3305459e+00,4.6482541e+00,1.8716192e-02
9.1301407e+00,4.6483246e+00,1.8083249e-02
7.1464693e+00,4.6489792e+00,1.9929766e-02
7.6346068e+00,4.6493840e+00,1.9610418e-02
2.4075999e+00,4.6495078e+00,7.8965552e-03
2.5924098e+00,4.6495305e+00,6.1824777e-03
6.5167002e+00,4.6500779e+00,1.9740500e-02
2.6848444e+00,4.6512302e+00,6.8767049e-03
2.3151755e+00,4.6512380e+00,8.9690330e-03
8.7617196e+00,4.6517155e+00,1.7067029e-02
7.9093809e+00,4.6523864e+00,1.8794044e-02
9.5211835e+00,4.6537633e+00,1.7019157e-02
5.5881999e+00,4.6604163e+00,1.6347537e-02
9.9637745e+00,4.6607143e+00,1.6077040e-02
9.3465906e+00,4.6644390e+00,1.8047336e-02
4.3683959e+00,4.6646359e+00,5.4458671e-03
5.9545532e+00,4.6666791e+00,1.9013752e-02
2.2395833e-01,4.6718750e+00,7.5478888e-03
4.7753655e+00,4.6725004e+00,5.1917162e-03
5.3306957e-01,4.6728407e+00,8.2553586e-03
4.4667280e+00,4.6729560e+00,5.5403011e-03
1.0138854e+00,4.6736646e+00,9.0830264e-03
8.6779719e+00,4.6743927e+00,1.6666162e-02
5.7608686e+00,4.6770585e+00,1.7859247e-02
6.5262318e-01,4.6775748e+00,8.5339814e-03
1.3528071e+00,4.6783812e+00,9.4229509e-03
3.6470600e+00,4.6784500e+00,5.6613338e-03
8.1219390e+00,4.6801359e+00,1.5866933e-02
3.1557948e-01,4.6801628e+00,8.3719515e-03
7.5553121e+00,4.6802207e+00,2.0028500e-02
4.6837885e+00,4.6806468e+00,5.4476037e-03
2.1191932e+00,4.6819713e+00,1.4587841e-02
2.8808997e+00,4.6820628e+00,5.4016004e-03
1.0997510e+00,4.6824105e+00,8.9344652e-03
2.0275120e+00,4.6826113e+00,1.1535740e-02
2.9726227e+00,4.6827631e+00,5.6004746e-03
3.9010614e+00,4.6838667e+00,5.3771406e-03
7.4066049e+00,4.6841080e+00,2.0126230e-02
6.1468122e+00,4.6850781e+00,1.9294486e-02
9.7937820e+00,4.6852803e+00,1.6014029e-02
6.9327757e+00,4.6870155e+00,2.1664654e-02
3.7252264e+00,4.6875176e+00,5.5363729e-03
1.2744926e+00,4.6875297e+00,9.1915818e-03
7.2236500e+00,4.6885369e+00,1.7824561e-02
1.8408351e+00,4.6887343e+00,9.2372759e-03
3.1594236e+00,4.6887815e+00,5.7111742e-03
7.7603356e+00,4.6892780e+00,1.9904784e-02
4.0102705e+00,4.6906456e+00,5.3445603e-03
1.4973557e+00,4.6934508e+00,9.5182099e-03
1.6688990e+00,4.6935777e+00,8.1661719e-03
8.5447786e-02,4.6937742e+00,7.2233326e-03
3.3310448e+00,4.6939879e+00,5.7146652e-03
4.9144097e+00,4.6939997e+00,4.3751665e-03
3.5030638e+00,4.6953527e+00,5.7428414e-03
6.7300076e+00,4.6956191e+00,1.9029462e-02
8.6508836e-01,4.6981165e+00,9.6346492e-03
9.6968088e+00,4.7018963e+00,1.6442175e-02
4.2323218e+00,4.7041746e+00,5.7126372e-03
8.9171542e+00,4.7068941e+00,1.8933156e-02
8.0252243e+00,4.7079587e+00,1.6731329e-02
6.6323370e+00,4.7094541e+00,1.9573058e-02
7.0229283e+00,4.7103398e+00,2.2412817e-02
8.3349324e+00,4.7130270e+00,1.7673353e-02
7.6819849e+00,4.7147780e+00,1.9404893e-02
4.3216437e+00,4.7211568e+00,5.6284122e-03
1.6878112e-01,4.7215520e+00,7.6045945e-03
4.8308093e+00,4.7220446e+00,5.1013522e-03
9.5297296e-01,4.7227147e+00,9.3932485e-03
7.8434953e+00,4.7237355e+00,1.9942680e-02
1.7528204e+00,4.7253241e+00,8.3871259e-03
3.2472577e+00,4.7255442e+00,5.8491976e-03
1.4126388e+00,4.7257358e+00,9.2230699e-03
9.1210438e+00,4.7264359e+00,1.8327900e-02
8.8132750e+00,4.7271043e+00,1.8394649e-02
3.5877481e+00,4.7275145e+00,5.6793525e-03
6.4745549e+00,4.7329148e+00,1.9955391e-02
2.7381351e+00,4.7331594e+00,5.3672775e-03
2.2619481e+00,4.7332375e+00,9.4203579e-03
1.9442312e+00,4.7345448e+00,6.4235805e-03
3.0559986e+00,4.7346692e+00,5.7460057e-03
8.1797519e+00,4.7366996e+00,1.6031280e-02
9.4974687e+00,4.7369171e+00,1.6841412e-02
4.9507387e-01,4.7377879e+00,8.5213475e-03
4.5046691e+00,4.7379599e+00,5.7669729e-03
9.3282033e+00,4.7401756e+00,1.8094788e-02
3.8001433e-01,4.7406935e+00,8.8415528e-03
4.6195413e+00,4.7410773e+00,5.7074497e-03
5.5520603e+00,4.7437496e+00,1.7096444e-02
2.8425882e+00,4.7442576e+00,5.3167421e-03
2.1575235e+00,4.7442812e+00,1.3993066e-02
6.3780730e+00,4.7461263e+00,1.8842406e-02
8.5026757e+00,4.7465256e+00,1.7417094e-02
2.4544859e+00,4.7466612e+00,5.9174709e-03
2.5457100e+00,4.7466880e+00,6.2636688e-03
6.7839274e+00,4.7479561e+00,1.9355599e-02
9.9111128e+00,4.7500000e+00,1.6003257e-02
4.0570147e+00,4.7525775e+00,5.5758611e-03
1.1388340e+00,4.7538896e+00,9.0546809e-03
9.8232986e+00,4.7540995e+00,1.5972185e-02
3.8606484e+00,4.7541213e+00,5.6521094e-03
3.6836675e-02,4.7562742e+00,4.8555738e-03
4.9631876e+00,4.7563329e+00,3.3924791e-03
6.8372676e-01,4.7580796e+00,9.6096290e-03
1.2342244e+00,4.7583436e+00,9.3091863e-03
5.9450901e+00,4.7585322e+00,1.8723953e-02
3.7654671e+00,4.7586138e+00,5.7204190e-03
6.9020797e+00,4.7590003e+00,2.0449358e-02
8.2648590e+00,4.7605559e+00,1.6700032e-02
5.7737320e+00,4.7619428e+00,1.7935352e-02
7.2054084e+00,4.7657470e+00,2.0084024e-02
6.1470507e+00,4.7661102e+00,1.9215308e-02
1.5499737e+00,4.7688994e+00,9.6782260e-03
1.6167685e+00,4.7692583e+00,9.5159321e-03
8.6479281e+00,4.7698469e+00,1.6617191e-02
3.3831027e+00,4.7700510e+00,5.6710552e-03
6.5492283e+00,4.7709067e+00,1.9867482e-02
3.4504561e+00,4.7711552e+00,5.8743005e-03
7.3788457e+00,4.7716409e+00,2.0878423e-02
8.2348963e-01,4.7752099e+00,1.0220538e-02
9.3966675e+00,4.7765423e+00,1.7073718e-02
8.4202450e+00,4.7784244e+00,1.7310702e-02
9.2078200e+00,4.7790743e+00,1.8909863e-02
4.2014885e+00,4.7807052e+00,5.6321477e-03
9.6667271e+00,4.7810622e+00,1.6366108e-02
8.9621343e+00,4.7810880e+00,1.8569850e-02
7.5170639e+00,4.7829969e+00,2.0621274e-02
9.0356656e+00,4.7847159e+00,1.8862594e-02
4.1354065e+00,4.7914395e+00,5.5329692e-03
7.8679819e+00,4.7924947e+00,1.9843869e-02
8.7857047e+00,4.7959959e+00,1.8398449e-02
5.8586288e+00,4.7969422e+00,1.8425465e-02
7.6814118e+00,4.7992228e+00,1.9319154e-02
9.6017285e-01,4.7998011e+00,9.6388411e-03
4.3426234e+00,4.8012800e+00,5.7731412e-03
1.7254004e-01,4.8022732e+00,6.8579260e-03
4.8272604e+00,4.8026109e+00,4.9482874e-03
7.5471479e-01,4.8027693e+00,1.0044336e-02
8.0258870e+00,4.8049028e+00,1.6917190e-02
1.4147509e+00,4.8063054e+00,9.1492215e-03
1.7513674e+00,4.8067621e+00,9.1928619e-03
7.2852718e+00,4.8071742e+00,2.0677779e-02
3.2485436e+00,4.8073001e+00,5.7349716e-03
5.4168570e-01,4.8075804e+00,9.8812409e-03
4.4273166e+00,4.8097630e+00,5.7960926e-03
3.5867025e+00,4.8108550e+00,5.9639309e-03
9.5240710e+00,4.8109213e+00,1.6900753e-02
8.5717545e+00,4.8110099e+00,1.7238849e-02
3.4040346e-01,4.8121856e+00,9.1247879e-03
4.6592671e+00,4.8129577e+00,5.6561707e-03
8.7041055e+00,4.8160613e+00,1.6657422e-02
7.0646869e+00,4.8174344e+00,2.0997110e-02
2.7095819e+00,4.8182956e+00,5.2251877e-03
2.2906719e+00,4.8183433e+00,9.4495849e-03
3.0793782e+00,4.8191242e+00,5.7631826e-03
1.9207431e+00,4.8191861e+00,7.1577118e-03
7.4319276e+00,4.8212568e+00,2.1293012e-02
6.1078498e-01,4.8231379e+00,1.0012251e-02
9.7472640e+00,4.8239700e+00,1.6141772e-02
8.1574559e+00,4.8264551e+00,1.6228016e-02
6.0619272e+00,4.8266301e+00,1.9312489e-02
5.5985220e+00,4.8270830e+00,1.7179558e-02
7.1241503e+00,4.8272354e+00,2.0719650e-02
2.8806653e+00,4.8285035e+00,5.4348106e-03
2.1193607e+00,4.8285596e+00,1.3121921e-02
9.5993733e+00,4.8293451e+00,1.6448292e-02
5.9848952e+00,4.8298763e+00,1.8936636e-02
5.6930852e+00,4.8300306e+00,1.7371526e-02
8.9206710e-02,4.8300510e+00,6.6264063e-03
4.9108609e+00,4.8301216e+00,4.7239206e-03
1.1011750e+00,4.8308440e+00,9.6010658e-03
4.0126645e+00,4.8332205e+00,5.8236307e-03
2.3907854e+00,4.8334972e+00,5.7259531e-03
2.6095914e+00,4.8335240e+00,5.3114557e-03
6.3509773e+00,4.8349985e+00,1.8928860e-02
6.7681489e+00,4.8357440e+00,1.8716951e-02
8.8188329e-01,4.8386873e+00,9.9703770e-03
1.4994678e+00,4.8386903e+00,9.3043050e-03
9.9473383e+00,4.8392857e+00,1.6841004e-02
1.6674461e+00,4.8396856e+00,9.3362052e-03
3.3323307e+00,4.8405972e+00,5.5300438e-03
6.9325704e+00,4.8409642e+00,1.8650721e-02
2.3632475e-01,4.8410568e+00,8.8819781e-03
6.2003421e+00,4.8414274e+00,1.9061019e-02
3.9255073e+00,4.8415432e+00,5.9850524e-03
4.7634438e+00,4.8417493e+00,5.4855403e-03
7.7842490e+00,4.8424820e+00,2.0138717e-02
1.2686362e+00,4.8428699e+00,9.4607114e-03
3.7320978e+00,4.8433388e+00,5.9903520e-03
3.5020183e+00,4.8435465e+00,6.1357983e-03
1.0250362e+00,4.8450661e+00,9.5048037e-03
7.9677364e+00,4.8457752e+00,1.8081429e-02
4.2715757e+00,4.8459318e+00,5.8003549e-03
9.1918775e+00,4.8473972e+00,1.8653296e-02
8.2425630e+00,4.8503113e+00,1.6455070e-02
6.5649410e+00,4.8536990e+00,1.9476176e-02
7.5577158e+00,4.8547248e+00,2.1766985e-02
1.8158941e+00,4.8548135e+00,8.9416686e-03
3.1840890e+00,4.8549925e+00,5.8078225e-03
1.3515897e+00,4.8601726e+00,9.3243037e-03
7.6300944e+00,4.8611104e+00,1.9425683e-02
3.6503180e+00,4.8632070e+00,5.9331257e-03
9.0844725e+00,4.8645160e+00,1.9987318e-02
8.1003058e+00,4.8668355e+00,1.6833451e-02
8.8308676e+00,4.8676891e+00,1.9888606e-02
2.7944740e+00,4.8708862e+00,5.4834380e-03
2.2056892e+00,4.8710236e+00,1.1609023e-02
4.0910563e+00,4.8720825e+00,5.8282510e-03
4.8897198e-01,4.8728318e+00,1.0230491e-02
8.9034180e+00,4.8729914e+00,1.9436390e-02
4.0274928e-01,4.8745315e+00,9.9491775e-03
4.5970342e+00,4.8751906e+00,5.7325292e-03
6.2680836e+00,4.8755114e+00,1.9309608e-02
7.0050249e+00,4.8760738e+00,1.8014794e-02
8.4113954e+00,4.8780115e+00,1.7030287e-02
6.8613292e+00,4.8802465e+00,1.9035376e-02
4.4402327e+00,4.8824690e+00,5.8174642e-03
6.6781423e+00,4.8856126e+00,1.9762714e-02
5.8326623e+00,4.8889517e+00,1.8371602e-02
2.0514076e+00,4.8906234e+00,1.0508698e-02
2.9488206e+00,4.8907633e+00,5.5810332e-03
1.9744010e+00,4.8916262e+00,8.4770775e-03
3.0258460e+00,4.8916728e+00,5.7050491e-03
9.3636621e+00,4.8924390e+00,1.6998304e-02
7.2752528e+00,4.8928139e+00,1.9611811e-02
8.5686210e+00,4.8993418e+00,1.7333189e-02
4.5121067e+00,4.8995750e+00,5.8674447e-03
7.0629565e-01,4.8996167e+00,1.0537603e-02
6.2375883e-01,4.9011906e+00,1.0166763e-02
6.1152186e+00,4.9019473e+00,1.9121637e-02
9.7268231e+00,4.9020686e+00,1.6163019e-02
8.3037869e+00,4.9023696e+00,1.5828539e-02
5.2370035e-02,4.9071101e+00,7.6522710e-03
4.9476732e+00,4.9071220e+00,5.2429663e-03
1.1423098e+00,4.9079759e+00,9.3390539e-03
1.6558840e+00,4.9083517e+00,9.6214145e-03
3.3439658e+00,4.9097426e+00,6.0819973e-03
3.4896106e+00,4.9117704e+00,6.3270072e-03
1.2143807e+00,4.9155477e+00,9.5821840e-03
5.7421668e+00,4.9157581e+00,1.7412870e-02
3.7863025e+00,4.9161538e+00,6.2846267e-03
5.5464617e+00,4.9166667e+00,1.6710079e-02
4.2599134e+00,4.9169946e+00,5.8561671e-03
5.9050126e+00,4.9170380e+00,1.8699726e-02
9.4424939e+00,4.9183420e+00,1.6828227e-02
3.8845306e+00,4.9188507e+00,6.1186186e-03
2.4416286e+00,4.9204337e+00,5.8437289e-03
2.5692106e+00,4.9204337e+00,5.4237431e-03
8.7067319e+00,4.9206440e+00,1.7770594e-02
9.0715872e-01,4.9241165e+00,9.7004612e-03
9.2792554e+00,4.9243952e+00,1.7614226e-02
9.6243168e+00,4.9246890e+00,1.5986669e-02
7.4233509e+00,4.9256314e+00,2.2086658e-02
7.1458360e+00,4.9315992e+00,1.9265655e-02
9.9696403e-01,4.9327233e+00,9.5465641e-03
7.8112012e+00,4.9343377e+00,2.0231568e-02
8.4906927e+00,4.9344447e+00,1.7057095e-02
6.4070233e+00,4.9365233e+00,1.9347472e-02
2.2917815e-01,4.9371297e+00,9.1749541e-03
9.8783574e+00,4.9371393e+00,1.6795281e-02
4.7708286e+00,4.9374917e+00,5.5268741e-03
9.0739100e+00,4.9375442e+00,2.0133949e-02
3.4161195e+00,4.9379119e+00,6.4651103e-03
1.5322185e+00,4.9406922e+00,9.9221250e-03
1.7902999e+00,4.9439211e+00,9.5069795e-03
3.2096827e+00,4.9445305e+00,6.0125443e-03
6.4895242e+00,4.9448090e+00,1.9364407e-02
2.8036518e+00,4.9458632e+00,5.4712042e-03
2.1966648e+00,4.9459283e+00,1.1502722e-02
1.3769575e+00,4.9476670e+00,9.2560764e-03
5.0641552e-01,4.9482117e+00,1.0160146e-02
7.0164449e+00,4.9488645e+00,1.8086473e-02
8.9663868e+00,4.9496475e+00,1.9183305e-02
7.9912678e+00,4.9501242e+00,1.7930686e-02
8.7845237e+00,4.9526740e+00,1.9431153e-02
4.6773220e+00,4.9539808e+00,5.8079900e-03
3.6237621e+00,4.9551314e+00,6.2646552e-03
7.5024870e+00,4.9553810e+00,2.2016844e-02
6.8717748e+00,4.9554410e+00,1.8684634e-02
7.2170752e+00,4.9557506e+00,1.9192091e-02
9.7701023e+00,4.9598135e+00,1.6423315e-02
5.7210309e-01,4.9610130e+00,1.0118235e-02
7.3602501e+00,4.9616552e+00,2.1440079e-02
4.3815083e+00,4.9625221e+00,5.8397055e-03
8.6474210e+00,4.9627616e+00,1.6871418e-02
4.1001697e+00,4.9628500e+00,6.2357925e-03
1.7142112e+00,4.9645357e+00,9.4884849e-03
3.2857722e+00,4.9659836e+00,5.9524950e-03
8.0786516e+00,4.9687001e+00,1.7489224e-02
1.6045976e+00,4.9689552e+00,9.9222491e-03
3.5477390e+00,4.9710032e+00,6.1402370e-03
7.6266219e+00,4.9712058e+00,1.8556099e-02
3.7406017e-01,4.9712832e+00,9.9711186e-03
4.3142060e+00,4.9724654e+00,5.8522051e-03
2.0923891e+00,4.9728510e+00,1.1372355e-02
2.9080066e+00,4.9729075e+00,5.5824109e-03
7.4273929e-01,4.9743034e+00,9.5960870e-03
9.5885139e+00,4.9810224e+00,1.5914571e-02
4.1794555e+00,4.9818385e+00,6.3845616e-03
6.7122283e+00,4.9826017e+00,1.9105102e-02
6.2767149e+00,4.9850819e+00,1.9554524e-02
1.1054838e+00,4.9873498e+00,9.1272237e-03
7.9184654e+00,4.9886994e+00,1.9216236e-02
6.9544359e+00,4.9889494e+00,1.8387793e-02
8.5097085e-01,4.9897114e+00,9.9371694e-03
8.6883655e-02,4.9904434e+00,8.8005409e-03
4.9131313e+00,4.9904553e+00,5.7210245e-03
8.3006534e+00,4.9907015e+00,1.6282498e-02
9.4819933e+00,4.9930992e+00,1.6609317e-02
7.0977925e+00,4.9945889e+00,1.9020056e-02
1.2450712e+00,4.9948199e+00,9.5788902e-03
9.1498273e+00,4.9957650e+00,1.8433265e-02
1.4728693e+00,4.9958019e+00,9.4996551e-03
5.7110720e+00,4.9961438e+00,1.7475204e-02
1.9227751e+00,4.9976258e+00,8.9038078e-03
3.0775147e+00,4.9978072e+00,5.9162025e-03
1.0362769e+00,4.9978751e+00,9.3223280e-03
6.0991519e+00,4.9987034e+00,1.9038999e-02
2.3890670e+00,4.9989658e+00,5.6709234e-03
2.6217375e+00,4.9990497e+00,5.6758080e-03
9.2477678e+00,4.9997348e+00,1.7893700e-02
5.6099300e+00,5.0000000e+00,1.6746960e-02
7.7048915e+00,5.0011739e+00,2.0368848e-02
4.8369156e+00,5.0031314e+00,5.5890386e-03
1.6307038e-01,5.0031830e+00,9.3763235e-03
3.9294827e+00,5.0043187e+00,6.1630923e-03
3.0456775e-01,5.0050103e+00,1.0044450e-02
2.2747807e+00,5.0053006e+00,1.0599130e-02
2.7257574e+00,5.0053824e+00,5.2336120e-03
3.4158347e+00,5.0054546e+00,6.3716301e-03
5.9005176e+00,5.0057009e+00,1.8615739e-02
6.8126804e+00,5.0079276e+00,1.9443800e-02
4.5111502e+00,5.0082837e+00,5.8153224e-03
1.3246945e+00,5.0096366e+00,9.4200192e-03
1.8435229e+00,5.0142932e+00,9.5637724e-03
8.9392559e+00,5.0144677e+00,1.8105899e-02
3.1566405e+00,5.0147967e+00,6.2557854e-03
6.3504820e+00,5.0172661e+00,1.9698315e-02
8.1292454e+00,5.0184285e+00,1.7007696e-02
4.4733106e-01,5.0187333e+00,9.9983555e-03
3.7416891e+00,5.0197693e+00,7.0634857e-03
7.5393237e+00,5.0219722e+00,1.9558344e-02
8.8299433e+00,5.0227965e+00,1.8625534e-02
1.6629248e+00,5.0251392e+00,9.6856891e-03
9.9310191e+00,5.0264250e+00,1.7521995e-02
8.4890056e+00,5.0265143e+00,1.7497627e-02
3.3362595e+00,5.0278335e+00,6.1228026e-03
8.2328733e+00,5.0287522e+00,1.6493726e-02
4.6652102e+00,5.0306032e+00,5.7375654e-03
3.4958920e+00,5.0310080e+00,6.0301876e-03
4.0202063e+00,5.0343098e+00,6.1533368e-03
3.6609286e+00,5.0388787e+00,6.7481358e-03
4.4417558e+00,5.0430559e+00,6.1143417e-03
6.5475521e+00,5.0468051e+00,1.9405949e-02
6.1929067e+00,5.0477540e+00,1.9312319e-02
6.0861748e-01,5.0477714e+00,9.5504292e-03
4.2779556e+00,5.0483458e+00,6.7262922e-03
5.9972981e+00,5.0484828e+00,1.9079185e-02
6.6570548e+00,5.0526842e+00,1.9562197e-02
8.6468219e+00,5.0543364e+00,1.7268625e-02
8.4065749e+00,5.0584131e+00,1.5879981e-02
2.0660056e+00,5.0590788e+00,1.0877427e-02
2.9345430e+00,5.0592875e+00,5.7467577e-03
4.5839659e+00,5.0605217e+00,5.8571124e-03
4.1950181e+00,5.0613115e+00,6.5402389e-03
7.3272704e+00,5.0623666e+00,2.1143205e-02
6.9671686e-01,5.0626357e+00,9.3744169e-03
7.2391852e+00,5.0629070e+00,2.0332697e-02
1.2027004e+00,5.0705907e+00,9.0791763e-03
1.1351838e+00,5.0706924e+00,8.9003472e-03
3.8665397e+00,5.0804968e+00,6.2167472e-03
9.7787509e-01,5.0806668e+00,9.4610243e-03
8.8237439e-01,5.0811099e+00,9.7834177e-03
9.6293887e+00,5.0826572e+00,1.5621938e-02
1.9733981e+00,5.0828508e+00,9.3327794e-03
8.5663348e+00,5.0829863e+00,1.7377307e-02
6.9842790e+00,5.0830636e+00,1.8693031e-02
3.0270257e+00,5.0832777e+00,5.6489377e-03
3.4513620e-02,5.0833333e+00,8.4020113e-03
5.5634684e+00,5.0833333e+00,1.7555443e-02
4.9654580e+00,5.0833333e+00,5.2703587e-03
9.7084707e+00,5.0840687e+00,1.6374834e-02
2.4527676e+00,5.0858018e+00,6.1356790e-03
2.5578561e+00,5.0858857e+00,5.5776278e-03
9.1132826e+00,5.0870816e+00,1.7456573e-02
5.7567529e+00,5.0881375e+00,1.7725921e-02
9.4674859e+00,5.0885263e+00,1.6702874e-02
6.8341279e+00,5.0887553e+00,1.9258479e-02
7.0776231e+00,5.0887988e+00,1.9195659e-02
4.8030959e-01,5.0899199e+00,9.6841737e-03
9.2727706e+00,5.0928581e+00,1.6518200e-02
4.8138874e+00,5.0929500e+00,5.5600130e-03
9.0102344e+00,5.0936810e+00,1.7489786e-02
1.8956416e-01,5.0943288e+00,9.4173494e-03
5.8257466e+00,5.0944384e+00,1.7809198e-02
1.4749104e+00,5.0970131e+00,9.4443534e-03
2.8281017e-01,5.0970973e+00,9.9777608e-03
1.3727504e+00,5.0977427e+00,9.1498700e-03
3.7769743e+00,5.0986443e+00,7.0132071e-03
1.6897322e+00,5.0991969e+00,9.7339096e-03
3.3095857e+00,5.1016924e+00,6.0547750e-03
7.9258653e+00,5.1035173e+00,1.8590857e-02
4.7356885e+00,5.1039326e+00,5.7422427e-03
2.2393808e+00,5.1045499e+00,1.1853062e-02
2.7610284e+00,5.1046244e+00,5.0281211e-03
3.5220754e+00,5.1060112e+00,5.9520343e-03
5.7590844e-01,5.1061568e+00,9.6626610e-03
7.4867764e+00,5.1071243e+00,1.9093796e-02
7.7219011e+00,5.1074913e+00,2.0386900e-02
6.3804413e+00,5.1083341e+00,1.9781245e-02
1.7942416e+00,5.1089655e+00,9.6177002e-03
8.7865909e+00,5.1100605e+00,1.7843710e-02
3.2060564e+00,5.1101087e+00,6.3070263e-03
8.1255456e+00,5.1124459e+00,1.7407976e-02
4.3301901e+00,5.1218982e+00,6.7838224e-03
9.8761671e+00,5.1225145e+00,1.7456398e-02
8.2291734e+00,5.1227696e+00,1.7535853e-02
4.4266879e+00,5.1265516e+00,6.8444079e-03
8.6972434e+00,5.1269314e+00,1.7173297e-02
6.4950105e+00,5.1295876e+00,2.0204534e-02
3.6110889e+00,5.1297538e+00,6.5157644e-03
6.9230654e+00,5.1303829e+00,1.9093591e-02
2.1348814e+00,5.1314053e+00,1.0525279e-02
2.8654591e+00,5.1314852e+00,5.7609541e-03
7.1477767e+00,5.1329654e+00,1.9692739e-02
7.3721328e+00,5.1360002e+00,1.9778036e-02
6.2195908e+00,5.1360751e+00,1.9191081e-02
9.3685827e+00,5.1388486e+00,1.7021021e-02
4.0060204e+00,5.1401659e+00,5.9906021e-03
9.1790325e+00,5.1435409e+00,1.6469231e-02
9.9891620e-01,5.1474325e+00,8.6341245e-03
1.0870179e+00,5.1479835e+00,9.2063845e-03
9.5679684e+00,5.1482686e+00,1.5951179e-02
7.3535015e-01,5.1536614e+00,9.5400580e-03
8.3866120e+00,5.1552661e+00,1.6473508e-02
7.8356106e+00,5.1554730e+00,1.8892953e-02
4.1497117e+00,5.1558375e+00,5.8048753e-03
8.1277610e-01,5.1567276e+00,9.5779742e-03
1.2451123e+00,5.1573429e+00,9.2234192e-03
9.7618738e+00,5.1574840e+00,1.7237094e-02
5.9636477e+00,5.1586453e+00,1.8966830e-02
2.6041483e+00,5.1592973e+00,6.0149543e-03
8.0401170e+00,5.1613922e+00,1.8129207e-02
4.5684407e-01,5.1632356e+00,9.7399390e-03
4.8399560e+00,5.1636072e+00,5.6135154e-03
5.6121879e+00,5.1638091e+00,1.7793009e-02
6.3333584e+00,5.1644711e+00,1.9674451e-02
1.6356170e-01,5.1649225e+00,9.4211399e-03
8.9630396e+00,5.1651943e+00,1.8225331e-02
4.5796888e+00,5.1659678e+00,5.9858652e-03
7.5330770e+00,5.1663357e+00,2.0744902e-02
8.4697885e-02,5.1666667e+00,8.6195328e-03
4.9153110e+00,5.1666667e+00,5.3990453e-03
3.9090980e+00,5.1669165e+00,5.6815526e-03
3.1416680e-01,5.1676910e+00,9.8573500e-03
6.6956614e+00,5.1677922e+00,1.9788610e-02
1.5342596e+00,5.1680695e+00,9.1469478e-03
1.6314050e+00,5.1691789e+00,9.2891006e-03
7.6407034e+00,5.1693814e+00,2.0401359e-02
1.3355391e+00,5.1696782e+00,9.3922971e-03
1.9326811e+00,5.1707484e+00,9.2442717e-03
3.0674491e+00,5.1713423e+00,5.4935940e-03
2.7033006e+00,5.1717033e+00,4.9142009e-03
3.3677792e+00,5.1719946e+00,6.0082423e-03
5.7043304e+00,5.1724695e+00,1.7354455e-02
2.4014190e+00,5.1728826e+00,7.8687594e-03
8.8487088e+00,5.1732450e+00,1.7909499e-02
3.4639471e+00,5.1733215e+00,5.5836168e-03
4.7044306e+00,5.1745899e+00,5.6826941e-03
6.7722823e+00,5.1785373e+00,1.9960882e-02
1.8327768e+00,5.1801958e+00,9.6931753e-03
3.1673540e+00,5.1811837e+00,6.1024404e-03
8.2769907e+00,5.1815719e+00,1.7308569e-02
5.8578679e+00,5.1839355e+00,1.7983301e-02
2.3023186e+00,5.1852959e+00,1.0748257e-02
8.5821285e+00,5.1875516e+00,1.7047825e-02
4.2954178e+00,5.1912926e+00,6.0243589e-03
3.7288090e+00,5.1940753e+00,8.1040911e-03
6.0219521e-01,5.1944289e+00,9.7473970e-03
3.8572975e-01,5.1963698e+00,9.8784371e-03
4.4918052e+00,5.1972255e+00,6.8602431e-03
6.5495995e+00,5.1993290e+00,2.0336889e-02
4.0573388e+00,5.2012297e+00,6.6310901e-03
9.9451480e+00,5.2032323e+00,1.6819466e-02
3.6436841e+00,5.2060754e+00,7.2003506e-03
4.6296751e+00,5.2067066e+00,5.9561143e-03
4.1978770e+00,5.2122661e+00,6.0283206e-03
8.6617997e+00,5.2132763e+00,1.6931462e-02
6.9328698e+00,5.2152258e+00,2.0496298e-02
4.7670245e+00,5.2191628e+00,5.7640191e-03
7.1360480e+00,5.2195889e+00,1.9893738e-02
6.1883551e+00,5.2201162e+00,1.8819686e-02
2.3659143e-01,5.2204781e+00,9.7652460e-03
9.3855484e-01,5.2207972e+00,8.3705684e-03
8.4377724e+00,5.2254489e+00,1.6256181e-02
2.1056392e+00,5.2268151e+00,1.0226843e-02
6.7353754e-01,5.2270693e+00,1.0077256e-02
6.0131503e+00,5.2271625e+00,1.9102733e-02
8.4791544e-01,5.2296491e+00,9.3095125e-03
2.9174202e+00,5.2297205e+00,5.7544301e-03
5.2926349e-01,5.2301359e+00,9.7295712e-03
7.3294821e+00,5.2306570e+00,1.9427104e-02
6.6407476e+00,5.2316545e+00,1.9641398e-02
2.5541379e+00,5.2325838e+00,6.2921761e-03
9.1654057e+00,5.2344016e+00,1.6244537e-02
9.3788776e+00,5.2359067e+00,1.6968177e-02
1.1118366e+00,5.2377370e+00,1.0124168e-02
1.9960464e+00,5.2423863e+00,9.5452704e-03
8.5354752e+00,5.2447574e+00,1.6677650e-02
3.0269275e+00,5.2455874e+00,5.4804300e-03
2.4564973e+00,5.2462530e+00,7.5874100e-03
5.5487195e+00,5.2471425e+00,1.6716928e-02
1.2024144e+00,5.2471982e+00,9.9725741e-03
6.3594317e+00,5.2490742e+00,2.0113844e-02
7.4977888e+00,5.2499199e+00,2.0574788e-02
5.0184265e-02,5.2500000e+00,9.2636627e-03
4.9498530e+00,5.2500000e+00,5.7759634e-03
6.1093197e+00,5.2500917e+00,1.9364883e-02
6.8291846e+00,5.2508829e+00,2.0164529e-02
1.4766824e+00,5.2516638e+00,9.1199138e-03
1.3801218e+00,5.2525430e+00,9.6454497e-03
3.8696928e+00,5.2530527e+00,5.3886487e-03
3.3300889e+00,5.2564618e+00,6.1185401e-03
3.2331930e+00,5.2572346e+00,5.7369854e-03
9.5707676e+00,5.2586357e+00,1.6075369e-02
5.7318725e+00,5.2598963e+00,1.7585607e-02
4.3316226e+00,5.2604668e+00,6.0954634e-03
3.5129126e+00,5.2610801e+00,5.5744851e-03
3.7789692e+00,5.2620639e+00,6.8858811e-03
8.8103914e+00,5.2621629e+00,1.6571898e-02
5.8164162e+00,5.2650614e+00,1.7359814e-02
8.2169990e+00,5.2652078e+00,1.7765667e-02
7.2329869e+00,5.2653156e+00,1.9020070e-02
7.6496532e+00,5.2671070e+00,1.9946455e-02
2.7523947e+00,5.2671977e+00,4.9851024e-03
8.0429865e+00,5.2673905e+00,1.7948045e-02
6.5054599e+00,5.2679943e+00,2.0769267e-02
3.6036362e+00,5.2700913e+00,6.7738164e-03
4.4705283e+00,5.2708677e+00,6.5534152e-03
2.2613945e+00,5.2715615e+00,1.1147123e-02
9.0139699e+00,5.2745138e+00,1.6312458e-02
4.7635691e+00,5.2795624e+00,5.7897907e-03
9.2694387e+00,5.2807768e+00,1.7009454e-02
1.6797809e+00,5.2811387e+00,9.4434722e-03
1.7766433e+00,5.2823870e+00,9.4195327e-03
9.7540422e+00,5.2824199e+00,1.7059867e-02
7.8336300e+00,5.2844097e+00,1.8794636e-02
8.7128298e+00,5.2853233e+00,1.6707771e-02
7.4088374e+00,5.2853653e+00,2.0361359e-02
9.7963250e-01,5.2853802e+00,8.5931595e-03
2.1692146e+00,5.2862253e+00,1.0172469e-02
6.9841125e+00,5.2873346e+00,2.0197845e-02
6.2771743e+00,5.2903227e+00,1.8758238e-02
6.4295294e+00,5.2909017e+00,2.0255868e-02
9.9111472e+00,5.2925181e+00,1.6452404e-02
3.6983053e-01,5.2933297e+00,9.9917454e-03
4.4028858e+00,5.2933702e+00,7.1371292e-03
2.6958803e-01,5.2941728e+00,9.4924611e-03
7.0559235e+00,5.2948503e+00,2.0085773e-02
9.4805800e+00,5.2959515e+00,1.6058770e-02
2.8620836e+00,5.2983541e+00,5.4697526e-03
2.5960741e+00,5.2998479e+00,6.6374911e-03
1.0648125e+00,5.3017692e+00,9.2429657e-03
4.6146368e+00,5.3038826e+00,6.0305512e-03
7.5618135e+00,5.3045794e+00,1.9826102e-02
5.0677845e-01,5.3049321e+00,9.5366751e-03
9.0947666e+00,5.3053751e+00,1.6315689e-02
8.1157191e+00,5.3075243e+00,1.7409932e-02
4.2057302e+00,5.3097537e+00,6.0961959e-03
8.1198622e-01,5.3138949e+00,9.5829100e-03
7.1503427e-01,5.3143813e+00,9.8932707e-03
8.4073863e+00,5.3149233e+00,1.6861344e-02
4.0080846e+00,5.3171396e+00,5.9304623e-03
1.9658892e+00,5.3172460e+00,9.4524618e-03
3.0907902e+00,5.3200055e+00,5.3081093e-03
1.5235689e+00,5.3208948e+00,9.1223494e-03
3.1971509e+00,5.3218113e+00,5.3333913e-03
2.6951786e+00,5.3220558e+00,5.8699032e-03
5.9516839e+00,5.3234168e+00,1.8495270e-02
8.8697430e+00,5.3249462e+00,1.6366235e-02
1.3302882e+00,5.3253598e+00,9.6526359e-03
8.2518255e+00,5.3258414e+00,1.7787204e-02
4.2861426e+00,5.3258774e+00,5.6821691e-03
5.5932283e+00,5.3268994e+00,1.6684347e-02
6.8300681e+00,5.3282486e+00,2.0203340e-02
5.6842387e+00,5.3309929e+00,1.6853373e-02
4.6859370e+00,5.3321655e+00,5.9293673e-03
1.2430075e+00,5.3323503e+00,9.6700149e-03
8.4992553e-02,5.3333333e+00,9.2825359e-03
4.9153110e+00,5.3333333e+00,5.7551859e-03
9.6636303e+00,5.3336158e+00,1.7090909e-02
3.3914044e+00,5.3336160e+00,6.1456686e-03
7.7288702e+00,5.3341536e+00,1.9689154e-02
4.1845981e-01,5.3349917e+00,1.0163445e-02
4.8365007e+00,5.3351180e+00,5.6339489e-03
2.4500216e+00,5.3355642e+00,7.6656454e-03
5.8607296e+00,5.3360254e+00,1.7576977e-02
9.8343346e+00,5.3367361e+00,1.6012304e-02
4.5433736e+00,5.3367860e+00,6.3657328e-03
3.4780602e+00,5.3369074e+00,6.0610253e-03
7.9267542e+00,5.3384523e+00,1.8791550e-02
3.9173610e+00,5.3422120e+00,5.3564539e-03
6.6520332e+00,5.3438031e+00,1.9954817e-02
8.9589907e+00,5.3453477e+00,1.6566156e-02
8.5478596e+00,5.3464487e+00,1.6669540e-02
8.3346122e+00,5.3466516e+00,1.7565693e-02
3.6635582e+00,5.3473445e+00,6.7302924e-03
1.8463903e+00,5.3477994e+00,9.3636987e-03
2.3008239e+00,5.3482845e+00,1.1152283e-02
1.6295220e+00,5.3492602e+00,9.0577306e-03
3.7537664e+00,5.3513172e+00,6.6933726e-03
6.9303312e+00,5.3572378e+00,1.9883622e-02
9.2751750e+00,5.3574754e+00,1.7095838e-02
9.5581776e-01,5.3576122e+00,8.9206509e-03
6.5802930e+00,5.3586038e+00,2.0341889e-02
6.0964702e+00,5.3598918e+00,1.9366763e-02
8.6942030e+00,5.3616238e+00,1.6829031e-02
7.2009641e+00,5.3645592e+00,2.0154866e-02
2.3859779e-01,5.3652394e+00,9.3436936e-03
4.1575649e+00,5.3661824e+00,6.4280455e-03
7.4111051e+00,5.3674321e+00,2.0577551e-02
2.5380675e+00,5.3691546e+00,7.2584955e-03
6.2625726e+00,5.3710055e+00,1.8560404e-02
4.0562499e+00,5.3735683e+00,5.9435427e-03
5.7078454e-01,5.3740129e+00,9.6126284e-03
2.1232105e+00,5.3748741e+00,9.3650485e-03
9.9659992e+00,5.3750000e+00,1.5142900e-02
6.4151489e+00,5.3761179e+00,1.9192911e-02
1.6154566e-01,5.3766221e+00,8.5579746e-03
8.7881087e-01,5.3772749e+00,9.3610601e-03
8.4724302e+00,5.3782281e+00,1.6706950e-02
2.3877435e+00,5.3796211e+00,1.0644081e-02
6.7946712e-01,5.3831128e+00,9.5104353e-03
7.1006030e+00,5.3834788e+00,2.0094129e-02
6.0034935e+00,5.3865016e+00,1.8553346e-02
2.9078347e+00,5.3871906e+00,5.9525828e-03
1.4758967e+00,5.3881229e+00,9.0921061e-03
7.5559259e+00,5.3900886e+00,1.9641993e-02
2.0294778e+00,5.3903237e+00,9.9634915e-03
6.7421031e+00,5.3914716e+00,2.0083070e-02
3.2485465e+00,5.3916054e+00,5.2979847e-03
1.3791766e+00,5.3917087e+00,9.5138909e-03
8.6109245e+00,5.3932626e+00,1.6645905e-02
4.3919464e+00,5.3979734e+00,6.9369287e-03
1.1131471e+00,5.3980647e+00,9.3373849e-03
4.7171949e+00,5.4028228e+00,5.8138097e-03
8.1034727e+00,5.4037984e+00,1.6883070e-02
3.3459041e+00,5.4041829e+00,5.5116944e-03
9.4440383e+00,5.4056186e+00,1.5970156e-02
5.8279682e+00,5.4056790e+00,1.6912164e-02
4.8104321e+00,5.4057752e+00,5.7814287e-03
5.7360211e+00,5.4058115e+00,1.7247831e-02
3.0850578e+00,5.4076253e+00,5.7413730e-03
9.1197306e+00,5.4089722e+00,1.7192637e-02
4.5194414e+00,5.4094703e+00,6.4716433e-03
8.1826173e+00,5.4100348e+00,1.7134260e-02
6.1609038e+00,5.4105991e+00,1.9276766e-02
8.8315423e+00,5.4108921e+00,1.6474052e-02
3.5475917e+00,5.4127938e+00,5.9737288e-03
5.5445087e+00,5.4130903e+00,1.6671205e-02
3.6423661e+00,5.4142197e+00,6.1819220e-03
9.1961060e+00,5.4146973e+00,1.7199711e-02
7.3479207e+00,5.4149381e+00,2.0716773e-02
6.3304494e+00,5.4149733e+00,1.8903527e-02
3.4808288e-02,5.4166667e+00,8.9993525e-03
4.9654580e+00,5.4166667e+00,5.1365376e-03
4.3245787e+00,5.4171654e+00,6.5184920e-03
7.4941688e+00,5.4174959e+00,1.9593699e-02
7.2540616e+00,5.4179247e+00,2.1470395e-02
1.2007643e+00,5.4191847e+00,9.4130169e-03
2.7257323e+00,5.4206543e+00,6.3250769e-03
9.3480722e+00,5.4222724e+00,1.6198790e-02
6.4717635e+00,5.4228738e+00,1.9165971e-02
8.7535639e+00,5.4244093e+00,1.6796347e-02
6.5609771e+00,5.4282670e+00,1.9508115e-02
3.8748027e+00,5.4286318e+00,6.2007579e-03
3.8019317e+00,5.4287257e+00,6.4396569e-03
1.0476608e+00,5.4309350e+00,9.3860351e-03
2.5758334e+00,5.4339299e+00,7.2893552e-03
1.6507028e+00,5.4342793e+00,9.1939459e-03
3.0090504e+00,5.4357960e+00,5.8502436e-03
1.8478247e+00,5.4393322e+00,9.8614985e-03
4.1432892e-01,5.4407658e+00,1.0059940e-02
9.6806046e+00,5.4412992e+00,1.6771263e-02
6.9638480e+00,5.4415610e+00,1.9666271e-02
2.2549044e+00,5.4420259e+00,1.0807003e-02
4.1861277e+00,5.4432106e+00,7.3202165e-03
4.4356567e+00,5.4481551e+00,6.8853871e-03
8.3134486e+00,5.4526157e+00,1.7324004e-02
7.6948383e+00,5.4538270e+00,1.9057342e-02
2.1694709e+00,5.4539517e+00,1.0116395e-02
7.9427333e+00,5.4542418e+00,1.8526002e-02
3.1838933e+00,5.4545314e+00,5.7431752e-03
2.8286996e+00,5.4546327e+00,6.1882448e-03
8.9787015e+00,5.4563990e+00,1.6545833e-02
7.0623089e+00,5.4602863e+00,2.0059967e-02
9.8321764e+00,5.4604240e+00,1.5848567e-02
1.9605086e+00,5.4615035e+00,1.0016907e-02
2.6643938e+00,5.4632217e+00,6.8847193e-03
8.4579399e+00,5.4638613e+00,1.6918073e-02
5.1690136e-01,5.4648307e+00,9.9301932e-03
5.9744960e+00,5.4659010e+00,1.7853432e-02
3.3470939e-01,5.4701704e+00,1.0029086e-02
5.7127846e+00,5.4709246e+00,1.6493028e-02
1.3500747e+00,5.4718592e+00,9.4831368e-03
3.3765770e+00,5.4721690e+00,5.7693279e-03
4.0224346e+00,5.4722627e+00,6.4583246e-03
7.6097336e+00,5.4722896e+00,1.9018617e-02
5.8899251e+00,5.4724697e+00,1.6835620e-02
9.9089890e+00,5.4757297e+00,1.5333010e-02
1.5194135e+00,5.4770662e+00,9.4492716e-03
4.2727291e+00,5.4780698e+00,6.8239762e-03
8.0467191e+00,5.4794541e+00,1.7779059e-02
9.2690032e+00,5.4794943e+00,1.6292421e-02
6.7940131e+00,5.4796602e+00,1.9564051e-02
4.5523449e+00,5.4807335e+00,6.1395391e-03
9.5076492e+00,5.4821429e+00,1.6901537e-02
5.6122827e+00,5.4822969e+00,1.6524874e-02
8.2219669e+00,5.4857212e+00,1.7117227e-02
8.5128334e-01,5.4861558e+00,9.4591324e-03
2.3902335e+00,5.4863560e+00,1.0574291e-02
9.6165472e+00,5.4863668e+00,1.6900818e-02
8.8981953e+00,5.4864255e+00,1.6520287e-02
8.6036086e+00,5.4878907e+00,1.6879408e-02
9.0586448e+00,5.4891623e+00,1.6996759e-02
7.4889154e-01,5.4915074e+00,9.5716225e-03
6.1379308e+00,5.4917455e+00,1.9366890e-02
1.2589431e+00,5.4923448e+00,9.5519214e-03
4.6953761e+00,5.4944556e+00,6.1471263e-03
1.5882665e+00,5.4948573e+00,9.1022157e-03
4.8369156e+00,5.4968686e+00,5.9372233e-03
1.6341810e-01,5.4971539e+00,8.6739890e-03
4.1002517e+00,5.4974679e+00,6.9435370e-03
3.7009305e+00,5.4983384e+00,6.2724107e-03
6.9154950e+00,5.5007603e+00,1.9474864e-02
3.9317110e+00,5.5022538e+00,6.4438539e-03
6.3181728e+00,5.5038834e+00,1.8771617e-02
7.3733929e+00,5.5039689e+00,2.0417837e-02
7.2279114e+00,5.5042086e+00,2.0986143e-02
6.4679043e+00,5.5044112e+00,1.8862705e-02
8.3717325e+00,5.5065206e+00,1.6897862e-02
2.5440007e+00,5.5065231e+00,8.9617335e-03
8.6956285e+00,5.5066799e+00,1.6676200e-02
1.6929654e+00,5.5074047e+00,1.0047506e-02
3.5178102e+00,5.5084791e+00,5.9345842e-03
3.7702879e+00,5.5088717e+00,6.2044579e-03
8.6864990e-02,5.5094207e+00,8.8875169e-03
4.9131313e+00,5.5095447e+00,5.0829069e-03
9.7688582e+00,5.5137912e+00,1.6693327e-02
1.7700813e+00,5.5151667e+00,9.9430998e-03
1.0281256e+00,5.5155906e+00,9.8173058e-03
7.5055352e+00,5.5172157e+00,1.9165037e-02
6.0444997e+00,5.5204375e+00,1.7939094e-02
6.6069109e+00,5.5221701e+00,1.9221538e-02
7.8684939e+00,5.5239272e+00,1.8488427e-02
2.3046799e+00,5.5244599e+00,1.0379110e-02
7.7573247e+00,5.5259411e+00,1.9610309e-02
3.4409765e+00,5.5260454e+00,5.9337469e-03
8.5260534e+00,5.5267100e+00,1.7040472e-02
4.6257584e+00,5.5279651e+00,6.2871950e-03
1.4337039e+00,5.5316088e+00,9.4662527e-03
2.8457483e+00,5.5316656e+00,6.9621971e-03
3.2336930e+00,5.5322171e+00,6.2351817e-03
1.9738941e+00,5.5327873e+00,1.0325049e-02
2.4600080e+00,5.5370770e+00,1.0166637e-02
3.3290193e+00,5.5372771e+00,6.2286048e-03
3.0105627e+00,5.5374951e+00,6.7073412e-03
4.4275362e+00,5.5382925e+00,6.3585417e-03
5.7782064e+00,5.5391134e+00,1.4986819e-02
5.5774694e-01,5.5406782e+00,1.0087626e-02
5.8633998e+00,5.5407910e+00,1.6035440e-02
6.2273229e+00,5.5410619e+00,1.9212429e-02
7.0952556e+00,5.5461651e+00,2.1011868e-02
6.3990131e+00,5.5465654e+00,1.8901726e-02
3.2333993e-01,5.5466704e+00,9.5537922e-03
7.3056430e+00,5.5503375e+00,2.0274075e-02
9.0875500e-01,5.5511487e+00,9.5671553e-03
4.4932668e+00,5.5511712e+00,6.2143627e-03
2.1295483e+00,5.5518100e+00,9.6888089e-03
6.7183029e+00,5.5541178e+00,1.9387779e-02
7.4479438e+00,5.5561826e+00,1.9303113e-02
9.2390891e+00,5.5574894e+00,1.6273514e-02
7.5768620e+00,5.5578679e+00,1.8436524e-02
6.8105454e-01,5.5582550e+00,9.6400150e-03
4.2932225e+00,5.5598230e+00,6.4960841e-03
6.5476266e+00,5.5602242e+00,1.9089954e-02
2.2910076e-01,5.5622712e+00,9.0084344e-03
4.7708286e+00,5.5625083e+00,6.0999356e-03
7.1645626e+00,5.5631345e+00,2.0601530e-02
3.6611656e+00,5.5634397e+00,6.1685754e-03
9.9429898e+00,5.5650154e+00,1.6783390e-02
8.8634380e+00,5.5655222e+00,1.6626105e-02
4.1288966e+00,5.5659044e+00,6.9952647e-03
2.9263957e+00,5.5659226e+00,7.1515200e-03
1.6305291e+00,5.5679826e+00,1.0022922e-02
2.0478351e+00,5.5691029e+00,9.8211046e-03
5.6149868e+00,5.5698069e+00,1.3608793e-02
2.6683717e+00,5.5706064e+00,8.8630888e-03
8.7388497e+00,5.5722593e+00,1.6380678e-02
9.1051061e+00,5.5728824e+00,1.6456574e-02
3.5728196e+00,5.5750063e+00,6.0634547e-03
1.2191461e+00,5.5772767e+00,9.6874380e-03
9.4783395e+00,5.5795434e+00,1.7201023e-02
3.8919696e+00,5.5798903e+00,6.3045407e-03
8.0840040e+00,5.5813437e+00,1.8066266e-02
8.1801072e+00,5.5813744e+00,1.7656737e-02
3.8034175e+00,5.5864142e+00,6.1759922e-03
6.0345867e+00,5.5891148e+00,1.7491989e-02
1.1009832e+00,5.5898555e+00,1.0040981e-02
3.3934188e+00,5.5911535e+00,6.1759294e-03
9.6364461e+00,5.5916372e+00,1.7354576e-02
2.5963905e+00,5.5918608e+00,9.3120821e-03
5.2056702e-02,5.5927540e+00,9.0867427e-03
4.9476732e+00,5.5928780e+00,5.2317118e-03
4.2352661e+00,5.5934003e+00,6.7396900e-03
1.8980647e+00,5.5954239e+00,1.0272279e-02
6.9306515e+00,5.5977711e+00,2.0509429e-02
4.3759678e+00,5.5981773e+00,6.4246300e-03
1.8069359e+00,5.5999746e+00,1.0217817e-02
8.3938835e+00,5.6028874e+00,1.6026265e-02
5.9380578e+00,5.6028996e+00,1.6355617e-02
5.7249174e+00,5.6066415e+00,1.2999371e-02
3.1952881e+00,5.6068831e+00,6.9356771e-03
3.0873096e+00,5.6089856e+00,6.8963492e-03
8.5054341e+00,5.6108599e+00,1.6281231e-02
5.5472129e+00,5.6117115e+00,1.2892991e-02
2.7960763e+00,5.6128597e+00,8.6480646e-03
2.2824433e+00,5.6134219e+00,1.0073265e-02
1.4237973e+00,5.6134263e+00,9.7924912e-03
5.0198838e-01,5.6217343e+00,1.0778334e-02
6.2173590e+00,5.6224477e+00,1.8947301e-02
9.7622236e+00,5.6240317e+00,1.7028826e-02
7.0119512e+00,5.6244506e+00,2.0650190e-02
4.5970342e+00,5.6248094e+00,6.2386699e-03
4.0546112e-01,5.6248977e+00,9.9653624e-03
7.8878996e+00,5.6253669e+00,1.8233603e-02
4.5108060e+00,5.6266549e+00,6.4216186e-03
6.7546496e+00,5.6275835e+00,1.9956862e-02
2.1927452e+00,5.6288462e+00,1.0525669e-02
7.3135829e+00,5.6306688e+00,1.9917466e-02
9.3017978e+00,5.6309413e+00,1.7502404e-02
2.4417107e+00,5.6310917e+00,1.0642780e-02
6.4237031e+00,5.6320784e+00,1.9033293e-02
9.3983684e+00,5.6336931e+00,1.7266481e-02
9.5591917e+00,5.6341463e+00,1.7513635e-02
1.3003710e+00,5.6386086e+00,9.9952653e-03
4.0987618e+00,5.6402710e+00,6.7781533e-03
8.8992146e+00,5.6407199e+00,1.7025565e-02
6.1180539e+00,5.6418085e+00,1.7720967e-02
6.5262698e+00,5.6423871e+00,1.9126835e-02
2.7232303e+00,5.6431884e+00,8.7247752e-03
7.0645199e-01,5.6435561e+00,1.0194664e-02
8.0411026e+00,5.6460239e+00,1.8467778e-02
7.7076382e+00,5.6463372e+00,1.9617506e-02
8.9187666e-01,5.6465854e+00,1.0202264e-02
6.8455164e+00,5.6501368e+00,2.0043458e-02
9.9046480e+00,5.6502139e+00,1.7071478e-02
3.6889358e+00,5.6510731e+00,6.6795108e-03
8.7100378e+00,5.6527530e+00,1.6781295e-02
7.4519201e+00,5.6529244e+00,1.9440203e-02
2.0124721e+00,5.6541334e+00,9.2357092e-03
9.0713425e+00,5.6544393e+00,1.6897655e-02
9.6938688e+00,5.6568100e+00,1.6900889e-02
2.3592582e-01,5.6571880e+00,8.9169565e-03
4.7634438e+00,5.6582507e+00,5.9496706e-03
3.9359152e+00,5.6587117e+00,6.5775056e-03
7.6122802e+00,5.6598014e+00,1.9726188e-02
1.9248560e+00,5.6619993e+00,9.5479071e-03
7.9513094e+00,5.6622385e+00,1.8802430e-02
3.7618303e+00,5.6635143e+00,6.6129318e-03
1.6132521e+00,5.6645064e+00,9.7622083e-03
2.5312446e+00,5.6653320e+00,1.1106006e-02
1.0586606e+00,5.6659222e+00,1.0735323e-02
2.3496996e+00,5.6693326e+00,1.0800316e-02
4.9108609e+00,5.6698784e+00,5.1378301e-03
8.8932367e-02,5.6698916e+00,9.2224381e-03
8.2565682e+00,5.6713089e+00,1.7388942e-02
2.9422243e+00,5.6721131e+00,8.6474604e-03
5.7452717e+00,5.6727124e+00,1.3923920e-02
8.3649877e+00,5.6745573e+00,1.7629244e-02
8.9801517e+00,5.6759434e+00,1.6869046e-02
4.3890591e+00,5.6764064e+00,6.5845671e-03
7.1905407e+00,5.6770786e+00,2.0003226e-02
8.5540238e+00,5.6774896e+00,1.6682662e-02
3.3774194e+00,5.6780400e+00,7.4748473e-03
5.9487151e+00,5.6784714e+00,1.5827747e-02
4.0233389e+00,5.6806470e+00,6.7106214e-03
7.3853093e+00,5.6810419e+00,1.9611668e-02
8.0938009e-01,5.6843695e+00,1.0428395e-02
9.8212008e+00,5.6856248e+00,1.5404509e-02
3.4254342e-01,5.6859501e+00,8.9771166e-03
5.5566464e-01,5.6864879e+00,1.0574314e-02
4.6592671e+00,5.6870423e+00,5.7956350e-03
9.6892467e-01,5.6870940e+00,1.0284664e-02
3.5425340e+00,5.6871532e+00,7.3553040e-03
6.3682064e-01,5.6907328e+00,9.9034484e-03
1.5149891e+00,5.6910294e+00,1.0271044e-02
4.4581667e+00,5.6920052e+00,6.5197755e-03
8.6378512e+00,5.6926227e+00,1.6828814e-02
1.7763182e+00,5.6950297e+00,9.2813324e-03
7.0124449e+00,5.6958032e+00,1.9874319e-02
1.7231054e-01,5.6969862e+00,9.0454894e-03
4.2450094e+00,5.6970564e+00,6.7232530e-03
4.8272604e+00,5.6973891e+00,5.2315676e-03
7.2618295e+00,5.6984840e+00,1.9494408e-02
7.7822859e+00,5.6988107e+00,1.7362379e-02
3.2746149e+00,5.6988296e+00,7.7183338e-03
3.0451144e+00,5.7005260e+00,8.6193618e-03
6.6572995e+00,5.7011205e+00,1.9355247e-02
6.3033190e+00,5.7011467e+00,1.8822635e-02
2.8747236e+00,5.7016898e+00,8.4807768e-03
6.3888839e+00,5.7045085e+00,1.8802095e-02
5.8616835e+00,5.7074569e+00,1.4422161e-02
6.5564291e+00,5.7077745e+00,1.9343234e-02
6.0752190e+00,5.7096592e+00,1.6934619e-02
9.5461731e+00,5.7155496e+00,1.7600168e-02
7.5449298e+00,5.7158910e+00,1.9561680e-02
1.2714871e+00,5.7177504e+00,9.9654392e-03
2.1564241e+00,5.7185056e+00,1.0261163e-02
4.1708832e+00,5.7222608e+00,6.8429904e-03
5.5472129e+00,5.7228226e+00,1.3972260e-02
9.4506969e+00,5.7254769e+00,1.7507755e-02
3.6209365e+00,5.7262298e+00,7.1996854e-03
2.0578641e+00,5.7264999e+00,1.0862172e-02
8.8494147e+00,5.7270435e+00,1.7318002e-02
9.9616581e+00,5.7280556e+00,1.7201697e-02
8.0564466e+00,5.7309960e+00,1.8088654e-02
7.1217274e+00,5.7314617e+00,1.9890952e-02
1.8607220e+00,5.7318636e+00,8.6559664e-03
8.7848262e+00,5.7323395e+00,1.7112910e-02
1.1479396e+00,5.7324852e+00,1.0966869e-02
9.2419677e+00,5.7355907e+00,1.7959314e-02
2.5336411e+00,5.7372227e+00,1.0151894e-02
1.6956004e+00,5.7396099e+00,9.5212152e-03
6.8479731e+00,5.7414324e+00,1.8943722e-02
4.3160571e+00,5.7417081e+00,6.6330461e-03
3.4515102e+00,5.7428158e+00,7.4117325e-03
4.9631876e+00,5.7436671e+00,4.5600362e-03
9.1454955e+00,5.7436957e+00,1.7531971e-02
3.6875665e-02,5.7438043e+00,7.7159843e-03
3.7940067e+00,5.7471420e+00,6.7577400e-03
7.9666534e+00,5.7472106e+00,1.8765500e-02
3.8795396e+00,5.7488633e+00,6.7976914e-03
8.0372824e-01,5.7510027e+00,1.0213944e-02
5.6866805e+00,5.7517202e+00,1.3147310e-02
2.7059270e+00,5.7524871e+00,9.6396596e-03
2.3477725e+00,5.7542683e+00,1.0436767e-02
3.8296716e-01,5.7570669e+00,9.2229692e-03
4.6195413e+00,5.7589227e+00,5.7371356e-03
6.9336019e+00,5.7604193e+00,1.9083840e-02
4.9956112e-01,5.7607681e+00,1.0145314e-02
8.2340266e+00,5.7610244e+00,1.7043040e-02
4.5046691e+00,5.7620401e+00,5.8408845e-03
7.0375406e-01,5.7623645e+00,1.0054883e-02
9.6792578e+00,5.7654971e+00,1.6557745e-02
8.5118917e+00,5.7698939e+00,1.8551823e-02
3.1138197e+00,5.7733666e+00,8.7688608e-03
3.2353417e+00,5.7737727e+00,8.7438790e-03
9.6045275e-01,5.7744947e+00,1.0278709e-02
9.8297737e+00,5.7746438e+00,1.4592093e-02
8.4344061e+00,5.7749340e+00,1.8437941e-02
7.3863748e+00,5.7752387e+00,1.9044219e-02
6.6852709e+00,5.7759389e+00,1.9083089e-02
6.1122874e+00,5.7772068e+00,1.8086267e-02
8.1248510e+00,5.7778021e+00,1.6998535e-02
4.0456436e+00,5.7778792e+00,7.1278133e-03
1.6919493e-01,5.7779134e+00,9.0866464e-03
4.8308093e+00,5.7779554e+00,4.9119559e-03
1.4842710e+00,5.7786862e+00,1.0111486e-02
8.9903518e+00,5.7807322e+00,1.7481902e-02
9.6088164e+00,5.7817276e+00,1.6650619e-02
2.6231955e+00,5.7817985e+00,9.7741784e-03
5.5985522e+00,5.7831094e+00,9.0863596e-03
8.6651342e+00,5.7839787e+00,1.7736540e-02
2.8710687e+00,5.7860461e+00,9.2065265e-03
5.8729500e+00,5.7875360e+00,1.5123759e-02
2.4421802e+00,5.7879181e+00,9.5672356e-03
7.7786314e+00,5.7900966e+00,1.6808593e-02
6.7850777e+00,5.7936976e+00,1.8775718e-02
9.4152704e+00,5.7947370e+00,1.7561381e-02
1.3230672e+00,5.7950286e+00,9.8419331e-03
6.2843888e+00,5.7953590e+00,1.8443752e-02
7.3145175e+00,5.7954276e+00,1.9414848e-02
7.5504274e+00,5.7956418e+00,1.8496190e-02
6.5077985e+00,5.7965390e+00,1.8133134e-02
2.2013611e+00,5.7982222e+00,1.0441492e-02
9.9132209e+00,5.7987566e+00,1.4580091e-02
8.7775289e-01,5.8006193e+00,1.0347536e-02
4.1307277e+00,5.8009806e+00,6.9599465e-03
1.1275701e+00,5.8010345e+00,1.0998723e-02
1.9083565e+00,5.8015255e+00,1.1156606e-02
6.4428201e+00,5.8035817e+00,1.8428721e-02
2.0178826e+00,5.8040277e+00,1.0590173e-02
4.9144097e+00,5.8060003e+00,4.2272648e-03
8.5816758e-02,5.8063745e+00,7.1649371e-03
2.2841647e+00,5.8064919e+00,8.9588250e-03
2.7751181e+00,5.8065148e+00,9.1809732e-03
3.6339145e+00,5.8067598e+00,7.3071264e-03
9.3031118e+00,5.8076025e+00,1.7420787e-02
8.7455712e+00,5.8084140e+00,1.7938614e-02
8.9176651e+00,5.8098137e+00,1.7336034e-02
6.2041974e+00,5.8118942e+00,1.6876613e-02
1.3938517e+00,5.8123364e+00,9.9531880e-03
5.7606647e+00,5.8124780e+00,1.1723538e-02
7.0956796e+00,5.8142165e+00,1.8272296e-02
7.9413626e+00,5.8150730e+00,1.8594717e-02
3.7340902e+00,5.8152308e+00,7.2503270e-03
3.1802315e-01,5.8182578e+00,8.6416620e-03
4.6837885e+00,5.8193532e+00,4.9153858e-03
9.0866396e+00,5.8198962e+00,1.8047414e-02
9.7561855e+00,5.8217377e+00,1.4509665e-02
1.0298193e+00,5.8218722e+00,1.0824642e-02
4.3472237e+00,5.8223108e+00,5.6842472e-03
6.6809042e-01,5.8238544e+00,9.8258668e-03
3.9165896e+00,5.8239576e+00,6.9732341e-03
5.4505349e-01,5.8265030e+00,1.0154800e-02
6.9757034e+00,5.8267851e+00,1.8724173e-02
7.4584833e+00,5.8268720e+00,1.8259531e-02
4.4667280e+00,5.8270440e+00,5.7501675e-03
7.8641117e+00,5.8274554e+00,1.7213950e-02
4.7753655e+00,5.8274996e+00,4.6767509e-03
8.5851371e+00,5.8277318e+00,1.8105593e-02
2.2604955e-01,5.8279272e+00,9.4777225e-03
1.6878378e+00,5.8308590e+00,9.1331386e-03
3.9952700e+00,5.8310382e+00,6.9011217e-03
3.4369624e+00,5.8319925e+00,9.0342405e-03
3.0817429e+00,5.8424022e+00,9.1121529e-03
8.3131969e+00,5.8678147e+00,1.7807534e-02
5.9648218e+00,5.8744808e+00,1.4636628e-02
6.0558529e+00,5.8758510e+00,1.6180862e-02
6.6224011e+00,5.8778754e+00,2.0572755e-02
8.4051569e+00,5.8784758e+00,1.8888891e-02
3.2886914e+00,5.8785398e+00,9.9263876e-03
1.5390720e+00,5.8804045e+00,1.0293081e-02
7.7075950e+00,5.8806722e+00,1.7982880e-02
2.9341705e+00,5.8811095e+00,1.0029180e-02
2.4502865e+00,5.8820922e+00,9.1234208e-03
7.6213891e+00,5.8826013e+00,1.6015203e-02
8.0840213e+00,5.8845923e+00,1.5953470e-02
2.6189480e+00,5.8846497e+00,8.9513324e-03
9.6141814e+00,5.8863148e+00,1.5792852e-02
1.1892520e+00,5.8880180e+00,1.0166066e-02
9.4561115e+00,5.8893969e+00,2.0254086e-02
6.5457992e+00,5.8918215e+00,1.7559172e-02
4.1526872e+00,5.8919276e+00,6.1349271e-03
9.9515628e+00,5.8921296e+00,1.5280882e-02
8.6947324e-01,5.8922964e+00,8.9981574e-03
7.3071810e+00,5.8928404e+00,1.8873625e-02
1.8971574e+00,5.8929329e+00,1.1109620e-02
3.5643906e+00,5.8932399e+00,8.3928663e-03
5.5513393e+00,5.8936202e+00,8.8870549e-03
1.6173810e+00,5.8937867e+00,1.1125009e-02
3.3671610e+00,5.8939591e+00,8.9383107e-03
6.3479543e+00,5.8940033e+00,1.7951806e-02
3.0086388e+00,5.8942017e+00,9.1454543e-03
2.0650169e+00,5.8954351e+00,1.0036110e-02
6.7822079e+00,5.8956340e+00,1.9256473e-02
4.9512221e+00,5.8956666e+00,5.7748438e-03
4.8941093e-02,5.8959035e+00,7.7840219e-03
1.2612015e+00,5.8967469e+00,1.0736803e-02
8.7524946e+00,5.8968227e+00,1.8879139e-02
7.1271810e+00,5.8971660e+00,1.7338159e-02
2.1499354e+00,5.8976239e+00,1.1399470e-02
6.4208207e+00,5.8988642e+00,1.9897439e-02
5.7325365e+00,5.8994228e+00,1.3671313e-02
1.7394895e+00,5.9000800e+00,8.8300257e-03
2.7798866e+00,5.9015782e+00,9.8175152e-03
3.4880418e+00,5.9016533e+00,8.1366944e-03
3.7756775e+00,5.9017109e+00,7.6177237e-03
9.2839529e+00,5.9022624e+00,1.7860599e-02
3.5131165e-01,5.9022744e+00,8.5549486e-03
4.3234741e+00,5.9027938e+00,5.4502018e-03
4.6562778e+00,5.9029536e+00,5.0907563e-03
8.9200000e+00,5.9035184e+00,1.8218198e-02
7.0145163e-01,5.9041698e+00,9.8579048e-03
9.7796327e+00,5.9053744e+00,1.3010042e-02
7.9903262e+00,5.9056486e+00,1.5923849e-02
2.2910724e+00,5.9058936e+00,9.8527069e-03
9.1039529e+00,5.9064511e+00,1.9538008e-02
5.2008136e-01,5.9068184e+00,1.0845853e-02
4.4985340e+00,5.9075270e+00,6.0140780e-03
3.8726440e+00,5.9087163e+00,7.8664684e-03
1.0331678e+00,5.9088557e+00,1.0074042e-02
8.5755741e+00,5.9096405e+00,1.8713939e-02
6.9472048e+00,5.9097346e+00,1.9453230e-02
6.2077629e+00,5.9105384e+00,1.4329868e-02
4.8034103e+00,5.9111000e+00,4.2707897e-03
2.0100471e-01,5.9119438e+00,7.8963905e-03
3.1376776e+00,5.9124692e+00,9.6406044e-03
7.4694450e+00,5.9138316e+00,1.5720282e-02
1.3903194e+00,5.9140547e+00,9.5806495e-03
4.0068798e+00,5.9157970e+00,5.6056995e-03
7.8530753e+00,5.9180310e+00,1.7040582e-02
9.5461115e+00,5.9325938e+00,1.9297479e-02
7.2171810e+00,5.9332294e+00,1.9165687e-02
2.5375000e+00,5.9342480e+00,8.0299950e-03
1.8204568e+00,5.9370723e+00,8.9640244e-03
4.2401408e+00,5.9383426e+00,6.1560096e-03
7.8895163e-01,5.9391411e+00,1.1080488e-02
4.3258136e-01,5.9417896e+00,1.0861484e-02
8.8300000e+00,5.9425266e+00,1.9149554e-02
4.5818673e+00,5.9430757e+00,5.6666811e-03
8.1411195e+00,5.9446833e+00,1.6638566e-02
8.2611195e+00,5.9446833e+00,2.0429485e-02
9.1939529e+00,5.9454593e+00,1.8726888e-02
6.8572048e+00,5.9457980e+00,2.0177173e-02
2.3627865e+00,5.9478442e+00,1.2303956e-02
3.2231041e+00,5.9482006e+00,9.6492892e-03
5.6113393e+00,5.9491757e+00,8.9245704e-03
1.4740570e+00,5.9496255e+00,1.0304983e-02
6.6850030e+00,5.9498360e+00,1.9263249e-02
5.8011971e+00,5.9502471e+00,1.0655766e-02
5.9211971e+00,5.9502471e+00,1.0030533e-02
2.7064480e+00,5.9504017e+00,9.9608684e-03
2.8734385e+00,5.9511765e+00,9.9423211e-03
4.8956666e+00,5.9512221e+00,2.2773830e-03
1.0727443e-01,5.9514591e+00,4.3347301e-03
6.1322282e+00,5.9516173e+00,1.1404840e-02
9.8915628e+00,5.9516534e+00,8.4768423e-03
7.7656509e+00,5.9522914e+00,1.8008447e-02
9.5552162e-01,5.9531553e+00,8.4203455e-03
4.0792130e+00,5.9535850e+00,4.9634609e-03
9.7080699e+00,5.9537210e+00,1.2356413e-02
7.5594450e+00,5.9542206e+00,1.6220409e-02
8.6624946e+00,5.9542961e+00,1.8807707e-02
3.6084781e+00,5.9552066e+00,8.3273004e-03
3.7195892e+00,5.9552066e+00,8.4022718e-03
8.4730795e+00,5.9553444e+00,1.9559104e-02
1.1276462e+00,5.9557003e+00,1.0158054e-02
2.0017006e+00,5.9558606e+00,1.0179754e-02
9.3700000e+00,5.9568031e+00,1.8421515e-02
2.2032859e+00,5.9580494e+00,1.1234791e-02
6.2955347e+00,5.9589212e+00,1.5961319e-02
7.3900000e+00,5.9596110e+00,1.5513420e-02
4.7410771e+00,5.9598779e+00,3.4709223e-03
2.6873029e-01,5.9604847e+00,6.5987155e-03
9.0100000e+00,5.9609918e+00,1.8833946e-02
3.9276668e+00,5.9622120e+00,7.3248769e-03
1.6690327e+00,5.9630077e+00,1.0654123e-02
3.4182403e+00,5.9636200e+00,7.3533370e-03
6.4884011e+00,5.9637821e+00,1.6594537e-02
7.0300000e+00,5.9639366e+00,1.7532935e-02
3.0645735e+00,5.9642686e+00,9.2156550e-03
1.3162624e+00,5.9644292e+00,9.6872993e-03
4.4166667e+00,5.9644513e+00,5.5419169e-03
6.1250000e-01,5.9650287e+00,9.6107192e-03
7.9274243e+00,5.9657396e+00,1.6488893e-02
