Points:0,Points:1,C
5.5833333e+00,2.9411765e-02,9.5285121e-03
1.0828077e+00,3.0169386e-02,3.4463813e-12
3.3375000e+00,3.1490122e-02,1.4453285e-04
2.8090030e+00,3.5275486e-02,1.3354978e-04
3.8625000e+00,3.6676048e-02,1.7506900e-04
7.7940461e+00,3.6920620e-02,2.2340577e-02
2.2875000e+00,3.7272246e-02,1.3504461e-04
6.7559728e+00,3.7311784e-02,2.2150262e-02
7.4841588e-01,3.7395326e-02,2.0140805e-09
6.0833333e+00,3.9078925e-02,2.5978276e-02
9.3823529e+00,3.9191146e-02,1.9258640e-02
2.1296628e+00,3.9441444e-02,1.3735537e-04
9.7252239e+00,3.9750959e-02,1.0587517e-02
9.2993125e-01,4.0270347e-02,3.1242280e-10
8.1423821e+00,4.0378629e-02,2.3670092e-02
1.9375000e+00,4.0751404e-02,1.2470008e-04
5.7650662e+00,4.0752929e-02,1.3331506e-02
1.5787314e+00,4.1353947e-02,1.2535840e-05
8.8665366e+00,4.2071099e-02,2.1804072e-02
1.7747125e+00,4.2947772e-02,1.1998049e-04
3.0069141e+00,4.5430040e-02,1.5161764e-04
3.5165845e+00,4.5747178e-02,1.5938997e-04
7.2528885e+00,4.5752691e-02,2.2640608e-02
9.0386757e+00,4.5971044e-02,2.1679720e-02
6.4105325e+00,4.6066328e-02,2.5580247e-02
1.0294656e-01,4.7391006e-02,1.5431241e-09
6.6029162e+00,4.7713700e-02,2.4182388e-02
2.8252351e-01,4.7854552e-02,1.8041748e-09
3.9363462e-01,4.7854552e-02,1.6838820e-09
8.6608566e+00,4.8359608e-02,2.4078778e-02
5.9302576e-01,4.8525792e-02,2.1933753e-09
4.3814142e+00,4.8753710e-02,1.8708245e-04
4.8930782e+00,4.8795220e-02,1.6126994e-04
4.5891706e+00,4.9113774e-02,1.8406476e-04
4.7058372e+00,4.9113774e-02,1.7847966e-04
1.2295988e+00,4.9658157e-02,2.4786411e-10
4.2101997e+00,5.0888706e-02,1.5261477e-04
2.6233585e+00,5.1520444e-02,1.4509615e-04
3.6850261e+00,5.2171656e-02,1.7181159e-04
7.4190488e+00,5.2777124e-02,3.2506027e-02
1.3937019e+00,5.3202608e-02,9.9085005e-08
7.6322626e+00,5.3532374e-02,2.4346148e-02
6.9145603e+00,5.3773381e-02,2.0987206e-02
9.2058824e+00,5.3915793e-02,2.3190747e-02
5.9166667e+00,5.4280594e-02,1.4576917e-02
9.5662344e+00,5.5404614e-02,1.8973358e-02
2.4531986e+00,5.5831522e-02,1.1796953e-04
9.8831007e+00,5.8075760e-02,7.9041576e-03
6.2500000e+00,5.8235035e-02,2.5570268e-02
3.1785476e+00,5.8845483e-02,1.6038041e-04
7.0882353e+00,5.9655610e-02,1.5935580e-02
8.3025717e+00,6.1172443e-02,2.3770662e-02
7.9510659e+00,6.2877752e-02,2.6086762e-02
4.0375000e+00,6.3994561e-02,1.9306551e-04
8.4818170e+00,6.5553681e-02,2.4921111e-02
1.0127389e+00,7.0439734e-02,8.4599353e-11
2.2171628e+00,7.6713691e-02,1.3721123e-04
3.4290845e+00,7.7237300e-02,1.4603486e-04
1.1457398e+00,7.9827543e-02,6.1962169e-11
1.8622125e+00,8.3699176e-02,1.2869918e-04
6.6922224e+00,8.5025485e-02,2.4116004e-02
6.7477497e-01,8.5921118e-02,2.0687691e-09
2.7073614e+00,8.6795930e-02,1.4407984e-04
8.9640358e+00,8.8042143e-02,2.2299390e-02
5.5277778e+00,8.8235294e-02,1.2792760e-02
3.7725261e+00,8.8847704e-02,1.7495796e-04
5.6437489e+00,8.9648111e-02,1.4190602e-02
3.2660476e+00,9.0335605e-02,1.5463513e-04
7.7204263e+00,9.0452995e-02,2.2420618e-02
6.8371998e+00,9.1085166e-02,2.1896971e-02
2.3656986e+00,9.3103768e-02,1.1570856e-04
9.2941176e+00,9.3106939e-02,2.0317460e-02
6.0000000e+00,9.3359519e-02,1.6753091e-02
2.8714160e+00,9.4071484e-02,1.3432181e-04
1.4696555e+00,9.4556554e-02,3.5820232e-06
9.4779991e+00,9.4595759e-02,2.1338729e-02
5.8483995e+00,9.5033523e-02,1.3540902e-02
9.6443994e+00,9.5155573e-02,1.8321562e-02
2.1880341e-01,9.5245558e-02,1.5729060e-09
6.1666667e+00,9.7313960e-02,2.6908291e-02
9.7847952e+00,9.7826720e-02,1.7407324e-02
4.7739155e+00,9.7908994e-02,1.8868777e-04
3.6016106e+00,9.7918834e-02,1.6099531e-04
7.3189961e+00,9.8529814e-02,2.1064057e-02
4.2916139e+00,9.9642415e-02,1.8088206e-04
7.8627591e+00,9.9798372e-02,2.5099450e-02
9.1269110e+00,9.9886837e-02,2.2900461e-02
3.9500000e+00,1.0067061e-01,1.7269467e-04
5.7143707e+00,1.0098928e-01,1.4896200e-02
8.2096597e+00,1.0155107e-01,2.3555563e-02
1.2899673e+00,1.0286076e-01,8.8402284e-09
4.7391006e-02,1.0294656e-01,1.5418542e-09
8.1050943e-01,1.0299909e-01,2.1453103e-09
8.0346244e+00,1.0325638e-01,2.3503918e-02
2.9526605e+00,1.0422604e-01,1.4705428e-04
3.1104617e+00,1.0427552e-01,1.5212681e-04
6.3271992e+00,1.0430136e-01,2.5999276e-02
8.8108520e+00,1.0489433e-01,2.1941105e-02
7.1646532e+00,1.0540830e-01,2.2706933e-02
8.8091369e-01,1.0587411e-01,2.4535261e-09
1.6382769e+00,1.0707386e-01,1.4163187e-04
2.5265570e+00,1.0735197e-01,1.4378722e-04
2.0879489e+00,1.0746681e-01,1.4314908e-04
4.9514116e+00,1.0831903e-01,1.1743627e-04
1.7175914e+00,1.0866769e-01,1.3849113e-04
2.0124528e+00,1.0877677e-01,1.2965026e-04
8.7228190e+00,1.1118284e-01,2.4517874e-02
6.9995277e+00,1.1342899e-01,1.9688627e-02
8.5544383e+00,1.1391329e-01,2.3575989e-02
4.1226997e+00,1.1488327e-01,1.6050160e-04
9.9419242e+00,1.1689929e-01,2.1666334e-02
4.4025172e-01,1.1936009e-01,2.1114763e-09
5.2853175e-01,1.2003133e-01,2.1985350e-09
6.4737524e+00,1.2149200e-01,2.5774223e-02
4.4526411e+00,1.2183056e-01,1.8754355e-04
4.5437308e+00,1.2219063e-01,2.0276729e-04
6.5550249e+00,1.2313938e-01,2.5790100e-02
8.3726240e+00,1.2672612e-01,2.4103061e-02
7.4726228e+00,1.3193075e-01,3.1229282e-02
7.5681896e+00,1.3268600e-01,2.4114280e-02
1.0295374e+00,1.3989768e-01,1.0090226e-10
3.4166838e+00,1.4823975e-01,1.3532562e-04
5.5881933e+00,1.4847164e-01,1.5607163e-02
1.1069827e+00,1.4928549e-01,3.0663710e-10
2.7128147e+00,1.6073133e-01,1.3061323e-04
2.2435057e+00,1.6122936e-01,1.1728911e-04
3.3119802e+00,1.6133806e-01,1.3670932e-04
6.7200001e+00,1.6513856e-01,2.5000294e-02
2.8185359e+00,1.6800688e-01,1.2789624e-04
1.8679205e+00,1.6873445e-01,1.3159651e-04
8.9681417e+00,1.7040270e-01,2.1613463e-02
3.7911333e+00,1.7117815e-01,1.5314510e-04
6.8094221e+00,1.7119824e-01,2.4920870e-02
1.4650636e+00,1.7466268e-01,4.0744527e-06
2.4464303e-01,1.7664073e-01,1.5927410e-09
2.3337082e+00,1.7761944e-01,1.1380541e-04
6.0255663e+00,1.8033288e-01,2.5297938e-02
9.4635667e+00,1.8044111e-01,2.1097371e-02
4.7481220e+00,1.8153181e-01,1.8125433e-04
6.7818052e-01,1.8156351e-01,1.9661519e-09
9.2934116e+00,1.8193145e-01,2.0955999e-02
6.1366774e+00,1.8428732e-01,2.6370376e-02
8.1613766e+00,1.8710457e-01,2.0335661e-02
1.5753517e+00,1.8717999e-01,5.4358806e-05
8.8737813e+00,1.8725489e-01,2.1448596e-02
9.1146064e+00,1.8792422e-01,2.2127390e-02
8.0451649e+00,1.8880988e-01,2.0318186e-02
7.7369894e+00,1.8982461e-01,2.2599567e-02
2.1726252e+00,1.9198248e-01,1.1794600e-04
1.7816327e+00,1.9370296e-01,1.3503505e-04
1.9598275e+00,1.9381204e-01,1.3134980e-04
9.6629016e+00,1.9430050e-01,2.0290467e-02
7.2950374e+00,1.9446215e-01,2.4027491e-02
3.0056470e+00,1.9591178e-01,1.2304752e-04
3.1051149e+00,1.9596126e-01,1.2291284e-04
4.9195682e+00,1.9666776e-01,1.5376520e-04
9.1898937e-01,1.9680506e-01,2.1152317e-09
9.7444738e+00,1.9697165e-01,2.0160871e-02
4.2929950e+00,1.9778004e-01,1.7356413e-04
1.2621895e+00,1.9838977e-01,2.7094518e-08
5.8400208e+00,1.9841294e-01,2.1478860e-02
7.5835943e-01,1.9864148e-01,2.0621798e-09
3.9513954e+00,1.9891330e-01,1.5376723e-04
7.8204986e+00,1.9916999e-01,2.3830994e-02
3.5962945e+00,1.9918041e-01,1.2860363e-04
9.8480537e-01,2.0065923e-01,2.9913920e-10
7.1995181e+00,2.0134063e-01,2.3349671e-02
5.7615475e+00,2.0436869e-01,2.1385522e-02
8.6741651e+00,2.0970086e-01,2.1609561e-02
4.1305352e+00,2.1074262e-01,1.6403785e-04
9.9062087e+00,2.1127073e-01,1.1359835e-02
2.5225847e+00,2.1136890e-01,1.1795821e-04
9.2790132e-02,2.1207773e-01,1.4564366e-09
8.5646079e+00,2.1243131e-01,2.1537670e-02
9.3672145e+00,2.1386101e-01,2.0776190e-02
1.1630638e+00,2.1464511e-01,8.1174695e-09
9.0304769e+00,2.1636898e-01,2.1305767e-02
4.5934536e+00,2.1651576e-01,2.0085918e-04
3.8825025e+00,2.1724918e-01,1.5261585e-04
3.4988677e+00,2.1801121e-01,1.2857156e-04
3.9626243e-01,2.1985876e-01,1.9917168e-09
4.3956888e+00,2.1996819e-01,1.7540993e-04
4.8354414e+00,2.2076676e-01,1.8255161e-04
6.3271312e+00,2.2146932e-01,2.5697611e-02
3.2931323e+00,2.2434393e-01,1.1541719e-04
4.6714333e+00,2.2706172e-01,2.0183016e-04
5.6098343e+00,2.2821797e-01,1.9614620e-02
2.6248393e+00,2.2947277e-01,1.1468914e-04
6.8469018e+00,2.2970692e-01,2.5420504e-02
3.1992939e-01,2.2974839e-01,1.8739586e-09
7.4309323e+00,2.3021890e-01,2.5871020e-02
2.8353248e+00,2.3117265e-01,1.1825330e-04
6.9968061e+00,2.3131941e-01,2.4764576e-02
5.3282131e-01,2.3148576e-01,2.3178431e-09
6.5984984e+00,2.3360490e-01,2.6187709e-02
1.7418531e-01,2.3791735e-01,1.4685967e-09
6.6741674e+00,2.3829230e-01,2.6105922e-02
6.4634476e+00,2.3852208e-01,2.5884703e-02
3.7423696e+00,2.3900340e-01,1.3033281e-04
1.4043606e+00,2.3980083e-01,4.2391345e-06
2.3719272e+00,2.4405811e-01,1.1764135e-04
4.2194163e+00,2.4488569e-01,1.6434252e-04
3.1835195e+00,2.4502722e-01,1.1278812e-04
8.3447997e+00,2.4611494e-01,2.0975627e-02
7.3533996e+00,2.4699761e-01,2.4356460e-02
7.5966702e+00,2.4822346e-01,1.9983265e-02
2.9411914e+00,2.4892299e-01,1.1686611e-04
9.8070638e+00,2.5159213e-01,1.9030605e-02
8.1846522e+00,2.5428400e-01,2.0001550e-02
1.3256192e+00,2.5522371e-01,6.3319782e-07
6.0072087e-01,2.5562261e-01,2.2912196e-09
9.1558643e+00,2.5672163e-01,2.1867311e-02
9.2262864e+00,2.5750876e-01,2.1704782e-02
6.1735214e+00,2.5770480e-01,2.5906069e-02
3.6601130e+00,2.5793454e-01,1.2618460e-04
4.0467309e+00,2.5809660e-01,1.4288339e-04
5.9826429e+00,2.5846140e-01,2.6695238e-02
8.8316938e+00,2.6020975e-01,2.1736369e-02
9.5203631e+00,2.6177023e-01,2.0974177e-02
2.4582785e+00,2.6355937e-01,1.1883523e-04
1.5694571e+00,2.6408473e-01,5.6990708e-05
7.9704759e+00,2.6535969e-01,2.0072788e-02
4.9681566e+00,2.6692016e-01,1.5205379e-04
6.9275136e+00,2.6748426e-01,2.4755695e-02
7.6773063e+00,2.6844146e-01,2.2563878e-02
9.9642844e+00,2.7084203e-01,1.7538321e-02
2.1819747e+00,2.7207207e-01,1.0987250e-04
5.7125666e+00,2.7277386e-01,2.1348332e-02
1.0213064e+00,2.7409239e-01,1.8275340e-09
5.8931424e+00,2.7486746e-01,2.7163573e-02
9.6121212e+00,2.7506981e-01,2.0240598e-02
1.9610482e+00,2.7555087e-01,1.1866876e-04
4.5399126e-02,2.7579783e-01,1.5367125e-09
8.7201105e+00,2.7636722e-01,2.1521420e-02
7.1719713e+00,2.7737387e-01,2.3458550e-02
1.1221196e+00,2.7869046e-01,8.0284440e-09
8.6651574e-01,2.7917380e-01,1.8122135e-09
7.8588514e+00,2.7917781e-01,2.0368272e-02
6.4001597e+00,2.8026437e-01,2.6006607e-02
1.7848683e+00,2.8140702e-01,1.2195749e-04
4.5136181e-01,2.8345864e-01,2.2418181e-09
7.7629005e-01,2.8388525e-01,1.8940862e-09
5.5494187e+00,2.8562869e-01,1.9065553e-02
6.2589982e+00,2.8789940e-01,2.5314944e-02
8.2639344e+00,2.8811932e-01,2.0223023e-02
7.5109524e+00,2.9297924e-01,2.2766389e-02
8.9862954e+00,2.9349975e-01,2.1586773e-02
3.3747558e+00,2.9695183e-01,1.0783555e-04
4.8315684e+00,2.9800011e-01,1.9472499e-04
7.0755614e+00,2.9933196e-01,2.5690461e-02
6.5408329e+00,3.0292128e-01,2.5955967e-02
3.4757876e+00,3.0371742e-01,1.1128590e-04
8.5191934e+00,3.0374553e-01,2.0188633e-02
4.4109660e+00,3.0392832e-01,1.6976492e-04
1.4696066e+00,3.0485691e-01,1.4883971e-05
4.6899533e+00,3.0692913e-01,2.1140590e-04
2.7538277e+00,3.0869778e-01,1.0121099e-04
6.8170515e+00,3.1014312e-01,2.6007190e-02
9.3542030e+00,3.1205444e-01,2.1086006e-02
4.5666207e+00,3.1291439e-01,1.8695117e-04
2.6490634e+00,3.1427346e-01,1.0132068e-04
1.6276401e+00,3.1933695e-01,5.2965138e-05
3.1622649e+00,3.1942222e-01,9.5871671e-05
8.1156155e+00,3.2034163e-01,2.0082647e-02
8.8818727e+00,3.2048833e-01,2.1891279e-02
2.9621629e+00,3.2292236e-01,9.6387376e-05
8.4223759e+00,3.2461633e-01,1.9733809e-02
6.7337391e+00,3.2478818e-01,2.6272394e-02
2.1114377e+00,3.2556394e-01,1.0895816e-04
9.8110092e+00,3.2633585e-01,1.8518346e-02
4.0443626e+00,3.2838450e-01,1.1556119e-04
2.0278129e+00,3.2852314e-01,1.1236439e-04
8.0176509e+00,3.2971200e-01,2.0160356e-02
2.7105484e-01,3.3101460e-01,1.6634300e-09
1.7160848e+00,3.3173009e-01,9.0307281e-05
7.3517819e+00,3.3203833e-01,2.3720076e-02
3.8706306e+00,3.3315250e-01,1.0607541e-04
4.9156952e+00,3.3342491e-01,1.8918404e-04
6.1160949e+00,3.3411031e-01,2.6100383e-02
4.2167963e+00,3.3584781e-01,1.3148399e-04
9.8559285e-01,3.3598855e-01,1.7705822e-09
1.8723768e+00,3.3817733e-01,1.2411979e-04
4.7627689e+00,3.3863256e-01,2.1724925e-04
6.0363275e+00,3.3882135e-01,2.6203287e-02
3.7913049e+00,3.3941111e-01,1.0722761e-04
1.9377659e-01,3.3964711e-01,1.5456131e-09
9.2720984e+00,3.4097754e-01,2.1001974e-02
9.4411173e+00,3.4375019e-01,2.0664534e-02
2.3185455e+00,3.4398262e-01,1.0584076e-04
9.9101541e+00,3.4483798e-01,1.9267105e-02
8.9661816e-01,3.4492413e-01,1.8446109e-09
1.3109748e+00,3.4515366e-01,7.6561986e-07
6.8976633e+00,3.4792046e-01,2.6030666e-02
9.0971976e+00,3.4875545e-01,2.0817508e-02
5.9420805e-01,3.5110461e-01,2.3203311e-09
4.4969226e+00,3.5130310e-01,1.7184124e-04
3.6565837e+00,3.5159931e-01,1.0198327e-04
4.3541445e-01,3.5373395e-01,2.1852312e-09
2.4591921e+00,3.5520466e-01,1.0185899e-04
7.2658731e+00,3.5553611e-01,2.3868153e-02
9.0117582e+00,3.5708880e-01,2.0585463e-02
3.0603306e+00,3.5772159e-01,9.2562497e-05
2.2485054e+00,3.5980273e-01,1.0531767e-04
1.1508693e+00,3.6074495e-01,1.3216306e-08
6.8959833e-01,3.6228928e-01,2.3168969e-09
3.3451788e+00,3.6268102e-01,9.6058263e-05
3.2423007e+00,3.6446812e-01,9.3143923e-05
4.6280844e+00,3.6881872e-01,1.8849658e-04
5.7158294e+00,3.6976775e-01,1.9803303e-02
8.7039136e+00,3.6978968e-01,2.1196327e-02
4.1255469e+00,3.7199265e-01,1.1541219e-04
7.6884673e+00,3.7225810e-01,2.2575422e-02
7.5100055e+00,3.7230110e-01,2.3409635e-02
4.3056522e+00,3.7270230e-01,1.2978336e-04
2.8854067e+00,3.7335391e-01,8.9564717e-05
1.4593229e+00,3.7394689e-01,1.4195298e-05
8.2323679e+00,3.7618151e-01,2.0493002e-02
2.7829380e+00,3.7687968e-01,9.1049281e-05
3.5696851e+00,3.7855140e-01,9.8091821e-05
5.8758127e+00,3.7870687e-01,2.6267166e-02
9.6267738e+00,3.8004148e-01,2.0365226e-02
7.8347573e+00,3.8124150e-01,1.9846874e-02
8.1407862e+00,3.8402276e-01,2.0011648e-02
5.6130971e+00,3.8403539e-01,2.0117833e-02
3.9371551e+00,3.8510452e-01,9.6452663e-05
4.5399126e-02,3.8690894e-01,1.3631879e-09
6.2433264e+00,3.8871740e-01,2.6134203e-02
6.5228596e+00,3.8984470e-01,2.5855830e-02
1.2301611e+00,3.9017401e-01,1.9443330e-07
3.3144052e-01,3.9140028e-01,1.8195018e-09
9.7217294e+00,3.9234070e-01,2.1341652e-02
8.6125537e+00,3.9443755e-01,2.0989261e-02
7.4283677e+00,3.9458148e-01,2.3993186e-02
8.8493689e+00,3.9627504e-01,2.1542042e-02
6.4237626e+00,3.9654714e-01,2.6027219e-02
5.1036113e-01,3.9724308e-01,2.1958708e-09
1.3794325e+00,3.9882076e-01,5.2704681e-06
2.5889008e+00,4.0135358e-01,9.5724382e-05
3.7375278e+00,4.0291710e-01,1.0050979e-04
6.7040247e+00,4.0420335e-01,2.5885069e-02
6.1581901e+00,4.0618999e-01,2.5375078e-02
2.3713147e+00,4.0694375e-01,9.9199755e-05
7.9829274e+00,4.0860929e-01,2.1539985e-02
7.0760636e+00,4.0960386e-01,2.5875923e-02
6.9272418e+00,4.1099714e-01,2.6431031e-02
1.0078355e+00,4.1133191e-01,2.3734460e-09
2.5120971e+00,4.1250925e-01,9.7114106e-05
9.2397859e+00,4.1621377e-01,2.1262187e-02
5.7879699e+00,4.1872966e-01,2.5016144e-02
7.7634290e+00,4.2166208e-01,1.9692800e-02
9.9041198e+00,4.2332170e-01,1.7908080e-02
4.9475385e+00,4.2364762e-01,2.1103806e-04
9.1353072e+00,4.2477881e-01,2.0790407e-02
1.1238142e-01,4.2491860e-01,1.5435112e-09
8.9368414e+00,4.2719869e-01,2.0998758e-02
1.5938353e+00,4.2747598e-01,4.6228416e-05
6.0206269e+00,4.2810455e-01,2.5811867e-02
9.4615589e+00,4.2836613e-01,2.0771662e-02
4.7712768e+00,4.2862690e-01,2.1757254e-04
8.7829932e+00,4.2941893e-01,2.0877273e-02
1.8705796e+00,4.3013467e-01,1.3041417e-04
7.6068843e+00,4.3136196e-01,2.2562882e-02
1.0722988e+00,4.3149025e-01,9.9041981e-09
6.5867834e+00,4.3234286e-01,2.6129175e-02
7.1208665e-01,4.3461246e-01,2.5845960e-09
8.7929377e-01,4.3491378e-01,2.2243170e-09
2.0009654e+00,4.3543284e-01,1.1349204e-04
1.7345445e+00,4.3679315e-01,9.8244837e-05
7.2630476e+00,4.3715828e-01,2.4695201e-02
3.0596879e+00,4.4037029e-01,7.7618417e-05
8.0685925e+00,4.4091548e-01,2.0736722e-02
1.5253686e+00,4.4131374e-01,1.5609759e-05
2.1339105e+00,4.4156291e-01,1.0521135e-04
8.3799695e+00,4.4354527e-01,1.8970696e-02
3.2101575e+00,4.4381887e-01,7.6806082e-05
3.3638340e+00,4.4439260e-01,7.7599054e-05
6.2904343e+00,4.4445394e-01,2.6876530e-02
7.9116582e+00,4.4632067e-01,2.1890174e-02
7.0168902e+00,4.4671506e-01,2.6076993e-02
6.3791304e+00,4.4775000e-01,2.5958418e-02
4.4806258e+00,4.4951763e-01,1.3052545e-04
5.5636784e+00,4.5134788e-01,2.0193668e-02
9.5554574e+00,4.5135784e-01,2.0888895e-02
5.9496126e+00,4.5158400e-01,2.6179723e-02
4.3181933e+00,4.5161472e-01,1.0922308e-04
8.2708268e+00,4.5310607e-01,1.9238454e-02
2.9024426e+00,4.5772984e-01,7.7583618e-05
2.2029214e+00,4.5931139e-01,1.0446098e-04
4.6321259e+00,4.6017196e-01,1.7959544e-04
5.0866008e-01,4.6049123e-01,2.2254870e-09
3.5280404e+00,4.6114457e-01,7.6345651e-05
6.7525110e+00,4.6520965e-01,2.6280291e-02
3.9382443e+00,4.6590256e-01,8.0301806e-05
9.9582501e+00,4.6697280e-01,1.6895509e-02
7.1696481e+00,4.6926795e-01,2.5804291e-02
4.1201824e+00,4.6989430e-01,8.3904050e-05
6.1034340e+00,4.6995014e-01,2.5184137e-02
2.7594654e+00,4.7109877e-01,8.2399869e-05
8.1299168e-01,4.7152525e-01,2.0197376e-09
9.7376678e+00,4.7412828e-01,1.9968403e-02
1.9324036e+00,4.7441791e-01,1.1709668e-04
8.6123640e+00,4.7694085e-01,2.0893581e-02
4.8719196e+00,4.7821715e-01,2.2617395e-04
1.8015307e+00,4.7842741e-01,1.0288242e-04
9.5104340e-01,4.7854900e-01,2.6664520e-09
3.3852852e-01,4.7929792e-01,1.4593708e-09
1.6573371e+00,4.8000027e-01,5.8391669e-05
4.4072104e+00,4.8105527e-01,1.1011016e-04
3.1294790e+00,4.8142167e-01,7.5638311e-05
6.8912013e+00,4.8248429e-01,2.5737099e-02
1.3511966e+00,4.8623743e-01,4.1162010e-06
9.8209132e+00,4.8660715e-01,1.9176567e-02
3.2735052e+00,4.8678596e-01,7.5669389e-05
2.6285799e+00,4.8750126e-01,8.2824070e-05
4.7025026e+00,4.8827670e-01,1.8742961e-04
1.2449536e+00,4.8855377e-01,2.8413733e-07
2.9785562e+00,4.8994699e-01,7.7522552e-05
3.4171842e+00,4.9151571e-01,7.6635913e-05
8.9491199e+00,4.9265487e-01,2.0930075e-02
6.8267966e+00,4.9505898e-01,2.5689114e-02
2.0680036e+00,4.9696695e-01,1.1439266e-04
3.7214409e+00,4.9714587e-01,7.5254671e-05
9.2799037e+00,5.0010356e-01,2.1409763e-02
4.5543655e+00,5.0248217e-01,1.2666510e-04
4.4080139e-01,5.0487973e-01,1.4426140e-09
2.3826165e+00,5.0563086e-01,9.0963319e-05
9.3777551e+00,5.0650410e-01,2.1836977e-02
4.0400873e+00,5.0708419e-01,8.0376878e-05
7.4345076e+00,5.0739309e-01,2.3673815e-02
6.5660536e+00,5.0748582e-01,2.6140339e-02
8.5276631e+00,5.0932915e-01,1.9915698e-02
1.0964823e-01,5.1023187e-01,1.2479355e-09
2.4780903e+00,5.1089034e-01,9.2522867e-05
9.1069621e+00,5.1095106e-01,2.1403479e-02
8.4276821e+00,5.1279044e-01,1.9885691e-02
1.0857421e+00,5.1303545e-01,1.9273935e-08
6.6139923e-01,5.1592412e-01,3.0348285e-09
2.8380440e+00,5.1759481e-01,8.1362811e-05
2.7022752e+00,5.1914609e-01,7.8469746e-05
8.0649165e+00,5.2161205e-01,1.9428929e-02
7.5964963e+00,5.2234779e-01,2.1861297e-02
5.8253830e-01,5.2266112e-01,2.2516757e-09
7.3550963e+00,5.2647212e-01,2.4802202e-02
8.8077078e+00,5.2671695e-01,2.0760820e-02
4.2642478e+00,5.2678401e-01,8.4848731e-05
3.5988520e+00,5.2842125e-01,7.3755126e-05
6.4073517e+00,5.3171775e-01,2.6441143e-02
5.7773766e+00,5.3270629e-01,2.6131584e-02
3.8706068e+00,5.3289502e-01,6.9377312e-05
5.9361855e+00,5.3476046e-01,2.7181467e-02
9.0291063e+00,5.3544831e-01,2.0921230e-02
6.2774633e+00,5.3841121e-01,2.6945182e-02
7.9088537e+00,5.3877731e-01,2.1793637e-02
7.7590060e+00,5.3897318e-01,2.0335046e-02
5.6057680e+00,5.3958318e-01,1.8707032e-02
6.1273052e+00,5.3972289e-01,2.7025370e-02
1.1791052e+00,5.4066991e-01,2.2514850e-07
6.7221639e+00,5.4073403e-01,2.5830305e-02
2.2298943e+00,5.4322734e-01,9.3312952e-05
1.4824335e+00,5.4327749e-01,9.5868280e-06
4.1944632e+00,5.4349497e-01,8.0578586e-05
6.4850322e+00,5.4909328e-01,2.6648072e-02
7.0086750e+00,5.4935865e-01,2.6135453e-02
8.6842302e+00,5.5052199e-01,2.1466063e-02
2.8615159e-01,5.5214932e-01,1.1196845e-09
3.7741049e+00,5.5258436e-01,7.1299971e-05
6.6529478e+00,5.5487070e-01,2.6276845e-02
8.1162245e-01,5.5580402e-01,2.4842145e-09
9.5503792e+00,5.5715965e-01,2.1178690e-02
9.6811410e+00,5.5748670e-01,2.0807575e-02
1.9905216e-01,5.5819747e-01,1.1054773e-09
1.6802415e+00,5.5842106e-01,5.6181345e-05
3.2600464e+00,5.5847296e-01,7.6227165e-05
8.8863620e+00,5.5902925e-01,2.0980220e-02
8.2186199e+00,5.6134798e-01,1.9856192e-02
1.7750782e+00,5.6155473e-01,7.8840909e-05
2.3278229e+00,5.6160103e-01,8.9759586e-05
3.1230599e+00,5.6181673e-01,7.1200257e-05
1.3881519e+00,5.6332731e-01,4.2201953e-06
9.1974449e+00,5.6365969e-01,2.0881379e-02
9.9124327e+00,5.6388923e-01,1.8821601e-02
4.5383025e+00,5.6630927e-01,1.1254456e-04
9.6852570e-01,5.6806108e-01,4.4871557e-09
9.8292261e+00,5.6835115e-01,1.9100367e-02
6.9399990e+00,5.6880872e-01,2.6193314e-02
7.1962448e+00,5.6944652e-01,2.5507671e-02
6.7964495e+00,5.7058336e-01,2.5598554e-02
2.5920527e+00,5.7070071e-01,8.4491968e-05
1.9458271e+00,5.7089638e-01,1.1762064e-04
4.3934973e+00,5.7342531e-01,9.5298496e-05
6.2155117e+00,5.7459156e-01,2.7137437e-02
5.8517922e+00,5.7585995e-01,2.7960901e-02
7.5057573e+00,5.7609854e-01,2.2492324e-02
2.9857151e+00,5.7621792e-01,7.4622409e-05
4.8707911e+00,5.7655196e-01,2.3368996e-04
2.0393420e+00,5.7792810e-01,1.2091887e-04
7.2875246e-01,5.7883418e-01,2.9469049e-09
3.3933214e+00,5.7888263e-01,7.3429216e-05
4.6787177e-01,5.7959618e-01,1.1990107e-09
5.6979071e+00,5.8046864e-01,2.4833463e-02
6.3490662e+00,5.8049388e-01,2.6225713e-02
7.6736563e+00,5.8055504e-01,2.1983922e-02
7.9764468e+00,5.8176249e-01,2.0312279e-02
8.7587080e+00,5.8182464e-01,2.1209747e-02
1.0387612e+00,5.8238919e-01,1.9646964e-08
2.5183668e+00,5.8293412e-01,8.7152200e-05
4.2665941e-02,5.8333333e-01,1.2071122e-09
8.1267153e+00,5.8479200e-01,1.9090187e-02
9.4011675e+00,5.8717178e-01,2.1836589e-02
8.5499043e+00,5.8726653e-01,2.1138703e-02
7.8275298e+00,5.9100924e-01,2.1392056e-02
5.9897508e+00,5.9333678e-01,2.5487348e-02
5.5376549e-01,5.9515063e-01,1.2859948e-09
3.1902795e+00,5.9590094e-01,7.0650056e-05
6.0681015e+00,5.9736618e-01,2.6004894e-02
4.6975452e+00,6.0251069e-01,1.7743999e-04
2.8456651e+00,6.0277389e-01,8.4955866e-05
4.0159335e+00,6.0277810e-01,6.8935105e-05
9.6101834e+00,6.0287627e-01,2.1499163e-02
3.3265123e+00,6.0344653e-01,8.0522284e-05
4.4508498e+00,6.0571477e-01,9.7620380e-05
3.0604277e+00,6.0703629e-01,7.2495229e-05
1.6217691e+00,6.0860758e-01,3.1005215e-05
8.4083603e+00,6.0977748e-01,2.2418118e-02
4.3229797e+00,6.1001706e-01,8.1344481e-05
6.5039596e+00,6.1022021e-01,2.6773308e-02
3.9142901e+00,6.1029202e-01,6.7956247e-05
7.3072507e+00,6.1061878e-01,2.4916120e-02
3.5486718e+00,6.1084771e-01,7.0062822e-05
9.7603189e+00,6.1167390e-01,2.0490124e-02
8.6290890e+00,6.1188750e-01,2.1411958e-02
9.4798931e+00,6.1483562e-01,2.1144770e-02
1.5168418e+00,6.1505088e-01,9.6634882e-06
5.5420897e+00,6.1764706e-01,1.8751343e-02
7.0483891e+00,6.2181122e-01,2.6737774e-02
7.1347937e+00,6.2324172e-01,2.5682447e-02
2.1874673e+00,6.2381714e-01,9.6861992e-05
1.1894375e+00,6.2436917e-01,2.1716062e-07
9.9541826e+00,6.2632819e-01,1.8109572e-02
2.7105315e+00,6.2712774e-01,7.0092684e-05
2.9172226e+00,6.2917985e-01,8.4431415e-05
8.5390209e-01,6.3041200e-01,4.5464983e-09
3.4539973e+00,6.3093795e-01,7.1445482e-05
6.6459432e+00,6.3179323e-01,2.6685732e-02
6.8227206e+00,6.3805172e-01,2.5969361e-02
4.6111055e+00,6.3823305e-01,1.1621166e-04
2.0902931e+00,6.3933885e-01,1.1542217e-04
4.9464100e+00,6.4103005e-01,2.3407506e-04
4.7651909e+00,6.4119569e-01,1.9471456e-04
9.0035250e+00,6.4152125e-01,2.0931622e-02
8.4889857e+00,6.4290608e-01,2.1972782e-02
9.2082530e-01,6.4436032e-01,6.1393863e-09
6.5779763e+00,6.4553528e-01,2.6855843e-02
1.8127859e+00,6.4648479e-01,7.7002019e-05
3.7609107e+00,6.4809770e-01,6.9822254e-05
4.1614421e+00,6.4824935e-01,6.5272722e-05
9.2099501e+00,6.4834946e-01,2.0899162e-02
6.9018654e+00,6.4885176e-01,2.6028909e-02
3.4757985e-01,6.4913746e-01,7.0934755e-10
4.2702715e-01,6.5100250e-01,6.5653334e-10
1.0898788e+00,6.5132659e-01,7.7172042e-08
1.8967680e+00,6.5167434e-01,8.9581482e-05
8.9187472e+00,6.5290452e-01,2.0528781e-02
2.6359342e+00,6.5398799e-01,7.3115553e-05
2.3437194e+00,6.5407908e-01,9.1157567e-05
7.2420405e-01,6.5443629e-01,3.9888334e-09
8.2633057e+00,6.5571795e-01,2.0718459e-02
6.3694311e+00,6.5995448e-01,2.6674609e-02
1.8068595e-01,6.6082349e-01,1.0405357e-09
5.9548482e+00,6.6270938e-01,2.4772727e-02
5.8718628e+00,6.6336911e-01,2.5753904e-02
2.7753427e+00,6.6425951e-01,7.8461926e-05
8.3512219e+00,6.6474808e-01,2.1643915e-02
9.3158213e+00,6.6546101e-01,2.1743687e-02
9.1282023e-02,6.6841345e-01,1.1584123e-09
4.0630075e+00,6.7034258e-01,6.7229529e-05
6.0900478e+00,6.7085051e-01,2.6113905e-02
6.4466440e+00,6.7230527e-01,2.6268809e-02
1.3494747e+00,6.7522030e-01,3.1687517e-06
3.2064794e+00,6.7639255e-01,7.1458362e-05
7.3325448e+00,6.7722827e-01,2.4705729e-02
7.9637737e+00,6.7751767e-01,2.0269692e-02
3.8575727e+00,6.7934400e-01,6.9164797e-05
8.7648620e+00,6.8148429e-01,1.9786250e-02
3.2919139e+00,6.8157732e-01,8.3225589e-05
4.2915689e+00,6.8348683e-01,7.0678585e-05
6.2351510e+00,6.8433666e-01,2.7192455e-02
2.5101108e+00,6.8497866e-01,9.0249364e-05
5.6875583e+00,6.8685481e-01,2.5106149e-02
2.2474217e+00,6.8802688e-01,9.6740131e-05
7.4830543e+00,6.8861231e-01,2.2810503e-02
3.0724558e+00,6.8880759e-01,7.3563877e-05
8.6173516e+00,6.8916427e-01,1.9249752e-02
7.8132859e+00,6.8989240e-01,2.0529498e-02
1.2671202e+00,6.9020956e-01,3.2898651e-07
7.6525226e+00,6.9098863e-01,2.2575222e-02
9.7362951e+00,6.9146172e-01,2.0681398e-02
3.6007645e+00,6.9181139e-01,6.9894396e-05
7.9894070e-01,6.9305909e-01,4.0974440e-09
5.6770160e-01,6.9547505e-01,1.1117182e-09
9.1395096e+00,6.9650893e-01,2.0874668e-02
9.0463632e+00,6.9978096e-01,2.1380870e-02
1.4860072e+00,7.0316417e-01,9.3874449e-06
9.6279483e+00,7.0322032e-01,2.1257630e-02
9.4485317e+00,7.0408349e-01,2.1483976e-02
8.1023717e+00,7.0459516e-01,2.0989260e-02
5.5954192e+00,7.0479288e-01,2.1729557e-02
4.1998157e+00,7.0500816e-01,6.2675153e-05
1.6513720e+00,7.0708229e-01,2.9717654e-05
4.4523799e+00,7.0789127e-01,9.3592544e-05
3.4378312e+00,7.0799430e-01,7.2719541e-05
6.6981272e+00,7.1110308e-01,2.6767938e-02
3.6902151e+00,7.1164120e-01,7.0962787e-05
6.0152329e+00,7.1206637e-01,2.5420143e-02
8.5261636e+00,7.1257018e-01,1.8661050e-02
6.7697436e+00,7.1359248e-01,2.6254650e-02
2.4314355e+00,7.1369215e-01,8.9865115e-05
9.9045270e+00,7.1456348e-01,1.9143966e-02
8.8462469e+00,7.2025187e-01,2.0187056e-02
7.1875887e+00,7.2172028e-01,2.5984606e-02
6.4241805e-01,7.2254543e-01,1.5607120e-09
6.1688907e+00,7.2295232e-01,2.6714726e-02
1.0669736e+00,7.2333205e-01,7.4528189e-08
3.1512879e+00,7.2407965e-01,7.3253518e-05
4.5554681e+00,7.2602256e-01,1.0801481e-04
7.4046481e+00,7.2625301e-01,2.3960300e-02
9.3468884e+00,7.2651193e-01,2.1611007e-02
2.5955955e+00,7.2688342e-01,8.2395978e-05
6.5604941e+00,7.2740831e-01,2.6794859e-02
8.6786467e+00,7.2745840e-01,1.9529276e-02
6.3174676e+00,7.2761691e-01,2.6874644e-02
7.0414796e+00,7.2797124e-01,2.6849841e-02
2.9474744e+00,7.2821227e-01,9.0455131e-05
3.0781164e-01,7.3067030e-01,5.9881241e-10
9.6815557e-01,7.3069390e-01,2.6901120e-08
5.8339745e+00,7.3099001e-01,2.5039725e-02
4.9085123e+00,7.3157200e-01,2.2841829e-04
7.8819367e+00,7.3341564e-01,2.0958112e-02
3.3425568e+00,7.3406976e-01,7.9719486e-05
7.2743340e+00,7.3453458e-01,2.5147372e-02
2.2801718e-01,7.3630819e-01,7.4619346e-10
4.8029121e+00,7.3669193e-01,1.8903983e-04
8.0278998e+00,7.3717039e-01,2.1029967e-02
4.8045307e-01,7.3763320e-01,4.4365864e-10
6.4793078e+00,7.3865108e-01,2.6907349e-02
9.7972966e+00,7.3998970e-01,2.0161972e-02
8.1882037e+00,7.4027312e-01,2.0727697e-02
6.9188071e+00,7.4132877e-01,2.6007711e-02
1.7475522e+00,7.4182583e-01,3.4140927e-05
1.4129216e+00,7.4328377e-01,3.7386720e-06
7.5526596e+00,7.4529515e-01,2.3214461e-02
2.0509794e+00,7.4813191e-01,9.5499735e-05
7.7236284e+00,7.4828993e-01,2.2458684e-02
5.7456743e+00,7.4897725e-01,2.4313682e-02
4.8616082e-02,7.5174678e-01,1.0830333e-09
2.8042817e+00,7.5337182e-01,8.2115678e-05
3.9885752e+00,7.5381281e-01,6.8223771e-05
1.5697826e+00,7.5527538e-01,1.0456039e-05
3.8847839e+00,7.5530031e-01,6.7702312e-05
3.0279950e+00,7.5702164e-01,7.7722642e-05
4.3203619e+00,7.5783499e-01,7.0487271e-05
8.3930883e+00,7.5957066e-01,1.9975752e-02
1.9509693e+00,7.6749912e-01,8.8745206e-05
8.4874045e+00,7.7426416e-01,1.9008895e-02
7.6759981e-01,7.7436410e-01,2.4876203e-09
3.4795096e+00,7.7561098e-01,7.1573035e-05
7.1351253e+00,7.7584330e-01,2.6354096e-02
6.9902475e+00,7.7847612e-01,2.6350411e-02
3.5477684e+00,7.7951831e-01,7.5639280e-05
4.3943108e+00,7.8078306e-01,7.7773752e-05
7.3464372e+00,7.8355932e-01,2.4993927e-02
9.4890690e+00,7.8531822e-01,2.1506246e-02
6.8380047e+00,7.8571309e-01,2.6434879e-02
9.5836613e+00,7.8632940e-01,2.1625743e-02
9.1497918e+00,7.8663871e-01,2.0240111e-02
6.0208720e+00,7.9020766e-01,2.7216859e-02
1.2217696e+00,7.9051220e-01,2.5207562e-07
2.9048559e+00,7.9091863e-01,8.5450977e-05
4.1379345e+00,7.9241375e-01,5.9812559e-05
5.5533296e+00,7.9302817e-01,2.2329350e-02
2.2214376e+00,7.9312638e-01,9.3738608e-05
9.9503444e+00,7.9411765e-01,1.8710957e-02
1.1211817e+00,7.9667728e-01,8.2163560e-08
9.3830946e-01,7.9776570e-01,2.3982097e-08
9.3059286e+00,8.0025803e-01,2.0196589e-02
8.2372639e+00,8.0147929e-01,1.9649137e-02
4.9621023e+00,8.0482767e-01,2.3904463e-04
9.0086545e+00,8.0495721e-01,2.1150096e-02
6.6521708e+00,8.0496489e-01,2.6663539e-02
2.6472293e+00,8.0664952e-01,9.2294559e-05
6.6039536e-01,8.0681754e-01,6.8947330e-10
6.5825046e+00,8.0752807e-01,2.6617587e-02
4.5904239e+00,8.0832273e-01,1.0673366e-04
3.1907812e+00,8.1128545e-01,7.2488661e-05
8.3542323e+00,8.1174669e-01,2.0620332e-02
6.4429116e+00,8.1191691e-01,2.6341810e-02
3.4518221e-01,8.1224304e-01,4.1731837e-10
6.3582843e+00,8.1323354e-01,2.6595616e-02
6.1332096e+00,8.1337664e-01,2.7990641e-02
5.8746716e+00,8.1557802e-01,2.5724434e-02
3.2966157e+00,8.1609080e-01,7.5814306e-05
4.7864273e+00,8.1627651e-01,1.8804094e-04
2.4100225e+00,8.1670080e-01,8.7346798e-05
4.3837633e-01,8.1734089e-01,3.7810016e-10
8.2608651e-01,8.1873440e-01,6.8251263e-09
4.0251286e+00,8.1912517e-01,6.6316539e-05
8.8433022e+00,8.1934907e-01,2.0901550e-02
1.7642140e+00,8.1978028e-01,3.3886503e-05
8.6619899e+00,8.1987579e-01,2.0475310e-02
3.7259886e+00,8.2056193e-01,6.9877529e-05
2.7581195e+00,8.2536213e-01,8.8008973e-05
1.9930211e-01,8.2723148e-01,1.2868176e-09
9.2166807e+00,8.3161936e-01,1.9619240e-02
1.4364309e+00,8.3286315e-01,3.7053743e-06
3.8238954e+00,8.3297474e-01,6.7745070e-05
1.0930495e-01,8.3508012e-01,1.0312124e-09
7.9076851e+00,8.3766933e-01,2.1362041e-02
2.1221696e+00,8.3770970e-01,9.5298451e-05
7.5386752e+00,8.3821079e-01,2.3733500e-02
4.6972222e+00,8.3880280e-01,1.4781318e-04
5.9552295e+00,8.4241085e-01,2.7308027e-02
8.0063247e+00,8.4288252e-01,2.0933803e-02
9.0665380e+00,8.4400516e-01,2.0837310e-02
1.5871792e+00,8.4422289e-01,1.0289718e-05
7.7305479e+00,8.4469468e-01,2.2988461e-02
3.0605018e+00,8.4510098e-01,7.3910902e-05
9.7761546e+00,8.4569024e-01,2.0706154e-02
4.2802281e+00,8.4851415e-01,6.5332967e-05
5.7184898e+00,8.5449177e-01,2.4285104e-02
8.5062266e+00,8.5652942e-01,2.0582751e-02
1.2625173e+00,8.5787786e-01,2.7106479e-07
7.3415916e+00,8.5869640e-01,2.5117582e-02
3.5876039e+00,8.6107779e-01,7.3017380e-05
4.1895538e+00,8.6157158e-01,6.1979830e-05
2.2963223e+00,8.6218723e-01,9.0795852e-05
7.1462409e+00,8.6224015e-01,2.6337254e-02
3.1444559e+00,8.6409273e-01,7.3757383e-05
3.4481790e+00,8.6447835e-01,7.4637311e-05
2.5823374e+00,8.6549336e-01,9.4337361e-05
1.8373246e+00,8.6587128e-01,3.3826209e-05
1.9189458e+00,8.6695508e-01,5.0319259e-05
6.5081125e+00,8.6781915e-01,2.6497725e-02
6.8049239e+00,8.6810647e-01,2.6508416e-02
8.9229096e+00,8.6956069e-01,2.0136552e-02
4.8920275e+00,8.7068039e-01,2.3754513e-04
2.4685895e+00,8.7161334e-01,8.5486201e-05
8.7452605e+00,8.7299887e-01,2.1173860e-02
8.1841605e+00,8.7327929e-01,2.0382082e-02
1.3714862e+00,8.7346828e-01,1.3929782e-06
1.6854305e+00,8.7398424e-01,1.7321683e-05
9.8986248e-01,8.7484220e-01,2.5412807e-08
3.3605596e+00,8.7888271e-01,7.9910018e-05
9.8833849e+00,8.7908755e-01,2.1155702e-02
7.6454578e+00,8.8030902e-01,2.3496042e-02
5.6182842e+00,8.8060463e-01,2.3531103e-02
1.0739167e+00,8.8111563e-01,5.3480189e-08
1.5269131e+00,8.8169106e-01,5.2388880e-06
9.3761057e+00,8.8207618e-01,1.9740325e-02
3.6763736e+00,8.8229159e-01,7.1919336e-05
6.9962740e+00,8.8252017e-01,2.6225361e-02
8.5779539e+00,8.8289656e-01,2.0852971e-02
4.4077277e+00,8.8456523e-01,7.1084008e-05
6.1546507e+00,8.8700996e-01,2.6875354e-02
8.4181895e+00,8.8706822e-01,2.1475458e-02
4.7951157e-01,8.8763149e-01,2.5827856e-10
9.6222428e+00,8.8920610e-01,2.1920839e-02
9.4576028e+00,8.8956481e-01,2.1068988e-02
7.4394615e+00,8.8972927e-01,2.4719220e-02
6.6907064e+00,8.8984766e-01,2.6224469e-02
6.2829818e-01,8.9149009e-01,3.2860010e-10
2.9393227e+00,8.9203616e-01,8.2173215e-05
5.7979964e+00,8.9281943e-01,2.5009814e-02
6.3289405e+00,8.9707716e-01,2.7224368e-02
8.0704743e+00,8.9808115e-01,2.0262476e-02
7.9907619e-01,8.9913586e-01,1.4626545e-09
3.9692447e+00,8.9919302e-01,6.5593591e-05
3.1529022e-01,9.0084592e-01,5.1428620e-10
7.2345478e+00,9.0545370e-01,2.6899060e-02
4.5541638e+00,9.0763450e-01,8.3424140e-05
9.7102276e+00,9.1018313e-01,2.1527679e-02
2.4920459e-01,9.1019648e-01,4.6130209e-10
3.8718028e+00,9.1155508e-01,6.7739552e-05
7.8100002e+00,9.1169110e-01,2.1863297e-02
7.8815775e+00,9.1224239e-01,2.1169230e-02
6.0688866e-02,9.1666667e-01,2.4751181e-10
3.0144480e+00,9.1740915e-01,7.8422141e-05
7.0586217e+00,9.1841213e-01,2.5820857e-02
5.6420757e-01,9.1966672e-01,3.0971342e-10
2.7952907e+00,9.2257321e-01,8.4172098e-05
6.2433046e+00,9.2370951e-01,2.7257983e-02
4.3357785e+00,9.2686038e-01,6.7324168e-05
6.8917527e+00,9.2776619e-01,2.7314527e-02
9.1835950e+00,9.3042302e-01,2.0282853e-02
1.2115223e+00,9.3075928e-01,2.0861155e-07
1.7071414e+00,9.3271527e-01,1.6804376e-05
4.7046938e+00,9.3341135e-01,1.4156262e-04
2.0732708e+00,9.3449662e-01,6.6153047e-05
7.0849232e-01,9.3943810e-01,4.0584965e-10
1.7986662e+00,9.4122293e-01,1.8500489e-05
4.8873418e+00,9.4205302e-01,2.5334349e-04
2.5865649e+00,9.4406661e-01,8.9669411e-05
1.9700572e+00,9.4437479e-01,5.0057963e-05
9.0809750e+00,9.4474162e-01,2.0962825e-02
3.5710252e+00,9.4475498e-01,7.0265916e-05
4.4859952e+00,9.4486087e-01,7.9801773e-05
1.1235096e+00,9.4783197e-01,6.3266286e-08
8.2562305e+00,9.4920371e-01,2.0728151e-02
3.1854753e+00,9.5009236e-01,7.4779273e-05
2.8759197e+00,9.5170043e-01,8.3020185e-05
3.4998591e+00,9.5206288e-01,7.0093874e-05
8.3732912e+00,9.5272524e-01,2.1391732e-02
6.4844558e+00,9.5295926e-01,2.7272906e-02
7.6504696e+00,9.5707622e-01,2.2996740e-02
5.9780528e+00,9.5789884e-01,2.7370963e-02
7.4576326e+00,9.5915181e-01,2.5285968e-02
1.3591914e+00,9.5940308e-01,1.0324273e-06
9.3491780e+00,9.6073807e-01,2.0074442e-02
9.9330406e+00,9.6732284e-01,2.0809255e-02
8.5821757e+00,9.6814853e-01,2.1434817e-02
4.4702598e-01,9.6828420e-01,2.8496215e-10
9.4282382e-01,9.6886740e-01,2.2385457e-09
4.1733912e+00,9.6969477e-01,6.0612350e-05
5.5649546e+00,9.6992940e-01,2.3794166e-02
1.5601853e+00,9.7056270e-01,4.9365959e-06
2.4336784e+00,9.7136484e-01,7.4310790e-05
4.6329084e+00,9.7199033e-01,1.1128261e-04
8.6426048e-01,9.7219236e-01,8.1375015e-10
5.8160434e+00,9.7258401e-01,2.5222118e-02
8.9270923e+00,9.7362421e-01,1.9367528e-02
8.7349251e+00,9.7713015e-01,2.1516164e-02
9.2459153e+00,9.7772357e-01,2.0054808e-02
6.0651363e+00,9.7932898e-01,2.6104660e-02
8.0628961e+00,9.8075031e-01,2.0377549e-02
6.3899111e+00,9.8090064e-01,2.7548876e-02
3.3326374e+00,9.8108049e-01,7.4822250e-05
7.2271926e+00,9.8131916e-01,2.7001967e-02
4.7892132e+00,9.8225769e-01,1.8599239e-04
2.2886008e+00,9.8248620e-01,7.4824651e-05
1.2595661e+00,9.8357178e-01,2.4031082e-07
7.5618582e+00,9.8440052e-01,2.3880587e-02
2.7311730e+00,9.8551805e-01,8.8494100e-05
2.6460918e+00,9.8563748e-01,8.9379741e-05
3.7599874e-01,9.8659648e-01,3.0953070e-10
6.6532636e+00,9.8693157e-01,2.7372364e-02
3.7025471e+00,9.8794908e-01,6.7341655e-05
9.5757286e+00,9.8911242e-01,2.1881081e-02
9.5056808e+00,9.9048231e-01,2.0943092e-02
1.6421623e+00,9.9182556e-01,8.7876321e-06
4.0207574e+00,9.9208453e-01,6.2275348e-05
4.9574165e+00,9.9524792e-01,2.8953142e-04
2.0980007e+00,9.9971872e-01,6.3624239e-05
1.0502568e-01,1.0000000e+00,1.2074739e-10
5.3172198e-01,1.0003194e+00,2.9610727e-10
2.0354424e-01,1.0013784e+00,1.2296798e-10
6.8765732e+00,1.0033758e+00,2.6786020e-02
3.0565213e+00,1.0056705e+00,7.5781641e-05
3.2630427e+00,1.0060556e+00,7.3058108e-05
3.8481003e+00,1.0067796e+00,6.7746930e-05
2.4926661e+00,1.0075915e+00,7.6281485e-05
8.6558763e+00,1.0092590e+00,2.0543692e-02
1.4099868e+00,1.0095855e+00,1.0322111e-06
9.0272742e+00,1.0097572e+00,2.0355738e-02
5.9155419e+00,1.0108306e+00,2.7312741e-02
7.2279261e-01,1.0130833e+00,1.8296951e-10
1.5040127e+00,1.0134055e+00,1.2241451e-06
7.0546910e+00,1.0137186e+00,2.6086266e-02
7.9322294e+00,1.0155323e+00,2.0402486e-02
1.1048982e+00,1.0173670e+00,3.8731091e-08
6.5497184e+00,1.0182196e+00,2.6936056e-02
3.1435945e+00,1.0193619e+00,7.5505671e-05
4.3321151e+00,1.0206757e+00,6.4857356e-05
7.8007789e+00,1.0211029e+00,2.1674070e-02
1.7944106e+00,1.0224548e+00,1.5122018e-05
1.9276883e+00,1.0227650e+00,2.3851411e-05
4.1100984e+00,1.0240545e+00,6.1990908e-05
8.5240848e+00,1.0269054e+00,2.1339623e-02
8.4285875e+00,1.0283175e+00,2.0337271e-02
3.6326774e+00,1.0287939e+00,6.6867547e-05
7.7263384e+00,1.0308737e+00,2.2627245e-02
7.9989824e+00,1.0324602e+00,2.0455081e-02
7.1349551e+00,1.0334120e+00,2.6343071e-02
9.8880150e+00,1.0334667e+00,1.8914367e-02
2.1975015e+00,1.0351190e+00,6.2837412e-05
6.2082301e+00,1.0364047e+00,2.6662781e-02
2.3673899e+00,1.0367513e+00,7.2380276e-05
8.8799465e+00,1.0400791e+00,2.0700452e-02
9.7389183e+00,1.0406712e+00,2.1887640e-02
7.2908185e+00,1.0408147e+00,2.6315272e-02
7.4258251e+00,1.0416561e+00,2.5509082e-02
8.2109370e+00,1.0426373e+00,2.0799644e-02
4.4844942e+00,1.0426832e+00,7.9256013e-05
8.7957136e+00,1.0440296e+00,2.1295870e-02
8.1014280e-01,1.0461224e+00,2.0684154e-10
6.7988514e+00,1.0478525e+00,2.6575321e-02
8.1312887e+00,1.0493821e+00,2.0453761e-02
4.2604021e+00,1.0504527e+00,6.3736895e-05
3.7690645e+00,1.0505825e+00,6.9227358e-05
6.7066694e+00,1.0523905e+00,2.7386798e-02
4.7858447e+00,1.0525370e+00,1.8199741e-04
6.9771637e+00,1.0534362e+00,2.6539818e-02
9.3982723e+00,1.0536663e+00,2.1127883e-02
2.8717757e+00,1.0539437e+00,7.6707855e-05
1.6941347e+00,1.0548740e+00,8.8427259e-06
1.2357971e+00,1.0577747e+00,1.3931056e-07
5.6067049e+00,1.0581647e+00,2.1592063e-02
5.7756729e+00,1.0590008e+00,2.5191671e-02
3.4859066e+00,1.0592794e+00,6.9589069e-05
5.7053198e-01,1.0593778e+00,1.7489547e-10
1.8497657e+00,1.0625977e+00,1.5023679e-05
6.6776297e-01,1.0655661e+00,1.6405163e-10
6.1032656e+00,1.0659847e+00,2.6426267e-02
9.7308853e-01,1.0668218e+00,2.0660128e-09
1.0417651e+00,1.0692889e+00,3.6491422e-09
3.0212386e+00,1.0695757e+00,7.6716887e-05
2.6035870e+00,1.0705968e+00,7.6899091e-05
4.6375795e+00,1.0706263e+00,1.0746250e-04
2.7330019e+00,1.0712274e+00,8.0399548e-05
9.8094754e+00,1.0717339e+00,2.0347800e-02
9.2536941e+00,1.0723732e+00,2.1009998e-02
3.4150206e-01,1.0724554e+00,7.0693502e-11
3.4063044e+00,1.0738926e+00,6.9944767e-05
1.1691419e+00,1.0744973e+00,4.5127892e-08
7.8627462e+00,1.0751300e+00,2.1221341e-02
9.4732779e+00,1.0759219e+00,2.1423753e-02
4.4025634e+00,1.0762029e+00,7.4026065e-05
6.3601119e+00,1.0777117e+00,2.6779768e-02
2.3513318e-01,1.0778868e+00,6.4565640e-11
2.0366936e+00,1.0782244e+00,2.4848593e-05
7.3642360e+00,1.0784864e+00,2.6115636e-02
9.6521332e+00,1.0810338e+00,2.1623772e-02
4.4336818e-02,1.0833333e+00,2.9239658e-12
2.9331998e+00,1.0834808e+00,7.6186901e-05
4.9256310e+00,1.0845336e+00,2.9008689e-04
7.5846120e+00,1.0865014e+00,2.3853782e-02
3.9824319e+00,1.0872757e+00,6.3322366e-05
1.3680378e+00,1.0884203e+00,7.3782675e-07
2.5219033e+00,1.0886908e+00,7.3371243e-05
3.9072167e+00,1.0896088e+00,6.2229829e-05
1.9695948e+00,1.0913926e+00,2.3794621e-05
3.2577623e+00,1.0934543e+00,7.0232786e-05
5.6991705e+00,1.0935843e+00,2.3350914e-02
1.5074315e+00,1.0980261e+00,1.0506416e-06
3.1889644e+00,1.1004563e+00,7.0172967e-05
4.8521877e+00,1.1016181e+00,2.3621404e-04
4.7059965e+00,1.1023267e+00,1.4209189e-04
8.6262582e+00,1.1035898e+00,1.9947950e-02
4.5573340e+00,1.1040928e+00,9.6183630e-05
8.3926954e+00,1.1046956e+00,2.0710895e-02
9.0418703e+00,1.1057999e+00,2.2508013e-02
7.1549032e+00,1.1065409e+00,2.6239273e-02
6.2640667e+00,1.1065834e+00,2.5970954e-02
8.5501759e+00,1.1079824e+00,2.1327618e-02
9.3552403e+00,1.1095456e+00,2.1682630e-02
2.7929755e+00,1.1105258e+00,7.6964144e-05
7.2399827e+00,1.1123891e+00,2.6550627e-02
1.2934734e+00,1.1124408e+00,1.7242489e-07
8.0244998e+00,1.1134517e+00,2.0142186e-02
2.6601760e+00,1.1139595e+00,7.6942932e-05
1.6597858e+00,1.1164456e+00,5.4073960e-06
7.6753175e+00,1.1193261e+00,2.3016744e-02
6.5173249e+00,1.1195741e+00,2.7063373e-02
8.2921055e+00,1.1225369e+00,2.0183780e-02
7.5178465e+00,1.1238949e+00,2.4995718e-02
9.9549744e+00,1.1249674e+00,1.9332625e-02
5.9150756e+00,1.1250740e+00,2.7006978e-02
8.1025024e+00,1.1286077e+00,2.0247529e-02
6.8202735e+00,1.1296260e+00,2.5730842e-02
8.4130282e-01,1.1328198e+00,1.2355161e-10
8.7666537e+00,1.1348612e+00,2.1090209e-02
6.9626796e+00,1.1352782e+00,2.6802204e-02
1.4323818e+00,1.1358189e+00,7.3527410e-07
4.1506589e+00,1.1359691e+00,6.2056970e-05
9.2083289e+00,1.1361161e+00,2.1934735e-02
2.1698838e+00,1.1372118e+00,3.7923113e-05
1.5693804e+00,1.1379027e+00,1.1689594e-06
2.3578993e+00,1.1390694e+00,5.0248019e-05
3.6071087e+00,1.1403751e+00,6.3278709e-05
7.0262666e-01,1.1410121e+00,9.1569999e-11
4.2389829e+00,1.1418930e+00,6.3085657e-05
8.8959236e+00,1.1438545e+00,2.0737274e-02
6.6884532e+00,1.1439773e+00,2.6511022e-02
5.3855871e-01,1.1440972e+00,3.6516660e-11
1.1497766e+00,1.1455033e+00,1.7650745e-08
5.5417503e+00,1.1470588e+00,2.1788712e-02
6.4222631e+00,1.1511248e+00,2.7251161e-02
9.1125260e+00,1.1518277e+00,2.2724259e-02
5.8430882e+00,1.1523177e+00,2.5816939e-02
2.4952574e+00,1.1525807e+00,5.1491583e-05
1.0759032e+00,1.1546154e+00,4.3079340e-09
3.7186669e-01,1.1550288e+00,3.2350410e-11
3.0230674e+00,1.1552850e+00,6.4395534e-05
2.0739194e+00,1.1557310e+00,2.4474180e-05
9.2568522e-01,1.1568442e+00,2.0241324e-10
7.8836867e+00,1.1574789e+00,2.0818638e-02
1.8496635e-01,1.1585701e+00,3.2053103e-12
8.4797031e+00,1.1597365e+00,2.2025170e-02
4.9682145e+00,1.1607143e+00,3.1537535e-04
3.7398084e+00,1.1614317e+00,6.4757012e-05
1.8618570e+00,1.1615430e+00,1.3201163e-05
9.5163895e+00,1.1619836e+00,2.1010803e-02
8.6762472e+00,1.1622925e+00,2.0190804e-02
4.4305026e+00,1.1629374e+00,7.8699900e-05
9.8764348e+00,1.1632346e+00,2.2612110e-02
3.5315040e+00,1.1635527e+00,6.3271879e-05
9.2688545e-02,1.1653951e+00,1.5476913e-12
6.8835112e+00,1.1669913e+00,2.5697371e-02
3.2936025e+00,1.1671177e+00,6.7417994e-05
9.6251970e+00,1.1684654e+00,2.1335512e-02
6.0632811e+00,1.1690069e+00,2.6940119e-02
2.9350286e+00,1.1691901e+00,6.2696579e-05
3.3725498e+00,1.1725312e+00,6.5960678e-05
8.9576654e+00,1.1734423e+00,2.1640762e-02
7.8881632e-01,1.1752266e+00,9.1794526e-11
1.9433159e+00,1.1756298e+00,1.5654699e-05
2.4145237e+00,1.1760595e+00,4.9418810e-05
3.1659760e+00,1.1766219e+00,6.5206587e-05
4.5318620e+00,1.1771665e+00,9.5007676e-05
4.0227230e+00,1.1773347e+00,6.4153271e-05
7.9786873e+00,1.1788728e+00,2.0641174e-02
6.6026540e+00,1.1798728e+00,2.7368703e-02
1.7120809e+00,1.1812871e+00,5.2574101e-06
1.2759877e+00,1.1816623e+00,9.3425827e-08
6.7575405e+00,1.1850821e+00,2.6553824e-02
7.3975480e+00,1.1858015e+00,2.6330748e-02
4.5908611e-01,1.1859245e+00,3.1386799e-11
7.1125538e+00,1.1897368e+00,2.7167144e-02
8.8225599e+00,1.1900212e+00,2.1287751e-02
7.7046999e+00,1.1903683e+00,2.2478323e-02
6.3418721e-01,1.1921037e+00,3.7323242e-11
4.1016090e+00,1.1940581e+00,6.3789550e-05
9.3848807e+00,1.1955440e+00,2.0862085e-02
7.2520589e+00,1.1971767e+00,2.6954624e-02
3.9042457e+00,1.1974492e+00,6.0422509e-05
1.1989460e+00,1.1980022e+00,2.1054607e-08
5.6770062e+00,1.1988813e+00,2.3768889e-02
3.0760361e+00,1.2025051e+00,6.5678863e-05
5.9767582e+00,1.2037011e+00,2.7042790e-02
8.2715438e+00,1.2037292e+00,2.0075816e-02
4.2785126e+00,1.2040385e+00,6.7305709e-05
7.0326840e+00,1.2052814e+00,2.7094227e-02
7.8122849e+00,1.2059564e+00,2.1972820e-02
1.8099207e+00,1.2060207e+00,5.5788906e-06
4.8469104e+00,1.2075606e+00,2.3085261e-04
4.7000023e+00,1.2076111e+00,1.4528980e-04
7.4967275e+00,1.2100993e+00,2.5209152e-02
3.6477222e+00,1.2103795e+00,6.4473838e-05
6.2318091e+00,1.2104980e+00,2.8625611e-02
4.3814218e+00,1.2124358e+00,7.6276506e-05
2.2972582e+00,1.2132195e+00,3.5593756e-05
2.0149563e+00,1.2150614e+00,1.5821679e-05
2.6353793e+00,1.2157751e+00,5.2547833e-05
8.1019928e+00,1.2158963e+00,2.0207373e-02
2.2201912e+00,1.2161340e+00,3.5960297e-05
1.0484363e+00,1.2176085e+00,9.2920210e-10
2.2875083e-01,1.2196551e+00,2.7011255e-12
2.7858249e+00,1.2210919e+00,5.3553432e-05
3.0928229e-01,1.2215452e+00,3.6660746e-12
3.2337211e+00,1.2222798e+00,6.4572369e-05
5.5845405e+00,1.2222852e+00,2.2267926e-02
9.6689483e-01,1.2223043e+00,2.3604409e-10
9.4710243e+00,1.2257264e+00,2.0222876e-02
1.4182903e+00,1.2322116e+00,3.5658193e-07
7.3362067e+00,1.2329174e+00,2.6533564e-02
3.7734367e+00,1.2337483e+00,6.2562615e-05
2.5521443e+00,1.2363022e+00,4.7535082e-05
9.2509066e+00,1.2409429e+00,2.2022921e-02
3.9755418e+00,1.2417254e+00,6.2196229e-05
8.4835120e+00,1.2425504e+00,2.1760765e-02
6.1359880e+00,1.2433414e+00,2.9352771e-02
1.5671998e+00,1.2441111e+00,7.7338030e-07
8.6730360e+00,1.2457650e+00,2.0021802e-02
6.4055787e+00,1.2470995e+00,2.6401791e-02
7.1809101e+00,1.2474021e+00,2.7769107e-02
8.1663614e+00,1.2474206e+00,1.9823888e-02
4.8351727e-02,1.2487284e+00,4.3048596e-14
9.8670155e+00,1.2488858e+00,2.0225348e-02
4.6061133e+00,1.2489844e+00,1.3242219e-04
3.8516403e+00,1.2497617e+00,6.2566322e-05
4.9203537e+00,1.2500000e+00,2.8620027e-04
2.8664539e+00,1.2502191e+00,5.3331466e-05
8.0185871e+00,1.2507537e+00,2.0629606e-02
1.3364606e+00,1.2540345e+00,1.0393463e-07
6.8686626e+00,1.2566085e+00,2.6387929e-02
8.9621693e+00,1.2577960e+00,2.0413408e-02
3.4196044e+00,1.2589187e+00,5.4281185e-05
2.4012662e+00,1.2596528e+00,4.0286984e-05
9.1003054e+00,1.2598414e+00,2.2138699e-02
6.7883241e+00,1.2631088e+00,2.6949553e-02
9.3259122e+00,1.2631986e+00,2.1090009e-02
4.7745732e+00,1.2637639e+00,2.1844554e-04
3.4989564e+00,1.2645534e+00,5.4558579e-05
1.6491769e+00,1.2653740e+00,1.2582358e-06
5.7993309e+00,1.2658043e+00,2.5122624e-02
7.6678918e+00,1.2690779e+00,2.3645459e-02
6.5893639e+00,1.2712046e+00,2.8045467e-02
8.8178146e+00,1.2712411e+00,2.0864660e-02
6.4335042e-01,1.2715933e+00,1.7675852e-11
9.6666956e+00,1.2729044e+00,2.1389366e-02
1.2008683e+00,1.2775753e+00,8.1531320e-09
6.3111699e+00,1.2776009e+00,2.8087959e-02
5.7097512e+00,1.2777843e+00,2.3983211e-02
8.1403166e-01,1.2789640e+00,2.7971783e-11
7.5675959e+00,1.2801021e+00,2.5565976e-02
2.0163134e+00,1.2803855e+00,1.2673874e-05
7.8284070e+00,1.2824051e+00,2.2010372e-02
4.1238658e+00,1.2835176e+00,6.7692863e-05
2.7010545e+00,1.2836090e+00,5.1022438e-05
8.3250556e+00,1.2845267e+00,2.0856431e-02
4.2124454e+00,1.2875741e+00,6.8931825e-05
1.8376120e+00,1.2907171e+00,4.2952908e-06
3.0569348e+00,1.2908384e+00,5.4711428e-05
2.3281325e+00,1.2910913e+00,3.5234414e-05
3.2340246e+00,1.2925052e+00,5.4781899e-05
4.5137463e-01,1.2963293e+00,6.2398128e-12
7.0101825e+00,1.2970940e+00,2.7485148e-02
9.0341535e+00,1.2981673e+00,2.0198199e-02
2.4874929e+00,1.2984612e+00,4.0169277e-05
9.4926445e+00,1.2987014e+00,2.0699420e-02
2.1517847e-01,1.2990202e+00,1.1892969e-13
8.7586973e+00,1.2995537e+00,2.0298369e-02
1.4911595e+00,1.3006273e+00,3.6794192e-07
4.3890321e+00,1.3006305e+00,9.1248239e-05
9.0772777e-01,1.3020172e+00,3.9790011e-11
3.6378409e+00,1.3021836e+00,5.6752758e-05
9.7547695e+00,1.3021869e+00,2.0233584e-02
3.5999869e-01,1.3055658e+00,9.0676251e-13
8.4079611e+00,1.3056152e+00,2.2243583e-02
1.0876621e+00,1.3066284e+00,5.4609885e-10
6.4873504e+00,1.3068805e+00,2.4955320e-02
5.9464557e+00,1.3073874e+00,2.7871288e-02
8.8956822e+00,1.3094281e+00,2.0877120e-02
9.1784552e+00,1.3100628e+00,2.1904287e-02
5.5427902e+00,1.3105205e+00,2.2510537e-02
8.6256297e+00,1.3111786e+00,2.0521484e-02
8.5565675e+00,1.3149126e+00,2.1561641e-02
6.9253296e+00,1.3167080e+00,2.6533653e-02
7.7371289e+00,1.3172232e+00,2.2303241e-02
3.9920364e+00,1.3206063e+00,6.6076361e-05
1.2914467e+00,1.3217513e+00,1.9019401e-08
2.8860773e+00,1.3220592e+00,5.2676895e-05
2.1706867e+00,1.3229422e+00,1.3025299e-05
3.7155245e+00,1.3235725e+00,5.7227915e-05
7.3700522e-01,1.3242390e+00,1.7599877e-11
6.7522819e+00,1.3250429e+00,2.6838411e-02
1.9288563e+00,1.3274081e+00,4.5136708e-06
9.9455551e+00,1.3282657e+00,2.0330986e-02
2.9796028e+00,1.3284235e+00,5.2197852e-05
1.6762587e+00,1.3309035e+00,1.2509731e-06
6.6616583e+00,1.3312955e+00,2.7981109e-02
1.7668540e+00,1.3315130e+00,1.3742146e-06
8.3542664e-02,1.3320617e+00,3.4066787e-14
3.5646797e+00,1.3331800e+00,5.4723418e-05
5.4001045e-01,1.3339915e+00,6.3607678e-12
6.1337820e+00,1.3341089e+00,2.8786067e-02
7.1745200e+00,1.3341963e+00,2.7745444e-02
7.3405644e+00,1.3349368e+00,2.6730366e-02
3.1471782e+00,1.3351806e+00,5.3545514e-05
1.1557465e+00,1.3362423e+00,7.9284271e-10
8.1687814e+00,1.3362933e+00,1.9777191e-02
4.5729409e+00,1.3364975e+00,1.3590085e-04
2.0925886e+00,1.3383568e+00,1.2474940e-05
4.9521392e+00,1.3392857e+00,2.9806641e-04
9.5795083e+00,1.3393976e+00,2.1109934e-02
5.8410158e+00,1.3422470e+00,2.5755321e-02
4.2665060e+00,1.3446122e+00,8.4581847e-05
7.9873049e+00,1.3456236e+00,2.0333669e-02
4.0614744e+00,1.3456751e+00,7.0184883e-05
1.6224811e-01,1.3490463e+00,5.0487041e-14
3.0982095e-01,1.3497096e+00,1.7296946e-13
3.3840992e+00,1.3515001e+00,4.6917716e-05
7.5258961e+00,1.3555547e+00,2.5160178e-02
7.9036540e+00,1.3563133e+00,2.0864595e-02
3.8589159e+00,1.3575078e+00,6.3211931e-05
4.4608828e+00,1.3576308e+00,1.3268552e-04
5.6172855e+00,1.3600117e+00,2.5338257e-02
8.2603960e+00,1.3603658e+00,2.0956728e-02
3.3051506e+00,1.3604692e+00,4.6791821e-05
7.0836623e+00,1.3683438e+00,2.7372566e-02
2.3256783e+00,1.3698376e+00,1.8376944e-05
8.9123798e+00,1.3728130e+00,2.0675755e-02
6.2905230e+00,1.3735645e+00,2.4925214e-02
9.0022183e+00,1.3745891e+00,2.0293043e-02
2.6898227e+00,1.3748515e+00,3.0426696e-05
9.3355221e+00,1.3767735e+00,2.1461680e-02
2.4873432e+00,1.3803186e+00,2.7343992e-05
9.4161108e+00,1.3820940e+00,2.1342643e-02
9.3364623e-01,1.3825269e+00,3.8029242e-11
7.4147673e+00,1.3828701e+00,2.6248534e-02
3.9280160e+00,1.3840761e+00,6.8833420e-05
6.4811535e+00,1.3844100e+00,2.5004301e-02
7.2500265e+00,1.3859904e+00,2.7385226e-02
5.9976990e+00,1.3895410e+00,2.8293653e-02
1.0320391e+00,1.3918339e+00,5.0460315e-11
4.7815642e+00,1.3944796e+00,2.3048508e-04
8.7384711e+00,1.3958772e+00,2.0201993e-02
6.0802354e+00,1.3969983e+00,2.9010579e-02
6.2089562e+00,1.3972290e+00,2.4794384e-02
1.3009103e+00,1.3986999e+00,1.2661927e-08
2.2452996e+00,1.3987739e+00,1.3002151e-05
1.9385969e+00,1.3992262e+00,3.6667453e-06
8.0731307e+00,1.3996389e+00,1.9636170e-02
2.8374145e+00,1.4030975e+00,3.1410684e-05
3.5660002e+00,1.4040112e+00,4.9055833e-05
7.7609270e+00,1.4042786e+00,2.1216609e-02
3.7277658e+00,1.4070676e+00,5.6605918e-05
6.9170969e+00,1.4077699e+00,2.6354559e-02
8.6638822e+00,1.4097518e+00,2.0017448e-02
8.4528059e+00,1.4103110e+00,2.2310464e-02
3.1541409e+00,1.4113380e+00,3.4437211e-05
2.9751515e+00,1.4132380e+00,3.3440194e-05
1.6333811e+00,1.4145110e+00,6.8076114e-07
8.5394293e+00,1.4149095e+00,2.0937613e-02
1.7677662e+00,1.4162341e+00,1.0167332e-06
9.7725349e+00,1.4163309e+00,2.0492394e-02
3.5190937e-02,1.4166667e+00,2.3360613e-14
2.0388245e+00,1.4169056e+00,3.9636324e-06
2.3986624e+00,1.4202565e+00,1.8386618e-05
6.3787349e+00,1.4205926e+00,2.2468895e-02
9.8847809e+00,1.4218534e+00,2.1158744e-02
9.1608782e+00,1.4226563e+00,2.1030530e-02
4.6260576e+00,1.4227277e+00,1.9774241e-04
2.7606296e+00,1.4234799e+00,2.8445340e-05
5.2361691e-01,1.4238061e+00,3.7750354e-12
1.2057899e+00,1.4244597e+00,1.2377247e-09
3.7929536e+00,1.4249893e+00,6.3320477e-05
6.6422733e+00,1.4253194e+00,2.7335622e-02
1.4915884e+00,1.4260736e+00,1.6365795e-07
7.4146743e-01,1.4270684e+00,6.1342429e-12
9.5635058e+00,1.4270898e+00,2.0968785e-02
4.8856869e+00,1.4275620e+00,3.4854548e-04
3.4647717e+00,1.4279661e+00,4.8213760e-05
3.1338942e-01,1.4288710e+00,7.3658800e-13
4.2611150e+00,1.4319232e+00,1.5393342e-04
7.5889632e+00,1.4324977e+00,2.4956275e-02
6.7896541e+00,1.4331411e+00,2.6363950e-02
2.0558614e-01,1.4350087e+00,7.4041852e-13
3.2532848e+00,1.4391287e+00,3.4304624e-05
2.6177150e+00,1.4394754e+00,2.2343503e-05
8.8601097e+00,1.4408055e+00,2.0540400e-02
7.8614535e+00,1.4418327e+00,2.0627515e-02
6.5637819e+00,1.4427581e+00,2.6291420e-02
9.0507932e+00,1.4488567e+00,1.9846929e-02
5.6321486e+00,1.4494818e+00,2.4082502e-02
5.8248297e+00,1.4497550e+00,2.5999110e-02
4.7152094e+00,1.4498818e+00,2.2059224e-04
2.8922506e+00,1.4499554e+00,3.0733228e-05
2.5455622e+00,1.4506176e+00,2.2474903e-05
4.1002679e+00,1.4522194e+00,1.4494172e-04
7.0624225e+00,1.4528045e+00,2.7272639e-02
8.2548425e+00,1.4552823e+00,2.1052338e-02
3.6514027e+00,1.4565100e+00,5.8274539e-05
1.6887690e+00,1.4578651e+00,6.8503442e-07
7.6960476e+00,1.4581527e+00,2.2905972e-02
8.7781490e+00,1.4608004e+00,1.9901782e-02
3.9458059e+00,1.4618949e+00,1.3983093e-04
9.4566993e+00,1.4620470e+00,2.1120361e-02
6.8581640e+00,1.4655818e+00,2.5680284e-02
1.3491421e+00,1.4657465e+00,1.1260123e-08
8.6023456e+00,1.4662427e+00,2.0253604e-02
9.2429395e+00,1.4671114e+00,2.0731156e-02
5.8493176e-01,1.4677519e+00,3.7155962e-12
1.8922840e+00,1.4706117e+00,1.0681339e-06
4.4374146e+00,1.4709492e+00,2.0902653e-04
6.7262446e-01,1.4714933e+00,3.7476330e-12
6.9807101e+00,1.4726166e+00,2.6051313e-02
7.2140185e+00,1.4745802e+00,2.7086980e-02
1.5625189e+00,1.4762139e+00,1.7447078e-07
7.4375790e+00,1.4763948e+00,2.6242358e-02
3.1037988e+00,1.4768957e+00,2.9450027e-05
2.2417762e+00,1.4783007e+00,6.7291094e-06
3.0301288e+00,1.4814051e+00,2.9506606e-05
1.8233835e+00,1.4818301e+00,1.0041475e-06
8.0760290e+00,1.4833251e+00,1.9278834e-02
9.6191552e+00,1.4839130e+00,2.0419372e-02
9.7169023e+00,1.4849428e+00,2.0148349e-02
2.7323831e+00,1.4879613e+00,2.2259220e-05
2.0423430e+00,1.4882413e+00,3.0715885e-06
8.8262173e-01,1.4890139e+00,6.4940985e-12
4.2000549e+00,1.4909580e+00,1.6207605e-04
8.4162497e+00,1.4914171e+00,2.2734412e-02
1.4219371e+00,1.4924212e+00,1.5723270e-08
6.7223847e+00,1.4930040e+00,2.7429555e-02
3.5900583e-01,1.4952198e+00,1.5345474e-12
1.0504323e+00,1.4960569e+00,3.7380227e-11
4.3041977e-01,1.4966365e+00,1.5044085e-12
5.9764449e+00,1.4975197e+00,2.7445508e-02
9.4248607e-02,1.5000000e+00,1.0979811e-12
7.5367585e+00,1.5006925e+00,2.5431612e-02
4.3601727e+00,1.5012598e+00,2.1817595e-04
1.8593837e-01,1.5013575e+00,1.0840463e-12
6.2012181e+00,1.5021413e+00,2.7420140e-02
5.7483324e+00,1.5025891e+00,2.5191863e-02
1.2025969e+00,1.5028528e+00,4.0634098e-10
2.3969889e+00,1.5046454e+00,1.0037644e-05
4.0486198e+00,1.5049693e+00,1.7684360e-04
8.1295423e-01,1.5053475e+00,5.7606336e-12
9.9392258e+00,1.5053524e+00,2.1661193e-02
3.4578260e+00,1.5071184e+00,6.2609641e-05
7.1172722e+00,1.5072468e+00,2.6782765e-02
4.5393798e+00,1.5085386e+00,2.1944176e-04
2.6496508e+00,1.5095036e+00,2.2011365e-05
3.2535154e+00,1.5109186e+00,3.0527509e-05
6.1297220e+00,1.5109659e+00,2.9302638e-02
8.3202652e+00,1.5124882e+00,2.1061966e-02
6.3592003e+00,1.5132815e+00,2.8149246e-02
8.1661263e+00,1.5148960e+00,2.0547214e-02
6.5318100e+00,1.5153027e+00,2.7219746e-02
2.1383494e+00,1.5155417e+00,3.1314685e-06
4.9335477e+00,1.5168477e+00,4.3408320e-04
5.5576533e+00,1.5176375e+00,2.4367868e-02
7.2676450e+00,1.5222415e+00,2.6822145e-02
5.9090155e+00,1.5228742e+00,2.6406143e-02
7.3836579e+00,1.5247334e+00,2.6194863e-02
3.7846417e+00,1.5262977e+00,1.8386142e-04
8.9002478e+00,1.5305267e+00,2.1159933e-02
2.3204815e+00,1.5337533e+00,6.6979355e-06
2.4737443e+00,1.5348783e+00,1.0185057e-05
3.8683939e+00,1.5366349e+00,1.9589318e-04
1.9509271e+00,1.5366619e+00,1.1127131e-06
9.0010927e+00,1.5368017e+00,2.1439300e-02
3.6336081e+00,1.5386400e+00,1.8580053e-04
1.1348903e+00,1.5406213e+00,4.9000759e-11
2.8695640e+00,1.5406478e+00,1.9020271e-05
7.9056947e+00,1.5436105e+00,2.1113247e-02
9.4157488e+00,1.5439111e+00,2.1374310e-02
8.5974220e+00,1.5481000e+00,2.0076819e-02
1.6682975e+00,1.5486494e+00,3.7951624e-07
3.1600347e+00,1.5487069e+00,2.8456236e-05
6.4296469e+00,1.5496436e+00,2.7950572e-02
1.2873986e+00,1.5513404e+00,7.0382775e-10
9.6789329e-01,1.5543710e+00,7.3726137e-12
4.6951511e+00,1.5554203e+00,2.5689041e-04
8.7533608e+00,1.5561664e+00,1.9656113e-02
5.3730947e-01,1.5568630e+00,2.1036152e-12
2.7864814e+00,1.5582714e+00,1.7813661e-05
7.7275724e+00,1.5589712e+00,2.3323445e-02
7.9960965e+00,1.5636448e+00,1.9431377e-02
3.5412599e+00,1.5652936e+00,1.9325670e-04
9.5975523e+00,1.5674690e+00,2.0540828e-02
1.5858372e+00,1.5681118e+00,1.7695488e-07
2.9999296e+00,1.5684852e+00,1.9202922e-05
6.6694425e-01,1.5686055e+00,2.8227035e-12
6.2632503e+00,1.5711657e+00,2.9758910e-02
1.7979359e+00,1.5719581e+00,4.4019363e-07
6.9710594e+00,1.5723211e+00,2.5483276e-02
3.3830672e+00,1.5728378e+00,5.6972452e-05
6.0717161e+00,1.5730803e+00,2.7665846e-02
3.3112949e+00,1.5744446e+00,3.2651572e-05
4.5732226e-01,1.5746105e+00,1.8698839e-12
6.5688790e+00,1.5761808e+00,2.7442489e-02
8.4979495e+00,1.5778728e+00,2.1672553e-02
7.5701298e+00,1.5783780e+00,2.5511325e-02
9.2491416e+00,1.5787660e+00,2.1012293e-02
4.5708028e+00,1.5793962e+00,2.5425127e-04
7.0912178e+00,1.5809757e+00,2.6524740e-02
9.7348343e+00,1.5813315e+00,2.0516784e-02
6.8969341e+00,1.5814115e+00,2.5806914e-02
5.9057670e-02,1.5833333e+00,2.0177153e-12
3.7016593e+00,1.5905060e+00,2.6410804e-04
2.9222657e+00,1.5910106e+00,1.8784462e-05
2.1356542e+00,1.5933630e+00,2.5651087e-06
9.8965915e+00,1.5935094e+00,1.9352117e-02
6.7501049e+00,1.5941783e+00,2.7742981e-02
2.4477426e-01,1.5947380e+00,2.8661709e-12
3.1003844e-01,1.5947380e+00,3.0794630e-12
7.2298338e+00,1.5957545e+00,2.6868621e-02
1.7218471e+00,1.5971464e+00,3.7686828e-07
8.6754334e+00,1.5972578e+00,2.0351091e-02
2.6577994e+00,1.5978409e+00,1.1395740e-05
8.8409077e+00,1.6011029e+00,2.0197033e-02
7.4174923e+00,1.6011932e+00,2.6378321e-02
9.3341568e+00,1.6036242e+00,2.1125276e-02
2.4907270e+00,1.6051815e+00,7.9689228e-06
5.8604455e-01,1.6061483e+00,2.1396928e-12
7.8366930e+00,1.6068749e+00,2.2251720e-02
9.4620726e+00,1.6072078e+00,2.0901937e-02
5.5963791e+00,1.6080699e+00,2.2927916e-02
4.2490294e+00,1.6084507e+00,4.5355200e-04
1.4614293e+00,1.6088038e+00,1.3055816e-08
4.8738208e+00,1.6102509e+00,4.2667651e-04
7.6538593e+00,1.6110016e+00,2.3639389e-02
4.0687593e+00,1.6134136e+00,6.0071071e-04
4.3354697e+00,1.6140933e+00,4.3805700e-04
1.9723425e+00,1.6162554e+00,7.9874022e-07
9.5349010e+00,1.6162640e+00,2.0375487e-02
8.1450439e+00,1.6173001e+00,2.0303483e-02
3.8784463e+00,1.6205574e+00,4.6735856e-04
1.3029147e+00,1.6216628e+00,6.5642814e-10
7.1501528e+00,1.6218221e+00,2.6985541e-02
7.8071167e-01,1.6230754e+00,3.0727935e-12
4.7496397e+00,1.6231831e+00,3.6530132e-04
8.3090889e+00,1.6235543e+00,1.9629242e-02
9.6617597e+00,1.6246008e+00,2.0783208e-02
2.3169093e+00,1.6250972e+00,2.8502211e-06
9.8022776e+00,1.6255521e+00,1.9823317e-02
7.0267174e+00,1.6262379e+00,2.5860745e-02
6.6303538e+00,1.6262385e+00,2.9661251e-02
2.7514320e+00,1.6276855e+00,1.1468601e-05
3.1718612e+00,1.6287191e+00,1.6379983e-05
7.5047846e+00,1.6305400e+00,2.6365460e-02
5.7504770e+00,1.6306885e+00,2.5854354e-02
9.7873477e-01,1.6312763e+00,6.5773394e-12
1.5543988e+00,1.6343540e+00,3.2957620e-08
4.2837497e-01,1.6385353e+00,3.5036808e-12
2.5983024e+00,1.6389633e+00,7.9020173e-06
7.0354466e-01,1.6419085e+00,3.0182411e-12
5.9048673e+00,1.6432287e+00,2.6382489e-02
3.0384302e+00,1.6441887e+00,1.4370116e-05
6.4389410e+00,1.6446315e+00,2.6363366e-02
1.8406520e+00,1.6451279e+00,3.9754654e-07
2.0610632e+00,1.6456561e+00,8.5149928e-07
9.0543699e+00,1.6461501e+00,2.2335945e-02
6.0698889e+00,1.6463464e+00,2.7656130e-02
6.5226629e+00,1.6467041e+00,2.6907477e-02
2.2355088e+00,1.6474659e+00,2.4470482e-06
8.0515915e+00,1.6476920e+00,1.9650800e-02
6.6994963e+00,1.6490961e+00,2.8200436e-02
6.8561445e+00,1.6501451e+00,2.6308760e-02
1.4041504e+00,1.6524514e+00,1.2128551e-09
3.9759978e+00,1.6542616e+00,7.1705892e-04
1.1486372e+00,1.6593809e+00,2.4442015e-11
3.5250510e-01,1.6600795e+00,3.4561013e-12
3.2589582e+00,1.6626502e+00,3.2644704e-05
1.0725673e-01,1.6646943e+00,5.7906890e-12
1.9212080e+00,1.6661195e+00,4.1393867e-07
2.4103994e+00,1.6662925e+00,2.9569594e-06
9.1650708e+00,1.6666729e+00,2.1755025e-02
9.3804806e+00,1.6669209e+00,2.0225946e-02
3.5252624e+00,1.6676108e+00,1.3515868e-03
5.6730190e+00,1.6680134e+00,2.4522466e-02
8.4852485e+00,1.6686244e+00,2.1299008e-02
8.2225838e+00,1.6687525e+00,2.0220765e-02
7.2942836e+00,1.6687713e+00,2.6626617e-02
6.2695981e+00,1.6691199e+00,2.9589933e-02
7.3659292e+00,1.6717181e+00,2.6905380e-02
3.1154365e+00,1.6731050e+00,1.4627731e-05
4.5107540e+00,1.6743679e+00,4.8539581e-04
2.0128356e-01,1.6747414e+00,6.1086372e-12
3.7021518e+00,1.6748923e+00,1.8744271e-03
9.9573657e+00,1.6763923e+00,1.9407621e-02
4.1693819e+00,1.6781563e+00,6.9578306e-04
5.5387259e+00,1.6786676e+00,2.2768287e-02
9.0851087e-01,1.6809032e+00,3.1245247e-12
3.4354448e+00,1.6811549e+00,1.1485804e-03
5.4687999e-01,1.6883382e+00,3.9673457e-12
8.6709752e+00,1.6904015e+00,2.0998215e-02
5.9704694e+00,1.6911403e+00,2.6926910e-02
7.8526593e+00,1.6914373e+00,2.0688172e-02
8.8547338e+00,1.6915246e+00,2.0231760e-02
1.0750208e+00,1.6917218e+00,7.3638022e-12
1.2318600e+00,1.6919348e+00,4.1573848e-11
8.3923725e+00,1.6932348e+00,2.0603864e-02
3.7951867e+00,1.6946065e+00,2.2033414e-03
6.5841377e+00,1.6967618e+00,2.9607335e-02
8.1811496e-01,1.6971492e+00,3.0096471e-12
5.8228261e+00,1.6982088e+00,2.5712023e-02
4.9402731e+00,1.7005460e+00,5.6309612e-04
4.3940512e+00,1.7027963e+00,5.4948324e-04
4.6919762e-01,1.7029777e+00,4.3064307e-12
2.9239491e+00,1.7032131e+00,8.8157375e-06
6.1299168e+00,1.7061382e+00,2.6652579e-02
6.3748423e+00,1.7062236e+00,2.6759816e-02
7.1726849e+00,1.7076785e+00,2.6954787e-02
9.6231611e+00,1.7078175e+00,2.0804625e-02
4.7068151e+00,1.7092728e+00,5.4288200e-04
9.5447463e+00,1.7096827e+00,2.0783013e-02
1.7300067e+00,1.7120450e+00,1.6428685e-07
7.6573088e+00,1.7122569e+00,2.4066407e-02
2.7851007e+00,1.7135039e+00,7.1564583e-06
7.4958307e+00,1.7162571e+00,2.6832524e-02
8.0277304e+00,1.7167699e+00,1.9087827e-02
1.5917079e+00,1.7201261e+00,2.3250197e-08
7.0381598e+00,1.7208079e+00,2.6131192e-02
6.2095881e+00,1.7220017e+00,2.7164142e-02
2.0975869e+00,1.7238315e+00,6.7815012e-07
3.6181031e+00,1.7253434e+00,2.6658901e-03
2.6178938e+00,1.7259611e+00,3.2382088e-06
9.8063267e+00,1.7287404e+00,1.9606740e-02
7.9367528e+00,1.7304322e+00,1.9580255e-02
2.9957609e+00,1.7313058e+00,8.8832701e-06
8.5802628e+00,1.7319954e+00,2.2119793e-02
2.2009763e+00,1.7328649e+00,7.4236982e-07
1.4281436e+00,1.7329423e+00,9.6793999e-10
3.2848965e+00,1.7349494e+00,2.5294327e-04
6.8700317e+00,1.7363507e+00,2.6660496e-02
4.5922776e+00,1.7364817e+00,5.3069904e-04
1.8047924e+00,1.7366710e+00,1.6854433e-07
9.3899029e+00,1.7372104e+00,2.0501250e-02
8.7627287e+00,1.7397318e+00,2.1068706e-02
9.0079097e+00,1.7439640e+00,2.1603844e-02
7.7469882e+00,1.7447888e+00,2.3136353e-02
3.2022560e-01,1.7463252e+00,4.9688839e-12
7.2605258e+00,1.7469456e+00,2.6902449e-02
3.9720550e+00,1.7471366e+00,5.7867764e-03
4.8199060e-02,1.7480277e+00,5.5213831e-12
6.5883204e-01,1.7492305e+00,3.7351851e-12
7.4166984e+00,1.7522450e+00,2.7328933e-02
1.9557553e+00,1.7547935e+00,3.1021965e-07
8.9323217e+00,1.7548882e+00,2.0930574e-02
3.3896108e+00,1.7550608e+00,2.1417599e-03
6.7245770e+00,1.7554032e+00,2.7132140e-02
9.9006407e+00,1.7555212e+00,2.0992176e-02
9.1956923e+00,1.7557621e+00,2.2665882e-02
5.8306706e-01,1.7581173e+00,3.7719842e-12
9.4346380e-01,1.7593335e+00,3.2091999e-12
2.8660449e+00,1.7600685e+00,7.0674931e-06
2.3426825e-01,1.7609871e+00,5.5147582e-12
7.1251922e+00,1.7614020e+00,2.6931328e-02
2.4372114e+00,1.7633724e+00,1.8911276e-06
5.9755510e+00,1.7652170e+00,2.6934304e-02
7.5646254e+00,1.7653503e+00,2.6083770e-02
3.1411704e+00,1.7659931e+00,1.9375218e-05
6.5858403e+00,1.7680646e+00,2.9668398e-02
1.6750956e+00,1.7698960e+00,2.7815963e-08
2.7110595e+00,1.7706572e+00,3.3159702e-06
9.4813402e+00,1.7709160e+00,2.0893241e-02
9.6478983e+00,1.7710100e+00,2.0522841e-02
1.0405559e+00,1.7724161e+00,4.1934869e-12
5.5810052e+00,1.7727216e+00,2.2326961e-02
5.6576451e+00,1.7738417e+00,2.3692283e-02
6.0642577e+00,1.7742261e+00,2.6755304e-02
8.2215682e+00,1.7743607e+00,2.0164869e-02
3.8212217e+00,1.7744225e+00,8.5244818e-03
4.1703681e+00,1.7748799e+00,2.4892523e-03
1.5227316e+00,1.7750667e+00,1.7872821e-09
6.9616553e+00,1.7766333e+00,2.6118952e-02
9.3015607e+00,1.7776873e+00,2.0802051e-02
9.7398493e+00,1.7818093e+00,1.9318404e-02
2.0434135e+00,1.7831047e+00,3.2107880e-07
6.7890727e+00,1.7866910e+00,2.7667446e-02
8.0774207e+00,1.7867131e+00,1.8485621e-02
7.7466444e-01,1.7876918e+00,3.4630737e-12
2.5371304e+00,1.7892592e+00,1.8972532e-06
4.9025409e+00,1.7898317e+00,6.0647225e-04
4.7453925e+00,1.7898466e+00,6.1365606e-04
1.2608866e+00,1.7923059e+00,4.1728434e-11
6.4173388e+00,1.7930371e+00,2.9413858e-02
3.9005384e+00,1.7932484e+00,8.5579762e-03
3.2235335e+00,1.7939064e+00,1.6801524e-04
8.3911664e+00,1.7960387e+00,2.1208163e-02
4.3830863e-01,1.7969580e+00,5.7716618e-12
4.3655024e+00,1.8005808e+00,1.7278259e-03
1.8735990e+00,1.8013170e+00,1.6987198e-07
1.3559345e+00,1.8025247e+00,6.8932332e-11
3.0573572e+00,1.8026927e+00,9.4711967e-06
4.0658026e+00,1.8030122e+00,5.9334973e-03
5.8004162e+00,1.8031855e+00,2.5689579e-02
6.6571370e+00,1.8038483e+00,2.6182482e-02
2.2439452e+00,1.8055146e+00,6.7252250e-07
7.9455812e+00,1.8139906e+00,1.8657509e-02
3.6254299e+00,1.8148851e+00,1.9983037e-02
4.5811667e+00,1.8155003e+00,6.7813993e-04
3.6520648e-01,1.8187613e+00,5.5077256e-12
6.5200250e+00,1.8202270e+00,2.9206391e-02
6.2501550e+00,1.8208219e+00,2.8027801e-02
6.9254853e-01,1.8209400e+00,3.8448054e-12
8.5677498e+00,1.8214068e+00,2.1790815e-02
8.1514105e+00,1.8216329e+00,1.8950483e-02
7.7612276e+00,1.8232599e+00,2.3332553e-02
3.4168844e+00,1.8232675e+00,1.0821290e-02
4.2635121e+00,1.8237782e+00,2.6821092e-03
4.8169373e+00,1.8238139e+00,6.4799239e-04
9.3505731e-02,1.8276211e+00,5.8111532e-12
7.3040913e+00,1.8286476e+00,2.7047488e-02
1.8554809e-01,1.8305334e+00,5.5291249e-12
8.7490705e+00,1.8309224e+00,2.2155895e-02
7.3886184e+00,1.8310002e+00,2.6993004e-02
2.3545232e+00,1.8315009e+00,7.0208018e-07
8.3068671e+00,1.8319665e+00,2.1257758e-02
5.9293099e+00,1.8320072e+00,2.6420440e-02
6.0799203e+00,1.8344721e+00,2.6890307e-02
9.1412125e+00,1.8351920e+00,2.1955257e-02
5.7126932e+00,1.8414934e+00,2.3575378e-02
8.8874033e-01,1.8423588e+00,3.3323303e-12
1.0987070e+00,1.8433953e+00,4.2958535e-12
9.9432749e+00,1.8438348e+00,2.1243178e-02
9.0641308e+00,1.8439167e+00,2.1819319e-02
3.7355135e+00,1.8442499e+00,2.1341120e-02
9.5003181e+00,1.8470225e+00,2.1165612e-02
4.6698274e+00,1.8479181e+00,7.1527215e-04
8.0273989e+00,1.8481871e+00,1.8270941e-02
9.5884614e+00,1.8489817e+00,2.0577186e-02
8.8948784e+00,1.8502738e+00,2.1526572e-02
5.8593212e+00,1.8522276e+00,2.5673817e-02
6.9558022e+00,1.8532961e+00,2.6237932e-02
7.8757271e+00,1.8534668e+00,1.9630852e-02
8.1033688e-01,1.8544711e+00,3.3320465e-12
3.5246146e+00,1.8546648e+00,3.0558860e-02
6.3526616e+00,1.8547537e+00,2.8531280e-02
2.7329732e+00,1.8562164e+00,1.8583655e-06
9.3032614e+00,1.8562650e+00,2.0797569e-02
5.5422793e+00,1.8587599e+00,2.2441803e-02
2.0654220e+00,1.8600592e+00,2.4824900e-07
8.4715294e+00,1.8608398e+00,2.1364890e-02
6.1861464e+00,1.8652044e+00,2.7804005e-02
6.7897051e+00,1.8663091e+00,2.8000978e-02
1.2086967e+00,1.8668561e+00,7.0374229e-12
5.4525137e-01,1.8677914e+00,4.3757223e-12
2.8864898e+00,1.8687739e+00,2.1288120e-06
1.6816966e+00,1.8698826e+00,1.2932799e-08
7.1663884e+00,1.8708400e+00,2.6822027e-02
8.6448040e+00,1.8710034e+00,2.2115503e-02
4.0449627e+00,1.8715260e+00,8.5271965e-03
1.5140834e+00,1.8730019e+00,8.9531313e-10
2.1625643e+00,1.8734356e+00,2.6233819e-07
7.5459859e+00,1.8749377e+00,2.6238606e-02
4.9622678e+00,1.8750000e+00,5.8967109e-04
3.9372074e+00,1.8754430e+00,1.0614778e-02
8.8036323e+00,1.8781008e+00,2.2095775e-02
5.9967562e+00,1.8787025e+00,2.6460845e-02
6.6595723e+00,1.8797500e+00,2.5795665e-02
3.0507216e+00,1.8813433e+00,5.9098215e-06
1.8768797e+00,1.8818244e+00,1.2067973e-07
9.7562113e+00,1.8852822e+00,1.9643405e-02
3.2563632e+00,1.8861794e+00,1.6388537e-03
4.4393304e+00,1.8894125e+00,2.0594302e-03
9.2059232e+00,1.8898756e+00,2.0447255e-02
4.5233878e+00,1.8903742e+00,1.7675800e-03
4.7817531e-01,1.8919927e+00,4.7341564e-12
6.8648109e+00,1.8926317e+00,2.5373171e-02
3.3449998e+00,1.8954292e+00,7.8196530e-03
7.7020307e+00,1.8962075e+00,2.4861334e-02
6.6785359e-01,1.8966184e+00,4.6420140e-12
7.2574467e+00,1.8988185e+00,2.7447290e-02
2.5775748e+00,1.9000822e+00,1.2495920e-06
1.4117975e+00,1.9024787e+00,9.6617100e-11
6.5333693e+00,1.9038032e+00,2.6748274e-02
7.4491112e+00,1.9045997e+00,2.7008385e-02
8.9237483e+00,1.9051136e+00,2.1192035e-02
1.0528818e+00,1.9074520e+00,3.9295534e-12
2.8274592e+00,1.9077686e+00,1.8363118e-06
9.0174127e+00,1.9096807e+00,2.1362601e-02
7.0214395e+00,1.9104725e+00,2.6197191e-02
6.7276447e+00,1.9109230e+00,2.8434393e-02
1.9810446e+00,1.9122554e+00,1.2164375e-07
4.5306671e-02,1.9129268e+00,5.6047917e-12
5.7051699e+00,1.9159019e+00,2.3913331e-02
4.2525691e+00,1.9166725e+00,5.6090093e-03
1.5896608e+00,1.9180480e+00,1.1916450e-09
1.7728447e+00,1.9183254e+00,1.6495918e-08
9.4539708e+00,1.9184126e+00,2.1294608e-02
3.3968370e-01,1.9189531e+00,5.3439248e-12
9.4000721e-01,1.9194981e+00,3.4687398e-12
2.9677687e+00,1.9196859e+00,2.2297380e-06
8.1472724e+00,1.9198242e+00,1.8637070e-02
9.3693090e+00,1.9215998e+00,2.1006661e-02
9.6150418e+00,1.9219776e+00,2.0654871e-02
2.6802520e+00,1.9223434e+00,1.2525223e-06
3.5168789e+00,1.9240422e+00,6.5700328e-02
6.6016199e+00,1.9275424e+00,2.6070694e-02
3.7458931e+00,1.9281238e+00,4.5484715e-02
8.0636641e+00,1.9281662e+00,1.8673983e-02
7.6129915e+00,1.9292371e+00,2.4984139e-02
2.3476543e+00,1.9295360e+00,3.7350268e-07
2.0639977e-01,1.9297827e+00,5.4848707e-12
8.3005212e+00,1.9312753e+00,2.0554395e-02
7.1095983e+00,1.9317352e+00,2.6623376e-02
9.9089929e+00,1.9320701e+00,1.7986158e-02
7.3835173e-01,1.9328935e+00,4.2191230e-12
5.6113960e+00,1.9342884e+00,2.6463047e-02
4.0949102e+00,1.9345319e+00,9.6809912e-03
5.9632140e-01,1.9345831e+00,5.1280139e-12
3.9108885e+00,1.9349798e+00,3.8817761e-02
4.6661183e+00,1.9384563e+00,1.1207524e-03
4.8198044e+00,1.9401203e+00,8.3858477e-04
3.1222814e+00,1.9421391e+00,4.2356768e-05
6.3835164e+00,1.9447090e+00,3.0280303e-02
2.2190263e+00,1.9473983e+00,2.3774274e-07
9.6908407e+00,1.9474788e+00,1.9652338e-02
8.4592931e+00,1.9489910e+00,2.1221616e-02
9.8310410e+00,1.9499386e+00,1.9086691e-02
6.2044428e+00,1.9509547e+00,2.8802886e-02
5.8511940e+00,1.9535621e+00,2.6453962e-02
3.2087426e+00,1.9555609e+00,5.5692907e-04
7.9105053e+00,1.9560262e+00,1.8696708e-02
3.4066112e+00,1.9568040e+00,3.2185919e-02
4.1764166e+00,1.9581822e+00,9.8718399e-03
3.8298354e+00,1.9589160e+00,4.6034857e-02
1.2576308e+00,1.9612741e+00,8.8635675e-12
2.6972672e-01,1.9615247e+00,5.8358114e-12
6.8739216e+00,1.9637346e+00,2.5219180e-02
4.9054080e+00,1.9656619e+00,7.3914348e-04
6.4615379e+00,1.9665686e+00,2.8110203e-02
6.0037176e+00,1.9674098e+00,2.6858578e-02
8.7857445e+00,1.9678727e+00,2.1340571e-02
4.4045878e+00,1.9696136e+00,4.2266564e-03
8.2110843e+00,1.9718609e+00,1.9009215e-02
4.3198168e+00,1.9736762e+00,5.7712836e-03
4.5846660e+00,1.9751426e+00,1.7628826e-03
3.5852512e+00,1.9752099e+00,9.0097815e-02
8.6300081e+00,1.9769571e+00,2.1560629e-02
1.1105317e+00,1.9777551e+00,3.9506331e-12
2.5249259e+00,1.9787889e+00,3.9410314e-07
5.7847657e+00,1.9789285e+00,2.4489258e-02
8.8653018e+00,1.9812182e+00,2.1083693e-02
3.6726940e+00,1.9815356e+00,9.7251140e-02
6.9588696e+00,1.9823015e+00,2.5874176e-02
1.1435741e-01,1.9824260e+00,5.6156675e-12
7.7543740e+00,1.9829526e+00,2.3419822e-02
8.3725842e+00,1.9834988e+00,2.0683738e-02
9.2299745e+00,1.9838832e+00,2.0067374e-02
2.4129208e+00,1.9861323e+00,3.6781890e-07
1.3656836e+00,1.9866779e+00,4.0870167e-11
7.3047458e+00,1.9869539e+00,2.7379947e-02
7.4118833e+00,1.9903825e+00,2.6966768e-02
4.5618590e-01,1.9903973e+00,4.2924259e-12
3.9079643e-01,1.9955545e+00,5.0184335e-12
6.2993063e+00,1.9965275e+00,2.9493464e-02
8.0166247e+00,1.9965291e+00,1.8962053e-02
4.7445504e+00,1.9966911e+00,1.0970183e-03
2.8408683e+00,1.9989749e+00,7.6412427e-07
9.0152175e+00,1.9996259e+00,2.0688772e-02
1.7923319e+00,2.0040737e+00,1.1065487e-08
9.2945732e-01,2.0066077e+00,3.7953188e-12
6.7302107e+00,2.0071482e+00,2.8362010e-02
1.9756109e+00,2.0080913e+00,6.6833739e-08
1.2052910e+00,2.0081165e+00,4.4244864e-12
1.6122462e+00,2.0088153e+00,1.2107738e-09
6.1051781e+00,2.0089297e+00,2.7608541e-02
7.5426011e-01,2.0089447e+00,4.2204679e-12
9.4962604e+00,2.0093283e+00,2.1056365e-02
9.3295442e+00,2.0095490e+00,2.0369009e-02
9.5691881e+00,2.0109341e+00,2.0618975e-02
7.8483492e+00,2.0125643e+00,1.8806740e-02
2.9932254e+00,2.0141661e+00,1.3368981e-06
2.1598872e+00,2.0145500e+00,7.4522264e-08
8.5407177e+00,2.0155117e+00,2.1257067e-02
5.6191133e+00,2.0209801e+00,2.4255886e-02
5.9281441e+00,2.0220491e+00,2.7566196e-02
5.8179379e-01,2.0229991e+00,5.3608552e-12
8.7163868e+00,2.0266479e+00,2.1639361e-02
3.9698154e+00,2.0272445e+00,4.4296272e-02
7.5966709e+00,2.0276052e+00,2.5066746e-02
6.6056195e+00,2.0286991e+00,2.8165382e-02
9.9657180e+00,2.0294118e+00,1.7223487e-02
4.0460818e+00,2.0307135e+00,3.9366015e-02
3.0793349e+00,2.0308482e+00,8.0792121e-06
3.3998515e+00,2.0319737e+00,4.0493103e-02
2.7061860e+00,2.0322487e+00,6.4956460e-07
6.8013817e+00,2.0336373e+00,2.5577181e-02
7.1392522e+00,2.0356261e+00,2.6337431e-02
6.4708733e+00,2.0382243e+00,2.5013319e-02
1.0344840e+00,2.0384551e+00,3.9070962e-12
3.8369908e+00,2.0420617e+00,6.3728768e-02
9.7193532e+00,2.0425239e+00,1.9680569e-02
8.9132115e+00,2.0447862e+00,2.0991965e-02
1.7237693e+00,2.0463983e+00,1.7793696e-09
4.1739843e+00,2.0467419e+00,1.8984447e-02
2.0461838e+00,2.0469716e+00,6.5844727e-08
8.2005940e+00,2.0479450e+00,1.8589615e-02
9.8071669e+00,2.0482573e+00,1.9074739e-02
8.5145442e-01,2.0486994e+00,4.2952943e-12
9.1772998e+00,2.0502394e+00,2.0136565e-02
4.4417478e+00,2.0513015e+00,4.4407162e-03
2.9253556e+00,2.0544603e+00,7.6128052e-07
5.0873436e-01,2.0546121e+00,5.1048305e-12
7.6837895e+00,2.0548995e+00,2.4098559e-02
9.0739717e+00,2.0549018e+00,2.0395334e-02
4.9431402e+00,2.0549476e+00,7.9197571e-04
3.2170854e+00,2.0556729e+00,6.2700719e-04
2.7723163e+00,2.0573280e+00,6.4264297e-07
2.8042863e-01,2.0579720e+00,5.7362636e-12
6.6923436e-01,2.0610857e+00,4.7583233e-12
3.5796056e+00,2.0617910e+00,9.7870087e-02
3.7094627e+00,2.0624067e+00,1.0193818e-01
6.9756849e+00,2.0625860e+00,2.6103720e-02
7.2433414e+00,2.0628664e+00,2.7230313e-02
5.5499967e+00,2.0630986e+00,2.3143007e-02
1.8909333e+00,2.0634086e+00,1.3056438e-08
4.3143244e+00,2.0643781e+00,7.2657599e-03
4.5774040e+00,2.0674186e+00,2.0163416e-03
1.1502090e-01,2.0676848e+00,6.0257058e-12
3.5453298e-01,2.0679864e+00,5.2765396e-12
1.5670261e+00,2.0723321e+00,3.5127480e-10
6.3068740e+00,2.0765189e+00,2.6368976e-02
6.5467043e+00,2.0766156e+00,2.7878030e-02
8.3454070e+00,2.0769601e+00,1.9998914e-02
6.6661379e+00,2.0771319e+00,2.7872577e-02
2.2055340e+00,2.0789570e+00,6.9462431e-08
5.7873048e+00,2.0797203e+00,2.4130701e-02
2.3925444e+00,2.0816591e+00,1.2283476e-07
2.5497014e+00,2.0819174e+00,2.2826865e-07
1.3956155e+00,2.0835454e+00,3.7876026e-11
3.5044738e+00,2.0857930e+00,7.6182492e-02
7.4602003e+00,2.0876527e+00,2.6779921e-02
3.9262942e+00,2.0879881e+00,6.4136246e-02
8.0590801e+00,2.0919127e+00,1.9107399e-02
3.7898172e+00,2.0921406e+00,1.0267875e-01
4.1007281e+00,2.0929542e+00,3.8752310e-02
4.5082007e+00,2.0942391e+00,4.0311632e-03
3.1258993e+00,2.0945797e+00,4.5651983e-05
7.0679087e+00,2.0946480e+00,2.6641749e-02
4.2446443e+00,2.0959341e+00,1.8699303e-02
6.4004194e+00,2.0963561e+00,2.5361738e-02
7.5337665e+00,2.0991945e+00,2.5347473e-02
3.3373182e+00,2.0994575e+00,6.3950855e-03
8.5249015e+00,2.0994899e+00,2.0284983e-02
1.2351362e+00,2.1001868e+00,4.7400638e-12
8.2628537e+00,2.1008207e+00,1.8921064e-02
4.3839618e+00,2.1028002e+00,6.5261182e-03
4.7334932e+00,2.1029154e+00,1.2395124e-03
5.7154263e+00,2.1033854e+00,2.4216348e-02
8.1383757e+00,2.1049070e+00,1.9097889e-02
6.1357098e+00,2.1068883e+00,2.6350756e-02
9.3661125e+00,2.1072915e+00,2.0921215e-02
1.4720865e+00,2.1079090e+00,4.8856293e-11
4.5970165e-02,2.1092966e+00,5.2414601e-12
2.3095403e+00,2.1093936e+00,6.9826996e-08
9.4481669e+00,2.1102580e+00,2.0806869e-02
9.6156905e+00,2.1108497e+00,1.9864691e-02
6.8213494e+00,2.1112734e+00,2.5077205e-02
2.1776516e-01,2.1114888e+00,6.0788549e-12
3.6624932e+00,2.1126845e+00,1.0341813e-01
2.6282844e+00,2.1131160e+00,2.3478684e-07
3.2637840e+00,2.1151501e+00,1.6520118e-03
8.8859491e+00,2.1163681e+00,2.0702121e-02
9.6900566e+00,2.1169383e+00,1.9361757e-02
9.9160503e+00,2.1176471e+00,1.8268312e-02
1.0325622e+00,2.1180358e+00,3.7448601e-12
9.8354511e+00,2.1186240e+00,1.9123762e-02
6.9107045e+00,2.1216552e+00,2.5895919e-02
5.9377610e+00,2.1237825e+00,2.7337277e-02
7.8869723e+00,2.1239867e+00,1.8906320e-02
8.4162997e+00,2.1264305e+00,2.0487692e-02
6.2425422e+00,2.1289047e+00,2.5443042e-02
8.7318081e+00,2.1306439e+00,2.1206569e-02
7.6810288e+00,2.1307326e+00,2.5934310e-02
4.8992133e+00,2.1313206e+00,8.1864431e-04
1.7485143e+00,2.1314752e+00,1.0382067e-09
2.9085901e+00,2.1367239e+00,4.6502633e-07
2.4714360e+00,2.1368112e+00,1.2254259e-07
4.6477991e+00,2.1369567e+00,1.7886326e-03
6.7923156e-01,2.1400611e+00,4.4111474e-12
2.8000316e+00,2.1447106e+00,4.5119901e-07
7.2769431e+00,2.1482336e+00,2.7207827e-02
1.3174079e+00,2.1502119e+00,7.5833982e-12
4.8025525e+00,2.1524796e+00,1.0417517e-03
5.8633499e+00,2.1560874e+00,2.3616332e-02
4.8804411e-01,2.1561394e+00,4.7003192e-12
1.8932349e+00,2.1563826e+00,4.7389195e-09
8.8123194e+00,2.1582458e+00,2.0790561e-02
7.7501163e+00,2.1604072e+00,2.4606806e-02
8.6524149e-01,2.1626705e+00,3.9284127e-12
7.9915839e+00,2.1628321e+00,1.8877856e-02
9.0672480e+00,2.1631453e+00,2.0389586e-02
9.2142744e+00,2.1631483e+00,2.0898212e-02
6.5201143e+00,2.1640394e+00,2.9199616e-02
1.1814273e+00,2.1642883e+00,4.5431373e-12
3.9923221e-01,2.1643565e+00,5.1350096e-12
2.0488694e+00,2.1657144e+00,3.2466026e-08
7.8314172e+00,2.1670748e+00,1.9695078e-02
6.4295275e+00,2.1673978e+00,2.7610311e-02
2.1337076e+00,2.1675857e+00,3.3792437e-08
7.3866644e+00,2.1695913e+00,2.7150093e-02
1.5986758e+00,2.1705831e+00,2.5601834e-10
7.5801277e+00,2.1709198e+00,2.5828038e-02
3.9413594e+00,2.1711098e+00,7.7121977e-02
1.0996703e+00,2.1714608e+00,3.8076844e-12
4.4121552e+00,2.1754490e+00,6.8110977e-03
3.8031216e+00,2.1756004e+00,1.0000777e-01
3.5224002e+00,2.1760307e+00,3.1831841e-02
4.4944430e+00,2.1779849e+00,4.2796961e-03
3.0635688e+00,2.1782368e+00,2.1816959e-06
4.0890574e+00,2.1784561e+00,4.6995640e-02
8.9372853e+00,2.1796531e+00,2.0887239e-02
4.2308866e+00,2.1796799e+00,2.5444460e-02
5.5499967e+00,2.1807457e+00,2.4502330e-02
2.2991026e-01,2.1808785e+00,6.0541276e-12
9.7624846e+00,2.1814952e+00,1.9378678e-02
2.3046661e+00,2.1815498e+00,3.8235902e-08
3.3792478e+00,2.1816251e+00,7.8330629e-03
6.6469751e+00,2.1819343e+00,2.7010772e-02
1.8193785e+00,2.1821246e+00,1.2293051e-09
8.2360726e+00,2.1843042e+00,1.8402532e-02
7.1079187e+00,2.1873834e+00,2.6662021e-02
8.5810921e+00,2.1885079e+00,2.0502896e-02
3.7186200e+00,2.1890708e+00,9.7781660e-02
6.0883376e+00,2.1899554e+00,2.6343254e-02
8.1703846e+00,2.1900947e+00,1.9229861e-02
1.6686410e+00,2.1921432e+00,2.7897248e-10
9.3035173e+00,2.1945346e+00,2.1358049e-02
6.9273690e+00,2.1983725e+00,2.6173197e-02
2.9555076e+00,2.1987310e+00,4.1772633e-07
9.4132255e-01,2.2001596e+00,3.8443666e-12
6.0055191e+00,2.2002744e+00,2.7303671e-02
6.7995853e+00,2.2002840e+00,2.5094914e-02
7.7804438e-01,2.2018913e+00,4.1443035e-12
5.7004987e+00,2.2031930e+00,2.3806080e-02
5.7110075e-01,2.2035018e+00,4.6908826e-12
3.4597076e+00,2.2043789e+00,1.1782592e-02
2.6632154e+00,2.2057681e+00,1.4491645e-07
9.9503323e+00,2.2058824e+00,1.6072708e-02
9.0130723e+00,2.2060865e+00,2.0676740e-02
1.5037363e+00,2.2061600e+00,6.0734372e-11
3.8653604e+00,2.2086434e+00,9.8556221e-02
8.6659086e+00,2.2099388e+00,2.0568501e-02
2.7688323e+00,2.2122835e+00,1.5560982e-07
7.2128638e+00,2.2137288e+00,2.7545439e-02
9.5836031e+00,2.2138548e+00,1.9545483e-02
9.4890073e+00,2.2148690e+00,1.9576875e-02
8.4185445e+00,2.2153986e+00,2.0202859e-02
4.1485560e+00,2.2159897e+00,4.6000262e-02
9.1499773e+00,2.2170532e+00,2.0496586e-02
4.0110414e+00,2.2177623e+00,7.7148833e-02
6.2444249e+00,2.2187780e+00,2.5960375e-02
4.9560731e+00,2.2192302e+00,8.6999021e-04
1.9805981e+00,2.2198081e+00,6.0301470e-09
4.5970165e-02,2.2204078e+00,4.9120537e-12
6.5598667e+00,2.2209253e+00,2.5964971e-02
2.1991001e+00,2.2226281e+00,3.3722944e-08
3.2484931e+00,2.2232734e+00,1.4630743e-04
3.3727295e-01,2.2237317e+00,6.3058886e-12
4.3701519e+00,2.2262044e+00,1.2995367e-02
4.2853808e+00,2.2302670e+00,2.6892259e-02
2.4618093e+00,2.2308710e+00,3.5819520e-08
6.7177051e+00,2.2334546e+00,2.4869812e-02
4.6284019e+00,2.2355680e+00,1.8650242e-03
7.5754236e+00,2.2375881e+00,2.7530871e-02
5.6041857e+00,2.2384348e+00,2.2060081e-02
1.3145904e+00,2.2422060e+00,7.3164339e-12
5.8461967e+00,2.2425025e+00,2.3168957e-02
4.8024624e+00,2.2429237e+00,1.0352076e-03
6.3789003e+00,2.2432104e+00,2.6207694e-02
6.8683584e+00,2.2458516e+00,2.5883545e-02
2.3780435e+00,2.2478751e+00,3.1726636e-08
6.9883614e+00,2.2484112e+00,2.5549163e-02
4.5442492e+00,2.2497758e+00,3.7751683e-03
7.0682336e+00,2.2505029e+00,2.6809878e-02
8.0168116e+00,2.2547113e+00,1.9264848e-02
3.3303196e+00,2.2551313e+00,6.2083767e-04
7.7423327e+00,2.2553159e+00,2.4610732e-02
1.7523018e-01,2.2561209e+00,5.7242253e-12
3.0893771e+00,2.2571026e+00,1.9433968e-06
1.7931316e+00,2.2585217e+00,5.3023395e-10
8.5222629e+00,2.2587051e+00,2.0366142e-02
8.8247722e+00,2.2588502e+00,2.0821671e-02
3.6800566e+00,2.2591198e+00,2.8997387e-02
3.5972358e+00,2.2595718e+00,2.2604215e-02
9.7972278e+00,2.2601361e+00,2.2496614e-02
7.8236337e+00,2.2619835e+00,1.8858829e-02
1.2312271e+00,2.2624125e+00,5.3452311e-12
6.1565018e+00,2.2625867e+00,2.6293351e-02
7.3850026e+00,2.2632340e+00,2.7289475e-02
6.2963682e+00,2.2645333e+00,2.6085105e-02
5.7552239e+00,2.2659431e+00,2.3757949e-02
8.8934868e+00,2.2664169e+00,2.0652181e-02
8.1163167e+00,2.2689796e+00,1.9482266e-02
1.0567543e+00,2.2722720e+00,4.0420045e-12
2.6280120e+00,2.2729792e+00,3.9041730e-08
1.6926067e+00,2.2731855e+00,2.8374933e-10
3.1814998e+00,2.2763465e+00,9.2516522e-06
8.2889468e+00,2.2779434e+00,1.8772615e-02
1.4758487e+00,2.2780536e+00,4.5789060e-11
4.8991232e+00,2.2812886e+00,8.9121568e-04
2.9024141e+00,2.2822573e+00,1.0437427e-07
9.4034349e-02,2.2838987e+00,5.2441192e-12
9.6660632e-01,2.2841643e+00,4.2345710e-12
9.9044763e+00,2.2855002e+00,1.7393487e-02
7.4722890e+00,2.2868811e+00,2.5817060e-02
4.0027912e+00,2.2876249e+00,7.3177740e-02
5.8176850e-01,2.2877775e+00,5.1224830e-12
2.8242972e+00,2.2878231e+00,9.6549391e-08
9.3363617e+00,2.2880422e+00,2.0313454e-02
2.5255881e+00,2.2882886e+00,3.5114481e-08
8.3689703e+00,2.2888880e+00,1.8182359e-02
7.6628976e-01,2.2907790e+00,4.6967650e-12
7.6685411e+00,2.2923096e+00,2.5434331e-02
6.5340332e+00,2.2957294e+00,2.4724961e-02
1.3780981e+00,2.2964164e+00,1.1384850e-11
9.6279026e+00,2.2969813e+00,2.0113720e-02
3.8415012e+00,2.2984658e+00,6.0786556e-02
3.4628818e+00,2.2990370e+00,2.4727750e-03
1.9808205e+00,2.2990839e+00,1.2420632e-09
3.4636186e-01,2.2994359e+00,6.4302769e-12
5.9755104e+00,2.3017622e+00,2.4975848e-02
2.1977552e+00,2.3018134e+00,2.2215923e-08
8.6970488e+00,2.3024321e+00,2.0219923e-02
4.1601468e+00,2.3029716e+00,4.5885681e-02
9.0576902e+00,2.3037538e+00,1.9785635e-02
9.4397973e+00,2.3054101e+00,1.9724244e-02
4.3882478e+00,2.3058719e+00,1.2557032e-02
7.2413103e+00,2.3071312e+00,2.7898692e-02
4.7526031e+00,2.3073559e+00,1.0130102e-03
9.1453345e+00,2.3082174e+00,1.9536178e-02
4.2431264e+00,2.3084033e+00,3.4717981e-02
9.7362296e+00,2.3087391e+00,2.0167653e-02
4.6771697e+00,2.3111940e+00,1.2457152e-03
5.8905990e+00,2.3116854e+00,2.3244798e-02
1.8672104e+00,2.3120555e+00,5.3249991e-10
6.7814470e-01,2.3132246e+00,5.0274805e-12
2.3140938e+00,2.3138029e+00,2.1923378e-08
6.4436536e+00,2.3146561e+00,2.4806632e-02
6.7037278e+00,2.3159626e+00,2.4205426e-02
3.3655157e+00,2.3197068e+00,5.6780305e-04
2.4109319e-01,2.3218881e+00,5.7978923e-12
8.7754010e+00,2.3237416e+00,2.0310300e-02
6.8896134e+00,2.3239419e+00,2.5631299e-02
4.4800573e+00,2.3269073e+00,7.4081909e-03
7.9499654e+00,2.3278257e+00,1.8767252e-02
1.1932883e+00,2.3295160e+00,5.9209426e-12
6.9639162e+00,2.3301128e+00,2.5745026e-02
3.9092500e+00,2.3307948e+00,6.0891346e-02
5.5927634e+00,2.3322030e+00,1.9681566e-02
1.1005725e+00,2.3322030e+00,5.7711514e-12
7.8609756e+00,2.3326455e+00,1.8223845e-02
7.1516573e+00,2.3344358e+00,2.7855834e-02
3.5294251e+00,2.3350276e+00,2.9334141e-03
7.3037278e+00,2.3352786e+00,2.8311462e-02
4.0923980e+00,2.3353006e+00,6.6468212e-02
3.7406989e+00,2.3354718e+00,2.8568915e-02
1.6593748e+00,2.3378811e+00,1.5436994e-10
6.6071644e+00,2.3392463e+00,2.4106896e-02
8.1572688e+00,2.3394187e+00,1.9621789e-02
6.1673868e+00,2.3440054e+00,2.6451913e-02
2.6850652e+00,2.3442795e+00,2.6989704e-08
1.5593986e+00,2.3447778e+00,5.2904166e-11
5.7402561e+00,2.3469575e+00,2.3658369e-02
8.9287111e+00,2.3515661e+00,2.0351655e-02
4.3019652e+00,2.3517610e+00,3.0147536e-02
2.7757336e+00,2.3526081e+00,2.9286099e-08
8.2642109e+00,2.3541729e+00,2.0024852e-02
4.9152723e+00,2.3542956e+00,9.0948743e-04
6.2576772e+00,2.3565882e+00,2.7049830e-02
8.5659509e+00,2.3571495e+00,2.0072710e-02
7.4660844e+00,2.3617477e+00,2.5738085e-02
9.0171274e+00,2.3624696e+00,1.9914992e-02
7.6551428e+00,2.3690755e+00,2.6142868e-02
3.0202522e+00,2.3734127e+00,9.8190687e-08
9.9541439e+00,2.3737355e+00,1.1438839e-02
5.6741086e+00,2.3779757e+00,2.1482263e-02
2.9413504e+00,2.3780731e+00,6.9807298e-08
9.3014166e+00,2.3782188e+00,1.9713386e-02
8.6559202e+00,2.3794457e+00,2.0038671e-02
9.2072826e-01,2.3801883e+00,5.9458472e-12
6.7583825e+00,2.3815166e+00,2.4904317e-02
5.8267824e+00,2.3820331e+00,2.3809252e-02
4.4016603e-01,2.3827693e+00,6.5266493e-12
5.3055678e-01,2.3831236e+00,6.5454042e-12
2.0511364e+00,2.3853596e+00,8.3407908e-10
8.3174471e-01,2.3861251e+00,5.9178686e-12
9.2098619e+00,2.3870408e+00,1.9422351e-02
2.1344075e+00,2.3871404e+00,1.5420798e-09
9.7602108e+00,2.3885960e+00,1.7542465e-02
6.4341119e+00,2.3886262e+00,2.4984446e-02
7.5558207e+00,2.3892206e+00,2.3538434e-02
2.4951413e+00,2.3906197e+00,1.1767408e-08
6.8372696e+00,2.3910920e+00,2.5793533e-02
5.5385744e+00,2.3921610e+00,1.4402764e-02
3.1707083e+00,2.3926565e+00,2.9098614e-06
9.4711636e+00,2.3946601e+00,2.0012460e-02
8.4181831e+00,2.3947013e+00,1.8764058e-02
9.6099344e+00,2.3959181e+00,1.9147452e-02
6.0199743e+00,2.3959513e+00,2.5171424e-02
4.8064184e-02,2.3968243e+00,4.3467786e-12
7.0056799e+00,2.3972965e+00,2.6690748e-02
1.3808845e+00,2.3977647e+00,1.5054035e-11
1.8791930e+00,2.3983313e+00,2.4798154e-10
2.3090794e+00,2.3991299e+00,1.0368476e-08
7.1135488e+00,2.3995278e+00,2.7841075e-02
3.3312310e+00,2.4041590e+00,2.4721001e-05
4.1013982e+00,2.4051632e+00,6.4744985e-02
2.1823069e-01,2.4052215e+00,5.2469056e-12
4.7937083e+00,2.4052446e+00,8.3561035e-04
3.8991699e+00,2.4065066e+00,6.0463537e-02
6.1181244e+00,2.4085349e+00,2.4876537e-02
6.8526631e-01,2.4085707e+00,6.8380697e-12
6.6053539e+00,2.4086219e+00,2.4433986e-02
4.6627194e+00,2.4090827e+00,1.3622261e-03
6.3306676e+00,2.4092355e+00,2.5811702e-02
1.7135490e+00,2.4094931e+00,1.2837974e-10
4.4942042e+00,2.4105882e+00,1.0326587e-02
1.2211047e+00,2.4106578e+00,1.1462162e-11
4.9722222e+00,2.4112849e+00,7.9623311e-04
1.0700555e+00,2.4133448e+00,8.7101976e-12
4.8597167e+00,2.4138194e+00,9.7280326e-04
3.5133280e+00,2.4141939e+00,3.8909114e-03
1.5552395e+00,2.4163898e+00,5.0416367e-11
2.6449071e+00,2.4164539e+00,1.1651106e-08
3.7267178e+00,2.4193586e+00,1.6193112e-02
8.5114452e+00,2.4196564e+00,1.9027015e-02
8.0899365e+00,2.4198329e+00,1.8581463e-02
7.9821382e+00,2.4225082e+00,1.8928382e-02
2.7939089e+00,2.4247825e+00,2.0056319e-08
8.7698936e+00,2.4249216e+00,1.9719355e-02
4.2786291e+00,2.4251540e+00,3.0812610e-02
9.8290932e+00,2.4319496e+00,1.6931358e-02
4.0017113e+00,2.4331992e+00,6.1119520e-02
8.2982200e+00,2.4340799e+00,1.9566907e-02
9.9123606e+00,2.4362805e+00,1.9875077e-02
6.5226811e+00,2.4390751e+00,2.4274802e-02
7.8207250e+00,2.4391019e+00,1.6061873e-02
6.6880021e+00,2.4401950e+00,2.4648789e-02
9.6808501e+00,2.4413742e+00,1.6828156e-02
3.2437310e+00,2.4415036e+00,3.6885196e-06
9.5501222e+00,2.4416267e+00,1.9293205e-02
8.8974338e+00,2.4422410e+00,1.9566492e-02
2.3877342e+00,2.4431349e+00,1.0456674e-08
1.8077855e+00,2.4441171e+00,1.4570250e-10
1.3064085e+00,2.4467508e+00,1.5673602e-11
4.5898389e+00,2.4468489e+00,1.7374942e-03
2.5574071e+00,2.4474848e+00,1.1968219e-08
7.7288040e+00,2.4483390e+00,2.5555171e-02
5.8673916e+00,2.4486741e+00,2.3115954e-02
9.8035928e-01,2.4494378e+00,7.1988132e-12
7.3124178e+00,2.4507832e+00,2.7923951e-02
1.4744760e+00,2.4510139e+00,4.2418816e-11
3.0769773e+00,2.4511529e+00,1.8186894e-07
9.3885571e+00,2.4514502e+00,1.9941189e-02
4.1872026e+00,2.4516588e+00,5.8271493e-02
1.0639752e-01,2.4523798e+00,3.9078971e-12
2.8683318e-01,2.4528416e+00,5.7745460e-12
4.0349984e-01,2.4528416e+00,5.9070706e-12
6.1055726e-01,2.4531960e+00,6.8381481e-12
7.3874880e+00,2.4536051e+00,2.7445369e-02
1.9964075e+00,2.4542141e+00,3.0412411e-10
7.7470905e-01,2.4553747e+00,6.8448101e-12
2.8814089e+00,2.4558133e+00,2.2384937e-08
2.1963452e+00,2.4559949e+00,1.9857532e-09
8.6989339e+00,2.4570490e+00,2.0005495e-02
3.8174400e+00,2.4580643e+00,2.3847777e-02
4.7395471e+00,2.4622338e+00,9.0069633e-04
5.6655387e+00,2.4622392e+00,2.5089233e-02
3.4125000e+00,2.4626554e+00,2.4972543e-04
8.3721686e+00,2.4636636e+00,1.9061291e-02
1.1396962e+00,2.4639070e+00,1.1753419e-11
9.0435952e+00,2.4649263e+00,1.9640058e-02
1.6557635e+00,2.4653759e+00,6.4947981e-11
4.3388128e+00,2.4671495e+00,2.8255354e-02
4.4196750e+00,2.4679432e+00,1.1464955e-02
2.7125000e+00,2.4689692e+00,1.2025969e-08
9.1888040e+00,2.4700745e+00,1.9665278e-02
3.5841271e+00,2.4703078e+00,1.8018741e-03
4.9166667e+00,2.4708087e+00,9.0416907e-04
5.9756721e+00,2.4725155e+00,2.2932754e-02
6.8769546e+00,2.4736853e+00,2.5916152e-02
6.9710621e+00,2.4737189e+00,2.6787708e-02
3.6690638e+00,2.4745763e+00,1.9344463e-03
5.5841934e+00,2.4752901e+00,2.2003302e-02
8.8198284e+00,2.4773403e+00,1.9823638e-02
7.5685234e+00,2.4850322e+00,2.4901946e-02
7.1465837e+00,2.4891303e+00,2.8588143e-02
7.9012249e+00,2.4899742e+00,1.7156052e-02
9.1067983e+00,2.4939096e+00,1.9587276e-02
8.2388051e+00,2.4958783e+00,1.8639469e-02
8.1374637e+00,2.4963856e+00,1.8830444e-02
6.3055919e+00,2.4968818e+00,2.4071150e-02
5.8169321e+00,2.5047891e+00,2.3444969e-02
8.9627850e+00,2.5073783e+00,1.9041947e-02
4.0017113e+00,2.5082663e+00,6.0152857e-02
5.7172201e+00,2.5130755e+00,2.2453434e-02
6.1422290e+00,2.5135023e+00,2.3979684e-02
9.8207641e+00,2.5137739e+00,1.2533737e-02
9.7373308e+00,2.5248016e+00,1.5733530e-02
6.7083055e+00,2.5260900e+00,2.4657940e-02
6.5030132e+00,2.5265884e+00,2.4374053e-02
9.3896139e+00,2.5270699e+00,1.9643782e-02
7.6759221e+00,2.5275333e+00,2.4803629e-02
4.1698186e+00,2.5277575e+00,6.0329225e-02
7.2390372e+00,2.5286107e+00,2.7549736e-02
8.5264093e+00,2.5312103e+00,1.8986144e-02
9.9582166e+00,2.5331332e+00,1.4451479e-02
7.0438344e+00,2.5352699e+00,2.8394385e-02
6.2074511e+00,2.5423958e+00,2.3860027e-02
7.4245141e+00,2.5447285e+00,2.7328305e-02
6.0058245e+00,2.5456991e+00,2.3215616e-02
3.8342156e+00,2.5461549e+00,2.1276002e-02
9.5563891e+00,2.5462694e+00,1.9039635e-02
4.3275039e+00,2.5465144e+00,3.0235926e-02
7.5158131e+00,2.5486826e+00,2.5097023e-02
8.3677098e+00,2.5489761e+00,1.8864740e-02
6.8183708e+00,2.5500048e+00,2.5974019e-02
5.5456191e+00,2.5537173e+00,1.2805314e-02
4.0840142e+00,2.5563289e+00,5.9876021e-02
9.2142811e+00,2.5577293e+00,2.0057818e-02
4.4597542e+00,2.5597593e+00,8.1284240e-03
6.3893683e+00,2.5637858e+00,2.3731624e-02
8.6697345e+00,2.5696209e+00,1.9409397e-02
3.9159456e+00,2.5696642e+00,2.6632792e-02
5.8648950e+00,2.5717737e+00,2.2701196e-02
7.9274728e+00,2.5738282e+00,1.8359809e-02
6.0742312e+00,2.5741024e+00,2.3388046e-02
3.5416324e+00,2.5743248e+00,3.2994033e-04
8.7982437e+00,2.5744228e+00,1.9415703e-02
8.9510600e+00,2.5745284e+00,1.8736701e-02
9.4784872e+00,2.5749224e+00,1.8595917e-02
8.2769311e+00,2.5767494e+00,1.8736167e-02
9.9040315e+00,2.5769283e+00,1.0286855e-02
4.2499362e+00,2.5806176e+00,4.9378560e-02
9.1322754e+00,2.5815645e+00,1.9959647e-02
8.0559133e+00,2.5829148e+00,1.7386094e-02
3.6873449e+00,2.5832688e+00,2.3893211e-03
9.2898389e+00,2.5852527e+00,1.9899375e-02
5.9455069e+00,2.5888423e+00,2.2898040e-02
8.4286884e+00,2.5915677e+00,1.8811292e-02
6.6521301e+00,2.5942755e+00,2.5550428e-02
6.5599172e+00,2.5945306e+00,2.4241716e-02
5.7011243e+00,2.5982494e+00,1.7797162e-02
4.4083662e+00,2.6028636e+00,1.5862096e-02
8.5877392e+00,2.6035216e+00,1.9213435e-02
8.8641240e+00,2.6064736e+00,1.8974523e-02
9.7214154e+00,2.6066484e+00,1.6537841e-02
7.7031565e+00,2.6128034e+00,2.0988168e-02
3.7617745e+00,2.6161416e+00,2.6920913e-03
6.8508533e+00,2.6161816e+00,2.7880770e-02
7.0337783e+00,2.6166047e+00,2.8277049e-02
9.6276843e+00,2.6177089e+00,1.6088947e-02
5.6108685e+00,2.6258403e+00,1.2439685e-02
7.2531680e+00,2.6303625e+00,2.7578492e-02
3.6024081e+00,2.6345558e+00,2.2308870e-03
8.7191095e+00,2.6345760e+00,1.9194740e-02
8.2468822e+00,2.6383938e+00,1.8465551e-02
6.3603414e+00,2.6387978e+00,2.2607952e-02
6.9450080e+00,2.6418649e+00,2.8169853e-02
4.0862476e+00,2.6424529e+00,5.9191992e-02
6.0806593e+00,2.6451477e+00,2.2387322e-02
7.8731263e+00,2.6461248e+00,1.6746701e-02
9.0238750e+00,2.6462181e+00,1.9335802e-02
5.8241097e+00,2.6486965e+00,2.0937058e-02
9.9101610e+00,2.6553839e+00,1.3535384e-02
9.1072267e+00,2.6564318e+00,1.9505006e-02
7.7821917e+00,2.6567781e+00,2.3251826e-02
7.4077425e+00,2.6587999e+00,2.7353850e-02
9.4609434e+00,2.6594784e+00,1.8257979e-02
4.2411441e+00,2.6610043e+00,5.0499148e-02
6.2097985e+00,2.6624393e+00,2.3259341e-02
8.0883716e+00,2.6626920e+00,1.8028066e-02
9.2940153e+00,2.6665328e+00,1.8881223e-02
5.7600510e+00,2.6668858e+00,1.9308940e-02
8.1683673e+00,2.6737965e+00,1.8151613e-02
9.8109783e+00,2.6740764e+00,1.5871189e-02
3.9526932e+00,2.6762184e+00,2.7466152e-02
7.5663209e+00,2.6762261e+00,2.1610753e-02
5.9478510e+00,2.6766035e+00,2.3033658e-02
8.8944896e+00,2.6826340e+00,1.9483955e-02
4.4106624e+00,2.6850282e+00,1.4476182e-02
6.7916879e+00,2.6877539e+00,2.7990984e-02
7.3465634e+00,2.6879363e+00,2.7523619e-02
6.7030299e+00,2.6897627e+00,2.7340258e-02
6.5261815e+00,2.6910576e+00,2.3509104e-02
6.2789123e+00,2.6919373e+00,2.2194033e-02
9.3762464e+00,2.6929060e+00,1.7735479e-02
4.1632599e+00,2.6942683e+00,5.5203331e-02
8.4318716e+00,2.6975923e+00,1.8194364e-02
7.6462656e+00,2.6978459e+00,2.4884622e-02
7.1116928e+00,2.6979412e+00,2.7544896e-02
6.4402507e+00,2.6981275e+00,2.4237492e-02
7.1981218e+00,2.6999214e+00,2.7949058e-02
4.0406923e+00,2.7009445e+00,4.0116026e-02
6.0145967e+00,2.7045058e+00,2.1552898e-02
6.1510044e+00,2.7045911e+00,2.3285804e-02
4.3210080e+00,2.7090658e+00,4.4589151e-02
8.9964954e+00,2.7105966e+00,1.9365201e-02
5.6117197e+00,2.7162646e+00,1.2047231e-02
3.7782716e+00,2.7175186e+00,2.6020231e-03
8.5290242e+00,2.7186162e+00,1.8287111e-02
5.8815291e+00,2.7212443e+00,2.0098839e-02
8.2795954e+00,2.7221028e+00,1.8374047e-02
6.9284282e+00,2.7239289e+00,2.9092512e-02
9.6147756e+00,2.7241294e+00,1.5848644e-02
3.6101460e+00,2.7241318e+00,3.2225046e-03
8.7335561e+00,2.7279353e+00,1.8852037e-02
9.9643462e+00,2.7292359e+00,1.1451276e-02
7.5031091e+00,2.7312483e+00,2.5372019e-02
9.5259365e+00,2.7372458e+00,1.5946783e-02
6.8388115e+00,2.7418693e+00,2.9148311e-02
8.8430559e+00,2.7439426e+00,1.8858308e-02
7.9315578e+00,2.7457528e+00,1.5954999e-02
9.2292767e+00,2.7474169e+00,1.9172090e-02
9.8071286e+00,2.7487306e+00,1.4014658e-02
6.6665895e+00,2.7490193e+00,2.7024033e-02
9.1581647e+00,2.7498798e+00,1.8696276e-02
6.5819540e+00,2.7500592e+00,2.6448341e-02
5.7162655e+00,2.7503831e+00,1.5546027e-02
4.4620504e+00,2.7530351e+00,1.4250874e-02
8.0183627e+00,2.7532334e+00,1.6550171e-02
3.8874604e+00,2.7540860e+00,1.6052947e-02
8.2010805e+00,2.7575056e+00,1.7640706e-02
8.3582821e+00,2.7600774e+00,1.8889995e-02
6.4100373e+00,2.7606239e+00,2.4789223e-02
5.5464703e+00,2.7617887e+00,1.8788538e-02
7.7738337e+00,2.7633426e+00,2.7638365e-02
6.3164929e+00,2.7693549e+00,2.5818937e-02
7.3290363e+00,2.7719535e+00,2.7768971e-02
3.7115798e+00,2.7742217e+00,2.0291236e-03
3.5493702e+00,2.7750119e+00,2.8014512e-03
6.0287962e+00,2.7781189e+00,2.1981621e-02
9.3611585e+00,2.7800523e+00,1.8863227e-02
4.1773608e+00,2.7809842e+00,5.5275659e-02
7.0775396e+00,2.7820098e+00,2.7932752e-02
6.1223337e+00,2.7820831e+00,2.3198150e-02
7.2459027e+00,2.7825361e+00,2.8323813e-02
6.9830454e+00,2.7827373e+00,2.8442812e-02
7.6988660e+00,2.7878622e+00,4.2619267e-02
9.0348805e+00,2.7884046e+00,1.9343241e-02
9.9063113e+00,2.7888617e+00,1.2131344e-02
8.5765342e+00,2.7930840e+00,1.8405145e-02
4.3161563e+00,2.7937769e+00,4.4103889e-02
8.6853169e+00,2.7955152e+00,1.8674981e-02
4.1036464e+00,2.7981895e+00,4.3157874e-02
5.8408611e+00,2.8017814e+00,1.7878853e-02
9.7453229e+00,2.8046354e+00,1.9080818e-02
9.6652323e+00,2.8073556e+00,1.5111724e-02
7.5149616e+00,2.8107381e+00,2.5457818e-02
5.7396561e+00,2.8127308e+00,1.7495216e-02
9.4556462e+00,2.8129387e+00,1.8023103e-02
9.2813232e+00,2.8137061e+00,1.7642168e-02
7.8594796e+00,2.8140585e+00,1.7093872e-02
8.8829812e+00,2.8150932e+00,1.8669608e-02
9.1131980e+00,2.8174740e+00,1.8761260e-02
8.1685882e+00,2.8226877e+00,1.6805522e-02
4.4058107e+00,2.8252949e+00,3.2092094e-02
6.8110392e+00,2.8257601e+00,2.9738665e-02
8.0658661e+00,2.8295201e+00,1.5532852e-02
6.7274752e+00,2.8309013e+00,2.8887962e-02
8.9727999e+00,2.8315926e+00,1.8799129e-02
4.2503934e+00,2.8324313e+00,5.0435212e-02
7.3600578e+00,2.8358542e+00,2.6424759e-02
6.5502467e+00,2.8385897e+00,2.8399976e-02
6.2873326e+00,2.8415631e+00,2.9635403e-02
6.4642608e+00,2.8420846e+00,2.6509802e-02
7.4345360e+00,2.8460250e+00,2.4163444e-02
7.2097255e+00,2.8498851e+00,2.7608850e-02
7.1277913e+00,2.8513391e+00,2.7802262e-02
6.1400362e+00,2.8522268e+00,2.5190788e-02
5.9820298e+00,2.8531619e+00,1.9536208e-02
6.9521450e+00,2.8539077e+00,2.8665362e-02
3.9073159e+00,2.8592931e+00,1.5048253e-02
5.8856029e+00,2.8657184e+00,1.8516898e-02
3.7134459e+00,2.8699693e+00,2.0573867e-03
5.5991227e+00,2.8760212e+00,1.5151654e-02
6.2086604e+00,2.8764411e+00,2.4041407e-02
8.3753948e+00,2.8783623e+00,1.8561061e-02
6.8697556e+00,2.8789901e+00,2.8161759e-02
4.0971476e+00,2.8819686e+00,4.3365924e-02
9.9419652e+00,2.8831552e+00,1.2348867e-02
3.5493702e+00,2.8861230e+00,2.1460293e-03
7.6884944e+00,2.8898356e+00,1.6901868e-02
7.6015459e+00,2.8900533e+00,1.2542746e-02
8.5560181e+00,2.8903450e+00,1.9498687e-02
8.7243247e+00,2.8927763e+00,1.7933172e-02
5.6877629e+00,2.8928449e+00,1.5152762e-02
8.8124892e+00,2.8963470e+00,1.8843838e-02
9.4650967e+00,2.8987768e+00,1.5157042e-02
6.0481109e+00,2.9013611e+00,2.1954122e-02
6.3339936e+00,2.9014086e+00,3.0802039e-02
9.2758411e+00,2.9018935e+00,1.6208812e-02
9.1193042e+00,2.9031986e+00,1.7078504e-02
9.7849818e+00,2.9035900e+00,1.7251906e-02
7.8633406e+00,2.9044213e+00,1.6638517e-02
8.2046920e+00,2.9055699e+00,1.6900236e-02
4.4437604e+00,2.9055931e+00,2.9469601e-02
9.6453674e+00,2.9063102e+00,1.4380417e-02
7.0925038e+00,2.9100111e+00,2.8170275e-02
6.4173775e+00,2.9106611e+00,2.8112964e-02
7.0113517e+00,2.9118523e+00,2.7486709e-02
8.0424461e+00,2.9124022e+00,1.3778886e-02
8.9618317e+00,2.9128464e+00,1.6787824e-02
4.0034445e+00,2.9137951e+00,1.6097025e-02
6.6978242e+00,2.9143903e+00,2.8971597e-02
7.3089041e+00,2.9178652e+00,2.6909040e-02
3.7999933e+00,2.9184733e+00,8.6161947e-03
6.6052312e+00,2.9210388e+00,2.8134283e-02
7.2417053e+00,2.9213136e+00,2.7098010e-02
7.4615965e+00,2.9253403e+00,2.3213641e-02
3.6120121e+00,2.9309905e+00,4.4462830e-03
8.4742741e+00,2.9364523e+00,1.9214624e-02
5.5526524e+00,2.9377619e+00,1.1780577e-02
5.8457173e+00,2.9378552e+00,1.7227843e-02
4.2711209e+00,2.9379332e+00,5.1033050e-02
8.2939778e+00,2.9419100e+00,1.7460237e-02
9.8824414e+00,2.9419787e+00,1.9747829e-02
9.5642555e+00,2.9446990e+00,1.7237507e-02
9.1964286e+00,2.9478156e+00,1.6398940e-02
7.9531604e+00,2.9487424e+00,1.0850570e-02
8.6531725e+00,2.9538927e+00,1.7937605e-02
5.7490823e+00,2.9540324e+00,1.7167688e-02
9.3651269e+00,2.9540779e+00,1.5664610e-02
9.0300185e+00,2.9553829e+00,1.6962258e-02
7.7673231e+00,2.9556788e+00,2.1550304e-02
7.5613271e+00,2.9558965e+00,8.9716955e-03
8.8603847e+00,2.9574634e+00,1.7254188e-02
9.7239690e+00,2.9616113e+00,1.5942881e-02
6.8654899e+00,2.9626035e+00,2.8375238e-02
8.1250000e+00,2.9636598e+00,1.3579087e-02
6.2251221e+00,2.9770032e+00,2.4487831e-02
4.1502279e+00,2.9790646e+00,4.2839044e-02
4.3748335e+00,2.9795771e+00,4.1128595e-02
6.9570068e+00,2.9802809e+00,2.7566109e-02
7.1330705e+00,2.9918561e+00,2.8008527e-02
6.0447265e+00,2.9922791e+00,2.1694512e-02
6.2992397e+00,2.9926137e+00,3.4727233e-02
6.7771226e+00,2.9928624e+00,2.8555787e-02
5.9021223e+00,3.0000742e+00,1.8331522e-02
7.4188847e+00,3.0012350e+00,2.1816696e-02
7.3406704e+00,3.0039308e+00,2.6692800e-02
4.2170720e+00,3.0040122e+00,4.5131578e-02
7.2003379e+00,3.0046124e+00,2.8133547e-02
6.4538536e+00,3.0071407e+00,2.9405572e-02
3.9982724e+00,3.0118952e+00,1.6046345e-02
3.6000290e+00,3.0195212e+00,1.4177826e-02
3.7987864e+00,3.0200471e+00,8.0931145e-03
6.5557215e+00,3.0210132e+00,3.0106809e-02
2.5375000e+00,3.0302199e+00,9.4846472e-03
9.2310167e-02,3.0328285e+00,5.5480567e-03
2.8909380e+00,3.0329112e+00,1.3029467e-02
1.8373157e+00,3.0354577e+00,7.8177674e-03
5.2500000e+00,3.0356592e+00,1.1102753e-02
4.5747093e+00,3.0361279e+00,3.9970912e-03
6.1250000e-01,3.0363449e+00,8.0233130e-03
5.9760153e+00,3.0369892e+00,1.9760870e-02
1.1286012e+00,3.0400243e+00,8.4112812e-03
1.5036241e+00,3.0401067e+00,1.0346339e-02
2.7516060e-01,3.0405931e+00,5.9932193e-03
5.7738512e+00,3.0407884e+00,1.9720668e-02
2.0303430e+00,3.0418012e+00,1.0002966e-02
3.0481582e+00,3.0429375e+00,1.4342113e-02
3.2498000e+00,3.0439103e+00,1.3150914e-02
2.1986705e+00,3.0440174e+00,1.0756744e-02
2.6987177e+00,3.0449960e+00,1.3530528e-02
4.9217444e+00,3.0455019e+00,1.1076975e-02
5.5988688e+00,3.0455400e+00,1.7891663e-02
6.9892755e+00,3.0484314e+00,2.7461210e-02
4.0853996e+00,3.0489403e+00,2.2980745e-02
4.7246313e+00,3.0490044e+00,1.3573523e-02
2.3625000e+00,3.0501054e+00,1.2163265e-02
5.0833333e+00,3.0516426e+00,1.2164274e-02
3.4125000e+00,3.0535813e+00,1.5213348e-02
1.6786385e+00,3.0536881e+00,7.8973794e-03
9.5243596e-01,3.0553626e+00,8.7364300e-03
7.7237691e-01,3.0557833e+00,8.8288082e-03
4.3287336e-01,3.0559381e+00,8.3233343e-03
1.2868525e+00,3.0568601e+00,8.8278086e-03
6.1921293e+00,3.0585713e+00,2.4550068e-02
3.9009369e+00,3.0589670e+00,1.1642925e-02
5.4213292e+00,3.0595490e+00,2.1948107e-02
3.7002559e+00,3.0600738e+00,9.1890108e-03
7.0841872e+00,3.0618477e+00,2.8119795e-02
6.1161376e+00,3.0630968e+00,1.8632168e-02
5.8662438e+00,3.0644221e+00,1.8864225e-02
4.4139573e+00,3.0734405e+00,3.7921581e-02
2.6112177e+00,3.0752159e+00,1.1132544e-02
2.9640962e+00,3.0758488e+00,1.4339962e-02
6.7639224e+00,3.0773787e+00,2.9536951e-02
7.2296837e+00,3.0775718e+00,2.6719355e-02
2.4500000e+00,3.0803253e+00,1.1293628e-02
7.3028175e+00,3.0803385e+00,2.8380448e-02
6.3404874e+00,3.0812742e+00,2.9976325e-02
3.5082205e+00,3.0837906e+00,1.5474923e-02
4.6326740e+00,3.0851324e+00,1.4364600e-02
2.1290135e+00,3.0858186e+00,1.0750400e-02
6.4117175e+00,3.0865487e+00,3.1027336e-02
5.1666667e+00,3.0873017e+00,1.6997624e-02
7.4590914e+00,3.0873468e+00,1.5787284e-02
3.3976834e-02,3.0883840e+00,5.9352558e-03
1.7659542e+00,3.0891458e+00,7.5483110e-03
5.7122778e+00,3.0902961e+00,1.8284059e-02
4.5020379e+00,3.0911400e+00,4.0602482e-02
6.8487691e-01,3.0921282e+00,8.2351811e-03
5.2037336e-01,3.0922830e+00,8.4975370e-03
1.6072626e+00,3.0937948e+00,9.1632670e-03
2.8343936e+00,3.0940270e+00,1.3078436e-02
2.2861705e+00,3.0941228e+00,1.2006133e-02
6.5901717e+00,3.0942157e+00,2.7711043e-02
5.3379958e+00,3.0952082e+00,1.3913016e-02
1.5447818e-01,3.0952576e+00,6.8460622e-03
1.0310371e+00,3.0953869e+00,8.8295700e-03
1.4513027e+00,3.0955705e+00,9.3602971e-03
3.5803396e-01,3.0965312e+00,7.5531004e-03
1.9040384e+00,3.0968557e+00,9.8665096e-03
1.1904537e+00,3.0968844e+00,8.3301202e-03
5.0050777e+00,3.0971445e+00,1.2086033e-02
3.3373000e+00,3.0974916e+00,1.4046363e-02
2.2066194e-01,3.1030223e+00,6.8769976e-03
1.9803990e+00,3.1031992e+00,9.7918586e-03
3.1043844e+00,3.1045657e+00,1.5767227e-02
3.1893595e+00,3.1055384e+00,1.3533629e-02
2.7588399e+00,3.1061118e+00,1.4603761e-02
5.5231010e+00,3.1085035e+00,1.9570425e-02
8.4981287e-01,3.1111458e+00,8.9861703e-03
1.3511979e+00,3.1123239e+00,8.7034129e-03
6.6777351e+00,3.1138834e+00,2.9065815e-02
6.9246732e+00,3.1142130e+00,2.8531684e-02
4.8560395e+00,3.1181387e+00,1.5690450e-02
4.0910965e+00,3.1200604e+00,2.2084512e-02
4.7700376e+00,3.1216412e+00,1.3278098e-02
6.8307634e+00,3.1281075e+00,2.7834906e-02
4.2575546e+00,3.1352046e+00,4.6254121e-02
3.9120916e+00,3.1413728e+00,1.3125557e-02
7.1179570e+00,3.1453335e+00,2.7901557e-02
2.5873775e+00,3.1470958e+00,1.3768059e-02
7.1961862e+00,3.1483012e+00,2.7181184e-02
5.9809889e+00,3.1517554e+00,3.6370269e-02
2.4844931e+00,3.1522052e+00,1.3659261e-02
3.7131828e+00,3.1534036e+00,1.2844989e-02
7.3272264e+00,3.1549524e+00,2.5546556e-02
6.2363596e+00,3.1568060e+00,3.0319641e-02
5.9127152e+00,3.1601499e+00,1.6393242e-02
3.5353177e+00,3.1609522e+00,1.6181283e-02
2.9635423e+00,3.1615286e+00,1.4119213e-02
4.3507273e+00,3.1629889e+00,4.0290543e-02
6.3106000e+00,3.1638984e+00,2.9978765e-02
7.4052861e+00,3.1646565e+00,2.5664990e-02
4.0151239e+00,3.1654211e+00,1.8183989e-02
2.1381971e+00,3.1657646e+00,1.3250125e-02
5.1944444e+00,3.1681624e+00,1.3852584e-02
6.2369571e-02,3.1717173e+00,5.7414916e-03
4.6065712e+00,3.1740656e+00,1.4976166e-02
6.4786263e-01,3.1744084e+00,8.3209052e-03
5.4169242e-01,3.1745633e+00,8.2610658e-03
1.6045436e+00,3.1747927e+00,9.4614700e-03
5.3102181e+00,3.1760689e+00,1.4392425e-02
1.5069171e+00,3.1765684e+00,9.3391799e-03
2.2783328e+00,3.1784196e+00,1.5082281e-02
1.2453759e-01,3.1785910e+00,7.1833136e-03
1.0428461e+00,3.1794701e+00,8.2463001e-03
2.8921730e+00,3.1797068e+00,1.3892527e-02
4.5314907e+00,3.1800733e+00,2.9113449e-02
6.1231332e+00,3.1805653e+00,3.2623285e-02
1.1439294e+00,3.1809676e+00,8.2292968e-03
4.1964073e+00,3.1813770e+00,3.2613658e-02
6.5530536e+00,3.1823770e+00,2.7961774e-02
2.0479160e+00,3.1831451e+00,1.4058151e-02
6.9474852e+00,3.1865296e+00,2.8290786e-02
6.4764673e+00,3.1885826e+00,2.8746230e-02
1.7838054e+00,3.1886446e+00,9.7209028e-03
3.6400531e+00,3.1900126e+00,1.4887720e-02
3.0454972e+00,3.1902455e+00,1.4434823e-02
3.8228679e+00,3.1957827e+00,1.0941177e-02
1.8635562e+00,3.1963545e+00,1.0889893e-02
7.2564232e+00,3.1965864e+00,2.4240080e-02
3.3253185e+00,3.1972537e+00,1.4420092e-02
5.7426541e+00,3.1990331e+00,1.7628136e-02
5.0058222e+00,3.2008232e+00,1.4790366e-02
3.4807172e-01,3.2028764e+00,8.5733518e-03
3.2357113e+00,3.2053005e+00,1.4094879e-02
2.2000164e+00,3.2082601e+00,1.5197219e-02
2.6903304e-01,3.2093675e+00,8.3550626e-03
7.0856152e+00,3.2100364e+00,2.8397077e-02
8.3658818e-01,3.2153436e+00,8.6675367e-03
1.3289792e+00,3.2159064e+00,7.8559101e-03
6.1994370e+00,3.2179474e+00,3.3813368e-02
5.5385662e+00,3.2189637e+00,1.9051969e-02
4.9123395e+00,3.2218174e+00,1.4921126e-02
6.6975520e+00,3.2235347e+00,2.8644163e-02
2.7370822e+00,3.2236536e+00,1.4883620e-02
5.8840193e+00,3.2240643e+00,1.3943249e-02
6.0566958e+00,3.2245138e+00,2.9725159e-02
7.0111851e+00,3.2245361e+00,2.8864004e-02
2.6130344e+00,3.2246558e+00,1.5758858e-02
2.4644504e+00,3.2264999e+00,1.5774290e-02
6.7826093e+00,3.2271427e+00,2.7960353e-02
6.3449076e+00,3.2303143e+00,2.8691776e-02
5.8127869e+00,3.2342121e+00,1.3123280e-02
6.8112050e-01,3.2344064e+00,8.4442761e-03
5.1565448e+00,3.2370604e+00,1.6891009e-02
4.7282305e+00,3.2390574e+00,1.4935824e-02
3.4814433e+00,3.2412795e+00,1.4610720e-02
2.3225990e+00,3.2424114e+00,1.5745357e-02
7.4461947e+00,3.2439764e+00,4.1958489e-02
1.1742851e+00,3.2453923e+00,8.3124044e-03
4.4961072e+00,3.2466673e+00,3.5749602e-02
4.4034244e+00,3.2472825e+00,4.0812549e-02
6.4395448e+00,3.2497240e+00,2.9181571e-02
2.8392737e-02,3.2500000e+00,6.9887764e-03
5.3538891e+00,3.2551899e+00,1.8758239e-02
4.6567215e+00,3.2553539e+00,1.9922065e-02
2.8804233e+00,3.2555063e+00,1.4288267e-02
2.0114038e+00,3.2558399e+00,1.5682764e-02
7.6324342e-01,3.2563238e+00,8.1203033e-03
1.6465955e+00,3.2578736e+00,1.0124664e-02
4.2000033e+00,3.2581261e+00,3.1315939e-02
6.8466661e+00,3.2582892e+00,2.8207286e-02
5.0739559e+00,3.2598784e+00,1.5281437e-02
6.6337076e+00,3.2599098e+00,2.8759824e-02
4.9664035e-01,3.2608432e+00,8.2562439e-03
1.4413449e-01,3.2612526e+00,7.2607247e-03
2.3978939e+00,3.2626292e+00,1.6159619e-02
4.0169981e+00,3.2630395e+00,1.7088237e-02
1.4912967e+00,3.2632517e+00,8.9097893e-03
3.0830706e+00,3.2636571e+00,1.5247070e-02
3.3840312e+00,3.2638800e+00,1.4678465e-02
5.6447102e+00,3.2647371e+00,2.2637967e-02
1.2569241e+00,3.2648916e+00,8.3343189e-03
1.0022345e+00,3.2657202e+00,8.1013533e-03
3.8485096e+00,3.2658544e+00,1.3303880e-02
2.6734503e+00,3.2703177e+00,1.5716391e-02
1.9034047e+00,3.2753928e+00,1.5371774e-02
1.7254990e+00,3.2763745e+00,1.0394849e-02
3.1883096e+00,3.2777394e+00,1.4993818e-02
3.6438989e+00,3.2812522e+00,1.5730054e-02
7.2648379e+00,3.2838779e+00,2.5362976e-02
2.5484407e+00,3.2841744e+00,1.6213804e-02
2.2244618e-01,3.2842645e+00,7.7829121e-03
5.4526876e+00,3.2847894e+00,1.7377563e-02
4.0702573e-01,3.2849081e+00,8.0041764e-03
9.1886748e-01,3.2858348e+00,8.4819167e-03
1.4134637e+00,3.2858364e+00,8.1152153e-03
2.8008862e+00,3.2873683e+00,1.4830342e-02
4.0965666e+00,3.2944280e+00,1.9827123e-02
7.1145824e+00,3.2962493e+00,2.6875328e-02
4.8863601e+00,3.2991499e+00,1.7499495e-02
2.1967352e+00,3.3015712e+00,1.8704986e-02
6.4081389e-01,3.3036496e+00,8.6568927e-03
5.8926988e+00,3.3037292e+00,1.8567992e-02
6.2638591e+00,3.3043152e+00,2.8862079e-02
5.2139050e+00,3.3090280e+00,1.9344633e-02
3.9396075e+00,3.3090629e+00,1.4298505e-02
3.5518428e+00,3.3091470e+00,1.4980239e-02
6.3350892e+00,3.3095897e+00,2.8889900e-02
8.1966474e-02,3.3099345e+00,7.2806954e-03
4.7882530e+00,3.3128874e+00,1.9153679e-02
5.8214664e+00,3.3138770e+00,1.8817376e-02
1.0920888e+00,3.3148067e+00,7.7855730e-03
6.9742269e+00,3.3170957e+00,2.7493935e-02
5.2954757e+00,3.3192510e+00,1.6940413e-02
3.7883496e+00,3.3233508e+00,1.5324175e-02
2.9367201e+00,3.3256339e+00,1.3768839e-02
7.4161558e+00,3.3256692e+00,2.1575094e-02
6.4891198e+00,3.3278392e+00,2.9360127e-02
2.2721549e+00,3.3296345e+00,1.7054789e-02
5.6250396e-01,3.3299315e+00,8.2642695e-03
1.5726273e+00,3.3309755e+00,9.1965798e-03
3.0265967e+00,3.3332724e+00,1.4152769e-02
3.7037138e+00,3.3341755e+00,1.5394855e-02
4.3776195e+00,3.3345474e+00,3.9754622e-02
7.1913215e+00,3.3356648e+00,2.5113952e-02
6.8635029e+00,3.3380116e+00,2.8332441e-02
6.0574084e+00,3.3418020e+00,2.6349832e-02
4.2297392e+00,3.3428540e+00,3.0117535e-02
6.6066963e+00,3.3442306e+00,2.8807202e-02
7.3465108e+00,3.3477010e+00,2.1775729e-02
7.6098353e-01,3.3478217e+00,7.2635680e-03
4.5242616e+00,3.3506996e+00,3.7526760e-02
2.0459641e+00,3.3510177e+00,1.6229607e-02
2.5435430e+00,3.3527189e+00,1.4359199e-02
1.2562535e+00,3.3550230e+00,7.7056171e-03
5.0788294e+00,3.3556242e+00,1.7965210e-02
7.0330471e+00,3.3582675e+00,2.6645563e-02
3.3787416e+00,3.3637645e+00,1.7215143e-02
4.6097954e+00,3.3653939e+00,4.3388491e-02
2.6293280e+00,3.3657462e+00,1.4853017e-02
6.8961185e-01,3.3686505e+00,7.9171411e-03
2.4079528e+00,3.3707394e+00,1.3913903e-02
6.4216168e+00,3.3722795e+00,3.0127795e-02
5.9587450e+00,3.3732455e+00,2.7761497e-02
2.1308558e+00,3.3738502e+00,1.8789648e-02
5.1632229e+00,3.3755557e+00,2.4162975e-02
1.8930187e+00,3.3777523e+00,1.6061294e-02
4.2935109e+00,3.3811541e+00,2.9308881e-02
3.2276949e+00,3.3816973e+00,1.6580081e-02
5.6457674e+00,3.3823909e+00,2.3676624e-02
6.2540583e+00,3.3833529e+00,2.8249540e-02
2.8231849e+00,3.3878316e+00,1.5130411e-02
1.7493859e+00,3.3883162e+00,1.0638541e-02
2.3062037e-01,3.3883953e+00,7.7874722e-03
3.5366507e+00,3.3895048e+00,1.6917767e-02
4.0850368e+00,3.3903041e+00,1.9359437e-02
5.4573846e+00,3.3910734e+00,1.7812824e-02
4.9339523e+00,3.3926527e+00,2.2719607e-02
5.3573737e-02,3.3932679e+00,7.8872712e-03
5.8169228e+00,3.3964101e+00,2.4598635e-02
1.4029395e+00,3.3971823e+00,7.0711003e-03
9.0393342e-01,3.3976130e+00,8.3917018e-03
6.1513330e+00,3.3994089e+00,2.8110543e-02
3.9819191e-01,3.3995190e+00,8.0841814e-03
1.0913909e+00,3.3997122e+00,7.7157151e-03
2.9030282e+00,3.4015332e+00,1.4024111e-02
2.4696116e+00,3.4031547e+00,1.3266875e-02
2.3192181e+00,3.4035534e+00,1.3275657e-02
4.4518880e+00,3.4040434e+00,4.0116291e-02
4.7706246e+00,3.4045985e+00,2.8335525e-02
5.2954757e+00,3.4047499e+00,2.2265065e-02
3.9052251e+00,3.4092610e+00,1.4411177e-02
3.8254706e+00,3.4134955e+00,1.6246481e-02
3.0563172e+00,3.4136342e+00,1.4666730e-02
4.1513653e+00,3.4137825e+00,1.9562431e-02
5.6062935e-01,3.4149082e+00,7.9794805e-03
7.4699611e+00,3.4150261e+00,2.3440168e-02
5.0152831e+00,3.4172066e+00,2.1502455e-02
1.3177845e+00,3.4173837e+00,7.5805876e-03
8.1939423e-01,3.4186197e+00,7.4404916e-03
6.6295961e+00,3.4187735e+00,2.7899303e-02
3.3158404e+00,3.4188139e+00,1.6752613e-02
1.5781241e+00,3.4189754e+00,8.3276345e-03
6.8227650e+00,3.4198423e+00,2.9226152e-02
1.1729166e+00,3.4204291e+00,8.3392178e-03
3.4609616e+00,3.4215217e+00,1.6875513e-02
1.8350467e+00,3.4288861e+00,1.7705090e-02
3.6918232e+00,3.4343495e+00,1.6965325e-02
7.1906192e+00,3.4346628e+00,2.7944819e-02
1.9764505e+00,3.4348294e+00,1.6987071e-02
5.2011225e+00,3.4373581e+00,3.0393688e-02
7.0152869e+00,3.4382133e+00,2.7379345e-02
5.7421078e+00,3.4385974e+00,2.4546124e-02
6.4663176e-01,3.4395646e+00,8.4277782e-03
6.4421348e+00,3.4406942e+00,2.9422521e-02
4.6636759e+00,3.4408085e+00,3.4803543e-02
5.5443204e+00,3.4429016e+00,2.0286099e-02
2.6562372e+00,3.4431574e+00,1.4936872e-02
3.0941952e-01,3.4434542e+00,7.4590018e-03
7.3540772e+00,3.4440135e+00,2.7153389e-02
5.3585861e+00,3.4469728e+00,1.9204786e-02
3.1521764e+00,3.4479769e+00,1.4713624e-02
1.2391594e-01,3.4487168e+00,8.0275116e-03
6.7248688e+00,3.4520953e+00,2.9703210e-02
4.8498746e+00,3.4533218e+00,2.9386121e-02
5.9548454e+00,3.4559136e+00,2.9457071e-02
6.3458064e+00,3.4570420e+00,2.9305163e-02
1.6759792e+00,3.4578152e+00,9.5563762e-03
2.9696731e+00,3.4588641e+00,1.3857936e-02
4.8593193e-01,3.4604307e+00,7.5645997e-03
3.6168161e+00,3.4617839e+00,2.0095355e-02
9.8660255e-01,3.4624039e+00,8.0273019e-03
1.4862693e+00,3.4625975e+00,7.3760928e-03
2.7673959e+00,3.4643120e+00,1.6679903e-02
5.8842556e+00,3.4689304e+00,2.8085060e-02
6.5325375e+00,3.4707967e+00,2.8437374e-02
7.0961198e+00,3.4751931e+00,2.6239148e-02
4.0182651e+00,3.4753010e+00,1.5229742e-02
7.4237222e+00,3.4775372e+00,2.9672680e-02
6.9157287e+00,3.4788721e+00,2.6581077e-02
7.2717021e+00,3.4791884e+00,2.4377120e-02
6.1461981e+00,3.4843856e+00,2.9796097e-02
2.2910038e+00,3.4852808e+00,1.3031235e-02
3.7632802e+00,3.4856870e+00,1.6256811e-02
3.9392256e+00,3.4876104e+00,1.5345508e-02
4.3068737e+00,3.4899585e+00,3.0051971e-02
2.1311675e+00,3.4908847e+00,1.7022566e-02
4.4182505e+00,3.4996743e+00,3.6276131e-02
5.0338368e+00,3.5028567e+00,2.3490101e-02
5.1352827e+00,3.5030767e+00,2.5687331e-02
1.3033852e+00,3.5057100e+00,7.3446471e-03
8.0428892e-01,3.5059288e+00,7.0303715e-03
2.4771543e+00,3.5065568e+00,1.1144054e-02
6.0483739e+00,3.5094468e+00,3.0325178e-02
4.1569253e+00,3.5104444e+00,2.0513919e-02
3.4618470e+00,3.5152213e+00,1.8988386e-02
4.6391797e+00,3.5175064e+00,3.3371373e-02
6.3170557e+00,3.5195879e+00,2.9547559e-02
3.3705534e+00,3.5232880e+00,1.9969193e-02
2.2029401e+00,3.5240455e+00,1.4370908e-02
6.6670181e-01,3.5244757e+00,8.9049774e-03
1.9838585e+00,3.5250256e+00,1.6979553e-02
1.1664710e+00,3.5272287e+00,8.1714823e-03
6.2201728e+00,3.5308754e+00,2.9997778e-02
5.7385885e+00,3.5332309e+00,2.5826391e-02
2.5779948e+00,3.5335323e+00,1.2030957e-02
9.9055872e+00,3.5348890e+00,1.0800364e-02
8.8392857e+00,3.5349611e+00,1.5892103e-02
7.9464286e+00,3.5356382e+00,1.5167996e-02
2.9640577e+00,3.5374924e+00,1.3677862e-02
9.7230745e+00,3.5377553e+00,1.6353602e-02
9.3813202e+00,3.5391169e+00,1.4418160e-02
4.8466373e+00,3.5391859e+00,3.4628126e-02
3.1620323e+00,3.5402384e+00,1.6238482e-02
9.1806500e+00,3.5413098e+00,1.5970169e-02
3.6017932e+00,3.5418986e+00,1.7139902e-02
8.4976763e+00,3.5430344e+00,1.6480108e-02
5.3644955e+00,3.5444404e+00,2.4761684e-02
8.2979015e+00,3.5454938e+00,1.6840916e-02
2.7939147e+00,3.5456124e+00,1.6823436e-02
1.6830106e+00,3.5458831e+00,9.6233315e-03
1.4846397e+00,3.5470630e+00,6.6862723e-03
9.8467549e-01,3.5473780e+00,7.7832575e-03
7.5929694e+00,3.5475770e+00,8.5628727e-03
4.2486620e+00,3.5483203e+00,2.6417874e-02
7.3559403e-01,3.5487256e+00,8.1773317e-03
4.0837993e+00,3.5500894e+00,1.8926861e-02
1.2354087e+00,3.5501489e+00,6.8506454e-03
7.2607773e+00,3.5514136e+00,2.5662923e-02
1.2379517e-01,3.5515253e+00,7.8953841e-03
4.5596359e+00,3.5529766e+00,3.4215296e-02
8.6607143e+00,3.5539551e+00,1.7091710e-02
4.8406167e-01,3.5540518e+00,7.6335203e-03
5.5430040e+00,3.5544314e+00,2.7022699e-02
6.5327986e+00,3.5551489e+00,2.7656145e-02
2.3872812e+00,3.5558689e+00,1.3050769e-02
9.5655884e+00,3.5571504e+00,1.5789075e-02
4.4649609e+00,3.5572154e+00,3.5701025e-02
2.0536837e+00,3.5582485e+00,1.6166132e-02
1.8453697e+00,3.5592231e+00,1.7729959e-02
6.9106648e+00,3.5599613e+00,2.5445208e-02
7.0917966e+00,3.5601082e+00,2.4859816e-02
6.7214026e+00,3.5602714e+00,2.7135851e-02
7.7646611e+00,3.5607012e+00,1.7481249e-02
5.9110427e+00,3.5624676e+00,2.9062777e-02
8.1305305e+00,3.5632408e+00,1.8484251e-02
3.5225131e+00,3.5633191e+00,2.1927852e-02
3.0905483e-01,3.5641026e+00,7.6000554e-03
9.0244367e+00,3.5641298e+00,1.7299270e-02
8.8690105e-01,3.5698962e+00,7.5613902e-03
1.3869107e+00,3.5699741e+00,7.3467234e-03
2.8813188e+00,3.5702929e+00,1.5264633e-02
5.1572497e+00,3.5712812e+00,2.8612668e-02
9.8072331e+00,3.5726444e+00,1.2480065e-02
6.0781313e+00,3.5747679e+00,2.9662072e-02
3.7821260e+00,3.5777834e+00,1.6047695e-02
7.4388899e+00,3.5792131e+00,3.2996403e-02
3.8783168e+00,3.5839414e+00,1.5085419e-02
5.0004168e+00,3.5845057e+00,3.1387044e-02
3.0605577e+00,3.5845241e+00,1.4985591e-02
5.8401907e+00,3.5845808e+00,2.9911356e-02
4.7026913e+00,3.5849438e+00,3.3955178e-02
5.6409318e+00,3.5885543e+00,2.6715117e-02
8.7500000e+00,3.5889161e+00,1.7137249e-02
1.0830182e+00,3.5914858e+00,7.9145242e-03
1.5835257e+00,3.5915088e+00,6.5178012e-03
7.1753712e+00,3.5918031e+00,2.2254536e-02
5.7882914e-01,3.5934404e+00,7.7574850e-03
5.2708654e+00,3.5942002e+00,2.7373237e-02
9.9651110e+00,3.5944128e+00,1.0024590e-02
9.6458057e+00,3.5949057e+00,1.5188706e-02
9.4826229e+00,3.5962673e+00,1.4945766e-02
7.8539468e+00,3.5963393e+00,1.9806179e-02
8.5869620e+00,3.5969895e+00,1.6311718e-02
6.1841398e+00,3.5970649e+00,2.9653124e-02
9.3164627e+00,3.5973221e+00,1.5887431e-02
1.9107497e+00,3.5982855e+00,1.8698914e-02
8.0412447e+00,3.5988790e+00,1.5563175e-02
8.9351510e+00,3.5990908e+00,1.5781900e-02
9.2348400e+00,3.5995150e+00,1.5368923e-02
4.7726334e+00,3.5995281e+00,3.1500508e-02
3.3417340e+00,3.5998714e+00,1.6575796e-02
5.4619777e+00,3.6000708e+00,2.7798871e-02
4.9292019e+00,3.6038754e+00,3.4681976e-02
7.0058997e+00,3.6042175e+00,2.2594423e-02
3.2445900e+00,3.6042460e+00,1.8065239e-02
6.3547745e+00,3.6048604e+00,2.9790014e-02
9.0979439e+00,3.6054396e+00,1.7727895e-02
1.7667403e+00,3.6067210e+00,1.2295236e-02
5.3452963e-02,3.6071875e+00,6.8600287e-03
7.6790591e+00,3.6082782e+00,1.6544584e-02
8.2141463e+00,3.6087347e+00,1.8151583e-02
6.8142349e+00,3.6091076e+00,2.4644477e-02
3.6522071e+00,3.6108212e+00,1.5320610e-02
6.6263910e+00,3.6113017e+00,2.5738746e-02
2.3013491e-01,3.6118522e+00,7.6610747e-03
8.4475807e+00,3.6137809e+00,1.8384348e-02
3.9595697e-01,3.6137885e+00,7.4564988e-03
6.0113899e+00,3.6147719e+00,3.0051879e-02
8.3668536e+00,3.6162403e+00,1.6849750e-02
7.3583202e+00,3.6179146e+00,2.1437251e-02
7.5185744e+00,3.6198345e+00,3.7246876e-02
2.7181180e+00,3.6242064e+00,1.6149223e-02
6.4431796e+00,3.6255065e+00,2.9453033e-02
4.0905813e+00,3.6289601e+00,1.8289593e-02
7.6761489e-01,3.6311533e+00,7.6711606e-03
3.7317552e+00,3.6314389e+00,1.8030429e-02
8.6820369e-01,3.6324643e+00,8.0676208e-03
1.2686678e+00,3.6331924e+00,7.2872001e-03
1.3691972e+00,3.6331993e+00,7.3226661e-03
2.6133569e+00,3.6332809e+00,1.4877128e-02
4.4367287e+00,3.6336924e+00,3.5565327e-02
5.0731477e+00,3.6339590e+00,2.9400495e-02
4.5805787e+00,3.6350115e+00,3.4809981e-02
2.3749110e+00,3.6374170e+00,1.4412964e-02
9.8016676e+00,3.6377337e+00,1.4663869e-02
3.9131403e+00,3.6406855e+00,1.7911724e-02
4.2597974e+00,3.6420839e+00,2.6685533e-02
2.2080357e+00,3.6435087e+00,1.4247078e-02
2.0670353e+00,3.6446816e+00,1.5307567e-02
3.5326468e+00,3.6490523e+00,1.6031441e-02
2.8630028e+00,3.6495207e+00,1.6135246e-02
4.0058938e+00,3.6578518e+00,1.6131340e-02
4.6513393e+00,3.6616752e+00,3.4862304e-02
5.8199263e+00,3.6626636e+00,3.0007091e-02
8.7797619e+00,3.6697907e+00,1.6370987e-02
3.0620783e+00,3.6708018e+00,1.5984812e-02
3.6105677e+00,3.6712581e+00,1.4916170e-02
7.1890518e+00,3.6726430e+00,2.1640995e-02
1.0830182e+00,3.6760057e+00,7.7088157e-03
1.5835257e+00,3.6760242e+00,5.4483697e-03
4.5185773e+00,3.6764189e+00,3.6585340e-02
5.2882849e+00,3.6769007e+00,3.1599562e-02
7.8837087e+00,3.6784086e+00,1.6519148e-02
5.7882914e-01,3.6788016e+00,7.7486160e-03
6.2093481e+00,3.6793274e+00,3.0013422e-02
9.4705643e+00,3.6795437e+00,1.6349005e-02
2.7588235e+00,3.6798222e+00,1.6490357e-02
8.9053891e+00,3.6799654e+00,1.6318970e-02
9.3639278e+00,3.6805986e+00,1.6336312e-02
8.0114828e+00,3.6809483e+00,1.5892188e-02
4.1748427e+00,3.6830786e+00,2.1590632e-02
2.2837292e+00,3.6862921e+00,1.5477542e-02
5.6373020e+00,3.6866043e+00,3.1017113e-02
9.9297440e+00,3.6898858e+00,1.2414676e-02
8.1930035e-02,3.6905208e+00,6.9582937e-03
7.0190854e+00,3.6926224e+00,2.1067011e-02
9.8646547e+00,3.6954513e+00,1.4880284e-02
4.7906048e+00,3.6965399e+00,3.2362318e-02
7.3488297e+00,3.6966611e+00,1.9653165e-02
2.1496147e+00,3.6967811e+00,1.5262534e-02
6.2830998e+00,3.6984104e+00,2.9381876e-02
4.8819526e+00,3.6990955e+00,3.3182772e-02
4.3793677e+00,3.7029478e+00,2.5696811e-02
9.6535710e+00,3.7061881e+00,1.4893126e-02
6.6030011e+00,3.7066909e+00,2.3654856e-02
6.8259507e+00,3.7080405e+00,2.0839040e-02
8.5952988e+00,3.7087190e+00,1.6446013e-02
2.9039615e+00,3.7093631e+00,1.6157707e-02
5.7146943e+00,3.7093636e+00,3.0463768e-02
5.4679204e+00,3.7094152e+00,3.1982903e-02
9.2025367e+00,3.7095752e+00,1.7016784e-02
4.3073585e+00,3.7105185e+00,2.4109672e-02
6.0511263e+00,3.7105949e+00,3.0208201e-02
7.2649675e+00,3.7110000e+00,1.8599140e-02
1.9197114e+00,3.7110256e+00,1.8425902e-02
3.3942029e+00,3.7116522e+00,1.6028587e-02
9.7252742e+00,3.7141271e+00,1.6171867e-02
9.1251643e+00,3.7154998e+00,1.6937397e-02
2.2194066e-01,3.7164776e+00,7.5728668e-03
5.0973699e+00,3.7164924e+00,3.2580007e-02
3.2303314e+00,3.7167675e+00,1.6450890e-02
7.5112286e-01,3.7196649e+00,7.3909273e-03
2.9872106e+00,3.7208757e+00,1.5512781e-02
1.2521359e+00,3.7213013e+00,7.4434654e-03
7.6657500e+00,3.7218978e+00,8.7539649e-03
3.7421856e+00,3.7219069e+00,1.8068360e-02
6.4828132e+00,3.7219255e+00,2.3880129e-02
4.0247298e-01,3.7220495e+00,7.4567637e-03
9.1042258e-01,3.7223050e+00,7.8253904e-03
1.7558814e+00,3.7225686e+00,9.9128306e-03
1.4113707e+00,3.7229738e+00,7.0349709e-03
2.4229646e+00,3.7235082e+00,1.5644347e-02
3.8978070e+00,3.7235349e+00,1.6061207e-02
2.0061719e+00,3.7241988e+00,1.8924716e-02
5.8749469e+00,3.7247106e+00,3.1415823e-02
3.4795173e+00,3.7248555e+00,1.6372819e-02
8.5154413e+00,3.7255104e+00,1.6759109e-02
8.2296701e+00,3.7268033e+00,1.7056494e-02
7.1186629e+00,3.7293529e+00,2.1507220e-02
2.5594461e+00,3.7321421e+00,1.4475050e-02
7.5647891e+00,3.7334542e+00,2.4604138e-02
8.3228536e+00,3.7343090e+00,1.7072420e-02
5.3878578e+00,3.7364853e+00,3.2817166e-02
5.1988915e+00,3.7365151e+00,3.1887485e-02
3.1492944e+00,3.7390376e+00,1.7289866e-02
1.4407799e-01,3.7394840e+00,6.8262516e-03
3.9905604e+00,3.7407012e+00,1.4184037e-02
9.3364896e+00,3.7413159e+00,1.6899915e-02
6.6842943e-01,3.7425742e+00,7.5542547e-03
3.6584665e+00,3.7429782e+00,1.7270075e-02
8.7444830e+00,3.7447623e+00,1.6493562e-02
1.1688059e+00,3.7447748e+00,7.5373439e-03
9.9439581e-01,3.7461047e+00,7.7199161e-03
1.6721517e+00,3.7462461e+00,4.6695405e-03
1.4947074e+00,3.7464520e+00,6.5594446e-03
6.9355663e+00,3.7472992e+00,1.9097150e-02
4.9057768e-01,3.7476741e+00,7.4225176e-03
2.8477072e-02,3.7500000e+00,5.9812530e-03
6.1430759e+00,3.7528534e+00,3.0358241e-02
5.9735036e+00,3.7536268e+00,3.1084323e-02
4.6629134e+00,3.7538556e+00,3.3666045e-02
8.9486571e+00,3.7578374e+00,1.7160725e-02
2.7306651e+00,3.7603333e+00,1.7566336e-02
4.5134286e+00,3.7605142e+00,3.3830746e-02
5.5453169e+00,3.7618257e+00,3.2034185e-02
9.5129716e+00,3.7622124e+00,1.6458018e-02
4.1708073e+00,3.7666385e+00,2.2955679e-02
7.8405825e+00,3.7671859e+00,1.5910215e-02
8.0562977e+00,3.7674767e+00,1.6989624e-02
2.4822645e+00,3.7677967e+00,1.5923586e-02
9.2567211e+00,3.7680996e+00,1.7267977e-02
6.6483805e+00,3.7689364e+00,2.0415109e-02
4.9183195e+00,3.7705987e+00,3.3113290e-02
9.9646331e+00,3.7740444e+00,8.4730987e-03
4.7322368e+00,3.7741359e+00,3.3816243e-02
6.7477494e+00,3.7745393e+00,1.9365246e-02
8.6635341e+00,3.7756173e+00,1.6501806e-02
5.0272018e+00,3.7811013e+00,3.3094631e-02
7.4153044e+00,3.7835228e+00,2.1373975e-02
3.3161576e+00,3.7855235e+00,1.5877827e-02
9.0651633e+00,3.7870230e+00,1.7154844e-02
6.3082693e+00,3.7873433e+00,2.5764850e-02
1.8434726e+00,3.7878107e+00,1.3679503e-02
4.4278758e+00,3.7885083e+00,2.6084902e-02
9.5923193e+00,3.7902184e+00,1.6767132e-02
3.8601107e+00,3.7904154e+00,1.6757066e-02
2.6724699e-01,3.7908819e+00,7.4973321e-03
8.2953807e-01,3.7910749e+00,7.4124259e-03
2.2956585e+00,3.7915238e+00,1.6067339e-02
1.3301802e+00,3.7917360e+00,7.1563128e-03
3.7896836e+00,3.7918761e+00,1.6929764e-02
9.8427165e+00,3.7927236e+00,1.3898838e-02
2.8742380e+00,3.7954282e+00,1.7345256e-02
8.4697537e+00,3.7959570e+00,1.6813187e-02
4.2520578e+00,3.7963642e+00,2.1110168e-02
5.8297283e+00,3.7972326e+00,3.1669361e-02
2.1516242e+00,3.7980864e+00,1.7459395e-02
3.4398793e-01,3.7985066e+00,6.8602021e-03
7.7379877e+00,3.7987362e+00,1.5339521e-02
7.2781532e+00,3.7994049e+00,2.2234683e-02
5.7388419e+00,3.7998879e+00,3.1738251e-02
4.0276520e+00,3.8009781e+00,2.2902121e-02
6.4682666e+00,3.8011521e+00,2.3102101e-02
8.3578931e+00,3.8022961e+00,1.7079794e-02
8.1611072e+00,3.8034760e+00,1.6867335e-02
2.6360488e+00,3.8035787e+00,1.6617063e-02
8.8472748e+00,3.8036403e+00,1.7105128e-02
3.6260645e+00,3.8062856e+00,1.7526930e-02
9.7668011e+00,3.8085331e+00,1.7097469e-02
3.0311690e+00,3.8089585e+00,1.8586281e-02
3.5250362e+00,3.8103687e+00,1.7328924e-02
2.3579496e+00,3.8105598e+00,1.6524766e-02
4.5870042e+00,3.8112872e+00,3.3658990e-02
7.5172484e+00,3.8114404e+00,2.7840253e-02
4.1112817e+00,3.8133537e+00,2.2972187e-02
5.2292291e+00,3.8135591e+00,3.1767323e-02
2.8051209e+00,3.8160969e+00,1.8408303e-02
5.3398997e+00,3.8168743e+00,3.2122437e-02
2.0581046e+00,3.8177923e+00,1.8764423e-02
9.3708313e+00,3.8199119e+00,1.7148933e-02
1.2436297e-01,3.8207808e+00,5.6855321e-03
7.1300311e+00,3.8225505e+00,2.2315591e-02
6.3976725e+00,3.8271391e+00,2.1042566e-02
6.2215018e-02,3.8273732e+00,5.9515143e-03
3.1251355e+00,3.8283813e+00,1.8649258e-02
5.2777778e-01,3.8291838e+00,7.3100665e-03
7.9917868e+00,3.8299919e+00,1.6892988e-02
6.3573353e-01,3.8303922e+00,7.3197296e-03
1.1357391e+00,3.8317802e+00,7.2006288e-03
7.9038458e+00,3.8322408e+00,1.6854781e-02
1.0277778e+00,3.8331101e+00,7.1556899e-03
1.6388889e+00,3.8332473e+00,5.8794261e-03
1.5277778e+00,3.8334532e+00,6.9256659e-03
6.9666973e+00,3.8368674e+00,1.9878747e-02
7.3627916e+00,3.8383716e+00,2.1962683e-02
9.4406769e+00,3.8418633e+00,1.7261127e-02
5.5579997e+00,3.8420152e+00,3.9041381e-02
5.9665822e+00,3.8433948e+00,2.8090102e-02
6.1672760e+00,3.8441322e+00,2.5257005e-02
6.5725166e+00,3.8461294e+00,2.1374174e-02
9.9078059e+00,3.8466819e+00,1.1026344e-02
9.2910628e+00,3.8466956e+00,1.7396354e-02
2.2219746e+00,3.8500458e+00,1.7289391e-02
2.9648951e+00,3.8525758e+00,1.8496140e-02
7.2136057e+00,3.8542454e+00,2.1860291e-02
6.2587176e+00,3.8595391e+00,2.5334905e-02
5.8801414e+00,3.8602094e+00,2.9856768e-02
5.7142962e+00,3.8661133e+00,3.2035288e-02
6.7619799e+00,3.8668283e+00,2.0147711e-02
4.8476596e+00,3.8748946e+00,3.3332201e-02
7.0615846e+00,3.8753882e+00,1.9876296e-02
8.6821845e+00,3.8769565e+00,1.7064252e-02
5.6374708e+00,3.8778126e+00,3.2485106e-02
9.0757189e+00,3.8778986e+00,1.7240270e-02
8.4745188e+00,3.8800428e+00,1.6836347e-02
4.7529248e+00,3.8809875e+00,3.3919139e-02
5.0755896e+00,3.8853972e+00,3.3182237e-02
4.4212599e+00,3.8863201e+00,2.4107146e-02
4.2579273e+00,3.8866053e+00,1.8675292e-02
8.8647503e+00,3.8880267e+00,1.7224252e-02
3.3318142e+00,3.8888077e+00,1.9487504e-02
2.4611365e+00,3.8898752e+00,1.7389038e-02
2.6623197e+00,3.8910547e+00,1.6106835e-02
1.8430763e+00,3.8913083e+00,1.2652299e-02
8.3017797e-01,3.8946994e+00,7.3740553e-03
3.9600930e+00,3.8949638e+00,2.2438392e-02
1.3301835e+00,3.8950343e+00,6.6036230e-03
3.6754542e+00,3.8963664e+00,1.9102688e-02
2.1646281e-01,3.8972217e+00,6.2387709e-03
5.1760953e+00,3.8978324e+00,3.1647992e-02
9.5929786e+00,3.8983795e+00,1.7036332e-02
7.5667543e+00,3.8997632e+00,2.2076965e-02
8.3153286e+00,3.8999184e+00,1.7109718e-02
3.5149022e+00,3.9004494e+00,1.9881072e-02
2.3849663e+00,3.9007912e+00,1.7277435e-02
5.3462897e+00,3.9011475e+00,3.3890191e-02
3.8853051e+00,3.9015674e+00,2.0389086e-02
2.7739112e+00,3.9029392e+00,1.6808886e-02
3.7553542e+00,3.9030281e+00,2.0639217e-02
4.5907371e+00,3.9035412e+00,2.8821156e-02
6.0204201e+00,3.9036675e+00,2.6523234e-02
1.5144146e-01,3.9041141e+00,6.2051306e-03
3.4875930e-01,3.9048463e+00,6.8367366e-03
6.1148186e+00,3.9061911e+00,2.3945047e-02
4.1032465e+00,3.9073394e+00,1.8794341e-02
6.9117382e+00,3.9073570e+00,1.9740638e-02
2.0268033e+00,3.9081168e+00,2.4427608e-02
7.7519964e+00,3.9081496e+00,1.7453561e-02
3.1623053e+00,3.9093953e+00,1.8775751e-02
5.0000000e-01,3.9098989e+00,6.4404718e-03
5.5143560e+00,3.9106903e+00,4.0873035e-02
3.3737946e-02,3.9107065e+00,4.8407585e-03
6.6351130e-01,3.9111074e+00,7.2857314e-03
1.1635168e+00,3.9116050e+00,7.7854898e-03
1.0000000e+00,3.9129350e+00,6.8443668e-03
1.6666667e+00,3.9130674e+00,7.7691206e-03
1.5000000e+00,3.9132733e+00,6.1208278e-03
6.8325743e+00,3.9163647e+00,2.0226138e-02
7.9891080e+00,3.9172499e+00,1.7467463e-02
8.1634319e+00,3.9181423e+00,1.7127402e-02
7.9011670e+00,3.9194988e+00,1.7711319e-02
9.2676620e+00,3.9195821e+00,1.7319037e-02
6.4171640e+00,3.9208674e+00,1.9898114e-02
6.5649123e+00,3.9245509e+00,2.0276958e-02
2.9858420e+00,3.9272245e+00,4.2188296e-02
2.2333189e+00,3.9278467e+00,1.5811514e-02
9.7516658e+00,3.9290267e+00,1.6815122e-02
9.9431728e+00,3.9297804e+00,1.1308887e-02
8.7806089e+00,3.9304880e+00,1.7339734e-02
7.4083233e+00,3.9314014e+00,2.2260600e-02
8.9766882e+00,3.9330994e+00,1.7454118e-02
4.3392857e+00,3.9357401e+00,2.0626869e-02
8.3735219e+00,3.9366821e+00,1.6694132e-02
9.1665036e+00,3.9377863e+00,1.7390600e-02
5.4280006e+00,3.9418441e+00,6.5053361e-02
8.5358741e+00,3.9422575e+00,1.7033938e-02
8.6296169e+00,3.9427195e+00,1.6971592e-02
1.9264096e+00,3.9431643e+00,9.5940474e-03
6.6987333e+00,3.9434276e+00,1.9605477e-02
3.4373661e+00,3.9440335e+00,1.9882211e-02
7.6809477e+00,3.9443146e+00,1.9964650e-02
3.2515910e+00,3.9447742e+00,1.9726330e-02
4.1666667e-01,3.9454767e+00,6.7930584e-03
1.2468502e+00,3.9466843e+00,7.4356954e-03
7.4684464e-01,3.9466851e+00,7.3350512e-03
4.9011168e+00,3.9468683e+00,3.2547259e-02
5.0201644e+00,3.9468683e+00,3.3206888e-02
9.1666667e-01,3.9480142e+00,7.3195240e-03
1.7500000e+00,3.9481440e+00,7.1389722e-03
1.4166667e+00,3.9483499e+00,5.5315164e-03
9.4411446e+00,3.9487491e+00,1.7490199e-02
4.5105456e+00,3.9505801e+00,2.6049287e-02
4.1686416e+00,3.9508653e+00,2.0179322e-02
7.2453210e+00,3.9518359e+00,2.2846240e-02
2.6127262e+00,3.9524498e+00,1.6233331e-02
4.6873343e+00,3.9529612e+00,3.0711723e-02
5.8762210e+00,3.9530945e+00,2.3073284e-02
6.2900725e+00,3.9539674e+00,1.8213910e-02
2.5170365e+00,3.9547959e+00,1.6937699e-02
5.8012622e+00,3.9563431e+00,2.1057704e-02
3.6132504e+00,3.9564159e+00,1.9082746e-02
4.0060335e+00,3.9564741e+00,1.9749350e-02
5.2397177e+00,3.9593034e+00,3.1673973e-02
2.6542597e-01,3.9593696e+00,6.4298886e-03
2.3340195e+00,3.9595560e+00,1.7183514e-02
9.6723598e+00,3.9621768e+00,1.7154198e-02
3.8121980e+00,3.9630777e+00,2.0597618e-02
7.8519124e+00,3.9638573e+00,1.7456471e-02
8.2342903e+00,3.9643446e+00,1.7080595e-02
5.8333333e-01,3.9644222e+00,6.5458594e-03
3.0892857e+00,3.9646211e+00,3.6096278e-02
7.5103419e+00,3.9648754e+00,2.1280892e-02
1.0833333e+00,3.9649207e+00,7.1623520e-03
1.5833333e+00,3.9649233e+00,7.6098500e-03
8.9293502e-02,3.9662621e+00,6.6685232e-03
8.0559435e+00,3.9694010e+00,1.6648683e-02
6.6229396e+00,3.9698262e+00,1.9578081e-02
6.4801537e+00,3.9733019e+00,1.9865720e-02
5.6352169e+00,3.9742655e+00,1.3227871e-02
7.0894856e+00,3.9750213e+00,1.9695922e-02
6.3591157e+00,3.9755000e+00,1.8667058e-02
2.8165016e+00,3.9771036e+00,1.4796140e-02
9.5140988e+00,3.9772594e+00,1.7446350e-02
2.0909694e+00,3.9777651e+00,2.1925237e-02
2.1777986e+00,3.9790243e+00,1.6595862e-02
2.9086065e+00,3.9827878e+00,1.8899677e-02
5.9609320e+00,3.9848899e+00,2.6444695e-02
7.3554003e+00,3.9900251e+00,2.0600171e-02
6.1425854e+00,3.9934775e+00,1.7379065e-02
5.5682214e+00,3.9966240e+00,1.4442341e-02
9.3478983e+00,3.9996842e+00,1.7501667e-02
9.9043968e+00,4.0081001e+00,1.5707909e-02
6.9525077e+00,4.0139752e+00,1.9675843e-02
9.8241722e+00,4.0151116e+00,1.6619817e-02
7.1896474e+00,4.0197741e+00,1.9712368e-02
6.8259935e+00,4.0205504e+00,2.0305677e-02
6.2263977e+00,4.0258469e+00,1.7470230e-02
8.9836932e+00,4.0281772e+00,1.7895835e-02
7.6988932e+00,4.0295853e+00,1.9690311e-02
8.8120627e+00,4.0302850e+00,1.8058375e-02
2.3578804e+00,4.0330184e+00,1.6059419e-02
6.7535005e+00,4.0332705e+00,1.9653850e-02
2.6589406e+00,4.0415724e+00,1.6497551e-02
7.0353678e+00,4.0431187e+00,1.8933643e-02
5.7857635e+00,4.0442204e+00,1.2761418e-02
8.6575582e+00,4.0442214e+00,1.7984834e-02
8.3850904e+00,4.0468007e+00,1.7252168e-02
5.6965436e+00,4.0504435e+00,9.5765096e-03
2.5058813e+00,4.0527635e+00,1.9082105e-02
6.4732438e+00,4.0532209e+00,1.9687041e-02
7.5445068e+00,4.0536174e+00,2.2163376e-02
8.4791897e+00,4.0541276e+00,1.7419028e-02
2.7511244e+00,4.0543416e+00,1.5529923e-02
9.1500896e+00,4.0559527e+00,1.7545090e-02
2.2159339e+00,4.0574609e+00,1.6348852e-02
8.0343672e+00,4.0609770e+00,1.4940708e-02
5.9881764e+00,4.0614428e+00,1.7019411e-02
8.2353404e+00,4.0628839e+00,1.7363915e-02
9.6609895e+00,4.0646356e+00,1.7820990e-02
6.4008948e+00,4.0663588e+00,1.9349112e-02
6.0754313e+00,4.0675068e+00,1.7726151e-02
2.0461313e+00,4.0683682e+00,2.3559943e-02
9.5510519e+00,4.0692150e+00,1.7412477e-02
7.8710835e+00,4.0736095e+00,1.6859028e-02
7.6188646e+00,4.0737759e+00,2.2389149e-02
2.9525265e+00,4.0757400e+00,3.7065604e-03
8.7415796e+00,4.0782554e+00,1.8304235e-02
2.2953151e+00,4.0797456e+00,1.6159678e-02
2.4377179e+00,4.0804457e+00,1.6099591e-02
6.8979426e+00,4.0807486e+00,2.0411231e-02
7.3889304e+00,4.0828474e+00,2.2225877e-02
8.9032091e+00,4.0829015e+00,1.7953028e-02
5.5413899e+00,4.0833333e+00,9.4438688e-03
6.5964620e+00,4.0839445e+00,1.9740088e-02
9.3254086e+00,4.0896239e+00,1.7397793e-02
9.0663098e+00,4.0911428e+00,1.8030191e-02
2.5843789e+00,4.0959431e+00,1.5367075e-02
7.7891129e+00,4.1031726e+00,1.8969181e-02
8.3279472e+00,4.1085763e+00,1.7258320e-02
2.1715353e+00,4.1121102e+00,1.7172875e-02
6.7406599e+00,4.1127942e+00,2.0044049e-02
7.4760182e+00,4.1129657e+00,2.3503809e-02
9.9612240e+00,4.1140340e+00,1.5467212e-02
7.9430331e+00,4.1172376e+00,1.5515414e-02
6.5315248e+00,4.1185882e+00,1.9572178e-02
9.8246158e+00,4.1196474e+00,1.6703002e-02
6.2375240e+00,4.1216658e+00,1.9294334e-02
2.0885618e+00,4.1242766e+00,1.9344599e-02
2.7704480e+00,4.1251620e+00,2.8157184e-02
7.2366745e+00,4.1257077e+00,1.9898729e-02
9.2287583e+00,4.1276882e+00,1.7850696e-02
8.6064909e+00,4.1349275e+00,1.8016232e-02
9.7407392e+00,4.1360213e+00,1.7607731e-02
6.6594151e+00,4.1370696e+00,1.9828386e-02
8.0984267e+00,4.1398827e+00,1.8616810e-02
5.8454623e+00,4.1417183e+00,1.7873254e-02
8.1810479e+00,4.1427481e+00,1.8159981e-02
7.0844205e+00,4.1437879e+00,1.9661872e-02
6.3865699e+00,4.1440348e+00,1.9524868e-02
8.5218651e+00,4.1452958e+00,1.7786915e-02
9.5237488e+00,4.1470362e+00,1.6824864e-02
5.9265027e+00,4.1476399e+00,1.8511158e-02
7.3258783e+00,4.1505918e+00,1.9652146e-02
2.9182253e+00,4.1519598e+00,1.9437646e-02
6.0921225e+00,4.1521875e+00,1.8259217e-02
5.6772435e+00,4.1533631e+00,1.5641742e-02
2.3310881e+00,4.1595661e+00,1.8247093e-02
9.4148244e+00,4.1600359e+00,1.7409046e-02
2.8454439e+00,4.1615404e+00,2.8901618e-02
6.8937289e+00,4.1627713e+00,2.0928942e-02
5.5890852e+00,4.1638944e+00,1.7916901e-02
2.4147813e+00,4.1648635e+00,1.6440548e-02
6.3107303e+00,4.1701720e+00,1.8770148e-02
2.5999633e+00,4.1702608e+00,1.4786074e-02
8.9061477e+00,4.1703078e+00,1.8504230e-02
9.9048404e+00,4.1721598e+00,1.6203541e-02
6.1704029e+00,4.1739771e+00,1.9508484e-02
8.7542956e+00,4.1779927e+00,1.8696196e-02
7.6494916e+00,4.1806147e+00,2.1645949e-02
7.1855654e+00,4.1816241e+00,1.9393776e-02
6.8089392e+00,4.1820968e+00,2.0584162e-02
2.6938485e+00,4.1867104e+00,2.2848266e-02
7.4840095e+00,4.1895921e+00,2.3385110e-02
9.0550400e+00,4.1933281e+00,1.8932341e-02
2.1820910e+00,4.1951712e+00,1.6471669e-02
7.7542762e+00,4.2004773e+00,2.3272882e-02
8.3318006e+00,4.2115235e+00,1.7625875e-02
9.7139365e+00,4.2119605e+00,1.7430224e-02
8.6661799e+00,4.2142635e+00,1.9098061e-02
5.8033365e+00,4.2167969e+00,1.8870494e-02
8.8277173e+00,4.2174286e+00,1.8389566e-02
8.9753619e+00,4.2177688e+00,1.9098233e-02
9.6068838e+00,4.2183961e+00,1.6956388e-02
2.2622626e+00,4.2203425e+00,1.4867674e-02
5.7243375e+00,4.2222187e+00,1.8293670e-02
2.0424305e+00,4.2225751e+00,2.2437652e-02
6.0462956e+00,4.2248343e+00,1.8891205e-02
5.9679307e+00,4.2263506e+00,1.9046762e-02
6.4935847e+00,4.2274164e+00,2.0125922e-02
7.0281993e+00,4.2279804e+00,2.0595351e-02
6.6491586e+00,4.2304057e+00,2.0510293e-02
6.9361951e+00,4.2358009e+00,2.0891154e-02
7.9722167e+00,4.2361212e+00,1.7100018e-02
8.2331957e+00,4.2361569e+00,1.8281935e-02
7.5831249e+00,4.2370825e+00,2.2234203e-02
9.1960760e+00,4.2395181e+00,1.8639756e-02
6.4209788e+00,4.2397251e+00,2.0031128e-02
2.9656989e+00,4.2428866e+00,1.7184172e-02
2.4559354e+00,4.2445453e+00,2.3452361e-02
2.5425937e+00,4.2451984e+00,1.3848065e-02
7.3516420e+00,4.2455274e+00,1.9381755e-02
5.5476953e+00,4.2472277e+00,1.7214224e-02
9.3936575e+00,4.2480266e+00,1.7688174e-02
8.0575526e+00,4.2501865e+00,1.6706504e-02
9.9044421e+00,4.2521149e+00,1.7609438e-02
2.8412522e+00,4.2536602e+00,1.6838652e-02
7.4226853e+00,4.2544094e+00,1.9660012e-02
6.7876776e+00,4.2567198e+00,2.0614381e-02
8.4914603e+00,4.2591594e+00,1.8180911e-02
2.0991175e+00,4.2628932e+00,1.6883033e-02
9.1061374e+00,4.2699679e+00,1.8623427e-02
6.2076691e+00,4.2704749e+00,2.0123119e-02
6.2936810e+00,4.2729768e+00,1.9329182e-02
7.2222603e+00,4.2747269e+00,2.1407890e-02
9.7974149e+00,4.2755418e+00,1.7378717e-02
2.7002639e+00,4.2789596e+00,1.7143707e-02
6.7091418e+00,4.2807533e+00,2.0591945e-02
8.4053088e+00,4.2844748e+00,1.7982266e-02
6.5482654e+00,4.2861089e+00,2.0437502e-02
9.2715594e+00,4.2894445e+00,1.8971548e-02
5.8438926e+00,4.2957779e+00,1.9207700e-02
5.9274464e+00,4.2994100e+00,1.9378625e-02
8.6691087e+00,4.2994718e+00,1.8606198e-02
2.9140337e+00,4.2996351e+00,1.5412495e-02
7.0671870e+00,4.3013484e+00,2.1533357e-02
8.8629278e+00,4.3021392e+00,1.8547003e-02
9.5790198e+00,4.3038683e+00,1.7106708e-02
7.8143123e+00,4.3039934e+00,2.0756035e-02
8.9564744e+00,4.3042982e+00,1.8328017e-02
6.8675832e+00,4.3079914e+00,2.0606237e-02
2.2821708e+00,4.3090440e+00,1.7067231e-02
5.6990670e+00,4.3094209e+00,1.8101168e-02
2.7726717e+00,4.3095309e+00,1.7386968e-02
7.1601030e+00,4.3102588e+00,2.1267726e-02
6.0819522e+00,4.3110794e+00,1.9193113e-02
9.9608257e+00,4.3130368e+00,1.6556633e-02
7.2991331e+00,4.3137461e+00,2.1004329e-02
8.2032461e+00,4.3156585e+00,1.7343261e-02
6.3527910e+00,4.3172435e+00,1.9329467e-02
9.4747179e+00,4.3204991e+00,1.7894642e-02
5.6105831e+00,4.3238986e+00,1.7905217e-02
7.9243649e+00,4.3247851e+00,1.8312751e-02
2.3921504e+00,4.3279494e+00,2.0113764e-02
2.6063787e+00,4.3286025e+00,1.7645642e-02
7.6071760e+00,4.3322598e+00,2.1428356e-02
8.1102241e+00,4.3325535e+00,1.7609722e-02
8.5790149e+00,4.3339994e+00,1.9445609e-02
6.1650454e+00,4.3349304e+00,2.0055405e-02
2.0920787e+00,4.3366979e+00,1.5571527e-02
7.4536292e+00,4.3460472e+00,2.0190812e-02
9.7889433e+00,4.3520428e+00,1.7140260e-02
2.1949604e+00,4.3576774e+00,1.5856042e-02
9.0680731e+00,4.3666182e+00,1.8024506e-02
6.5452647e+00,4.3704030e+00,2.0717132e-02
5.9645100e+00,4.3723477e+00,1.8673657e-02
8.8449831e+00,4.3759936e+00,1.7844877e-02
7.5390044e+00,4.3764072e+00,2.0553827e-02
8.9980882e+00,4.3765078e+00,1.8099839e-02
5.8164882e+00,4.3766892e+00,1.9238319e-02
6.7100926e+00,4.3775703e+00,2.1403693e-02
6.8801928e+00,4.3792998e+00,2.1307746e-02
8.7635189e+00,4.3799929e+00,1.7751445e-02
5.7506616e+00,4.3849105e+00,1.9393184e-02
6.0406509e+00,4.3855335e+00,1.9635861e-02
9.8959706e+00,4.3881397e+00,1.6954737e-02
7.3141565e+00,4.3888356e+00,2.1945825e-02
7.0316843e+00,4.3889458e+00,2.1231674e-02
2.9483348e+00,4.3900819e+00,1.5292082e-02
8.3721597e+00,4.3947833e+00,1.7286470e-02
9.2476604e+00,4.3949044e+00,1.9248439e-02
7.1692486e+00,4.3956772e+00,2.0594331e-02
9.6300771e+00,4.3956875e+00,1.7315556e-02
9.4395042e+00,4.4008588e+00,1.8409093e-02
8.2687019e+00,4.4013336e+00,1.7476913e-02
2.0353916e+00,4.4074909e+00,1.5139210e-02
2.7891735e+00,4.4081714e+00,1.7254548e-02
9.7157386e+00,4.4096723e+00,1.7388756e-02
5.5628878e+00,4.4100042e+00,1.9159097e-02
7.7751361e+00,4.4112277e+00,2.0446345e-02
6.6471087e+00,4.4115168e+00,2.1291866e-02
2.4368068e+00,4.4120065e+00,1.7881276e-02
2.5643769e+00,4.4120065e+00,1.8836495e-02
7.3976093e+00,4.4122548e+00,2.1728851e-02
7.6950607e+00,4.4183037e+00,2.1922224e-02
6.3314024e+00,4.4203659e+00,1.9764074e-02
8.0960212e+00,4.4213903e+00,1.7791074e-02
6.8012380e+00,4.4248451e+00,2.0697391e-02
2.1945610e+00,4.4256043e+00,1.5840119e-02
6.9695695e+00,4.4261699e+00,2.1215451e-02
5.8917622e+00,4.4281329e+00,1.8837505e-02
6.4852912e+00,4.4309597e+00,2.0384509e-02
9.3345448e+00,4.4338462e+00,1.9206484e-02
8.5799799e+00,4.4342835e+00,1.8806520e-02
7.1019815e+00,4.4352304e+00,2.0299527e-02
7.2464293e+00,4.4352349e+00,2.1061350e-02
7.9453885e+00,4.4397939e+00,1.9078940e-02
6.2296686e+00,4.4405548e+00,1.9962558e-02
2.8920552e+00,4.4427475e+00,9.1577433e-03
8.9351684e+00,4.4458388e+00,1.8045540e-02
2.0916793e+00,4.4601804e+00,1.7661144e-02
6.3942976e+00,4.4620967e+00,2.0145884e-02
9.0965320e+00,4.4652597e+00,1.8691716e-02
8.1963530e+00,4.4670875e+00,1.5380798e-02
9.9351448e+00,4.4679601e+00,1.8361266e-02
8.4592762e+00,4.4697520e+00,1.8650268e-02
9.1659328e+00,4.4725836e+00,1.8796028e-02
8.0171796e+00,4.4744571e+00,1.7671758e-02
7.5738251e+00,4.4761806e+00,2.0843479e-02
9.4869858e+00,4.4779036e+00,1.8385931e-02
6.0823639e+00,4.4797388e+00,1.9872678e-02
8.7513408e+00,4.4798881e+00,1.7694896e-02
2.7209623e+00,4.4810533e+00,1.4502097e-02
2.2790403e+00,4.4810814e+00,1.5613783e-02
2.6111671e+00,4.4824135e+00,1.7531862e-02
2.3900112e+00,4.4824176e+00,1.2069231e-02
5.7438774e+00,4.4841183e+00,1.9060800e-02
9.5732569e+00,4.4893631e+00,1.7499626e-02
5.9094680e+00,4.4910238e+00,1.8931208e-02
7.8557524e+00,4.4929850e+00,2.0795271e-02
5.5990274e+00,4.4933376e+00,2.0302906e-02
7.4161615e+00,4.4982631e+00,2.0837001e-02
8.6578956e+00,4.4996511e+00,1.8235075e-02
6.6284642e+00,4.5005089e+00,2.1198798e-02
7.6624133e+00,4.5060161e+00,2.1615225e-02
6.5380570e+00,4.5082404e+00,2.0552822e-02
6.9671157e+00,4.5096185e+00,2.1526847e-02
8.9390547e+00,4.5108908e+00,1.8505286e-02
6.1882885e+00,4.5109091e+00,1.9979395e-02
7.2454826e+00,4.5160959e+00,2.1703747e-02
7.1014920e+00,4.5219566e+00,2.0747943e-02
5.6807271e+00,4.5225121e+00,1.8585834e-02
9.3302614e+00,4.5231027e+00,1.9226075e-02
9.7405876e+00,4.5257596e+00,1.7271929e-02
4.0833333e+00,4.5281587e+00,6.1415943e-03
6.0239288e+00,4.5294439e+00,2.0021475e-02
7.5070021e+00,4.5318289e+00,2.0219187e-02
6.8237674e+00,4.5319267e+00,2.0653068e-02
2.0846010e+00,4.5353470e+00,1.4595712e-02
2.9154461e+00,4.5353637e+00,5.7528672e-03
5.8333333e-01,4.5355140e+00,9.3496811e-03
4.4166667e+00,4.5355487e+00,5.7931751e-03
5.8274099e+00,4.5387879e+00,1.9279682e-02
1.0774575e+00,4.5394092e+00,9.8902589e-03
2.5868056e-01,4.5399306e+00,9.6271699e-03
3.7319902e+00,4.5400304e+00,6.5942613e-03
1.2679199e+00,4.5400745e+00,1.0156167e-02
4.7410771e+00,4.5401221e+00,5.6434858e-03
9.0304333e+00,4.5402012e+00,1.9098586e-02
3.9237550e+00,4.5408720e+00,6.7437151e-03
9.4218899e+00,4.5460996e+00,1.9069239e-02
1.7465749e+00,4.5473896e+00,8.7499124e-03
3.2534977e+00,4.5473937e+00,6.5432522e-03
1.4196042e+00,4.5476214e+00,1.0797517e-02
3.5803855e+00,4.5476543e+00,7.2831168e-03
9.2209075e-01,4.5480241e+00,1.0310686e-02
4.2613130e+00,4.5486042e+00,6.4410230e-03
1.0416667e-01,4.5486111e+00,1.2595035e-02
4.8956666e+00,4.5487779e+00,6.3452881e-03
1.9270055e+00,4.5511982e+00,3.7703957e-03
3.0730464e+00,4.5512281e+00,6.8656068e-03
7.3317620e+00,4.5557050e+00,2.0748902e-02
4.1801004e-01,4.5568989e+00,1.0251763e-02
4.5818673e+00,4.5569243e+00,6.0340264e-03
9.8989193e+00,4.5572458e+00,1.8582077e-02
8.2188256e+00,4.5574612e+00,1.7138725e-02
1.5833333e+00,4.5584002e+00,1.0862763e-02
3.4166667e+00,4.5586034e+00,7.7940103e-03
7.0287410e+00,4.5591206e+00,2.1019778e-02
7.5978587e-01,4.5616331e+00,1.0932769e-02
8.0209495e+00,4.5631083e+00,1.7236254e-02
7.1678123e+00,4.5632644e+00,2.1276201e-02
6.3965348e+00,4.5658094e+00,2.0032685e-02
2.5473821e+00,4.5658176e+00,9.7125733e-03
2.4537962e+00,4.5658217e+00,8.0517522e-03
8.4380692e+00,4.5660895e+00,1.8490506e-02
2.7496119e+00,4.5661571e+00,7.1044503e-03
2.2504010e+00,4.5662157e+00,1.5644726e-02
8.8019394e+00,4.5675193e+00,1.8752001e-02
6.6681064e+00,4.5680655e+00,2.1390928e-02
4.0070883e+00,4.5690307e+00,6.7525023e-03
6.9002684e+00,4.5698299e+00,2.1606114e-02
8.8775467e+00,4.5720848e+00,1.9216629e-02
7.6856100e+00,4.5763824e+00,2.1530197e-02
9.8167410e+00,4.5777124e+00,1.7333596e-02
7.8445819e+00,4.5794824e+00,2.0299745e-02
6.4862073e+00,4.5808448e+00,2.0534048e-02
5.5361396e+00,4.5833333e+00,1.8092805e-02
4.3446463e+00,4.5841529e+00,6.4044579e-03
2.8412140e+00,4.5858915e+00,6.2912025e-03
2.1588433e+00,4.5859052e+00,1.5234489e-02
9.9954829e-01,4.5874333e+00,9.8573987e-03
3.6457091e+00,4.5876847e+00,7.2050266e-03
1.3541907e+00,4.5876959e+00,1.0965143e-02
1.9618056e-01,4.5885417e+00,8.2346979e-03
4.8034103e+00,4.5889000e+00,5.4523507e-03
2.0108743e+00,4.5894113e+00,1.5736761e-02
2.9892166e+00,4.5894818e+00,5.6809228e-03
9.1954406e+00,4.5900177e+00,1.8881708e-02
4.1288721e+00,4.5916596e+00,5.9727551e-03
5.0134337e-01,4.5924129e+00,9.3074332e-03
4.4985340e+00,4.5924730e+00,5.6703000e-03
9.5905749e+00,4.5936705e+00,1.7490566e-02
6.7549409e+00,4.5950282e+00,2.0461350e-02
1.1409694e+00,4.5961792e+00,1.0756067e-02
3.7794310e+00,4.5967524e+00,6.4377344e-03
3.4335726e-01,4.5968295e+00,1.0683035e-02
1.2203207e+00,4.5968444e+00,1.0189966e-02
4.6562778e+00,4.5970464e+00,6.3659175e-03
6.7645253e-01,4.5971470e+00,1.1037204e-02
3.8600847e+00,4.5975939e+00,7.1120739e-03
1.8402471e+00,4.5985877e+00,1.1406832e-02
3.1598774e+00,4.5986218e+00,6.3001892e-03
8.1222636e+00,4.6004151e+00,1.6420959e-02
9.2728848e+00,4.6015950e+00,1.9195883e-02
4.8611111e-02,4.6041667e+00,7.3439190e-03
4.9512221e+00,4.6043334e+00,3.1529544e-03
1.6632416e+00,4.6057898e+00,9.2706755e-03
9.0345342e+00,4.6058320e+00,1.9264745e-02
3.3368310e+00,4.6059971e+00,6.9648008e-03
1.5029375e+00,4.6060217e+00,1.1114446e-02
3.4970522e+00,4.6062577e+00,7.7754049e-03
8.3298085e+00,4.6062882e+00,1.7224142e-02
8.4854328e-01,4.6096572e+00,1.0305397e-02
8.6247464e+00,4.6099596e+00,1.8383437e-02
7.7660215e+00,4.6101546e+00,2.1525686e-02
4.1957407e+00,4.6121050e+00,6.9201650e-03
9.6722442e+00,4.6160822e+00,1.7537086e-02
9.4387696e+00,4.6176520e+00,1.8972885e-02
5.8552284e+00,4.6202050e+00,1.9421883e-02
6.2354702e+00,4.6220101e+00,2.0315033e-02
6.0411954e+00,4.6236822e+00,2.0140296e-02
7.4979350e+00,4.6309477e+00,2.0960427e-02
4.0526271e+00,4.6325315e+00,6.1940735e-03
5.6698996e+00,4.6340353e+00,1.8261440e-02
8.9412060e+00,4.6360708e+00,2.0400822e-02
7.9754394e+00,4.6403447e+00,1.8207364e-02
8.5256238e+00,4.6409295e+00,1.9024927e-02
7.3312725e+00,4.6424312e+00,2.0795642e-02
7.0520463e+00,4.6426564e+00,2.2043519e-02
6.6081922e+00,4.6450301e+00,2.1002314e-02
6.3305459e+00,4.6482541e+00,1.9974728e-02
9.1301407e+00,4.6483246e+00,1.9289644e-02
7.1464693e+00,4.6489792e+00,2.1272782e-02
7.6346068e+00,4.6493840e+00,2.0931871e-02
2.4075999e+00,4.6495078e+00,9.4699667e-03
2.5924098e+00,4.6495305e+00,7.4143943e-03
6.5167002e+00,4.6500779e+00,2.1069098e-02
2.6848444e+00,4.6512302e+00,8.2468955e-03
2.3151755e+00,4.6512380e+00,1.0753837e-02
8.7617196e+00,4.6517155e+00,1.8205665e-02
7.9093809e+00,4.6523864e+00,2.0047015e-02
9.5211835e+00,4.6537633e+00,1.8154702e-02
5.5881999e+00,4.6604163e+00,1.7442798e-02
9.9637745e+00,4.6607143e+00,1.7150343e-02
9.3465906e+00,4.6644390e+00,1.9251348e-02
4.3683959e+00,4.6646359e+00,6.5282329e-03
5.9545532e+00,4.6666791e+00,2.0289051e-02
2.2395833e-01,4.6718750e+00,9.0470540e-03
4.7753655e+00,4.6725004e+00,6.2235601e-03
5.3306957e-01,4.6728407e+00,9.8950391e-03
4.4667280e+00,4.6729560e+00,6.6414353e-03
1.0138854e+00,4.6736646e+00,1.0887095e-02
8.6779719e+00,4.6743927e+00,1.7778081e-02
5.7608686e+00,4.6770585e+00,1.9056271e-02
6.5262318e-01,4.6775748e+00,1.0229002e-02
1.3528071e+00,4.6783812e+00,1.1294535e-02
3.6470600e+00,4.6784500e+00,6.7865345e-03
8.1219390e+00,4.6801359e+00,1.6924671e-02
3.1557948e-01,4.6801628e+00,1.0034791e-02
7.5553121e+00,4.6802207e+00,2.1380530e-02
4.6837885e+00,4.6806468e+00,6.5303080e-03
2.1191932e+00,4.6819713e+00,1.7484994e-02
2.8808997e+00,4.6820628e+00,6.4754217e-03
1.0997510e+00,4.6824105e+00,1.0709027e-02
2.0275120e+00,4.6826113e+00,1.3825870e-02
2.9726227e+00,4.6827631e+00,6.7136763e-03
3.9010614e+00,4.6838667e+00,6.4458553e-03
7.4066049e+00,4.6841080e+00,2.1482916e-02
6.1468122e+00,4.6850781e+00,2.0590111e-02
9.7937820e+00,4.6852803e+00,1.7082995e-02
6.9327757e+00,4.6870155e+00,2.3124824e-02
3.7252264e+00,4.6875176e+00,6.6367376e-03
1.2744926e+00,4.6875297e+00,1.1017211e-02
7.2236500e+00,4.6885369e+00,1.9025774e-02
1.8408351e+00,4.6887343e+00,1.1071923e-02
3.1594236e+00,4.6887815e+00,6.8462807e-03
7.7603356e+00,4.6892780e+00,2.1240085e-02
4.0102705e+00,4.6906456e+00,6.4067996e-03
1.4973557e+00,4.6934508e+00,1.1408714e-02
1.6688990e+00,4.6935777e+00,9.7881350e-03
8.5447786e-02,4.6937742e+00,8.6580346e-03
3.3310448e+00,4.6939879e+00,6.8504661e-03
4.9144097e+00,4.6939997e+00,5.2447219e-03
3.5030638e+00,4.6953527e+00,6.8842423e-03
6.7300076e+00,4.6956191e+00,2.0311663e-02
8.6508836e-01,4.6981165e+00,1.1548281e-02
9.6968088e+00,4.7018963e+00,1.7539548e-02
4.2323218e+00,4.7041746e+00,6.8480309e-03
8.9171542e+00,4.7068941e+00,2.0196279e-02
8.0252243e+00,4.7079587e+00,1.7846345e-02
6.6323370e+00,4.7094541e+00,2.0891159e-02
7.0229283e+00,4.7103398e+00,2.3923478e-02
8.3349324e+00,4.7130270e+00,1.8852439e-02
7.6819849e+00,4.7147780e+00,2.0711244e-02
4.3216437e+00,4.7211568e+00,6.7470660e-03
1.6878112e-01,4.7215520e+00,9.1150227e-03
4.8308093e+00,4.7220446e+00,6.1152362e-03
9.5297296e-01,4.7227147e+00,1.1258933e-02
7.8434953e+00,4.7237355e+00,2.1276645e-02
1.7528204e+00,4.7253241e+00,1.0052970e-02
3.2472577e+00,4.7255442e+00,7.0117372e-03
1.4126388e+00,4.7257358e+00,1.1054954e-02
9.1210438e+00,4.7264359e+00,1.9550614e-02
8.8132750e+00,4.7271043e+00,1.9621856e-02
3.5877481e+00,4.7275145e+00,6.8081350e-03
6.4745549e+00,4.7329148e+00,2.1298449e-02
2.7381351e+00,4.7331594e+00,6.4344348e-03
2.2619481e+00,4.7332375e+00,1.1294373e-02
1.9442312e+00,4.7345448e+00,7.6990386e-03
3.0559986e+00,4.7346692e+00,6.8880398e-03
8.1797519e+00,4.7366996e+00,1.7099991e-02
9.4974687e+00,4.7369171e+00,1.7965087e-02
4.9507387e-01,4.7377879e+00,1.0213858e-02
4.5046691e+00,4.7379599e+00,6.9131595e-03
9.3282033e+00,4.7401756e+00,1.9301961e-02
3.8001433e-01,4.7406935e+00,1.0597663e-02
4.6195413e+00,4.7410773e+00,6.8418053e-03
5.5520603e+00,4.7437496e+00,1.8241852e-02
2.8425882e+00,4.7442576e+00,6.3736934e-03
2.1575235e+00,4.7442812e+00,1.6772195e-02
6.3780730e+00,4.7461263e+00,2.0109709e-02
8.5026757e+00,4.7465256e+00,1.8579162e-02
2.4544859e+00,4.7466612e+00,7.0959766e-03
2.5457100e+00,4.7466880e+00,7.5110851e-03
6.7839274e+00,4.7479561e+00,2.0659991e-02
9.9111128e+00,4.7500000e+00,1.7071639e-02
4.0570147e+00,4.7525775e+00,6.6840786e-03
1.1388340e+00,4.7538896e+00,1.0853118e-02
9.8232986e+00,4.7540995e+00,1.7038368e-02
3.8606484e+00,4.7541213e+00,6.7754816e-03
3.6836675e-02,4.7562742e+00,5.8199904e-03
4.9631876e+00,4.7563329e+00,4.0667273e-03
6.8372676e-01,4.7580796e+00,1.1518291e-02
1.2342244e+00,4.7583436e+00,1.1158173e-02
5.9450901e+00,4.7585322e+00,1.9979816e-02
3.7654671e+00,4.7586138e+00,6.8573680e-03
6.9020797e+00,4.7590003e+00,2.1827709e-02
8.2648590e+00,4.7605559e+00,1.7813670e-02
5.7737320e+00,4.7619428e+00,1.9137476e-02
7.2054084e+00,4.7657470e+00,2.1437616e-02
6.1470507e+00,4.7661102e+00,2.0505677e-02
1.5499737e+00,4.7688994e+00,1.1600512e-02
1.6167685e+00,4.7692583e+00,1.1405983e-02
8.6479281e+00,4.7698469e+00,1.7725848e-02
3.3831027e+00,4.7700510e+00,6.7981925e-03
6.5492283e+00,4.7709067e+00,2.1205238e-02
3.4504561e+00,4.7711552e+00,7.0418335e-03
7.3788457e+00,4.7716409e+00,2.2285874e-02
8.2348963e-01,4.7752099e+00,1.2250537e-02
9.3966675e+00,4.7765423e+00,1.8212778e-02
8.4202450e+00,4.7784244e+00,1.8465613e-02
9.2078200e+00,4.7790743e+00,2.0171395e-02
4.2014885e+00,4.7807052e+00,6.7515517e-03
9.6667271e+00,4.7810622e+00,1.7458369e-02
8.9621343e+00,4.7810880e+00,1.9808736e-02
7.5170639e+00,4.7829969e+00,2.2013171e-02
9.0356656e+00,4.7847159e+00,2.0120998e-02
4.1354065e+00,4.7914395e+00,6.6326617e-03
7.8679819e+00,4.7924947e+00,2.1171230e-02
8.7857047e+00,4.7959959e+00,1.9625917e-02
5.8586288e+00,4.7969422e+00,1.9660777e-02
7.6814118e+00,4.7992228e+00,2.0619441e-02
9.6017285e-01,4.7998011e+00,1.1553302e-02
4.3426234e+00,4.8012800e+00,6.9205692e-03
1.7254004e-01,4.8022732e+00,8.2200506e-03
4.8272604e+00,4.8026109e+00,5.9317503e-03
7.5471479e-01,4.8027693e+00,1.2039338e-02
8.0258870e+00,4.8049028e+00,1.8044725e-02
1.4147509e+00,4.8063054e+00,1.0966435e-02
1.7513674e+00,4.8067621e+00,1.1018740e-02
7.2852718e+00,4.8071742e+00,2.2071547e-02
3.2485436e+00,4.8073001e+00,6.8748119e-03
5.4168570e-01,4.8075804e+00,1.1843850e-02
4.4273166e+00,4.8097630e+00,6.9480824e-03
3.5867025e+00,4.8108550e+00,7.1492840e-03
9.5240710e+00,4.8109213e+00,1.8028394e-02
8.5717545e+00,4.8110099e+00,1.8389013e-02
3.4040346e-01,4.8121856e+00,1.0937154e-02
4.6592671e+00,4.8129577e+00,6.7803350e-03
8.7041055e+00,4.8160613e+00,1.7768758e-02
7.0646869e+00,4.8174344e+00,2.2412535e-02
2.7095819e+00,4.8182956e+00,6.2640141e-03
2.2906719e+00,4.8183433e+00,1.1329491e-02
3.0793782e+00,4.8191242e+00,6.9086305e-03
1.9207431e+00,4.8191861e+00,8.5789898e-03
7.4319276e+00,4.8212568e+00,2.2728903e-02
6.1078498e-01,4.8231379e+00,1.2000880e-02
9.7472640e+00,4.8239700e+00,1.7219208e-02
8.1574559e+00,4.8264551e+00,1.7309843e-02
6.0619272e+00,4.8266301e+00,2.0608846e-02
5.5985220e+00,4.8270830e+00,1.8330532e-02
7.1241503e+00,4.8272354e+00,2.2116395e-02
2.8806653e+00,4.8285035e+00,6.5150728e-03
2.1193607e+00,4.8285596e+00,1.5728070e-02
9.5993733e+00,4.8293451e+00,1.7545870e-02
5.9848952e+00,4.8298763e+00,2.0206925e-02
5.6930852e+00,4.8300306e+00,1.8535605e-02
8.9206710e-02,4.8300510e+00,7.9425466e-03
4.9108609e+00,4.8301216e+00,5.6627900e-03
1.1011750e+00,4.8308440e+00,1.1508022e-02
4.0126645e+00,4.8332205e+00,6.9811025e-03
2.3907854e+00,4.8334972e+00,6.8661140e-03
2.6095914e+00,4.8335240e+00,6.3675495e-03
6.3509773e+00,4.8349985e+00,2.0201904e-02
6.7681489e+00,4.8357440e+00,1.9978314e-02
8.8188329e-01,4.8386873e+00,1.1950687e-02
1.4994678e+00,4.8386903e+00,1.1152321e-02
9.9473383e+00,4.8392857e+00,1.7965326e-02
1.6674461e+00,4.8396856e+00,1.1190559e-02
3.3323307e+00,4.8405972e+00,6.6291552e-03
6.9325704e+00,4.8409642e+00,1.9908004e-02
2.3632475e-01,4.8410568e+00,1.0646119e-02
6.2003421e+00,4.8414274e+00,2.0341548e-02
3.9255073e+00,4.8415432e+00,7.1746073e-03
4.7634438e+00,4.8417493e+00,6.5757891e-03
7.7842490e+00,4.8424820e+00,2.1487398e-02
1.2686362e+00,4.8428699e+00,1.1339791e-02
3.7320978e+00,4.8433388e+00,7.1809585e-03
3.5020183e+00,4.8435465e+00,7.3553106e-03
1.0250362e+00,4.8450661e+00,1.1392640e-02
7.9677364e+00,4.8457752e+00,1.9288783e-02
4.2715757e+00,4.8459318e+00,6.9531964e-03
9.1918775e+00,4.8473972e+00,1.9897709e-02
8.2425630e+00,4.8503113e+00,1.7552233e-02
6.5649410e+00,4.8536990e+00,2.0787652e-02
7.5577158e+00,4.8547248e+00,2.3235788e-02
1.8158941e+00,4.8548135e+00,1.0717630e-02
3.1840890e+00,4.8549925e+00,6.9621426e-03
1.3515897e+00,4.8601726e+00,1.1176290e-02
7.6300944e+00,4.8611104e+00,2.0733445e-02
3.6503180e+00,4.8632070e+00,7.1123585e-03
9.0844725e+00,4.8645160e+00,2.1320756e-02
8.1003058e+00,4.8668355e+00,1.7955509e-02
8.8308676e+00,4.8676891e+00,2.1215494e-02
2.7944740e+00,4.8708862e+00,6.5733784e-03
2.2056892e+00,4.8710236e+00,1.3916040e-02
4.0910563e+00,4.8720825e+00,6.9866451e-03
4.8897198e-01,4.8728318e+00,1.2262468e-02
8.9034180e+00,4.8729914e+00,2.0733102e-02
4.0274928e-01,4.8745315e+00,1.1925282e-02
4.5970342e+00,4.8751906e+00,6.8718764e-03
6.2680836e+00,4.8755114e+00,2.0607497e-02
7.0050249e+00,4.8760738e+00,1.9229277e-02
8.4113954e+00,4.8780115e+00,1.8166439e-02
6.8613292e+00,4.8802465e+00,2.0318546e-02
4.4402327e+00,4.8824690e+00,6.9737033e-03
6.6781423e+00,4.8856126e+00,2.1094209e-02
5.8326623e+00,4.8889517e+00,1.9603287e-02
2.0514076e+00,4.8906234e+00,1.2595620e-02
2.9488206e+00,4.8907633e+00,6.6902824e-03
1.9744010e+00,4.8916262e+00,1.0160352e-02
3.0258460e+00,4.8916728e+00,6.8389435e-03
9.3636621e+00,4.8924390e+00,1.8132310e-02
7.2752528e+00,4.8928139e+00,2.0933986e-02
8.5686210e+00,4.8993418e+00,1.8489634e-02
4.5121067e+00,4.8995750e+00,7.0336170e-03
7.0629565e-01,4.8996167e+00,1.2630572e-02
6.2375883e-01,4.9011906e+00,1.2186076e-02
6.1152186e+00,4.9019473e+00,2.0405243e-02
9.7268231e+00,4.9020686e+00,1.7241877e-02
8.3037869e+00,4.9023696e+00,1.6883989e-02
5.2370035e-02,4.9071101e+00,9.1721691e-03
4.9476732e+00,4.9071220e+00,6.2849948e-03
1.1423098e+00,4.9079759e+00,1.1193967e-02
1.6558840e+00,4.9083517e+00,1.1532415e-02
3.3439658e+00,4.9097426e+00,7.2908184e-03
3.4896106e+00,4.9117704e+00,7.5845278e-03
1.2143807e+00,4.9155477e+00,1.1485387e-02
5.7421668e+00,4.9157581e+00,1.8579722e-02
3.7863025e+00,4.9161538e+00,7.5337288e-03
5.5464617e+00,4.9166667e+00,1.7829527e-02
4.2599134e+00,4.9169946e+00,7.0201140e-03
5.9050126e+00,4.9170380e+00,1.9953483e-02
9.4424939e+00,4.9183420e+00,1.7950944e-02
3.8845306e+00,4.9188507e+00,7.3347259e-03
2.4416286e+00,4.9204337e+00,7.0066173e-03
2.5692106e+00,4.9204337e+00,6.5022025e-03
8.7067319e+00,4.9206440e+00,1.8956198e-02
9.0715872e-01,4.9241165e+00,1.1627154e-02
9.2792554e+00,4.9243952e+00,1.8789294e-02
9.6243168e+00,4.9246890e+00,1.7053441e-02
7.4233509e+00,4.9256314e+00,2.3576294e-02
7.1458360e+00,4.9315992e+00,2.0564544e-02
9.9696403e-01,4.9327233e+00,1.1442690e-02
7.8112012e+00,4.9343377e+00,2.1586469e-02
8.4906927e+00,4.9344447e+00,1.8195054e-02
6.4070233e+00,4.9365233e+00,2.0649245e-02
2.2917815e-01,4.9371297e+00,1.0997286e-02
9.8783574e+00,4.9371393e+00,1.7916551e-02
4.7708286e+00,4.9374917e+00,6.6253383e-03
9.0739100e+00,4.9375442e+00,2.1477173e-02
3.4161195e+00,4.9379119e+00,7.7500795e-03
1.5322185e+00,4.9406922e+00,1.1892850e-02
1.7902999e+00,4.9439211e+00,1.1395229e-02
3.2096827e+00,4.9445305e+00,7.2075596e-03
6.4895242e+00,4.9448090e+00,2.0667806e-02
2.8036518e+00,4.9458632e+00,6.5586859e-03
2.1966648e+00,4.9459283e+00,1.3788593e-02
1.3769575e+00,4.9476670e+00,1.1094510e-02
5.0641552e-01,4.9482117e+00,1.2178146e-02
7.0164449e+00,4.9488645e+00,1.9305853e-02
8.9663868e+00,4.9496475e+00,2.0463126e-02
7.9912678e+00,4.9501242e+00,1.9128026e-02
8.7845237e+00,4.9526740e+00,2.0727537e-02
4.6773220e+00,4.9539808e+00,6.9623350e-03
3.6237621e+00,4.9551314e+00,7.5097881e-03
7.5024870e+00,4.9553810e+00,2.3502306e-02
6.8717748e+00,4.9554410e+00,1.9944234e-02
7.2170752e+00,4.9557506e+00,2.0486040e-02
9.7701023e+00,4.9598135e+00,1.7519604e-02
5.7210309e-01,4.9610130e+00,1.2127910e-02
7.3602501e+00,4.9616552e+00,2.2886057e-02
4.3815083e+00,4.9625221e+00,7.0003804e-03
8.6474210e+00,4.9627616e+00,1.7997042e-02
4.1001697e+00,4.9628500e+00,7.4751978e-03
1.7142112e+00,4.9645357e+00,1.1373081e-02
3.2857722e+00,4.9659836e+00,7.1355774e-03
8.0786516e+00,4.9687001e+00,1.8655495e-02
1.6045976e+00,4.9689552e+00,1.1892999e-02
3.5477390e+00,4.9710032e+00,7.3606408e-03
7.6266219e+00,4.9712058e+00,1.9805012e-02
3.7406017e-01,4.9712832e+00,1.1951581e-02
4.3142060e+00,4.9724654e+00,7.0153654e-03
2.0923891e+00,4.9728510e+00,1.3631234e-02
2.9080066e+00,4.9729075e+00,6.6919383e-03
7.4273929e-01,4.9743034e+00,1.1502049e-02
9.5885139e+00,4.9810224e+00,1.6976513e-02
4.1794555e+00,4.9818385e+00,7.6535362e-03
6.7122283e+00,4.9826017e+00,2.0392357e-02
6.2767149e+00,4.9850819e+00,2.0868864e-02
1.1054838e+00,4.9873498e+00,1.0940060e-02
7.9184654e+00,4.9886994e+00,2.0501279e-02
6.9544359e+00,4.9889494e+00,1.9627486e-02
8.5097085e-01,4.9897114e+00,1.1910876e-02
8.6883655e-02,4.9904434e+00,1.0548509e-02
4.9131313e+00,4.9904553e+00,6.8580661e-03
8.3006534e+00,4.9907015e+00,1.7368226e-02
9.4819933e+00,4.9930992e+00,1.7717430e-02
7.0977925e+00,4.9945889e+00,2.0302395e-02
1.2450712e+00,4.9948199e+00,1.1481438e-02
9.1498273e+00,4.9957650e+00,1.9662995e-02
1.4728693e+00,4.9958019e+00,1.1386468e-02
5.7110720e+00,4.9961438e+00,1.8646188e-02
1.9227751e+00,4.9976258e+00,1.0671965e-02
3.0775147e+00,4.9978072e+00,7.0920693e-03
1.0362769e+00,4.9978751e+00,1.1173915e-02
6.0991519e+00,4.9987034e+00,2.0316995e-02
2.3890670e+00,4.9989658e+00,6.7992888e-03
2.6217375e+00,4.9990497e+00,6.8041527e-03
9.2477678e+00,4.9997348e+00,1.9087406e-02
5.6099300e+00,5.0000000e+00,1.7868871e-02
7.7048915e+00,5.0011739e+00,2.1734932e-02
4.8369156e+00,5.0031314e+00,6.6998575e-03
1.6307038e-01,5.0031830e+00,1.1238651e-02
3.9294827e+00,5.0043187e+00,7.3880487e-03
3.0456775e-01,5.0050103e+00,1.2039478e-02
2.2747807e+00,5.0053006e+00,1.2705602e-02
2.7257574e+00,5.0053824e+00,6.2738817e-03
3.4158347e+00,5.0054546e+00,7.6380222e-03
5.9005176e+00,5.0057009e+00,1.9863839e-02
6.8126804e+00,5.0079276e+00,2.0754295e-02
4.5111502e+00,5.0082837e+00,6.9711461e-03
1.3246945e+00,5.0096366e+00,1.1291012e-02
1.8435229e+00,5.0142932e+00,1.1463281e-02
8.9392559e+00,5.0144677e+00,1.9313842e-02
3.1566405e+00,5.0147967e+00,7.4991459e-03
6.3504820e+00,5.0172661e+00,2.1022839e-02
8.1292454e+00,5.0184285e+00,1.8141858e-02
4.4733106e-01,5.0187333e+00,1.1984221e-02
3.7416891e+00,5.0197693e+00,8.4673960e-03
7.5393237e+00,5.0219722e+00,2.0876740e-02
8.8299433e+00,5.0227965e+00,1.9868159e-02
1.6629248e+00,5.0251392e+00,1.1609454e-02
9.9310191e+00,5.0264250e+00,1.8691791e-02
8.4890056e+00,5.0265143e+00,1.8664932e-02
3.3362595e+00,5.0278335e+00,7.3397386e-03
8.2328733e+00,5.0287522e+00,1.7593555e-02
4.6652102e+00,5.0306032e+00,6.8779139e-03
3.4958920e+00,5.0310080e+00,7.2287186e-03
4.0202063e+00,5.0343098e+00,7.3763550e-03
3.6609286e+00,5.0388787e+00,8.0893681e-03
4.4417558e+00,5.0430559e+00,7.3296057e-03
6.5475521e+00,5.0468051e+00,2.0712145e-02
6.1929067e+00,5.0477540e+00,2.0609100e-02
6.0861748e-01,5.0477714e+00,1.1447323e-02
4.2779556e+00,5.0483458e+00,8.0631934e-03
5.9972981e+00,5.0484828e+00,2.0358540e-02
6.6570548e+00,5.0526842e+00,2.0879580e-02
8.6468219e+00,5.0543364e+00,1.8420709e-02
8.4065749e+00,5.0584131e+00,1.6939010e-02
2.0660056e+00,5.0590788e+00,1.3037971e-02
2.9345430e+00,5.0592875e+00,6.8889493e-03
4.5839659e+00,5.0605217e+00,7.0212419e-03
4.1950181e+00,5.0613115e+00,7.8401611e-03
7.3272704e+00,5.0623666e+00,2.2569057e-02
6.9671686e-01,5.0626357e+00,1.1236350e-02
7.2391852e+00,5.0629070e+00,2.1703841e-02
1.2027004e+00,5.0705907e+00,1.0882468e-02
1.1351838e+00,5.0706924e+00,1.0668120e-02
3.8665397e+00,5.0804968e+00,7.4523695e-03
9.7787509e-01,5.0806668e+00,1.1340156e-02
8.8237439e-01,5.0811099e+00,1.1726582e-02
9.6293887e+00,5.0826572e+00,1.6664431e-02
1.9733981e+00,5.0828508e+00,1.1186161e-02
8.5663348e+00,5.0829863e+00,1.8536582e-02
6.9842790e+00,5.0830636e+00,1.9953342e-02
3.0270257e+00,5.0832777e+00,6.7716851e-03
3.4513620e-02,5.0833333e+00,1.0070824e-02
5.5634684e+00,5.0833333e+00,1.8731488e-02
4.9654580e+00,5.0833333e+00,6.3178303e-03
9.7084707e+00,5.0840687e+00,1.7467832e-02
2.4527676e+00,5.0858018e+00,7.3564025e-03
2.5578561e+00,5.0858857e+00,6.6865781e-03
9.1132826e+00,5.0870816e+00,1.8621143e-02
5.7567529e+00,5.0881375e+00,1.8913795e-02
9.4674859e+00,5.0885263e+00,1.7817217e-02
6.8341279e+00,5.0887553e+00,2.0556478e-02
7.0776231e+00,5.0887988e+00,2.0489907e-02
4.8030959e-01,5.0899199e+00,1.1607634e-02
9.2727706e+00,5.0928581e+00,1.7620127e-02
4.8138874e+00,5.0929500e+00,6.6650636e-03
9.0102344e+00,5.0936810e+00,1.8656581e-02
1.8956416e-01,5.0943288e+00,1.1287826e-02
5.8257466e+00,5.0944384e+00,1.9002872e-02
1.4749104e+00,5.0970131e+00,1.1320181e-02
2.8281017e-01,5.0970973e+00,1.1959542e-02
1.3727504e+00,5.0977427e+00,1.0967206e-02
3.7769743e+00,5.0986443e+00,8.4071304e-03
1.6897322e+00,5.0991969e+00,1.1667249e-02
3.3095857e+00,5.1016924e+00,7.2581900e-03
7.9258653e+00,5.1035173e+00,1.9834058e-02
4.7356885e+00,5.1039326e+00,6.8835196e-03
2.2393808e+00,5.1045499e+00,1.4208442e-02
2.7610284e+00,5.1046244e+00,6.0275382e-03
3.5220754e+00,5.1060112e+00,7.1350340e-03
5.7590844e-01,5.1061568e+00,1.1581846e-02
7.4867764e+00,5.1071243e+00,2.0380605e-02
7.7219011e+00,5.1074913e+00,2.1754094e-02
6.3804413e+00,5.1083341e+00,2.1111323e-02
1.7942416e+00,5.1089655e+00,1.1527934e-02
8.7865909e+00,5.1100605e+00,1.9034139e-02
3.2060564e+00,5.1101087e+00,7.5605746e-03
8.1255456e+00,5.1124459e+00,1.8568922e-02
4.3301901e+00,5.1218982e+00,8.1321593e-03
9.8761671e+00,5.1225145e+00,1.8621816e-02
8.2291734e+00,5.1227696e+00,1.8705229e-02
4.4266879e+00,5.1265516e+00,8.2047834e-03
8.6972434e+00,5.1269314e+00,1.8318991e-02
6.4950105e+00,5.1295876e+00,2.1563939e-02
3.6110889e+00,5.1297538e+00,7.8108112e-03
6.9230654e+00,5.1303829e+00,2.0380649e-02
2.1348814e+00,5.1314053e+00,1.2615909e-02
2.8654591e+00,5.1314852e+00,6.9059734e-03
7.1477767e+00,5.1329654e+00,2.1020524e-02
7.3721328e+00,5.1360002e+00,2.1111105e-02
6.2195908e+00,5.1360751e+00,2.0479653e-02
9.3685827e+00,5.1388486e+00,1.8156553e-02
4.0060204e+00,5.1401659e+00,7.1812824e-03
9.1790325e+00,5.1435409e+00,1.7567880e-02
9.9891620e-01,5.1474325e+00,1.0349018e-02
1.0870179e+00,5.1479835e+00,1.1034940e-02
9.5679684e+00,5.1482686e+00,1.7015620e-02
7.3535015e-01,5.1536614e+00,1.1434886e-02
8.3866120e+00,5.1552661e+00,1.7572101e-02
7.8356106e+00,5.1554730e+00,2.0157251e-02
4.1497117e+00,5.1558375e+00,6.9586424e-03
8.1277610e-01,5.1567276e+00,1.1480332e-02
1.2451123e+00,5.1573429e+00,1.1055360e-02
9.7618738e+00,5.1574840e+00,1.8387732e-02
5.9636477e+00,5.1586453e+00,2.0238537e-02
2.6041483e+00,5.1592973e+00,7.2108368e-03
8.0401170e+00,5.1613922e+00,1.9339845e-02
4.5684407e-01,5.1632356e+00,1.1674475e-02
4.8399560e+00,5.1636072e+00,6.7291992e-03
5.6121879e+00,5.1638091e+00,1.8984966e-02
6.3333584e+00,5.1644711e+00,2.0996316e-02
1.6356170e-01,5.1649225e+00,1.1292369e-02
8.9630396e+00,5.1651943e+00,1.9441191e-02
4.5796888e+00,5.1659678e+00,7.1755871e-03
7.5330770e+00,5.1663357e+00,2.2139751e-02
8.4697885e-02,5.1666667e+00,1.0331549e-02
4.9153110e+00,5.1666667e+00,6.4720929e-03
3.9090980e+00,5.1669165e+00,6.8108053e-03
3.1416680e-01,5.1676910e+00,1.1815214e-02
6.6956614e+00,5.1677922e+00,2.1121228e-02
1.5342596e+00,5.1680695e+00,1.0963705e-02
1.6314050e+00,5.1691789e+00,1.1134092e-02
7.6407034e+00,5.1693814e+00,2.1769658e-02
1.3355391e+00,5.1696782e+00,1.1257782e-02
1.9326811e+00,5.1707484e+00,1.1080162e-02
3.0674491e+00,5.1713423e+00,6.5854676e-03
2.7033006e+00,5.1717033e+00,5.8910044e-03
3.3677792e+00,5.1719946e+00,7.2024104e-03
5.7043304e+00,5.1724695e+00,1.8517161e-02
2.4014190e+00,5.1728826e+00,9.4332715e-03
8.8487088e+00,5.1732450e+00,1.9104299e-02
3.4639471e+00,5.1733215e+00,6.6933911e-03
4.7044306e+00,5.1745899e+00,6.8121379e-03
6.7722823e+00,5.1785373e+00,2.1305159e-02
1.8327768e+00,5.1801958e+00,1.1618390e-02
3.1673540e+00,5.1811837e+00,7.3153264e-03
8.2769907e+00,5.1815719e+00,1.8462817e-02
5.8578679e+00,5.1839355e+00,1.9188639e-02
2.3023186e+00,5.1852959e+00,1.2884117e-02
8.5821285e+00,5.1875516e+00,1.8185010e-02
4.2954178e+00,5.1912926e+00,7.2217503e-03
3.7288090e+00,5.1940753e+00,9.7148335e-03
6.0219521e-01,5.1944289e+00,1.1683410e-02
3.8572975e-01,5.1963698e+00,1.1840484e-02
4.4918052e+00,5.1972255e+00,8.2237662e-03
6.5495995e+00,5.1993290e+00,2.1705213e-02
4.0573388e+00,5.2012297e+00,7.9490738e-03
9.9451480e+00,5.2032323e+00,1.7942431e-02
3.6436841e+00,5.2060754e+00,8.6314640e-03
4.6296751e+00,5.2067066e+00,7.1399223e-03
4.1978770e+00,5.2122661e+00,7.2265000e-03
8.6617997e+00,5.2132763e+00,1.8060897e-02
6.9328698e+00,5.2152258e+00,2.1876623e-02
4.7670245e+00,5.2191628e+00,6.9096251e-03
7.1360480e+00,5.2195889e+00,2.1233904e-02
6.1883551e+00,5.2201162e+00,2.0082760e-02
2.3659143e-01,5.2204781e+00,1.1704819e-02
9.3855484e-01,5.2207972e+00,1.0033114e-02
8.4377724e+00,5.2254489e+00,1.7340296e-02
2.1056392e+00,5.2268151e+00,1.2258187e-02
6.7353754e-01,5.2270693e+00,1.2078780e-02
6.0131503e+00,5.2271625e+00,2.0383569e-02
8.4791544e-01,5.2296491e+00,1.1158548e-02
2.9174202e+00,5.2297205e+00,6.8981585e-03
5.2926349e-01,5.2301359e+00,1.1662045e-02
7.3294821e+00,5.2306570e+00,2.0735691e-02
6.6407476e+00,5.2316545e+00,2.0963576e-02
2.5541379e+00,5.2325838e+00,7.5431958e-03
9.1654057e+00,5.2344016e+00,1.7328180e-02
9.3788776e+00,5.2359067e+00,1.8100186e-02
1.1118366e+00,5.2377370e+00,1.2135012e-02
1.9960464e+00,5.2423863e+00,1.1440968e-02
8.5354752e+00,5.2447574e+00,1.7789918e-02
3.0269275e+00,5.2455874e+00,6.5696922e-03
2.4564973e+00,5.2462530e+00,9.0959793e-03
5.5487195e+00,5.2471425e+00,1.7836683e-02
1.2024144e+00,5.2471982e+00,1.1953310e-02
6.3594317e+00,5.2490742e+00,2.1465155e-02
7.4977888e+00,5.2499199e+00,2.1957951e-02
5.0184265e-02,5.2500000e+00,1.1103617e-02
4.9498530e+00,5.2500000e+00,6.9239220e-03
6.1093197e+00,5.2500917e+00,2.0663654e-02
6.8291846e+00,5.2508829e+00,2.1522184e-02
1.4766824e+00,5.2516638e+00,1.0931301e-02
1.3801218e+00,5.2525430e+00,1.1561215e-02
3.8696928e+00,5.2530527e+00,6.4596825e-03
3.3300889e+00,5.2564618e+00,7.3346298e-03
3.2331930e+00,5.2572346e+00,6.8772370e-03
9.5707676e+00,5.2586357e+00,1.7148117e-02
5.7318725e+00,5.2598963e+00,1.8763787e-02
4.3316226e+00,5.2604668e+00,7.3069880e-03
3.5129126e+00,5.2610801e+00,6.6824454e-03
3.7789692e+00,5.2620639e+00,8.2544968e-03
8.8103914e+00,5.2621629e+00,1.7677353e-02
5.8164162e+00,5.2650614e+00,1.8523076e-02
8.2169990e+00,5.2652078e+00,1.8950855e-02
7.2329869e+00,5.2653156e+00,2.0301127e-02
7.6496532e+00,5.2671070e+00,2.1284151e-02
2.7523947e+00,5.2671977e+00,5.9760208e-03
8.0429865e+00,5.2673905e+00,1.9146637e-02
6.5054599e+00,5.2679943e+00,2.2165652e-02
3.6036362e+00,5.2700913e+00,8.1201523e-03
4.4705283e+00,5.2708677e+00,7.8559564e-03
2.2613945e+00,5.2715615e+00,1.3361992e-02
9.0139699e+00,5.2745138e+00,1.7400620e-02
4.7635691e+00,5.2795624e+00,6.9405191e-03
9.2694387e+00,5.2807768e+00,1.8144180e-02
1.6797809e+00,5.2811387e+00,1.1319121e-02
1.7766433e+00,5.2823870e+00,1.1290401e-02
9.7540422e+00,5.2824199e+00,1.8198671e-02
7.8336300e+00,5.2844097e+00,2.0052348e-02
8.7128298e+00,5.2853233e+00,1.7822274e-02
7.4088374e+00,5.2853653e+00,2.1730311e-02
9.7963250e-01,5.2853802e+00,1.0299916e-02
2.1692146e+00,5.2862253e+00,1.2193035e-02
6.9841125e+00,5.2873346e+00,2.1557812e-02
6.2771743e+00,5.2903227e+00,2.0017234e-02
6.4295294e+00,5.2909017e+00,2.1616859e-02
9.9111472e+00,5.2925181e+00,1.7550869e-02
3.6983053e-01,5.2933297e+00,1.1976296e-02
4.4028858e+00,5.2933702e+00,8.5556930e-03
2.6958803e-01,5.2941728e+00,1.1377854e-02
7.0559235e+00,5.2948503e+00,2.1438217e-02
9.4805800e+00,5.2959515e+00,1.7130343e-02
2.8620836e+00,5.2983541e+00,6.5569542e-03
2.5960741e+00,5.2998479e+00,7.9571627e-03
1.0648125e+00,5.3017692e+00,1.1078786e-02
4.6146368e+00,5.3038826e+00,7.2291568e-03
7.5618135e+00,5.3045794e+00,2.1156177e-02
5.0677845e-01,5.3049321e+00,1.1430836e-02
9.0947666e+00,5.3053751e+00,1.7404070e-02
8.1157191e+00,5.3075243e+00,1.8572536e-02
4.2057302e+00,5.3097537e+00,7.3078669e-03
8.1198622e-01,5.3138949e+00,1.1486247e-02
7.1503427e-01,5.3143813e+00,1.1858251e-02
8.4073863e+00,5.3149233e+00,1.7985980e-02
4.0080846e+00,5.3171396e+00,7.1091896e-03
1.9658892e+00,5.3172460e+00,1.1329732e-02
3.0907902e+00,5.3200055e+00,6.3631302e-03
1.5235689e+00,5.3208948e+00,1.0934219e-02
3.1971509e+00,5.3218113e+00,6.3934339e-03
2.6951786e+00,5.3220558e+00,7.0369091e-03
5.9516839e+00,5.3234168e+00,1.9734933e-02
8.8697430e+00,5.3249462e+00,1.7457961e-02
1.3302882e+00,5.3253598e+00,1.1569829e-02
8.2518255e+00,5.3258414e+00,1.8973857e-02
4.2861426e+00,5.3258774e+00,6.8115485e-03
5.5932283e+00,5.3268994e+00,1.7801903e-02
6.8300681e+00,5.3282486e+00,2.1563043e-02
5.6842387e+00,5.3309929e+00,1.7982299e-02
4.6859370e+00,5.3321655e+00,7.1078486e-03
1.2430075e+00,5.3323503e+00,1.1590658e-02
8.4992553e-02,5.3333333e+00,1.1126239e-02
4.9153110e+00,5.3333333e+00,6.8990150e-03
9.6636303e+00,5.3336158e+00,1.8231748e-02
3.3914044e+00,5.3336160e+00,7.3671570e-03
7.7288702e+00,5.3341536e+00,2.1007838e-02
4.1845981e-01,5.3349917e+00,1.2182097e-02
4.8365007e+00,5.3351180e+00,6.7536932e-03
2.4500216e+00,5.3355642e+00,9.1896982e-03
5.8607296e+00,5.3360254e+00,1.8754784e-02
9.8343346e+00,5.3367361e+00,1.7081353e-02
4.5433736e+00,5.3367860e+00,7.6309678e-03
3.4780602e+00,5.3369074e+00,7.2656905e-03
7.9267542e+00,5.3384523e+00,2.0047867e-02
3.9173610e+00,5.3422120e+00,6.4210920e-03
6.6520332e+00,5.3438031e+00,2.1296553e-02
8.9589907e+00,5.3453477e+00,1.7671229e-02
8.5478596e+00,5.3464487e+00,1.7781355e-02
8.3346122e+00,5.3466516e+00,1.8737565e-02
3.6635582e+00,5.3473445e+00,8.0679801e-03
1.8463903e+00,5.3477994e+00,1.1223445e-02
2.3008239e+00,5.3482845e+00,1.3368169e-02
1.6295220e+00,5.3492602e+00,1.0856764e-02
3.7537664e+00,5.3513172e+00,8.0237246e-03
6.9303312e+00,5.3572378e+00,2.1221910e-02
9.2751750e+00,5.3574754e+00,1.8236349e-02
9.5581776e-01,5.3576122e+00,1.0692453e-02
6.5802930e+00,5.3586038e+00,2.1709530e-02
6.0964702e+00,5.3598918e+00,2.0665318e-02
8.6942030e+00,5.3616238e+00,1.7951537e-02
7.2009641e+00,5.3645592e+00,2.1510830e-02
2.3859779e-01,5.3652394e+00,1.1199539e-02
4.1575649e+00,5.3661824e+00,7.7056745e-03
7.4111051e+00,5.3674321e+00,2.1959935e-02
2.5380675e+00,5.3691546e+00,8.7016086e-03
6.2625726e+00,5.3710055e+00,1.9805836e-02
4.0562499e+00,5.3735683e+00,7.1248709e-03
5.7078454e-01,5.3740129e+00,1.1521874e-02
2.1232105e+00,5.3748741e+00,1.1225158e-02
9.9659992e+00,5.3750000e+00,1.6153971e-02
6.4151489e+00,5.3761179e+00,2.0481696e-02
1.6154566e-01,5.3766221e+00,1.0257763e-02
8.7881087e-01,5.3772749e+00,1.1220334e-02
8.4724302e+00,5.3782281e+00,1.7821319e-02
2.3877435e+00,5.3796211e+00,1.2759069e-02
6.7946712e-01,5.3831128e+00,1.1399377e-02
7.1006030e+00,5.3834788e+00,2.1445975e-02
6.0034935e+00,5.3865016e+00,1.9796896e-02
2.9078347e+00,5.3871906e+00,7.1358056e-03
1.4758967e+00,5.3881229e+00,1.0897968e-02
7.5559259e+00,5.3900886e+00,2.0959446e-02
2.0294778e+00,5.3903237e+00,1.1942267e-02
6.7421031e+00,5.3914716e+00,2.1433334e-02
3.2485465e+00,5.3916054e+00,6.3510081e-03
1.3791766e+00,5.3917087e+00,1.1403526e-02
8.6109245e+00,5.3932626e+00,1.7756168e-02
4.3919464e+00,5.3979734e+00,8.3157015e-03
1.1131471e+00,5.3980647e+00,1.1191960e-02
4.7171949e+00,5.4028228e+00,6.9693232e-03
8.1034727e+00,5.4037984e+00,1.8010508e-02
3.3459041e+00,5.4041829e+00,6.6071952e-03
9.4440383e+00,5.4056186e+00,1.7035829e-02
5.8279682e+00,5.4056790e+00,1.8045150e-02
4.8104321e+00,5.4057752e+00,6.9304848e-03
5.7360211e+00,5.4058115e+00,1.8403159e-02
3.0850578e+00,5.4076253e+00,6.8825870e-03
9.1197306e+00,5.4089722e+00,1.8339568e-02
4.5194414e+00,5.4094703e+00,7.7579293e-03
8.1826173e+00,5.4100348e+00,1.8277945e-02
6.1609038e+00,5.4105991e+00,2.0569298e-02
8.8315423e+00,5.4108921e+00,1.7572945e-02
3.5475917e+00,5.4127938e+00,7.1610497e-03
5.5445087e+00,5.4130903e+00,1.7787808e-02
3.6423661e+00,5.4142197e+00,7.4106246e-03
9.1961060e+00,5.4146973e+00,1.8347135e-02
7.3479207e+00,5.4149381e+00,2.2108395e-02
6.3304494e+00,5.4149733e+00,2.0172031e-02
3.4808288e-02,5.4166667e+00,1.0786810e-02
4.9654580e+00,5.4166667e+00,6.1574040e-03
4.3245787e+00,5.4171654e+00,7.8140974e-03
7.4941688e+00,5.4174959e+00,2.0908016e-02
7.2540616e+00,5.4179247e+00,2.2912800e-02
1.2007643e+00,5.4191847e+00,1.1282614e-02
2.7257323e+00,5.4206543e+00,7.5825711e-03
9.3480722e+00,5.4222724e+00,1.7279658e-02
6.4717635e+00,5.4228738e+00,2.0452942e-02
8.7535639e+00,5.4244093e+00,1.7916729e-02
6.5609771e+00,5.4282670e+00,2.0818665e-02
3.8748027e+00,5.4286318e+00,7.4332129e-03
3.8019317e+00,5.4287257e+00,7.7195951e-03
1.0476608e+00,5.4309350e+00,1.1250271e-02
2.5758334e+00,5.4339299e+00,8.7385754e-03
1.6507028e+00,5.4342793e+00,1.1020030e-02
3.0090504e+00,5.4357960e+00,7.0131289e-03
1.8478247e+00,5.4393322e+00,1.1820111e-02
4.1432892e-01,5.4407658e+00,1.2058034e-02
9.6806046e+00,5.4412992e+00,1.7890784e-02
6.9638480e+00,5.4415610e+00,2.0988222e-02
2.2549044e+00,5.4420259e+00,1.2953830e-02
4.1861277e+00,5.4432106e+00,8.7751757e-03
4.4356567e+00,5.4481551e+00,8.2539127e-03
8.3134486e+00,5.4526157e+00,1.8480078e-02
7.6948383e+00,5.4538270e+00,2.0333683e-02
2.1694709e+00,5.4539517e+00,1.2125752e-02
7.9427333e+00,5.4542418e+00,1.9764541e-02
3.1838933e+00,5.4545314e+00,6.8847457e-03
2.8286996e+00,5.4546327e+00,7.4185197e-03
8.9787015e+00,5.4563990e+00,1.7649605e-02
7.0623089e+00,5.4602863e+00,2.1408265e-02
9.8321764e+00,5.4604240e+00,1.6906705e-02
1.9605086e+00,5.4615035e+00,1.2006325e-02
2.6643938e+00,5.4632217e+00,8.2534682e-03
8.4579399e+00,5.4638613e+00,1.8046887e-02
5.1690136e-01,5.4648307e+00,1.1902515e-02
5.9744960e+00,5.4659010e+00,1.9049656e-02
3.3470939e-01,5.4701704e+00,1.2021062e-02
5.7127846e+00,5.4709246e+00,1.7597717e-02
1.3500747e+00,5.4718592e+00,1.1366661e-02
3.3765770e+00,5.4721690e+00,6.9160639e-03
4.0224346e+00,5.4722627e+00,7.7419761e-03
7.6097336e+00,5.4722896e+00,2.0292509e-02
5.8899251e+00,5.4724697e+00,1.7963457e-02
9.9089890e+00,5.4757297e+00,1.6356779e-02
1.5194135e+00,5.4770662e+00,1.1326067e-02
4.2727291e+00,5.4780698e+00,8.1802993e-03
8.0467191e+00,5.4794541e+00,1.8967111e-02
9.2690032e+00,5.4794943e+00,1.7379559e-02
6.7940131e+00,5.4796602e+00,2.0878582e-02
4.5523449e+00,5.4807335e+00,7.3598144e-03
9.5076492e+00,5.4821429e+00,1.8029646e-02
5.6122827e+00,5.4822969e+00,1.7631657e-02
8.2219669e+00,5.4857212e+00,1.8259796e-02
8.5128334e-01,5.4861558e+00,1.1337883e-02
2.3902335e+00,5.4863560e+00,1.2675286e-02
9.6165472e+00,5.4863668e+00,1.8028971e-02
8.8981953e+00,5.4864255e+00,1.7622356e-02
8.6036086e+00,5.4878907e+00,1.8005509e-02
9.0586448e+00,5.4891623e+00,1.8130640e-02
7.4889154e-01,5.4915074e+00,1.1472716e-02
6.1379308e+00,5.4917455e+00,2.0664962e-02
1.2589431e+00,5.4923448e+00,1.1449106e-02
4.6953761e+00,5.4944556e+00,7.3688887e-03
1.5882665e+00,5.4948573e+00,1.0910076e-02
4.8369156e+00,5.4968686e+00,7.1172374e-03
1.6341810e-01,5.4971539e+00,1.0396821e-02
4.1002517e+00,5.4974679e+00,8.3236288e-03
3.7009305e+00,5.4983384e+00,7.5191293e-03
6.9154950e+00,5.5007603e+00,2.0783457e-02
3.9317110e+00,5.5022538e+00,7.7246303e-03
6.3181728e+00,5.5038834e+00,2.0030552e-02
7.3733929e+00,5.5039689e+00,2.1787809e-02
7.2279114e+00,5.5042086e+00,2.2394941e-02
6.4679043e+00,5.5044112e+00,2.0128541e-02
8.3717325e+00,5.5065206e+00,1.8025494e-02
2.5440007e+00,5.5065231e+00,1.0742801e-02
8.6956285e+00,5.5066799e+00,1.7788736e-02
1.6929654e+00,5.5074047e+00,1.2043085e-02
3.5178102e+00,5.5084791e+00,7.1141857e-03
3.7702879e+00,5.5088717e+00,7.4376687e-03
8.6864990e-02,5.5094207e+00,1.0652762e-02
4.9131313e+00,5.5095447e+00,6.0931138e-03
9.7688582e+00,5.5137912e+00,1.7807857e-02
1.7700813e+00,5.5151667e+00,1.1917920e-02
1.0281256e+00,5.5155906e+00,1.1767195e-02
7.5055352e+00,5.5172157e+00,2.0449870e-02
6.0444997e+00,5.5204375e+00,1.9141031e-02
6.6069109e+00,5.5221701e+00,2.0511748e-02
7.8684939e+00,5.5239272e+00,1.9724563e-02
2.3046799e+00,5.5244599e+00,1.2440950e-02
7.7573247e+00,5.5259411e+00,2.0923134e-02
3.4409765e+00,5.5260454e+00,7.1131866e-03
8.5260534e+00,5.5267100e+00,1.8177458e-02
4.6257584e+00,5.5279651e+00,7.5367980e-03
1.4337039e+00,5.5316088e+00,1.1346419e-02
2.8457483e+00,5.5316656e+00,8.3462540e-03
3.2336930e+00,5.5322171e+00,7.4745765e-03
1.9738941e+00,5.5327873e+00,1.2375667e-02
2.4600080e+00,5.5370770e+00,1.2186647e-02
3.3290193e+00,5.5372771e+00,7.4666894e-03
3.0105627e+00,5.5374951e+00,8.0406972e-03
4.4275362e+00,5.5382925e+00,7.6223508e-03
5.7782064e+00,5.5391134e+00,1.5990616e-02
5.5774694e-01,5.5406782e+00,1.2091217e-02
5.8633998e+00,5.5407910e+00,1.7109506e-02
6.2273229e+00,5.5410619e+00,2.0500133e-02
7.0952556e+00,5.5461651e+00,2.2422079e-02
6.3990131e+00,5.5465654e+00,2.0169391e-02
3.2333993e-01,5.5466704e+00,1.1451365e-02
7.3056430e+00,5.5503375e+00,2.1634365e-02
9.0875500e-01,5.5511487e+00,1.1467361e-02
4.4932668e+00,5.5511712e+00,7.4495110e-03
2.1295483e+00,5.5518100e+00,1.1613223e-02
6.7183029e+00,5.5541178e+00,2.0689101e-02
7.4479438e+00,5.5561826e+00,2.0597237e-02
9.2390891e+00,5.5574894e+00,1.7359466e-02
7.5768620e+00,5.5578679e+00,1.9671484e-02
6.8105454e-01,5.5582550e+00,1.1554697e-02
4.2932225e+00,5.5598230e+00,7.7872332e-03
6.5476266e+00,5.5602242e+00,2.0371051e-02
2.2910076e-01,5.5622712e+00,1.0797694e-02
4.7708286e+00,5.5625083e+00,7.3122892e-03
7.1645626e+00,5.5631345e+00,2.1984075e-02
3.6611656e+00,5.5634397e+00,7.3946811e-03
9.9429898e+00,5.5650154e+00,1.7904011e-02
8.8634380e+00,5.5655222e+00,1.7735363e-02
4.1288966e+00,5.5659044e+00,8.3856360e-03
2.9263957e+00,5.5659226e+00,8.5731960e-03
1.6305291e+00,5.5679826e+00,1.2013621e-02
2.0478351e+00,5.5691029e+00,1.1771658e-02
5.6149868e+00,5.5698069e+00,1.4520241e-02
2.6683717e+00,5.5706064e+00,1.0624659e-02
8.7388497e+00,5.5722593e+00,1.7473544e-02
9.1051061e+00,5.5728824e+00,1.7554725e-02
3.5728196e+00,5.5750063e+00,7.2686692e-03
1.2191461e+00,5.5772767e+00,1.1611528e-02
9.4783395e+00,5.5795434e+00,1.8349147e-02
3.8919696e+00,5.5798903e+00,7.5576395e-03
8.0840040e+00,5.5813437e+00,1.9273454e-02
8.1801072e+00,5.5813744e+00,1.8835914e-02
3.8034175e+00,5.5864142e+00,7.4035421e-03
6.0345867e+00,5.5891148e+00,1.8663730e-02
1.1009832e+00,5.5898555e+00,1.2035292e-02
3.3934188e+00,5.5911535e+00,7.4035358e-03
9.6364461e+00,5.5916372e+00,1.8513145e-02
2.5963905e+00,5.5918608e+00,1.1162742e-02
5.2056702e-02,5.5927540e+00,1.0891558e-02
4.9476732e+00,5.5928780e+00,6.2714915e-03
4.2352661e+00,5.5934003e+00,8.0792576e-03
1.8980647e+00,5.5954239e+00,1.2312424e-02
6.9306515e+00,5.5977711e+00,2.1885489e-02
4.3759678e+00,5.5981773e+00,7.7015750e-03
1.8069359e+00,5.5999746e+00,1.2247187e-02
8.3938835e+00,5.6028874e+00,1.7095823e-02
5.9380578e+00,5.6028996e+00,1.7451112e-02
5.7249174e+00,5.6066415e+00,1.3869995e-02
3.1952881e+00,5.6068831e+00,8.3143572e-03
3.0873096e+00,5.6089856e+00,8.2672207e-03
8.5054341e+00,5.6108599e+00,1.7367747e-02
5.5472129e+00,5.6117115e+00,1.3756497e-02
2.7960763e+00,5.6128597e+00,1.0366893e-02
2.2824433e+00,5.6134219e+00,1.2074282e-02
1.4237973e+00,5.6134263e+00,1.1737434e-02
5.0198838e-01,5.6217343e+00,1.2919118e-02
6.2173590e+00,5.6224477e+00,2.0216686e-02
9.7622236e+00,5.6240317e+00,1.8165777e-02
7.0119512e+00,5.6244506e+00,2.2035559e-02
4.5970342e+00,5.6248094e+00,7.4786241e-03
4.0546112e-01,5.6248977e+00,1.1944681e-02
7.8878996e+00,5.6253669e+00,1.9452710e-02
4.5108060e+00,5.6266549e+00,7.6979510e-03
6.7546496e+00,5.6275835e+00,2.1295583e-02
2.1927452e+00,5.6288462e+00,1.2616322e-02
7.3135829e+00,5.6306688e+00,2.1252824e-02
9.3017978e+00,5.6309413e+00,1.8670605e-02
2.4417107e+00,5.6310917e+00,1.2757314e-02
6.4237031e+00,5.6320784e+00,2.0308972e-02
9.3983684e+00,5.6336931e+00,1.8418958e-02
9.5591917e+00,5.6341463e+00,1.8682818e-02
1.3003710e+00,5.6386086e+00,1.1980485e-02
4.0987618e+00,5.6402710e+00,8.1253705e-03
8.8992146e+00,5.6407199e+00,1.8161779e-02
6.1180539e+00,5.6418085e+00,1.8908027e-02
6.5262698e+00,5.6423871e+00,2.0408757e-02
2.7232303e+00,5.6431884e+00,1.0458842e-02
7.0645199e-01,5.6435561e+00,1.2219511e-02
8.0411026e+00,5.6460239e+00,1.9701898e-02
7.7076382e+00,5.6463372e+00,2.0930679e-02
8.9187666e-01,5.6465854e+00,1.2228615e-02
6.8455164e+00,5.6501368e+00,2.1387995e-02
9.9046480e+00,5.6502139e+00,1.8211336e-02
3.6889358e+00,5.6510731e+00,8.0071371e-03
8.7100378e+00,5.6527530e+00,1.7901328e-02
7.4519201e+00,5.6529244e+00,2.0742771e-02
2.0124721e+00,5.6541334e+00,1.1070005e-02
9.0713425e+00,5.6544393e+00,1.8025410e-02
9.6938688e+00,5.6568100e+00,1.8029294e-02
2.3592582e-01,5.6571880e+00,1.0688047e-02
4.7634438e+00,5.6582507e+00,7.1321573e-03
3.9359152e+00,5.6587117e+00,7.8848442e-03
7.6122802e+00,5.6598014e+00,2.1046904e-02
1.9248560e+00,5.6619993e+00,1.1444193e-02
7.9513094e+00,5.6622385e+00,2.0059487e-02
3.7618303e+00,5.6635143e+00,7.9273234e-03
1.6132521e+00,5.6645064e+00,1.1701106e-02
2.5312446e+00,5.6653320e+00,1.3312591e-02
1.0586606e+00,5.6659222e+00,1.2867547e-02
2.3496996e+00,5.6693326e+00,1.2945779e-02
4.9108609e+00,5.6698784e+00,6.1589512e-03
8.8932367e-02,5.6698916e+00,1.1054206e-02
8.2565682e+00,5.6713089e+00,1.8550254e-02
2.9422243e+00,5.6721131e+00,1.0366134e-02
5.7452717e+00,5.6727124e+00,1.4856456e-02
8.3649877e+00,5.6745573e+00,1.8806486e-02
8.9801517e+00,5.6759434e+00,1.7994888e-02
4.3890591e+00,5.6764064e+00,7.8932894e-03
7.1905407e+00,5.6770786e+00,2.1343804e-02
8.5540238e+00,5.6774896e+00,1.7796126e-02
3.3774194e+00,5.6780400e+00,8.9605390e-03
5.9487151e+00,5.6784714e+00,1.6887830e-02
4.0233389e+00,5.6806470e+00,8.0444167e-03
7.3853093e+00,5.6810419e+00,2.0925728e-02
8.0938009e-01,5.6843695e+00,1.2499665e-02
9.8212008e+00,5.6856248e+00,1.6433056e-02
3.4254342e-01,5.6859501e+00,1.0760156e-02
5.5566464e-01,5.6864879e+00,1.2674577e-02
4.6592671e+00,5.6870423e+00,6.9475081e-03
9.6892467e-01,5.6870940e+00,1.2327381e-02
3.5425340e+00,5.6871532e+00,8.8172329e-03
6.3682064e-01,5.6907328e+00,1.1870463e-02
1.5149891e+00,5.6910294e+00,1.2311007e-02
4.4581667e+00,5.6920052e+00,7.8156176e-03
8.6378512e+00,5.6926227e+00,1.7952062e-02
1.7763182e+00,5.6950297e+00,1.1124699e-02
7.0124449e+00,5.6958032e+00,2.1206332e-02
1.7231054e-01,5.6969862e+00,1.0842111e-02
4.2450094e+00,5.6970564e+00,8.0595417e-03
4.8272604e+00,5.6973891e+00,6.2713192e-03
7.2618295e+00,5.6984840e+00,2.0800802e-02
7.7822859e+00,5.6988107e+00,1.8523468e-02
3.2746149e+00,5.6988296e+00,9.2524032e-03
3.0451144e+00,5.7005260e+00,1.0332455e-02
6.6572995e+00,5.7011205e+00,2.0652355e-02
6.3033190e+00,5.7011467e+00,2.0083626e-02
2.8747236e+00,5.7016898e+00,1.0166283e-02
6.3888839e+00,5.7045085e+00,2.0061731e-02
5.8616835e+00,5.7074569e+00,1.5388063e-02
6.5564291e+00,5.7077745e+00,2.0639512e-02
6.0752190e+00,5.7096592e+00,1.8068835e-02
9.5461731e+00,5.7155496e+00,1.8775207e-02
7.5449298e+00,5.7158910e+00,2.0871415e-02
1.2714871e+00,5.7177504e+00,1.1944752e-02
2.1564241e+00,5.7185056e+00,1.2299273e-02
4.1708832e+00,5.7222608e+00,8.2030775e-03
5.5472129e+00,5.7228226e+00,1.4908048e-02
9.4506969e+00,5.7254769e+00,1.8676623e-02
3.6209365e+00,5.7262298e+00,8.6306819e-03
2.0578641e+00,5.7264999e+00,1.3019558e-02
8.8494147e+00,5.7270435e+00,1.8474053e-02
9.9616581e+00,5.7280556e+00,1.8350271e-02
8.0564466e+00,5.7309960e+00,1.9297482e-02
7.1217274e+00,5.7314617e+00,2.1223948e-02
1.8607220e+00,5.7318636e+00,1.0375121e-02
8.7848262e+00,5.7323395e+00,1.8255277e-02
1.1479396e+00,5.7324852e+00,1.3145086e-02
9.2419677e+00,5.7355907e+00,1.9158184e-02
2.5336411e+00,5.7372227e+00,1.2168905e-02
1.6956004e+00,5.7396099e+00,1.1412233e-02
6.8479731e+00,5.7414324e+00,2.0212895e-02
4.3160571e+00,5.7417081e+00,7.9514034e-03
3.4515102e+00,5.7428158e+00,8.8848677e-03
4.9631876e+00,5.7436671e+00,5.4663220e-03
9.1454955e+00,5.7436957e+00,1.8702312e-02
3.6875665e-02,5.7438043e+00,9.2485390e-03
3.7940067e+00,5.7471420e+00,8.1008737e-03
7.9666534e+00,5.7472106e+00,2.0019985e-02
3.8795396e+00,5.7488633e+00,8.1487658e-03
8.0372824e-01,5.7510027e+00,1.2242634e-02
5.6866805e+00,5.7517202e+00,1.4027833e-02
2.7059270e+00,5.7524871e+00,1.1555116e-02
2.3477725e+00,5.7542683e+00,1.2510016e-02
3.8296716e-01,5.7570669e+00,1.1054840e-02
4.6195413e+00,5.7589227e+00,6.8773809e-03
6.9336019e+00,5.7604193e+00,2.0362300e-02
4.9956112e-01,5.7607681e+00,1.2160381e-02
8.2340266e+00,5.7610244e+00,1.8181546e-02
4.5046691e+00,5.7620401e+00,7.0017537e-03
7.0375406e-01,5.7623645e+00,1.2051981e-02
9.6792578e+00,5.7654971e+00,1.7663293e-02
8.5118917e+00,5.7698939e+00,1.9790780e-02
3.1138197e+00,5.7733666e+00,1.0511555e-02
3.2353417e+00,5.7737727e+00,1.0481606e-02
9.6045275e-01,5.7744947e+00,1.2320263e-02
9.8297737e+00,5.7746438e+00,1.5566423e-02
8.4344061e+00,5.7749340e+00,1.9669355e-02
7.3863748e+00,5.7752387e+00,2.0319415e-02
6.6852709e+00,5.7759389e+00,2.0361440e-02
6.1122874e+00,5.7772068e+00,1.9297600e-02
8.1248510e+00,5.7778021e+00,1.8134465e-02
4.0456436e+00,5.7778792e+00,8.5444950e-03
1.6919493e-01,5.7779134e+00,1.0891443e-02
4.8308093e+00,5.7779554e+00,5.8881841e-03
1.4842710e+00,5.7786862e+00,1.2119796e-02
8.9903518e+00,5.7807322e+00,1.8649065e-02
9.6088164e+00,5.7817276e+00,1.7762371e-02
2.6231955e+00,5.7817985e+00,1.1716149e-02
5.5985522e+00,5.7831094e+00,9.6949119e-03
8.6651342e+00,5.7839787e+00,1.8920806e-02
2.8710687e+00,5.7860461e+00,1.1035921e-02
5.8729500e+00,5.7875360e+00,1.6136633e-02
2.4421802e+00,5.7879181e+00,1.1467851e-02
7.7786314e+00,5.7900966e+00,1.7932565e-02
6.7850777e+00,5.7936976e+00,2.0033471e-02
9.4152704e+00,5.7947370e+00,1.8733856e-02
1.3230672e+00,5.7950286e+00,1.1796726e-02
6.2843888e+00,5.7953590e+00,1.9679050e-02
7.3145175e+00,5.7954276e+00,2.0714869e-02
7.5504274e+00,5.7956418e+00,1.9734267e-02
6.5077985e+00,5.7965390e+00,1.9347647e-02
2.2013611e+00,5.7982222e+00,1.2515468e-02
9.9132209e+00,5.7987566e+00,1.5553624e-02
8.7775289e-01,5.8006193e+00,1.2402761e-02
4.1307277e+00,5.8009806e+00,8.3432620e-03
1.1275701e+00,5.8010345e+00,1.3183288e-02
1.9083565e+00,5.8015255e+00,1.3372500e-02
6.4428201e+00,5.8035817e+00,1.9663038e-02
2.0178826e+00,5.8040277e+00,1.2693560e-02
4.9144097e+00,5.8060003e+00,5.0674137e-03
8.5816758e-02,5.8063745e+00,8.5880424e-03
2.2841647e+00,5.8064919e+00,1.0738452e-02
2.7751181e+00,5.8065148e+00,1.1005278e-02
3.6339145e+00,5.8067598e+00,8.7593965e-03
9.3031118e+00,5.8076025e+00,1.8583861e-02
8.7455712e+00,5.8084140e+00,1.9136383e-02
8.9176651e+00,5.8098137e+00,1.8493484e-02
6.2041974e+00,5.8118942e+00,1.8006932e-02
1.3938517e+00,5.8123364e+00,1.1930078e-02
5.7606647e+00,5.8124780e+00,1.2508702e-02
7.0956796e+00,5.8142165e+00,1.9495994e-02
7.9413626e+00,5.8150730e+00,1.9837778e-02
3.7340902e+00,5.8152308e+00,8.6913050e-03
3.1802315e-01,5.8182578e+00,1.0358075e-02
4.6837885e+00,5.8193532e+00,5.8922957e-03
9.0866396e+00,5.8198962e+00,1.9252344e-02
9.7561855e+00,5.8217377e+00,1.5478495e-02
1.0298193e+00,5.8218722e+00,1.2974631e-02
4.3472237e+00,5.8223108e+00,6.8139802e-03
6.6809042e-01,5.8238544e+00,1.1777486e-02
3.9165896e+00,5.8239576e+00,8.3591802e-03
5.4505349e-01,5.8265030e+00,1.2171752e-02
6.9757034e+00,5.8267851e+00,1.9978131e-02
7.4584833e+00,5.8268720e+00,1.9481723e-02
4.4667280e+00,5.8270440e+00,6.8930015e-03
7.8641117e+00,5.8274554e+00,1.8364747e-02
4.7753655e+00,5.8274996e+00,5.6062331e-03
8.5851371e+00,5.8277318e+00,1.9314761e-02
2.2604955e-01,5.8279272e+00,1.1360195e-02
1.6878378e+00,5.8308590e+00,1.0947169e-02
3.9952700e+00,5.8310382e+00,8.2727333e-03
3.4369624e+00,5.8319925e+00,1.0829454e-02
3.0817429e+00,5.8424022e+00,1.0922693e-02
8.3131969e+00,5.8678147e+00,1.8997265e-02
5.9648218e+00,5.8744808e+00,1.5616870e-02
6.0558529e+00,5.8758510e+00,1.7264521e-02
6.6224011e+00,5.8778754e+00,2.1950325e-02
8.4051569e+00,5.8784758e+00,2.0150826e-02
3.2886914e+00,5.8785398e+00,1.1898837e-02
1.5390720e+00,5.8804045e+00,1.2337536e-02
7.7075950e+00,5.8806722e+00,1.9185260e-02
2.9341705e+00,5.8811095e+00,1.2021904e-02
2.4502865e+00,5.8820922e+00,1.0935867e-02
7.6213891e+00,5.8826013e+00,1.7086108e-02
8.0840213e+00,5.8845923e+00,1.7019610e-02
2.6189480e+00,5.8846497e+00,1.0729691e-02
9.6141814e+00,5.8863148e+00,1.6847397e-02
1.1892520e+00,5.8880180e+00,1.2185263e-02
9.4561115e+00,5.8893969e+00,2.1606531e-02
6.5457992e+00,5.8918215e+00,1.8734963e-02
4.1526872e+00,5.8919276e+00,7.3542080e-03
9.9515628e+00,5.8921296e+00,1.6301219e-02
8.6947324e-01,5.8922964e+00,1.0785379e-02
7.3071810e+00,5.8928404e+00,2.0136754e-02
1.8971574e+00,5.8929329e+00,1.3316301e-02
3.5643906e+00,5.8932399e+00,1.0060617e-02
5.5513393e+00,5.8936202e+00,9.4822583e-03
1.6173810e+00,5.8937867e+00,1.3334709e-02
3.3671610e+00,5.8939591e+00,1.0714422e-02
6.3479543e+00,5.8940033e+00,1.9154034e-02
3.0086388e+00,5.8942017e+00,1.0962589e-02
2.0650169e+00,5.8954351e+00,1.2029651e-02
6.7822079e+00,5.8956340e+00,2.0545670e-02
4.9512221e+00,5.8956666e+00,6.9225662e-03
4.8941093e-02,5.8959035e+00,9.3300903e-03
1.2612015e+00,5.8967469e+00,1.2869361e-02
8.7524946e+00,5.8968227e+00,2.0140062e-02
7.1271810e+00,5.8971660e+00,1.8498578e-02
2.1499354e+00,5.8976239e+00,1.3663845e-02
6.4208207e+00,5.8988642e+00,2.1229957e-02
5.7325365e+00,5.8994228e+00,1.4586931e-02
1.7394895e+00,5.9000800e+00,1.0583913e-02
2.7798866e+00,5.9015782e+00,1.1768080e-02
3.4880418e+00,5.9016533e+00,9.7535366e-03
3.7756775e+00,5.9017109e+00,9.1315632e-03
9.2839529e+00,5.9022624e+00,1.9053287e-02
3.5131165e-01,5.9022744e+00,1.0254139e-02
4.3234741e+00,5.9027938e+00,6.5333984e-03
4.6562778e+00,5.9029536e+00,6.1025192e-03
8.9200000e+00,5.9035184e+00,1.9434937e-02
7.0145163e-01,5.9041698e+00,1.1815890e-02
9.7796327e+00,5.9053744e+00,1.3878762e-02
7.9903262e+00,5.9056486e+00,1.6988261e-02
2.2910724e+00,5.9058936e+00,1.1809945e-02
9.1039529e+00,5.9064511e+00,2.0842740e-02
5.2008136e-01,5.9068184e+00,1.3000065e-02
4.4985340e+00,5.9075270e+00,7.2093465e-03
3.8726440e+00,5.9087163e+00,9.4297441e-03
1.0331678e+00,5.9088557e+00,1.2074961e-02
8.5755741e+00,5.9096405e+00,1.9964021e-02
6.9472048e+00,5.9097346e+00,2.0755545e-02
6.2077629e+00,5.9105384e+00,1.5289548e-02
4.8034103e+00,5.9111000e+00,5.1195884e-03
2.0100471e-01,5.9119438e+00,9.4647777e-03
3.1376776e+00,5.9124692e+00,1.1556131e-02
7.4694450e+00,5.9138316e+00,1.6771653e-02
1.3903194e+00,5.9140547e+00,1.1483596e-02
4.0068798e+00,5.9157970e+00,6.7197612e-03
7.8530753e+00,5.9180310e+00,1.8179756e-02
9.5461115e+00,5.9325938e+00,2.0586046e-02
7.2171810e+00,5.9332294e+00,2.0448366e-02
2.5375000e+00,5.9342480e+00,9.6252306e-03
1.8204568e+00,5.9370723e+00,1.0744530e-02
4.2401408e+00,5.9383426e+00,7.3794807e-03
7.8895163e-01,5.9391411e+00,1.3281304e-02
4.3258136e-01,5.9417896e+00,1.3018801e-02
8.8300000e+00,5.9425266e+00,2.0428534e-02
4.5818673e+00,5.9430757e+00,6.7929062e-03
8.1411195e+00,5.9446833e+00,1.7750477e-02
8.2611195e+00,5.9446833e+00,2.1794657e-02
9.1939529e+00,5.9454593e+00,1.9977451e-02
6.8572048e+00,5.9457980e+00,2.1527957e-02
2.3627865e+00,5.9478442e+00,1.4748220e-02
3.2231041e+00,5.9482006e+00,1.1566547e-02
5.6113393e+00,5.9491757e+00,9.5222848e-03
1.4740570e+00,5.9496255e+00,1.2351802e-02
6.6850030e+00,5.9498360e+00,2.0552919e-02
5.8011971e+00,5.9502471e+00,1.1369418e-02
5.9211971e+00,5.9502471e+00,1.0702302e-02
2.7064480e+00,5.9504017e+00,1.1939799e-02
2.8734385e+00,5.9511765e+00,1.1917687e-02
4.8956666e+00,5.9512221e+00,2.7300019e-03
1.0727443e-01,5.9514591e+00,5.1956976e-03
6.1322282e+00,5.9516173e+00,1.2168632e-02
9.8915628e+00,5.9516534e+00,9.0428629e-03
7.7656509e+00,5.9522914e+00,1.9212360e-02
9.5552162e-01,5.9531553e+00,1.0092805e-02
4.0792130e+00,5.9535850e+00,5.9498870e-03
9.7080699e+00,5.9537210e+00,1.3181493e-02
7.5594450e+00,5.9542206e+00,1.7305054e-02
8.6624946e+00,5.9542961e+00,2.0064034e-02
3.6084781e+00,5.9552066e+00,9.9820223e-03
3.7195892e+00,5.9552066e+00,1.0071895e-02
8.4730795e+00,5.9553444e+00,2.0865794e-02
1.1276462e+00,5.9557003e+00,1.2175660e-02
2.0017006e+00,5.9558606e+00,1.2201823e-02
9.3700000e+00,5.9568031e+00,1.9651652e-02
2.2032859e+00,5.9580494e+00,1.3466559e-02
6.2955347e+00,5.9589212e+00,1.7030245e-02
7.3900000e+00,5.9596110e+00,1.6551025e-02
4.7410771e+00,5.9598779e+00,4.1607511e-03
2.6873029e-01,5.9604847e+00,7.9093575e-03
9.0100000e+00,5.9609918e+00,2.0091792e-02
3.9276668e+00,5.9622120e+00,8.7805252e-03
1.6690327e+00,5.9630077e+00,1.2770325e-02
3.4182403e+00,5.9636200e+00,8.8145024e-03
6.4884011e+00,5.9637821e+00,1.7705749e-02
7.0300000e+00,5.9639366e+00,1.8706419e-02
3.0645735e+00,5.9642686e+00,1.1046738e-02
1.3162624e+00,5.9644292e+00,1.1611428e-02
4.4166667e+00,5.9644513e+00,6.6433417e-03
6.1250000e-01,5.9650287e+00,1.1519608e-02
7.9274243e+00,5.9657396e+00,1.7591102e-02
